frame,note,p_fake_warp
AJ_Cook_0001.jpg,ok,0.5790
AJ_Lamas_0001.jpg,ok,0.4459
Aaron_Eckhart_0001.jpg,ok,0.0029
Aaron_Guiel_0001.jpg,ok,0.1714
Aaron_Patterson_0001.jpg,ok,0.9944
Aaron_Peirsol_0001.jpg,ok,0.3190
Aaron_Peirsol_0002.jpg,ok,0.3204
Aaron_Peirsol_0003.jpg,ok,0.3855
Aaron_Peirsol_0004.jpg,ok,0.0848
Aaron_Pena_0001.jpg,ok,0.0809
Aaron_Sorkin_0001.jpg,ok,0.3239
Aaron_Sorkin_0002.jpg,ok,0.6351
Aaron_Tippin_0001.jpg,ok,0.3790
Abba_Eban_0001.jpg,ok,0.0107
Abbas_Kiarostami_0001.jpg,ok,0.9244
Abdel_Aziz_Al-Hakim_0001.jpg,ok,0.9970
Abdel_Madi_Shabneh_0001.jpg,ok,0.9862
Abdel_Nasser_Assidi_0001.jpg,ok,0.1746
Abdel_Nasser_Assidi_0002.jpg,ok,0.0838
Abdoulaye_Wade_0001.jpg,ok,0.4334
Abdoulaye_Wade_0002.jpg,ok,0.4436
Abdoulaye_Wade_0003.jpg,ok,0.0184
Abdoulaye_Wade_0004.jpg,ok,0.0353
Abdul_Majeed_Shobokshi_0001.jpg,ok,0.0272
Abdul_Rahman_0001.jpg,ok,0.1674
Abdulaziz_Kamilov_0001.jpg,ok,0.3744
Abdullah_0001.jpg,ok,0.1806
Abdullah_0002.jpg,ok,0.4106
Abdullah_0003.jpg,ok,0.0277
Abdullah_0004.jpg,ok,0.0650
Abdullah_Ahmad_Badawi_0001.jpg,ok,0.2780
Abdullah_Gul_0001.jpg,ok,0.4037
Abdullah_Gul_0002.jpg,ok,0.0049
Abdullah_Gul_0003.jpg,ok,0.0543
Abdullah_Gul_0004.jpg,ok,0.5086
Abdullah_Gul_0005.jpg,ok,0.8329
Abdullah_Gul_0006.jpg,ok,0.0459
Abdullah_Gul_0007.jpg,ok,0.8622
Abdullah_Gul_0008.jpg,ok,0.9568
Abdullah_Gul_0009.jpg,ok,0.8964
Abdullah_Gul_0010.jpg,ok,0.7121
Abdullah_Gul_0011.jpg,ok,0.6021
Abdullah_Gul_0012.jpg,ok,0.3521
Abdullah_Gul_0013.jpg,ok,0.1514
Abdullah_Gul_0014.jpg,ok,0.7740
Abdullah_Gul_0015.jpg,ok,0.7962
Abdullah_Gul_0016.jpg,ok,0.8243
Abdullah_Gul_0017.jpg,ok,0.6579
Abdullah_Gul_0018.jpg,ok,0.8897
Abdullah_Gul_0019.jpg,ok,0.9727
Abdullah_Nasseef_0001.jpg,ok,0.0024
Abdullah_al-Attiyah_0001.jpg,ok,0.1700
Abdullah_al-Attiyah_0002.jpg,ok,0.4827
Abdullah_al-Attiyah_0003.jpg,ok,0.6131
Abdullatif_Sener_0001.jpg,ok,0.1256
Abdullatif_Sener_0002.jpg,ok,0.1158
Abel_Aguilar_0001.jpg,ok,0.7337
Abel_Pacheco_0001.jpg,ok,0.1344
Abel_Pacheco_0002.jpg,ok,0.7278
Abel_Pacheco_0003.jpg,ok,0.8947
Abel_Pacheco_0004.jpg,ok,0.5673
Abid_Hamid_Mahmud_Al-Tikriti_0001.jpg,ok,0.5735
Abid_Hamid_Mahmud_Al-Tikriti_0002.jpg,ok,0.2541
Abid_Hamid_Mahmud_Al-Tikriti_0003.jpg,ok,0.3644
Abner_Martinez_0001.jpg,ok,0.5988
Abraham_Foxman_0001.jpg,ok,0.8417
Aby_Har-Even_0001.jpg,ok,0.6365
Adam_Ant_0001.jpg,ok,0.3061
Adam_Freier_0001.jpg,ok,0.7737
Adam_Herbert_0001.jpg,ok,0.9357
Adam_Kennedy_0001.jpg,ok,0.8670
Adam_Mair_0001.jpg,ok,0.4895
Adam_Rich_0001.jpg,ok,0.0163
Adam_Sandler_0001.jpg,ok,0.0015
Adam_Sandler_0002.jpg,ok,0.0586
Adam_Sandler_0003.jpg,ok,0.4579
Adam_Sandler_0004.jpg,ok,0.0388
Adam_Scott_0001.jpg,ok,0.7369
Adam_Scott_0002.jpg,ok,0.3521
Adel_Al-Jubeir_0001.jpg,ok,0.0040
Adel_Al-Jubeir_0002.jpg,ok,0.0092
Adel_Al-Jubeir_0003.jpg,ok,0.4929
Adelina_Avila_0001.jpg,ok,0.0039
Adisai_Bodharamik_0001.jpg,ok,0.1159
Adolfo_Aguilar_Zinser_0001.jpg,ok,0.2127
Adolfo_Aguilar_Zinser_0002.jpg,ok,0.8374
Adolfo_Aguilar_Zinser_0003.jpg,ok,0.2025
Adolfo_Rodriguez_Saa_0001.jpg,ok,0.5532
Adolfo_Rodriguez_Saa_0002.jpg,ok,0.1570
Adoor_Gopalakarishnan_0001.jpg,ok,0.6370
Adrian_Annus_0001.jpg,ok,0.0100
Adrian_Fernandez_0001.jpg,ok,0.7246
Adrian_McPherson_0001.jpg,ok,0.6113
Adrian_McPherson_0002.jpg,ok,0.8352
Adrian_Murrell_0001.jpg,ok,0.4243
Adrian_Nastase_0001.jpg,ok,0.0625
Adrian_Nastase_0002.jpg,ok,0.2137
Adriana_Lima_0001.jpg,ok,0.0147
Adriana_Perez_Navarro_0001.jpg,ok,0.0007
Adrianna_Zuzic_0001.jpg,ok,0.7121
Adrien_Brody_0001.jpg,ok,0.0013
Adrien_Brody_0002.jpg,ok,0.0860
Adrien_Brody_0003.jpg,ok,0.3559
Adrien_Brody_0004.jpg,ok,0.4474
Adrien_Brody_0005.jpg,ok,0.0199
Adrien_Brody_0006.jpg,ok,0.3600
Adrien_Brody_0007.jpg,ok,0.1182
Adrien_Brody_0008.jpg,ok,0.1954
Adrien_Brody_0009.jpg,ok,0.2941
Adrien_Brody_0010.jpg,ok,0.7887
Adrien_Brody_0011.jpg,ok,0.4785
Adrien_Brody_0012.jpg,ok,0.7325
Afton_Smith_0001.jpg,ok,0.8356
Agbani_Darego_0001.jpg,ok,0.0373
Agnelo_Queiroz_0001.jpg,ok,0.0423
Agnes_Bruckner_0001.jpg,ok,0.9971
Ahmad_Jbarah_0001.jpg,ok,0.0670
Ahmad_Masood_0001.jpg,ok,0.0103
Ahmad_Masood_0002.jpg,ok,0.5063
Ahmed_Ahmed_0001.jpg,ok,0.1848
Ahmed_Chalabi_0001.jpg,ok,0.4115
Ahmed_Chalabi_0002.jpg,ok,0.0057
Ahmed_Chalabi_0003.jpg,ok,0.4184
Ahmed_Chalabi_0004.jpg,ok,0.9204
Ahmed_Chalabi_0005.jpg,ok,0.8640
Ahmed_Ghazi_0001.jpg,ok,0.7459
Ahmed_Ibrahim_Bilal_0001.jpg,ok,0.0019
Ahmed_Lopez_0001.jpg,ok,0.3471
Ahmed_Qureia_0001.jpg,ok,0.8933
Ahmet_Demir_0001.jpg,ok,0.1594
Ahmet_Necdet_Sezer_0001.jpg,ok,0.1997
Ahmet_Necdet_Sezer_0002.jpg,ok,0.7839
Ai_Sugiyama_0001.jpg,ok,0.0431
Ai_Sugiyama_0002.jpg,ok,0.0046
Ai_Sugiyama_0003.jpg,ok,0.3160
Ai_Sugiyama_0004.jpg,ok,0.2903
Ai_Sugiyama_0005.jpg,ok,0.0402
Aicha_El_Ouafi_0001.jpg,ok,0.0310
Aicha_El_Ouafi_0002.jpg,ok,0.0235
Aicha_El_Ouafi_0003.jpg,ok,0.0368
Aidan_Quinn_0001.jpg,ok,0.8463
Aileen_Riggin_Soule_0001.jpg,ok,0.4440
Ain_Seppik_0001.jpg,ok,0.8791
Ainsworth_Dyer_0001.jpg,ok,0.1597
Aishwarya_Rai_0001.jpg,ok,0.0242
Aitor_Gonzalez_0001.jpg,ok,0.8531
Aitor_Gonzalez_0002.jpg,ok,0.2506
Aiysha_Smith_0001.jpg,ok,0.0323
Ajit_Agarkar_0001.jpg,ok,0.2770
Akbar_Al_Baker_0001.jpg,ok,0.4243
Akbar_Hashemi_Rafsanjani_0001.jpg,ok,0.0117
Akbar_Hashemi_Rafsanjani_0002.jpg,ok,0.0150
Akbar_Hashemi_Rafsanjani_0003.jpg,ok,0.0031
Akhmed_Zakayev_0001.jpg,ok,0.7403
Akhmed_Zakayev_0002.jpg,ok,0.8194
Akhmed_Zakayev_0003.jpg,ok,0.9100
Akiko_Morigami_0001.jpg,ok,0.3575
Akmal_Taher_0001.jpg,ok,0.0228
Al_Cardenas_0001.jpg,ok,0.6806
Al_Davis_0001.jpg,ok,0.6314
Al_Davis_0002.jpg,ok,0.2898
Al_Gore_0001.jpg,ok,0.1582
Al_Gore_0002.jpg,ok,0.5233
Al_Gore_0003.jpg,ok,0.0012
Al_Gore_0004.jpg,ok,0.3463
Al_Gore_0005.jpg,ok,0.0083
Al_Gore_0006.jpg,ok,0.3062
Al_Gore_0007.jpg,ok,0.3388
Al_Gore_0008.jpg,ok,0.3105
Al_Leiter_0001.jpg,ok,0.2688
Al_Pacino_0001.jpg,ok,0.2468
Al_Pacino_0002.jpg,ok,0.3126
Al_Pacino_0003.jpg,ok,0.2969
Al_Sharpton_0001.jpg,ok,0.0754
Al_Sharpton_0002.jpg,ok,0.0137
Al_Sharpton_0003.jpg,ok,0.2975
Al_Sharpton_0004.jpg,ok,0.1799
Al_Sharpton_0005.jpg,ok,0.0175
Al_Sharpton_0006.jpg,ok,0.0322
Al_Sharpton_0007.jpg,ok,0.1633
Alain_Cervantes_0001.jpg,ok,0.9954
Alain_Ducasse_0001.jpg,ok,0.6210
Alan_Ball_0001.jpg,ok,0.8462
Alan_Ball_0002.jpg,ok,0.5575
Alan_Dershowitz_0001.jpg,ok,0.4915
Alan_Dreher_0001.jpg,ok,0.0102
Alan_Greenspan_0001.jpg,ok,0.0211
Alan_Greenspan_0002.jpg,ok,0.7013
Alan_Greenspan_0003.jpg,ok,0.0401
Alan_Greenspan_0004.jpg,ok,0.0972
Alan_Greenspan_0005.jpg,ok,0.5383
Alan_Greer_0001.jpg,ok,0.9828
Alan_Jackson_0001.jpg,ok,0.9337
Alan_Mulally_0001.jpg,ok,0.0687
Alan_Mulally_0002.jpg,ok,0.6883
Alan_Stonecipher_0001.jpg,ok,0.6207
Alan_Tang_Kwong-wing_0001.jpg,ok,0.0495
Alan_Trammell_0001.jpg,ok,0.0465
Alan_Zemaitis_0001.jpg,ok,0.1530
Alanis_Morissette_0001.jpg,ok,0.0227
Alanna_Ubach_0001.jpg,ok,0.1172
Alastair_Campbell_0001.jpg,ok,0.6438
Alastair_Campbell_0002.jpg,ok,0.3856
Alastair_Campbell_0003.jpg,ok,0.1707
Alastair_Campbell_0004.jpg,ok,0.1197
Alastair_Campbell_0005.jpg,ok,0.0007
Alastair_Johnston_0001.jpg,ok,0.2518
Albaro_Recoba_0001.jpg,ok,0.4125
Albert_Brooks_0001.jpg,ok,0.9964
Albert_Costa_0001.jpg,ok,0.0227
Albert_Costa_0002.jpg,ok,0.0162
Albert_Costa_0003.jpg,ok,0.2741
Albert_Costa_0004.jpg,ok,0.0011
Albert_Costa_0005.jpg,ok,0.0162
Albert_Costa_0006.jpg,ok,0.0004
Albert_Montanes_0001.jpg,ok,0.1203
Albert_Pujols_0001.jpg,ok,0.3028
Alberta_Lee_0001.jpg,ok,0.2515
Alberto_Acosta_0001.jpg,ok,0.3868
Alberto_Fujimori_0001.jpg,ok,0.0128
Alberto_Fujimori_0002.jpg,ok,0.8326
Alberto_Gonzales_0001.jpg,ok,0.2386
Alberto_Ruiz_Gallardon_0001.jpg,ok,0.9653
Alberto_Ruiz_Gallardon_0002.jpg,ok,0.8964
Alberto_Sordi_0001.jpg,ok,0.5714
Albrecht_Mentz_0001.jpg,ok,0.4835
Albrecht_Mentz_0002.jpg,ok,0.3535
Aldo_Paredes_0001.jpg,ok,0.2089
Aldo_Paredes_0002.jpg,ok,0.0679
Alec_Baldwin_0001.jpg,ok,0.0225
Alec_Baldwin_0002.jpg,ok,0.5249
Alec_Baldwin_0003.jpg,ok,0.8868
Alec_Baldwin_0004.jpg,ok,0.0257
Alecos_Markides_0001.jpg,ok,0.8867
Alejandro_Atchugarry_0001.jpg,ok,0.4234
Alejandro_Atchugarry_0002.jpg,ok,0.6772
Alejandro_Avila_0001.jpg,ok,0.7128
Alejandro_Avila_0002.jpg,ok,0.3543
Alejandro_Avila_0003.jpg,ok,0.0590
Alejandro_Fernandez_0001.jpg,ok,0.0266
Alejandro_Gonzalez_Inarritu_0001.jpg,ok,0.0312
Alejandro_Lembo_0001.jpg,ok,0.6679
Alejandro_Lerner_0001.jpg,ok,0.0458
Alejandro_Lopez_0001.jpg,ok,0.0322
Alejandro_Toledo_0001.jpg,ok,0.0448
Alejandro_Toledo_0002.jpg,ok,0.0161
Alejandro_Toledo_0003.jpg,ok,0.4199
Alejandro_Toledo_0004.jpg,ok,0.2434
Alejandro_Toledo_0005.jpg,ok,0.1892
Alejandro_Toledo_0006.jpg,ok,0.1419
Alejandro_Toledo_0007.jpg,ok,0.1418
Alejandro_Toledo_0008.jpg,ok,0.1136
Alejandro_Toledo_0009.jpg,ok,0.6472
Alejandro_Toledo_0010.jpg,ok,0.1012
Alejandro_Toledo_0011.jpg,ok,0.7571
Alejandro_Toledo_0012.jpg,ok,0.3760
Alejandro_Toledo_0013.jpg,ok,0.7694
Alejandro_Toledo_0014.jpg,ok,0.6967
Alejandro_Toledo_0015.jpg,ok,0.1591
Alejandro_Toledo_0016.jpg,ok,0.2412
Alejandro_Toledo_0017.jpg,ok,0.0576
Alejandro_Toledo_0018.jpg,ok,0.4261
Alejandro_Toledo_0019.jpg,ok,0.4643
Alejandro_Toledo_0020.jpg,ok,0.0984
Alejandro_Toledo_0021.jpg,ok,0.2106
Alejandro_Toledo_0022.jpg,ok,0.1549
Alejandro_Toledo_0023.jpg,ok,0.2049
Alejandro_Toledo_0024.jpg,ok,0.1276
Alejandro_Toledo_0025.jpg,ok,0.0149
Alejandro_Toledo_0026.jpg,ok,0.0287
Alejandro_Toledo_0027.jpg,ok,0.1859
Alejandro_Toledo_0028.jpg,ok,0.5158
Alejandro_Toledo_0029.jpg,ok,0.0486
Alejandro_Toledo_0030.jpg,ok,0.0231
Alejandro_Toledo_0031.jpg,ok,0.0512
Alejandro_Toledo_0032.jpg,ok,0.0295
Alejandro_Toledo_0033.jpg,ok,0.6725
Alejandro_Toledo_0034.jpg,ok,0.0133
Alejandro_Toledo_0035.jpg,ok,0.0017
Alejandro_Toledo_0036.jpg,ok,0.0640
Alejandro_Toledo_0037.jpg,ok,0.0835
Alejandro_Toledo_0038.jpg,ok,0.5446
Alejandro_Toledo_0039.jpg,ok,0.0807
Alek_Wek_0001.jpg,ok,0.9701
Aleksander_Kwasniewski_0001.jpg,ok,0.2688
Aleksander_Kwasniewski_0002.jpg,ok,0.0062
Aleksander_Kwasniewski_0003.jpg,ok,0.6070
Aleksander_Kwasniewski_0004.jpg,ok,0.1595
Aleksander_Voloshin_0001.jpg,ok,0.9861
Alessandra_Cerna_0001.jpg,ok,0.0806
Alessandro_Nesta_0001.jpg,ok,0.0027
Alex_Barros_0001.jpg,ok,0.0480
Alex_Barros_0002.jpg,ok,0.6401
Alex_Cabrera_0001.jpg,ok,0.0289
Alex_Cejka_0001.jpg,ok,0.0294
Alex_Corretja_0001.jpg,ok,0.0146
Alex_Ferguson_0001.jpg,ok,0.3060
Alex_Gonzalez_0001.jpg,ok,0.8701
Alex_Holmes_0001.jpg,ok,0.4521
Alex_King_0001.jpg,ok,0.6399
Alex_Penelas_0001.jpg,ok,0.1747
Alex_Penelas_0002.jpg,ok,0.0087
Alex_Popov_0001.jpg,ok,0.5139
Alex_Sink_0001.jpg,ok,0.0114
Alex_Sink_0002.jpg,ok,0.1240
Alex_Sink_0003.jpg,ok,0.1102
Alex_Wallau_0001.jpg,ok,0.2427
Alex_Zanardi_0001.jpg,ok,0.0424
Alexa_Loren_0001.jpg,ok,0.2585
Alexa_Vega_0001.jpg,ok,0.1464
Alexander_Downer_0001.jpg,ok,0.0076
Alexander_Downer_0002.jpg,ok,0.1565
Alexander_Downer_0003.jpg,ok,0.0501
Alexander_Downer_0004.jpg,ok,0.7633
Alexander_Losyukov_0001.jpg,ok,0.5636
Alexander_Losyukov_0002.jpg,ok,0.7066
Alexander_Losyukov_0003.jpg,ok,0.0059
Alexander_Losyukov_0004.jpg,ok,0.5236
Alexander_Lukashenko_0001.jpg,ok,0.0038
Alexander_Payne_0001.jpg,ok,0.0332
Alexander_Rumyantsev_0001.jpg,ok,0.4400
Alexander_Rumyantsev_0002.jpg,ok,0.1680
Alexandra_Jackson_0001.jpg,ok,0.1876
Alexandra_Pelosi_0001.jpg,ok,0.1049
Alexandra_Rozovskaya_0001.jpg,ok,0.0044
Alexandra_Spann_0001.jpg,ok,0.9644
Alexandra_Stevenson_0001.jpg,ok,0.0011
Alexandra_Stevenson_0002.jpg,ok,0.0164
Alexandra_Stevenson_0003.jpg,ok,0.0003
Alexandra_Vodjanikova_0001.jpg,ok,0.0452
Alexandra_Vodjanikova_0002.jpg,ok,0.3177
Alexandre_Daigle_0001.jpg,ok,0.2518
Alexandre_Despatie_0001.jpg,ok,0.6422
Alexandre_Herchcovitch_0001.jpg,ok,0.0041
Alexandre_Vinokourov_0001.jpg,ok,0.1311
Alexis_Bledel_0001.jpg,ok,0.1285
Alexis_Dennisoff_0001.jpg,ok,0.7321
Alfonso_Cuaron_0001.jpg,ok,0.0035
Alfonso_Portillo_0001.jpg,ok,0.5364
Alfonso_Soriano_0001.jpg,ok,0.0961
Alfred_Ford_0001.jpg,ok,0.5260
Alfred_Sant_0001.jpg,ok,0.8123
Alfredo_Moreno_0001.jpg,ok,0.0386
Alfredo_Pena_0001.jpg,ok,0.7832
Alfredo_di_Stefano_0001.jpg,ok,0.6888
Ali_Abbas_0001.jpg,ok,0.6766
Ali_Abbas_0002.jpg,ok,0.9971
Ali_Abdullah_Saleh_0001.jpg,ok,0.4292
Ali_Adbul_Karim_Madani_0001.jpg,ok,0.0886
Ali_Ahmeti_0001.jpg,ok,0.0389
Ali_Bin_Hussein_0001.jpg,ok,0.0127
Ali_Fallahian_0001.jpg,ok,0.1569
Ali_Hammoud_0001.jpg,ok,0.5005
Ali_Khamenei_0001.jpg,ok,0.5695
Ali_Khamenei_0002.jpg,ok,0.5977
Ali_Khamenei_0003.jpg,ok,0.1830
Ali_Mohammed_Maher_0001.jpg,ok,0.0012
Ali_Naimi_0001.jpg,ok,0.4840
Ali_Naimi_0002.jpg,ok,0.2940
Ali_Naimi_0003.jpg,ok,0.4302
Ali_Naimi_0004.jpg,ok,0.0024
Ali_Naimi_0005.jpg,ok,0.6955
Ali_Naimi_0006.jpg,ok,0.0004
Ali_Naimi_0007.jpg,ok,0.0018
Ali_Naimi_0008.jpg,ok,0.3122
Alice_Fisher_0001.jpg,ok,0.7913
Alice_Fisher_0002.jpg,ok,0.2233
Alicia_Hollowell_0001.jpg,ok,0.5637
Alicia_Keys_0001.jpg,ok,0.3343
Alicia_Molik_0001.jpg,ok,0.3926
Alicia_Silverstone_0001.jpg,ok,0.3444
Alicia_Silverstone_0002.jpg,ok,0.5710
Alicia_Witt_0001.jpg,ok,0.2063
Alimzhan_Tokhtakhounov_0001.jpg,ok,0.0300
Alimzhan_Tokhtakhounov_0002.jpg,ok,0.2128
Alina_Kabaeva_0001.jpg,ok,0.0586
Aline_Chretien_0001.jpg,ok,0.6703
Alisha_Richman_0001.jpg,ok,0.0475
Alison_Krauss_0001.jpg,ok,0.4411
Alison_Lohman_0001.jpg,ok,0.4174
Alison_Lohman_0002.jpg,ok,0.4110
Alistair_MacDonald_0001.jpg,ok,0.0329
Allan_Houston_0001.jpg,ok,0.4557
Allan_Kemakeza_0001.jpg,ok,0.1246
Allan_Wagner_0001.jpg,ok,0.8224
Allen_Iverson_0001.jpg,ok,0.5220
Allen_Iverson_0002.jpg,ok,0.3650
Allen_Rock_0001.jpg,ok,0.3501
Allison_Janney_0001.jpg,ok,0.0863
Allison_Janney_0002.jpg,ok,0.3056
Allison_Searing_0001.jpg,ok,0.4758
Ally_Sheedy_0001.jpg,ok,0.7300
Allyson_Felix_0001.jpg,ok,0.0124
Allyson_Felix_0002.jpg,ok,0.6652
Allyson_Felix_0003.jpg,ok,0.4354
Allyson_Felix_0004.jpg,ok,0.2390
Allyson_Felix_0005.jpg,ok,0.0270
Alma_Powell_0001.jpg,ok,0.3067
Almeida_Baptista_0001.jpg,ok,0.9790
Alonzo_Mourning_0001.jpg,ok,0.0933
Alvaro_Noboa_0001.jpg,ok,0.0755
Alvaro_Noboa_0002.jpg,ok,0.0089
Alvaro_Noboa_0003.jpg,ok,0.6024
Alvaro_Silva_Calderon_0001.jpg,ok,0.6487
Alvaro_Silva_Calderon_0002.jpg,ok,0.0178
Alvaro_Silva_Calderon_0003.jpg,ok,0.7018
Alvaro_Silva_Calderon_0004.jpg,ok,0.7055
Alvaro_Uribe_0001.jpg,ok,0.0614
Alvaro_Uribe_0002.jpg,ok,0.8920
Alvaro_Uribe_0003.jpg,ok,0.9044
Alvaro_Uribe_0004.jpg,ok,0.0041
Alvaro_Uribe_0005.jpg,ok,0.8073
Alvaro_Uribe_0006.jpg,ok,0.8225
Alvaro_Uribe_0007.jpg,ok,0.0356
Alvaro_Uribe_0008.jpg,ok,0.7457
Alvaro_Uribe_0009.jpg,ok,0.0862
Alvaro_Uribe_0010.jpg,ok,0.0208
Alvaro_Uribe_0011.jpg,ok,0.2734
Alvaro_Uribe_0012.jpg,ok,0.6993
Alvaro_Uribe_0013.jpg,ok,0.0612
Alvaro_Uribe_0014.jpg,ok,0.8007
Alvaro_Uribe_0015.jpg,ok,0.0040
Alvaro_Uribe_0016.jpg,ok,0.2171
Alvaro_Uribe_0017.jpg,ok,0.1918
Alvaro_Uribe_0018.jpg,ok,0.0051
Alvaro_Uribe_0019.jpg,ok,0.5081
Alvaro_Uribe_0020.jpg,ok,0.4479
Alvaro_Uribe_0021.jpg,ok,0.5373
Alvaro_Uribe_0022.jpg,ok,0.6262
Alvaro_Uribe_0023.jpg,ok,0.9964
Alvaro_Uribe_0024.jpg,ok,0.3867
Alvaro_Uribe_0025.jpg,ok,0.8753
Alvaro_Uribe_0026.jpg,ok,0.0146
Alvaro_Uribe_0027.jpg,ok,0.9146
Alvaro_Uribe_0028.jpg,ok,0.0454
Alvaro_Uribe_0029.jpg,ok,0.0205
Alvaro_Uribe_0030.jpg,ok,0.6885
Alvaro_Uribe_0031.jpg,ok,0.9914
Alvaro_Uribe_0032.jpg,ok,0.1519
Alvaro_Uribe_0033.jpg,ok,0.9209
Alvaro_Uribe_0034.jpg,ok,0.7714
Alvaro_Uribe_0035.jpg,ok,0.7342
Aly_Wagner_0001.jpg,ok,0.2192
Alyse_Beaupre_0001.jpg,ok,0.5409
Alyson_Hannigan_0001.jpg,ok,0.2490
Amanda_Beard_0001.jpg,ok,0.0834
Amanda_Beard_0002.jpg,ok,0.4355
Amanda_Bynes_0001.jpg,ok,0.7512
Amanda_Bynes_0002.jpg,ok,0.9896
Amanda_Bynes_0003.jpg,ok,0.4902
Amanda_Bynes_0004.jpg,ok,0.5046
Amanda_Coetzer_0001.jpg,ok,0.0424
Amanda_Coetzer_0002.jpg,ok,0.0114
Amanda_Marsh_0001.jpg,ok,0.9475
Amanda_Plumer_0001.jpg,ok,0.1215
Amber_Frey_0001.jpg,ok,0.2210
Amber_Tamblyn_0001.jpg,ok,0.2220
Amber_Tamblyn_0002.jpg,ok,0.0372
Ambrose_Lee_0001.jpg,ok,0.3316
Amelia_Vega_0001.jpg,ok,0.0091
Amelia_Vega_0002.jpg,ok,0.0144
Amelia_Vega_0003.jpg,ok,0.2818
Amelia_Vega_0004.jpg,ok,0.0291
Amelia_Vega_0005.jpg,ok,0.3466
Amelia_Vega_0006.jpg,ok,0.0200
Amelia_Vega_0007.jpg,ok,0.3530
Amelie_Mauresmo_0001.jpg,ok,0.0235
Amelie_Mauresmo_0002.jpg,ok,0.3826
Amelie_Mauresmo_0003.jpg,ok,0.0005
Amelie_Mauresmo_0004.jpg,ok,0.7593
Amelie_Mauresmo_0005.jpg,ok,0.6459
Amelie_Mauresmo_0006.jpg,ok,0.0340
Amelie_Mauresmo_0007.jpg,ok,0.0111
Amelie_Mauresmo_0008.jpg,ok,0.1858
Amelie_Mauresmo_0009.jpg,ok,0.2145
Amelie_Mauresmo_0010.jpg,ok,0.4299
Amelie_Mauresmo_0011.jpg,ok,0.5848
Amelie_Mauresmo_0012.jpg,ok,0.3365
Amelie_Mauresmo_0013.jpg,ok,0.0041
Amelie_Mauresmo_0014.jpg,ok,0.2452
Amelie_Mauresmo_0015.jpg,ok,0.1179
Amelie_Mauresmo_0016.jpg,ok,0.7155
Amelie_Mauresmo_0017.jpg,ok,0.4944
Amelie_Mauresmo_0018.jpg,ok,0.5776
Amelie_Mauresmo_0019.jpg,ok,0.0003
Amelie_Mauresmo_0020.jpg,ok,0.0108
Amelie_Mauresmo_0021.jpg,ok,0.0201
Amer_al-Saadi_0001.jpg,ok,0.3526
Amer_al-Saadi_0002.jpg,ok,0.3175
Amer_al-Saadi_0003.jpg,ok,0.0198
Amer_al-Saadi_0004.jpg,ok,0.2878
Amporn_Falise_0001.jpg,ok,0.1337
Amr_Moussa_0001.jpg,ok,0.2587
Amram_Mitzna_0001.jpg,ok,0.0254
Amram_Mitzna_0002.jpg,ok,0.3044
Amy_Brenneman_0001.jpg,ok,0.0140
Amy_Cotton_0001.jpg,ok,0.5023
Amy_Gale_0001.jpg,ok,0.3055
Amy_Pascal_0001.jpg,ok,0.6330
Amy_Redford_0001.jpg,ok,0.0131
Amy_Smart_0001.jpg,ok,0.4576
Amy_Yasbeck_0001.jpg,ok,0.3775
AnFernce_Negron_0001.jpg,ok,0.5716
Ana_Claudia_Talancon_0001.jpg,ok,0.8276
Ana_Guevara_0001.jpg,ok,0.0262
Ana_Guevara_0002.jpg,ok,0.9465
Ana_Guevara_0003.jpg,ok,0.1852
Ana_Guevara_0004.jpg,ok,0.2675
Ana_Guevara_0005.jpg,ok,0.1239
Ana_Guevara_0006.jpg,ok,0.5608
Ana_Guevara_0007.jpg,ok,0.7576
Ana_Isabel_Sanchez_0001.jpg,ok,0.0564
Ana_Palacio_0001.jpg,ok,0.1845
Ana_Palacio_0002.jpg,ok,0.0018
Ana_Palacio_0003.jpg,ok,0.0018
Ana_Palacio_0004.jpg,ok,0.0271
Ana_Palacio_0005.jpg,ok,0.3811
Ana_Palacio_0006.jpg,ok,0.2457
Ana_Palacio_0007.jpg,ok,0.1290
Ana_Palacio_0008.jpg,ok,0.0080
Ana_Paula_Gerard_0001.jpg,ok,0.9914
Ana_Sebastiao_0001.jpg,ok,0.2889
Anastasia_Kelesidou_0001.jpg,ok,0.0689
Anastasia_Myskina_0001.jpg,ok,0.0754
Anastasia_Myskina_0002.jpg,ok,0.0015
Anastasia_Myskina_0003.jpg,ok,0.0074
Anatoliy_Kinakh_0001.jpg,ok,0.5375
Anders_Ebbeson_0001.jpg,ok,0.0117
Anders_Ebbeson_0002.jpg,ok,0.7639
Anders_Ebbeson_0003.jpg,ok,0.4489
Anders_Fogh_Rasmussen_0001.jpg,ok,0.0859
Anders_Fogh_Rasmussen_0002.jpg,ok,0.0121
Anders_Fogh_Rasmussen_0003.jpg,ok,0.0392
Anders_Fogh_Rasmussen_0004.jpg,ok,0.5491
Anderson_Varejao_0001.jpg,ok,0.2352
Andre_Agassi_0001.jpg,ok,0.2897
Andre_Agassi_0002.jpg,ok,0.9371
Andre_Agassi_0003.jpg,ok,0.2633
Andre_Agassi_0004.jpg,ok,0.0100
Andre_Agassi_0005.jpg,ok,0.0022
Andre_Agassi_0006.jpg,ok,0.0403
Andre_Agassi_0007.jpg,ok,0.4602
Andre_Agassi_0008.jpg,ok,0.4581
Andre_Agassi_0009.jpg,ok,0.9058
Andre_Agassi_0010.jpg,ok,0.5104
Andre_Agassi_0011.jpg,ok,0.0007
Andre_Agassi_0012.jpg,ok,0.3953
Andre_Agassi_0013.jpg,ok,0.0761
Andre_Agassi_0014.jpg,ok,0.4978
Andre_Agassi_0015.jpg,ok,0.0157
Andre_Agassi_0016.jpg,ok,0.8959
Andre_Agassi_0017.jpg,ok,0.4808
Andre_Agassi_0018.jpg,ok,0.9507
Andre_Agassi_0019.jpg,ok,0.8669
Andre_Agassi_0020.jpg,ok,0.5771
Andre_Agassi_0021.jpg,ok,0.0816
Andre_Agassi_0022.jpg,ok,0.1805
Andre_Agassi_0023.jpg,ok,0.3335
Andre_Agassi_0024.jpg,ok,0.9396
Andre_Agassi_0025.jpg,ok,0.0165
Andre_Agassi_0026.jpg,ok,0.6220
Andre_Agassi_0027.jpg,ok,0.6045
Andre_Agassi_0028.jpg,ok,0.9274
Andre_Agassi_0029.jpg,ok,0.9566
Andre_Agassi_0030.jpg,ok,0.4084
Andre_Agassi_0031.jpg,ok,0.7822
Andre_Agassi_0032.jpg,ok,0.2645
Andre_Agassi_0033.jpg,ok,0.0415
Andre_Agassi_0034.jpg,ok,0.1598
Andre_Agassi_0035.jpg,ok,0.0139
Andre_Agassi_0036.jpg,ok,0.0019
Andre_Bucher_0001.jpg,ok,0.0208
Andre_Lange_0001.jpg,ok,0.0524
Andre_Smith_0001.jpg,ok,0.3979
Andre_Techine_0001.jpg,ok,0.8783
Andrea_Bocelli_0001.jpg,ok,0.0647
Andrea_De_Cruz_0001.jpg,ok,0.6769
Andrea_Kiser_0001.jpg,ok,0.0792
Andrea_Yates_0001.jpg,ok,0.0101
Andreas_Vinciguerra_0001.jpg,ok,0.0009
Andrei_Konchalovsky_0001.jpg,ok,0.1525
Andrei_Mikhnevich_0001.jpg,ok,0.7122
Andrei_Mikhnevich_0002.jpg,ok,0.0214
Andrei_Nikolishin_0001.jpg,ok,0.1514
Andres_DAlessandro_0001.jpg,ok,0.0100
Andres_Manuel_Lopez_Obrador_0001.jpg,ok,0.2256
Andres_Pastrana_0001.jpg,ok,0.0132
Andrew_Bernard_0001.jpg,ok,0.0061
Andrew_Bunner_0001.jpg,ok,0.5346
Andrew_Bunner_0002.jpg,ok,0.5714
Andrew_Caldecott_0001.jpg,ok,0.6576
Andrew_Cuomo_0001.jpg,ok,0.0574
Andrew_Cuomo_0002.jpg,ok,0.1037
Andrew_Fastow_0001.jpg,ok,0.7715
Andrew_Firestone_0001.jpg,ok,0.0306
Andrew_Gilligan_0001.jpg,ok,0.6952
Andrew_Jarecki_0001.jpg,ok,0.0346
Andrew_Luster_0001.jpg,ok,0.2143
Andrew_Niccol_0001.jpg,ok,0.7755
Andrew_Niccol_0002.jpg,ok,0.5653
Andrew_Sabey_0001.jpg,ok,0.2458
Andrew_Shutley_0001.jpg,ok,0.1431
Andrew_Weissmann_0001.jpg,ok,0.0370
Andrew_Weissmann_0002.jpg,ok,0.4560
Andrew_Weissmann_0003.jpg,ok,0.1837
Andrew_Wetzler_0001.jpg,ok,0.5946
Andrzej_Tyszkiewicz_0001.jpg,ok,0.5054
Andy_Benes_0001.jpg,ok,0.2426
Andy_Bryant_0001.jpg,ok,0.0011
Andy_Dick_0001.jpg,ok,0.0951
Andy_Garcia_0001.jpg,ok,0.3260
Andy_Graves_0001.jpg,ok,0.5697
Andy_Griffith_0001.jpg,ok,0.9355
Andy_Griggs_0001.jpg,ok,0.5234
Andy_Hebb_0001.jpg,ok,0.2582
Andy_Hebb_0002.jpg,ok,0.5750
Andy_Lau_0001.jpg,ok,0.5628
Andy_Madikians_0001.jpg,ok,0.0041
Andy_North_0001.jpg,ok,0.9487
Andy_Perez_0001.jpg,ok,0.1550
Andy_Roddick_0001.jpg,ok,0.5698
Andy_Roddick_0002.jpg,ok,0.6081
Andy_Roddick_0003.jpg,ok,0.4910
Andy_Roddick_0004.jpg,ok,0.1347
Andy_Roddick_0005.jpg,ok,0.5284
Andy_Roddick_0006.jpg,ok,0.0353
Andy_Roddick_0007.jpg,ok,0.7341
Andy_Roddick_0008.jpg,ok,0.1434
Andy_Roddick_0009.jpg,ok,0.7248
Andy_Roddick_0010.jpg,ok,0.9833
Andy_Roddick_0011.jpg,ok,0.9709
Andy_Roddick_0012.jpg,ok,0.8128
Andy_Roddick_0013.jpg,ok,0.2849
Andy_Roddick_0014.jpg,ok,0.8267
Andy_Roddick_0015.jpg,ok,0.5357
Andy_Rooney_0001.jpg,ok,0.0574
Andy_Warhol_0001.jpg,ok,0.1367
Andy_Wisecarver_0001.jpg,ok,0.9857
Anette_Hosoi_0001.jpg,ok,0.0220
Angel_Lockward_0001.jpg,ok,0.2049
Angel_Maza_0001.jpg,ok,0.0765
Angela_Alvarado_Rosa_0001.jpg,ok,0.2733
Angela_Bassett_0001.jpg,ok,0.0164
Angela_Bassett_0002.jpg,ok,0.3712
Angela_Bassett_0003.jpg,ok,0.0198
Angela_Bassett_0004.jpg,ok,0.0404
Angela_Bassett_0005.jpg,ok,0.0755
Angela_Bassett_0006.jpg,ok,0.5943
Angela_Lansbury_0001.jpg,ok,0.5752
Angela_Lansbury_0002.jpg,ok,0.5305
Angela_Mascia-Frye_0001.jpg,ok,0.0269
Angela_Merkel_0001.jpg,ok,0.4719
Angela_Merkel_0002.jpg,ok,0.4637
Angela_Merkel_0003.jpg,ok,0.2837
Angela_Merkel_0004.jpg,ok,0.4748
Angela_Merkel_0005.jpg,ok,0.5041
Angelica_Romero_0001.jpg,ok,0.4649
Angelina_Jolie_0001.jpg,ok,0.9995
Angelina_Jolie_0002.jpg,ok,0.2820
Angelina_Jolie_0003.jpg,ok,0.0057
Angelina_Jolie_0004.jpg,ok,0.0168
Angelina_Jolie_0005.jpg,ok,0.1079
Angelina_Jolie_0006.jpg,ok,0.0070
Angelina_Jolie_0007.jpg,ok,0.1630
Angelina_Jolie_0008.jpg,ok,0.0075
Angelina_Jolie_0009.jpg,ok,0.6751
Angelina_Jolie_0010.jpg,ok,0.0004
Angelina_Jolie_0011.jpg,ok,0.3629
Angelina_Jolie_0012.jpg,ok,0.2156
Angelina_Jolie_0013.jpg,ok,0.2153
Angelina_Jolie_0014.jpg,ok,0.0007
Angelina_Jolie_0015.jpg,ok,0.0014
Angelina_Jolie_0016.jpg,ok,0.0262
Angelina_Jolie_0017.jpg,ok,0.1370
Angelina_Jolie_0018.jpg,ok,0.1093
Angelina_Jolie_0019.jpg,ok,0.2057
Angelina_Jolie_0020.jpg,ok,0.8583
Angelo_Genova_0001.jpg,ok,0.1040
Angelo_Reyes_0001.jpg,ok,0.1763
Angelo_Reyes_0002.jpg,ok,0.1634
Angelo_Reyes_0003.jpg,ok,0.4701
Angelo_Reyes_0004.jpg,ok,0.0655
Angie_Arzola_0001.jpg,ok,0.9049
Angie_Martinez_0001.jpg,ok,0.6103
Anibal_Ibarra_0001.jpg,ok,0.1107
Anibal_Ibarra_0002.jpg,ok,0.7989
Anibal_Ibarra_0003.jpg,ok,0.3658
Anil_Ramsook_0001.jpg,ok,0.0682
Anita_DeFrantz_0001.jpg,ok,0.2653
Anja_Paerson_0001.jpg,ok,0.8784
Anjum_Hussain_0001.jpg,ok,0.1345
Ann_Godbehere_0001.jpg,ok,0.1404
Ann_Landers_0001.jpg,ok,0.8075
Ann_Morgan_0001.jpg,ok,0.6563
Ann_Veneman_0001.jpg,ok,0.1080
Ann_Veneman_0002.jpg,ok,0.0129
Ann_Veneman_0003.jpg,ok,0.2421
Ann_Veneman_0004.jpg,ok,0.2038
Ann_Veneman_0005.jpg,ok,0.0968
Ann_Veneman_0006.jpg,ok,0.1624
Ann_Veneman_0007.jpg,ok,0.1188
Ann_Veneman_0008.jpg,ok,0.4948
Ann_Veneman_0009.jpg,ok,0.8453
Ann_Veneman_0010.jpg,ok,0.1895
Ann_Veneman_0011.jpg,ok,0.3174
Anna_Chicherova_0001.jpg,ok,0.9165
Anna_Faris_0001.jpg,ok,0.6930
Anna_Jones_0001.jpg,ok,0.9975
Anna_Kournikova_0001.jpg,ok,0.3698
Anna_Kournikova_0002.jpg,ok,0.2178
Anna_Kournikova_0003.jpg,ok,0.0169
Anna_Kournikova_0004.jpg,ok,0.7393
Anna_Kournikova_0005.jpg,ok,0.5710
Anna_Kournikova_0006.jpg,ok,0.7743
Anna_Kournikova_0007.jpg,ok,0.8723
Anna_Kournikova_0008.jpg,ok,0.2921
Anna_Kournikova_0009.jpg,ok,0.9808
Anna_Kournikova_0010.jpg,ok,0.6318
Anna_Kournikova_0011.jpg,ok,0.3962
Anna_Kournikova_0012.jpg,ok,0.1896
Anna_Nicole_Smith_0001.jpg,ok,0.9644
Anna_Nicole_Smith_0002.jpg,ok,0.4258
Anne_Cavers_0001.jpg,ok,0.3293
Anne_Donovan_0001.jpg,ok,0.0753
Anne_Heche_0001.jpg,ok,0.9943
Anne_Krueger_0001.jpg,ok,0.7128
Anne_Krueger_0002.jpg,ok,0.9969
Anne_Krueger_0003.jpg,ok,0.1448
Anne_McLellan_0001.jpg,ok,0.5996
Anne_McLellan_0002.jpg,ok,0.1920
Anne_McLellan_0003.jpg,ok,0.1374
Anne_ONeil_0001.jpg,ok,0.3921
Anneli_Jaatteenmaki_0001.jpg,ok,0.2531
Anneli_Jaatteenmaki_0002.jpg,ok,0.5668
Annette_Bening_0001.jpg,ok,0.6306
Annette_Bening_0002.jpg,ok,0.3781
Annette_Lu_0001.jpg,ok,0.0112
Annette_Lu_0002.jpg,ok,0.3218
Annette_Lu_0003.jpg,ok,0.0187
Annie-Jeanne_Reynaud_0001.jpg,ok,0.5786
Annie_Chaplin_0001.jpg,ok,0.3226
Annie_Machon_0001.jpg,ok,0.9840
Annika_Sorenstam_0001.jpg,ok,0.9628
Antanas_Valionis_0001.jpg,ok,0.0961
Anthony_Carter_0001.jpg,ok,0.0089
Anthony_Corso_0001.jpg,ok,0.2797
Anthony_Ervin_0001.jpg,ok,0.4241
Anthony_Fauci_0001.jpg,ok,0.5470
Anthony_Fauci_0002.jpg,ok,0.0117
Anthony_Garotinho_0001.jpg,ok,0.9939
Anthony_Hazen_0001.jpg,ok,0.0309
Anthony_Hopkins_0001.jpg,ok,0.6093
Anthony_Hopkins_0002.jpg,ok,0.9289
Anthony_LaPaglia_0001.jpg,ok,0.0018
Anthony_LaPaglia_0002.jpg,ok,0.0029
Anthony_Lee_Johnson_0001.jpg,ok,0.2950
Anthony_Mazur_0001.jpg,ok,0.9953
Anthony_Pico_0001.jpg,ok,0.4615
Anthony_Pisciotti_0001.jpg,ok,0.4616
Anthony_Principi_0001.jpg,ok,0.8333
Anthony_Rackauckas_0001.jpg,ok,0.0166
Anthony_Scott_Miller_0001.jpg,ok,0.3284
Antje_Buschschulte_0001.jpg,ok,0.4457
Anton_Balasingham_0001.jpg,ok,0.2128
Antonio_Banderas_0001.jpg,ok,0.6493
Antonio_Banderas_0002.jpg,ok,0.8909
Antonio_Banderas_0003.jpg,ok,0.6474
Antonio_Banderas_0004.jpg,ok,0.2471
Antonio_Banderas_0005.jpg,ok,0.5122
Antonio_Bernardo_0001.jpg,ok,0.1170
Antonio_Cassano_0001.jpg,ok,0.7868
Antonio_Catania_0001.jpg,ok,0.1046
Antonio_Elias_Saca_0001.jpg,ok,0.3738
Antonio_Palocci_0001.jpg,ok,0.4765
Antonio_Palocci_0002.jpg,ok,0.3075
Antonio_Palocci_0003.jpg,ok,0.8381
Antonio_Palocci_0004.jpg,ok,0.9927
Antonio_Palocci_0005.jpg,ok,0.9879
Antonio_Palocci_0006.jpg,ok,0.9715
Antonio_Palocci_0007.jpg,ok,0.4729
Antonio_Palocci_0008.jpg,ok,0.7315
Antonio_Trillanes_0001.jpg,ok,0.0977
Antonio_Trillanes_0002.jpg,ok,0.0074
Antonio_Trillanes_0003.jpg,ok,0.1015
Antony_Leung_0001.jpg,ok,0.0801
Antony_Leung_0002.jpg,ok,0.8419
Antony_Leung_0003.jpg,ok,0.8179
Antony_Leung_0004.jpg,ok,0.0284
Antwun_Echols_0001.jpg,ok,0.5570
Anwar_Ibrahim_0001.jpg,ok,0.2472
Anwar_Ibrahim_0002.jpg,ok,0.0419
Anzori_Kikalishvili_0001.jpg,ok,0.0144
Aparna_Pillai_0001.jpg,ok,0.0910
Aram_Adler_0001.jpg,ok,0.2788
Arantxa_Sanchez-Vicario_0001.jpg,ok,0.0437
Arantxa_Sanchez-Vicario_0002.jpg,ok,0.3434
Aretha_Franklin_0001.jpg,ok,0.0026
Ari_Bousbib_0001.jpg,ok,0.7769
Ari_Fleischer_0001.jpg,ok,0.7147
Ari_Fleischer_0002.jpg,ok,0.0351
Ari_Fleischer_0003.jpg,ok,0.3149
Ari_Fleischer_0004.jpg,ok,0.2386
Ari_Fleischer_0005.jpg,ok,0.1649
Ari_Fleischer_0006.jpg,ok,0.0660
Ari_Fleischer_0007.jpg,ok,0.2438
Ari_Fleischer_0008.jpg,ok,0.0044
Ari_Fleischer_0009.jpg,ok,0.1774
Ari_Fleischer_0010.jpg,ok,0.3489
Ari_Fleischer_0011.jpg,ok,0.0849
Ari_Fleischer_0012.jpg,ok,0.0338
Ari_Fleischer_0013.jpg,ok,0.0031
Arianna_Huffington_0001.jpg,ok,0.1559
Arianna_Huffington_0002.jpg,ok,0.1716
Arianna_Huffington_0003.jpg,ok,0.3093
Arianna_Huffington_0004.jpg,ok,0.0781
Arie_Haan_0001.jpg,ok,0.8817
Ariel_Sharon_0001.jpg,ok,0.7092
Ariel_Sharon_0002.jpg,ok,0.3721
Ariel_Sharon_0003.jpg,ok,0.9361
Ariel_Sharon_0004.jpg,ok,0.8665
Ariel_Sharon_0005.jpg,ok,0.8909
Ariel_Sharon_0006.jpg,ok,0.6017
Ariel_Sharon_0007.jpg,ok,0.9623
Ariel_Sharon_0008.jpg,ok,0.8663
Ariel_Sharon_0009.jpg,ok,0.9251
Ariel_Sharon_0010.jpg,ok,0.0387
Ariel_Sharon_0011.jpg,ok,0.3615
Ariel_Sharon_0012.jpg,ok,0.6299
Ariel_Sharon_0013.jpg,ok,0.2686
Ariel_Sharon_0014.jpg,ok,0.7433
Ariel_Sharon_0015.jpg,ok,0.4146
Ariel_Sharon_0016.jpg,ok,0.7433
Ariel_Sharon_0017.jpg,ok,0.0081
Ariel_Sharon_0018.jpg,ok,0.0429
Ariel_Sharon_0019.jpg,ok,0.4418
Ariel_Sharon_0020.jpg,ok,0.8161
Ariel_Sharon_0021.jpg,ok,0.7803
Ariel_Sharon_0022.jpg,ok,0.9740
Ariel_Sharon_0023.jpg,ok,0.6479
Ariel_Sharon_0024.jpg,ok,0.1484
Ariel_Sharon_0025.jpg,ok,0.8267
Ariel_Sharon_0026.jpg,ok,0.2207
Ariel_Sharon_0027.jpg,ok,0.0898
Ariel_Sharon_0028.jpg,ok,0.0222
Ariel_Sharon_0029.jpg,ok,0.2163
Ariel_Sharon_0030.jpg,ok,0.0294
Ariel_Sharon_0031.jpg,ok,0.6229
Ariel_Sharon_0032.jpg,ok,0.5670
Ariel_Sharon_0033.jpg,ok,0.5310
Ariel_Sharon_0034.jpg,ok,0.6495
Ariel_Sharon_0035.jpg,ok,0.4203
Ariel_Sharon_0036.jpg,ok,0.8309
Ariel_Sharon_0037.jpg,ok,0.7859
Ariel_Sharon_0038.jpg,ok,0.3440
Ariel_Sharon_0039.jpg,ok,0.6648
Ariel_Sharon_0040.jpg,ok,0.9681
Ariel_Sharon_0041.jpg,ok,0.2711
Ariel_Sharon_0042.jpg,ok,0.0028
Ariel_Sharon_0043.jpg,ok,0.3304
Ariel_Sharon_0044.jpg,ok,0.6965
Ariel_Sharon_0045.jpg,ok,0.2095
Ariel_Sharon_0046.jpg,ok,0.0221
Ariel_Sharon_0047.jpg,ok,0.5381
Ariel_Sharon_0048.jpg,ok,0.5586
Ariel_Sharon_0049.jpg,ok,0.9556
Ariel_Sharon_0050.jpg,ok,0.0199
Ariel_Sharon_0051.jpg,ok,0.5255
Ariel_Sharon_0052.jpg,ok,0.7167
Ariel_Sharon_0053.jpg,ok,0.3859
Ariel_Sharon_0054.jpg,ok,0.4922
Ariel_Sharon_0055.jpg,ok,0.4538
Ariel_Sharon_0056.jpg,ok,0.4344
Ariel_Sharon_0057.jpg,ok,0.9413
Ariel_Sharon_0058.jpg,ok,0.0154
Ariel_Sharon_0059.jpg,ok,0.4016
Ariel_Sharon_0060.jpg,ok,0.2074
Ariel_Sharon_0061.jpg,ok,0.3329
Ariel_Sharon_0062.jpg,ok,0.7738
Ariel_Sharon_0063.jpg,ok,0.0093
Ariel_Sharon_0064.jpg,ok,0.1932
Ariel_Sharon_0065.jpg,ok,0.9407
Ariel_Sharon_0066.jpg,ok,0.8730
Ariel_Sharon_0067.jpg,ok,0.0086
Ariel_Sharon_0068.jpg,ok,0.8545
Ariel_Sharon_0069.jpg,ok,0.5799
Ariel_Sharon_0070.jpg,ok,0.8951
Ariel_Sharon_0071.jpg,ok,0.9592
Ariel_Sharon_0072.jpg,ok,0.6752
Ariel_Sharon_0073.jpg,ok,0.9010
Ariel_Sharon_0074.jpg,ok,0.4423
Ariel_Sharon_0075.jpg,ok,0.0009
Ariel_Sharon_0076.jpg,ok,0.1993
Ariel_Sharon_0077.jpg,ok,0.4646
Arif_Mardin_0001.jpg,ok,0.0690
Arlen_Specter_0001.jpg,ok,0.3911
Arlen_Specter_0002.jpg,ok,0.7014
Arlen_Specter_0003.jpg,ok,0.1703
Armand_Sargen_0001.jpg,ok,0.5988
Armando_Avila_Panchame_0001.jpg,ok,0.7540
Armando_Calderon_Sol_0001.jpg,ok,0.6730
Armando_Carrillo_0001.jpg,ok,0.5393
Arminio_Fraga_0001.jpg,ok,0.8551
Arminio_Fraga_0002.jpg,ok,0.4463
Arminio_Fraga_0003.jpg,ok,0.9319
Arminio_Fraga_0004.jpg,ok,0.9825
Arminio_Fraga_0005.jpg,ok,0.0384
Arminio_Fraga_0006.jpg,ok,0.0017
Arnaud_Clement_0001.jpg,ok,0.4513
Arnaud_Clement_0002.jpg,ok,0.1009
Arnaud_Lagardere_0001.jpg,ok,0.1254
Arnie_Boehm_0001.jpg,ok,0.5492
Arnold_Palmer_0001.jpg,ok,0.5846
Arnold_Palmer_0002.jpg,ok,0.6669
Arnold_Palmer_0003.jpg,ok,0.6209
Arnold_Schwarzenegger_0001.jpg,ok,0.0388
Arnold_Schwarzenegger_0002.jpg,ok,0.5667
Arnold_Schwarzenegger_0003.jpg,ok,0.7937
Arnold_Schwarzenegger_0004.jpg,ok,0.0279
Arnold_Schwarzenegger_0005.jpg,ok,0.1448
Arnold_Schwarzenegger_0006.jpg,ok,0.1484
Arnold_Schwarzenegger_0007.jpg,ok,0.8347
Arnold_Schwarzenegger_0008.jpg,ok,0.1508
Arnold_Schwarzenegger_0009.jpg,ok,0.0072
Arnold_Schwarzenegger_0010.jpg,ok,0.0039
Arnold_Schwarzenegger_0011.jpg,ok,0.5050
Arnold_Schwarzenegger_0012.jpg,ok,0.0008
Arnold_Schwarzenegger_0013.jpg,ok,0.0857
Arnold_Schwarzenegger_0014.jpg,ok,0.0009
Arnold_Schwarzenegger_0015.jpg,ok,0.3935
Arnold_Schwarzenegger_0016.jpg,ok,0.4929
Arnold_Schwarzenegger_0017.jpg,ok,0.0865
Arnold_Schwarzenegger_0018.jpg,ok,0.1189
Arnold_Schwarzenegger_0019.jpg,ok,0.2533
Arnold_Schwarzenegger_0020.jpg,ok,0.3224
Arnold_Schwarzenegger_0021.jpg,ok,0.1010
Arnold_Schwarzenegger_0022.jpg,ok,0.0692
Arnold_Schwarzenegger_0023.jpg,ok,0.0350
Arnold_Schwarzenegger_0024.jpg,ok,0.1779
Arnold_Schwarzenegger_0025.jpg,ok,0.2984
Arnold_Schwarzenegger_0026.jpg,ok,0.3857
Arnold_Schwarzenegger_0027.jpg,ok,0.0780
Arnold_Schwarzenegger_0028.jpg,ok,0.6985
Arnold_Schwarzenegger_0029.jpg,ok,0.4544
Arnold_Schwarzenegger_0030.jpg,ok,0.0565
Arnold_Schwarzenegger_0031.jpg,ok,0.2647
Arnold_Schwarzenegger_0032.jpg,ok,0.4542
Arnold_Schwarzenegger_0033.jpg,ok,0.4191
Arnold_Schwarzenegger_0034.jpg,ok,0.9729
Arnold_Schwarzenegger_0035.jpg,ok,0.4235
Arnold_Schwarzenegger_0036.jpg,ok,0.8738
Arnold_Schwarzenegger_0037.jpg,ok,0.0160
Arnold_Schwarzenegger_0038.jpg,ok,0.7656
Arnold_Schwarzenegger_0039.jpg,ok,0.1301
Arnold_Schwarzenegger_0040.jpg,ok,0.9638
Arnold_Schwarzenegger_0041.jpg,ok,0.3408
Arnold_Schwarzenegger_0042.jpg,ok,0.0717
Arnold_Scott_0001.jpg,ok,0.6851
Arnoldo_Aleman_0001.jpg,ok,0.0293
Arnoldo_Aleman_0002.jpg,ok,0.5231
Arnoldo_Aleman_0003.jpg,ok,0.1595
Arnoldo_Aleman_0004.jpg,ok,0.4434
Arnoldo_Aleman_0005.jpg,ok,0.1490
Aron_Ralston_0001.jpg,ok,0.5544
Aron_Ralston_0002.jpg,ok,0.4612
Arsinee_Khanjian_0001.jpg,ok,0.0344
Arsinee_Khanjian_0002.jpg,ok,0.0115
Art_Cooper_0001.jpg,ok,0.4405
Art_Hoffmann_0001.jpg,ok,0.4387
Art_Hoffmann_0002.jpg,ok,0.2447
Art_Howe_0001.jpg,ok,0.0968
Art_Howe_0002.jpg,ok,0.1403
Art_Howe_0003.jpg,ok,0.2859
Art_Howe_0004.jpg,ok,0.1672
Art_Lopez_0001.jpg,ok,0.9080
Arthur_Johnson_0001.jpg,ok,0.1593
Arthur_Martinez_0001.jpg,ok,0.9279
Artieas_Shanks_0001.jpg,ok,0.0628
Arturo_Gatti_0001.jpg,ok,0.5429
Arturo_Gatti_0002.jpg,ok,0.7666
Arturo_Gatti_0003.jpg,ok,0.0088
Arye_Mekel_0001.jpg,ok,0.7833
Arye_Mekel_0002.jpg,ok,0.0259
Asa_Hutchinson_0001.jpg,ok,0.3381
Asa_Hutchinson_0002.jpg,ok,0.1750
Ascencion_Barajas_0001.jpg,ok,0.2002
Ashanti_0001.jpg,ok,0.0617
Ashanti_0002.jpg,ok,0.0204
Ashanti_0003.jpg,ok,0.2958
Ashanti_0004.jpg,ok,0.0152
Ashanti_0005.jpg,ok,0.0041
Ashlea_Talbot_0001.jpg,ok,0.9986
Ashley_Judd_0001.jpg,ok,0.3879
Ashley_Olsen_0001.jpg,ok,0.4421
Ashley_Postell_0001.jpg,ok,0.0050
Ashraf_Alasmar_0001.jpg,ok,0.2909
Ashraf_Ghani_0001.jpg,ok,0.3227
Ashton_Kutcher_0001.jpg,ok,0.5978
Ashton_Kutcher_0002.jpg,ok,0.6995
Ashton_Kutcher_0003.jpg,ok,0.1594
Asif_Ali_Zardari_0001.jpg,ok,0.0062
Asif_Hanif_0001.jpg,ok,0.4470
Askar_Akayev_0001.jpg,ok,0.6968
Asmaa_Assad_0001.jpg,ok,0.8724
Assad_Ahmadi_0001.jpg,ok,0.9783
Astou_Ndiaye-Diatta_0001.jpg,ok,0.0712
Astrid_Betancourt_0001.jpg,ok,0.1652
Astrid_Eyzaguirre_0001.jpg,ok,0.1506
Atal_Bihari_Vajpayee_0001.jpg,ok,0.2207
Atal_Bihari_Vajpayee_0002.jpg,ok,0.5451
Atal_Bihari_Vajpayee_0003.jpg,ok,0.2934
Atal_Bihari_Vajpayee_0004.jpg,ok,0.5657
Atal_Bihari_Vajpayee_0005.jpg,ok,0.2330
Atal_Bihari_Vajpayee_0006.jpg,ok,0.9002
Atal_Bihari_Vajpayee_0007.jpg,ok,0.8995
Atal_Bihari_Vajpayee_0008.jpg,ok,0.0040
Atal_Bihari_Vajpayee_0009.jpg,ok,0.5496
Atal_Bihari_Vajpayee_0010.jpg,ok,0.6824
Atal_Bihari_Vajpayee_0011.jpg,ok,0.1307
Atal_Bihari_Vajpayee_0012.jpg,ok,0.0111
Atal_Bihari_Vajpayee_0013.jpg,ok,0.2769
Atal_Bihari_Vajpayee_0014.jpg,ok,0.5212
Atal_Bihari_Vajpayee_0015.jpg,ok,0.6047
Atal_Bihari_Vajpayee_0016.jpg,ok,0.0124
Atal_Bihari_Vajpayee_0017.jpg,ok,0.0055
Atal_Bihari_Vajpayee_0018.jpg,ok,0.7735
Atal_Bihari_Vajpayee_0019.jpg,ok,0.3873
Atal_Bihari_Vajpayee_0020.jpg,ok,0.3295
Atal_Bihari_Vajpayee_0021.jpg,ok,0.9776
Atal_Bihari_Vajpayee_0022.jpg,ok,0.7782
Atal_Bihari_Vajpayee_0023.jpg,ok,0.8660
Atal_Bihari_Vajpayee_0024.jpg,ok,0.7862
Ataollah_Mohajerani_0001.jpg,ok,0.9215
Atiabet_Ijan_Amabel_0001.jpg,ok,0.0532
Atom_Egoyan_0001.jpg,ok,0.0358
Atsushi_Sato_0001.jpg,ok,0.9940
Audrey_Lacroix_0001.jpg,ok,0.0019
Audrey_Sauret_0001.jpg,ok,0.3716
Augustin_Calleri_0001.jpg,ok,0.0223
Augustin_Calleri_0002.jpg,ok,0.1952
Augustin_Calleri_0003.jpg,ok,0.0261
Augustin_Calleri_0004.jpg,ok,0.0059
Augusto_Pinochet_0001.jpg,ok,0.2690
Augusto_Pinochet_0002.jpg,ok,0.8390
Augusto_Roa_Bastos_0001.jpg,ok,0.4998
Augusto_Roa_Bastos_0002.jpg,ok,0.7258
Aung_San_Suu_Kyi_0001.jpg,ok,0.6765
Aung_San_Suu_Kyi_0002.jpg,ok,0.6904
Austin_Kearns_0001.jpg,ok,0.3703
Avril_Lavigne_0001.jpg,ok,0.0356
Azmi_Bishara_0001.jpg,ok,0.4695
Azra_Akin_0001.jpg,ok,0.0098
Azra_Akin_0002.jpg,ok,0.2570
Azra_Akin_0003.jpg,ok,0.1388
Azra_Akin_0004.jpg,ok,0.1349
BB_King_0001.jpg,ok,0.0054
BJ_Habibie_0001.jpg,ok,0.9650
Babe_Ruth_0001.jpg,ok,0.9793
Baburam_Bhattari_0001.jpg,ok,0.7094
Bak_Chang-Ryun_0001.jpg,ok,0.0671
Barbara_Bach_0001.jpg,ok,0.7717
Barbara_Becker_0001.jpg,ok,0.2720
Barbara_Bodine_0001.jpg,ok,0.4552
Barbara_Boxer_0001.jpg,ok,0.3507
Barbara_Brezigar_0001.jpg,ok,0.3510
Barbara_Brezigar_0002.jpg,ok,0.8033
Barbara_De_Brun_0001.jpg,ok,0.0783
Barbara_Esbin_0001.jpg,ok,0.6275
Barbara_Felt-Miller_0001.jpg,ok,0.0189
Barbara_Roberts_0001.jpg,ok,0.0120
Barbara_Walters_0001.jpg,ok,0.9892
Barbara_Walters_0002.jpg,ok,0.9747
Barbara_Walters_0003.jpg,ok,0.9095
Barbara_Walters_0004.jpg,ok,0.7602
Barbora_Strycova_0001.jpg,ok,0.0483
Barbra_Streisand_0001.jpg,ok,0.4104
Barbra_Streisand_0002.jpg,ok,0.3590
Barbra_Streisand_0003.jpg,ok,0.9906
Barrett_Jackman_0001.jpg,ok,0.1924
Barrett_Jackman_0002.jpg,ok,0.0089
Barry_Alvarez_0001.jpg,ok,0.4463
Barry_Alvarez_0002.jpg,ok,0.7774
Barry_Bonds_0001.jpg,ok,0.0979
Barry_Collier_0001.jpg,ok,0.6982
Barry_Diller_0001.jpg,ok,0.0100
Barry_Ford_0001.jpg,ok,0.3451
Barry_Hinson_0001.jpg,ok,0.6784
Barry_Nakell_0001.jpg,ok,0.4547
Barry_Switzer_0001.jpg,ok,0.9961
Barry_Williams_0001.jpg,ok,0.7497
Barry_Zito_0001.jpg,ok,0.7865
Barry_Zito_0002.jpg,ok,0.7092
Bart_Freundlich_0001.jpg,ok,0.0064
Bart_Hendricks_0001.jpg,ok,0.2973
Bartosz_Kizierowski_0001.jpg,ok,0.3935
Barzan_al-Tikriti_0001.jpg,ok,0.0969
Basdeo_Panday_0001.jpg,ok,0.0233
Bashar_Assad_0001.jpg,ok,0.7503
Bashar_Assad_0002.jpg,ok,0.0160
Bashar_Assad_0003.jpg,ok,0.0157
Bashar_Assad_0004.jpg,ok,0.3055
Baz_Luhrmann_0001.jpg,ok,0.0145
Beatrice_Dalle_0001.jpg,ok,0.9554
Beatriz_Merino_0001.jpg,ok,0.0425
Beecher_Ray_Kirby_0001.jpg,ok,0.9375
Begum_Khaleda_Zia_0001.jpg,ok,0.0232
Begum_Khaleda_Zia_0002.jpg,ok,0.8880
Bela_Karolyi_0001.jpg,ok,0.3074
Ben_Affleck_0001.jpg,ok,0.3986
Ben_Affleck_0002.jpg,ok,0.5192
Ben_Affleck_0003.jpg,ok,0.2871
Ben_Affleck_0004.jpg,ok,0.2149
Ben_Affleck_0005.jpg,ok,0.0859
Ben_Affleck_0006.jpg,ok,0.0400
Ben_Affleck_0007.jpg,ok,0.8282
Ben_Betts_0001.jpg,ok,0.4427
Ben_Braun_0001.jpg,ok,0.2165
Ben_Broussard_0001.jpg,ok,0.4027
Ben_Cahoon_0001.jpg,ok,0.3896
Ben_Chandler_0001.jpg,ok,0.2426
Ben_Cohen_0001.jpg,ok,0.9238
Ben_Curtis_0001.jpg,ok,0.6779
Ben_Curtis_0002.jpg,ok,0.4721
Ben_Curtis_0003.jpg,ok,0.6720
Ben_Davis_0001.jpg,ok,0.1038
Ben_Glisan_0001.jpg,ok,0.9372
Ben_Glisan_0002.jpg,ok,0.4212
Ben_Howland_0001.jpg,ok,0.4009
Ben_Howland_0002.jpg,ok,0.0050
Ben_Howland_0003.jpg,ok,0.7417
Ben_Howland_0004.jpg,ok,0.0115
Ben_Kingsley_0001.jpg,ok,0.0391
Ben_Lee_0001.jpg,ok,0.4933
Ben_Stein_0001.jpg,ok,0.0077
Ben_Wallace_0001.jpg,ok,0.5790
Benazir_Bhutto_0001.jpg,ok,0.5524
Benazir_Bhutto_0002.jpg,ok,0.2406
Benazir_Bhutto_0003.jpg,ok,0.1672
Benazir_Bhutto_0004.jpg,ok,0.3224
Benazir_Bhutto_0005.jpg,ok,0.0894
Benedita_da_Silva_0001.jpg,ok,0.0572
Benicio_Del_Toro_0001.jpg,ok,0.0027
Benito_Santiago_0001.jpg,ok,0.1292
Benjamin_Bratt_0001.jpg,ok,0.0863
Benjamin_Franklin_0001.jpg,ok,0.1326
Benjamin_Martinez_0001.jpg,ok,0.1399
Benjamin_McKenzie_0001.jpg,ok,0.5190
Benjamin_Netanyahu_0001.jpg,ok,0.4628
Benjamin_Netanyahu_0002.jpg,ok,0.3936
Benjamin_Netanyahu_0003.jpg,ok,0.1433
Benjamin_Netanyahu_0004.jpg,ok,0.9988
Benjamin_Netanyahu_0005.jpg,ok,0.6369
Benjamin_Neulander_0001.jpg,ok,0.4698
Bernadette_Peters_0001.jpg,ok,0.0621
Bernard_Ebbers_0001.jpg,ok,0.8783
Bernard_Giraudeau_0001.jpg,ok,0.9753
Bernard_Kerik_0001.jpg,ok,0.0277
Bernard_Landry_0001.jpg,ok,0.0477
Bernard_Landry_0002.jpg,ok,0.9282
Bernard_Landry_0003.jpg,ok,0.3126
Bernard_Landry_0004.jpg,ok,0.8587
Bernard_Law_0001.jpg,ok,0.4288
Bernard_Law_0002.jpg,ok,0.5292
Bernard_Law_0003.jpg,ok,0.9760
Bernard_Law_0004.jpg,ok,0.9370
Bernard_Law_0005.jpg,ok,0.8771
Bernard_Lord_0001.jpg,ok,0.0010
Bernard_Lord_0002.jpg,ok,0.0262
Bernard_Siegel_0001.jpg,ok,0.6724
Bernardo_Segura_0001.jpg,ok,0.2390
Bernardo_Segura_0002.jpg,ok,0.0264
Bernice_Wong_0001.jpg,ok,0.0079
Bertie_Ahern_0001.jpg,ok,0.6152
Bertie_Ahern_0002.jpg,ok,0.5036
Bertie_Ahern_0003.jpg,ok,0.3771
Bertie_Ahern_0004.jpg,ok,0.8983
Bertie_Ahern_0005.jpg,ok,0.6613
Bertrand_Bonello_0001.jpg,ok,0.5307
Bertrand_Bonello_0002.jpg,ok,0.5189
Bertrand_Delanoe_0001.jpg,ok,0.5038
Beth_Blough_0001.jpg,ok,0.5844
Beth_Jones_0001.jpg,ok,0.0497
Beth_Jones_0002.jpg,ok,0.5212
Betsy_Coffin_0001.jpg,ok,0.0202
Betsy_Smith_0001.jpg,ok,0.6499
Betsy_Smith_0002.jpg,ok,0.9928
Bettina_Rheims_0001.jpg,ok,0.9132
Betty_Garrison_0001.jpg,ok,0.7374
Betty_Williams_0001.jpg,ok,0.0056
Beyonce_Knowles_0001.jpg,ok,0.1322
Bianca_Jagger_0001.jpg,ok,0.0121
Bijan_Darvish_0001.jpg,ok,0.2484
Bijan_Darvish_0002.jpg,ok,0.3563
Bijan_Darvish_0003.jpg,ok,0.8313
Bijan_Namdar_Zangeneh_0001.jpg,ok,0.3645
Bijan_Namdar_Zangeneh_0002.jpg,ok,0.8845
Bilal_Erdogan_0001.jpg,ok,0.1152
Biljana_Plavsic_0001.jpg,ok,0.4668
Biljana_Plavsic_0002.jpg,ok,0.1475
Biljana_Plavsic_0003.jpg,ok,0.1254
Bill_Belichick_0001.jpg,ok,0.9280
Bill_Belichick_0002.jpg,ok,0.2203
Bill_Bradley_0001.jpg,ok,0.0498
Bill_Butler_0001.jpg,ok,0.0881
Bill_Byrne_0001.jpg,ok,0.1890
Bill_Callahan_0001.jpg,ok,0.0954
Bill_Callahan_0002.jpg,ok,0.8575
Bill_Callahan_0003.jpg,ok,0.0221
Bill_Carmody_0001.jpg,ok,0.1270
Bill_Cartwright_0001.jpg,ok,0.2158
Bill_Clancy_0001.jpg,ok,0.0011
Bill_Clinton_0001.jpg,ok,0.1371
Bill_Clinton_0002.jpg,ok,0.0062
Bill_Clinton_0003.jpg,ok,0.2781
Bill_Clinton_0004.jpg,ok,0.6877
Bill_Clinton_0005.jpg,ok,0.2918
Bill_Clinton_0006.jpg,ok,0.3701
Bill_Clinton_0007.jpg,ok,0.7417
Bill_Clinton_0008.jpg,ok,0.9051
Bill_Clinton_0009.jpg,ok,0.6270
Bill_Clinton_0010.jpg,ok,0.0530
Bill_Clinton_0011.jpg,ok,0.9173
Bill_Clinton_0012.jpg,ok,0.8834
Bill_Clinton_0013.jpg,ok,0.3103
Bill_Clinton_0014.jpg,ok,0.0225
Bill_Clinton_0015.jpg,ok,0.9911
Bill_Clinton_0016.jpg,ok,0.2545
Bill_Clinton_0017.jpg,ok,0.9146
Bill_Clinton_0018.jpg,ok,0.0207
Bill_Clinton_0019.jpg,ok,0.0096
Bill_Clinton_0020.jpg,ok,0.0011
Bill_Clinton_0021.jpg,ok,0.7547
Bill_Clinton_0022.jpg,ok,0.5502
Bill_Clinton_0023.jpg,ok,0.6532
Bill_Clinton_0024.jpg,ok,0.8697
Bill_Clinton_0025.jpg,ok,0.8047
Bill_Clinton_0026.jpg,ok,0.2676
Bill_Clinton_0027.jpg,ok,0.2058
Bill_Clinton_0028.jpg,ok,0.0060
Bill_Clinton_0029.jpg,ok,0.1815
Bill_Curry_0001.jpg,ok,0.1004
Bill_Doba_0001.jpg,ok,0.6090
Bill_Duffey_0001.jpg,ok,0.7752
Bill_Elliott_0001.jpg,ok,0.0661
Bill_Fennelly_0001.jpg,ok,0.5624
Bill_Frist_0001.jpg,ok,0.5790
Bill_Frist_0002.jpg,ok,0.3372
Bill_Frist_0003.jpg,ok,0.2104
Bill_Frist_0004.jpg,ok,0.8795
Bill_Frist_0005.jpg,ok,0.4938
Bill_Frist_0006.jpg,ok,0.6082
Bill_Frist_0007.jpg,ok,0.9258
Bill_Frist_0008.jpg,ok,0.0013
Bill_Frist_0009.jpg,ok,0.6332
Bill_Gates_0001.jpg,ok,0.2511
Bill_Gates_0002.jpg,ok,0.1374
Bill_Gates_0003.jpg,ok,0.0077
Bill_Gates_0004.jpg,ok,0.7262
Bill_Gates_0005.jpg,ok,0.4500
Bill_Gates_0006.jpg,ok,0.5391
Bill_Gates_0007.jpg,ok,0.2559
Bill_Gates_0008.jpg,ok,0.2178
Bill_Gates_0009.jpg,ok,0.5227
Bill_Gates_0010.jpg,ok,0.8122
Bill_Gates_0011.jpg,ok,0.6248
Bill_Gates_0012.jpg,ok,0.1488
Bill_Gates_0013.jpg,ok,0.0114
Bill_Gates_0014.jpg,ok,0.3743
Bill_Gates_0015.jpg,ok,0.1520
Bill_Gates_0016.jpg,ok,0.2483
Bill_Gates_0017.jpg,ok,0.0467
Bill_Graham_0001.jpg,ok,0.3489
Bill_Graham_0002.jpg,ok,0.3411
Bill_Graham_0003.jpg,ok,0.6951
Bill_Graham_0004.jpg,ok,0.8504
Bill_Graham_0005.jpg,ok,0.9175
Bill_Graham_0006.jpg,ok,0.9396
Bill_Graham_0007.jpg,ok,0.8955
Bill_Graham_0008.jpg,ok,0.9610
Bill_Graham_0009.jpg,ok,0.9899
Bill_Guerin_0001.jpg,ok,0.0702
Bill_Herrion_0001.jpg,ok,0.0773
Bill_Hughes_0001.jpg,ok,0.9910
Bill_King_0001.jpg,ok,0.3540
Bill_Kollar_0001.jpg,ok,0.0900
Bill_Kong_0001.jpg,ok,0.0653
Bill_Lerach_0001.jpg,ok,0.4817
Bill_Maher_0001.jpg,ok,0.3649
Bill_Mauldin_0001.jpg,ok,0.3155
Bill_McBride_0001.jpg,ok,0.4147
Bill_McBride_0002.jpg,ok,0.7537
Bill_McBride_0003.jpg,ok,0.1481
Bill_McBride_0004.jpg,ok,0.6141
Bill_McBride_0005.jpg,ok,0.3749
Bill_McBride_0006.jpg,ok,0.2830
Bill_McBride_0007.jpg,ok,0.0024
Bill_McBride_0008.jpg,ok,0.4987
Bill_McBride_0009.jpg,ok,0.0011
Bill_McBride_0010.jpg,ok,0.4246
Bill_Nelson_0001.jpg,ok,0.6702
Bill_Nelson_0002.jpg,ok,0.7529
Bill_OReilly_0001.jpg,ok,0.0481
Bill_Parcells_0001.jpg,ok,0.6692
Bill_Parcells_0002.jpg,ok,0.4168
Bill_Parsons_0001.jpg,ok,0.0037
Bill_Paxton_0001.jpg,ok,0.0013
Bill_Paxton_0002.jpg,ok,0.0519
Bill_Paxton_0003.jpg,ok,0.0021
Bill_Paxton_0004.jpg,ok,0.3814
Bill_Pryor_0001.jpg,ok,0.0214
Bill_Rainer_0001.jpg,ok,0.0897
Bill_Readdy_0001.jpg,ok,0.3707
Bill_Richardson_0001.jpg,ok,0.2831
Bill_Self_0001.jpg,ok,0.0032
Bill_Simon_0001.jpg,ok,0.0061
Bill_Simon_0002.jpg,ok,0.2195
Bill_Simon_0003.jpg,ok,0.0135
Bill_Simon_0004.jpg,ok,0.1784
Bill_Simon_0005.jpg,ok,0.4869
Bill_Simon_0006.jpg,ok,0.8561
Bill_Simon_0007.jpg,ok,0.0376
Bill_Simon_0008.jpg,ok,0.1476
Bill_Simon_0009.jpg,ok,0.0429
Bill_Simon_0010.jpg,ok,0.0039
Bill_Simon_0011.jpg,ok,0.0737
Bill_Simon_0012.jpg,ok,0.1594
Bill_Simon_0013.jpg,ok,0.0877
Bill_Simon_0014.jpg,ok,0.0043
Bill_Simon_0015.jpg,ok,0.9637
Bill_Sizemore_0001.jpg,ok,0.4907
Bill_Sizemore_0002.jpg,ok,0.0339
Bill_Stapleton_0001.jpg,ok,0.6057
Bill_Stein_0001.jpg,ok,0.9054
Bill_Walton_0001.jpg,ok,0.1647
Billy_Andrade_0001.jpg,ok,0.9067
Billy_Beane_0001.jpg,ok,0.3754
Billy_Bob_Thornton_0001.jpg,ok,0.7994
Billy_Boyd_0001.jpg,ok,0.3204
Billy_Crawford_0001.jpg,ok,0.2156
Billy_Crystal_0001.jpg,ok,0.1852
Billy_Crystal_0002.jpg,ok,0.2483
Billy_Crystal_0003.jpg,ok,0.8878
Billy_Crystal_0004.jpg,ok,0.6659
Billy_Crystal_0005.jpg,ok,0.6267
Billy_Crystal_0006.jpg,ok,0.8124
Billy_Donovan_0001.jpg,ok,0.2145
Billy_Edelin_0001.jpg,ok,0.3869
Billy_Gilman_0001.jpg,ok,0.3574
Billy_Graham_0001.jpg,ok,0.0068
Billy_Graham_0002.jpg,ok,0.0018
Billy_Joel_0001.jpg,ok,0.5772
Billy_Rork_0001.jpg,ok,0.9518
Billy_Sollie_0001.jpg,ok,0.2612
Billy_Sollie_0002.jpg,ok,0.2627
Billy_Tibbets_0001.jpg,ok,0.9396
Bing_Crosby_0001.jpg,ok,0.9832
Binyamin_Ben-Eliezer_0001.jpg,ok,0.0175
Binyamin_Ben-Eliezer_0002.jpg,ok,0.1307
Binyamin_Ben-Eliezer_0003.jpg,ok,0.0084
Binyamin_Ben-Eliezer_0004.jpg,ok,0.0112
Binyamin_Ben-Eliezer_0005.jpg,ok,0.4983
Binyamin_Ben-Eliezer_0006.jpg,ok,0.1064
Binyamin_Ben-Eliezer_0007.jpg,ok,0.8175
Bison_Dele_0001.jpg,ok,0.0175
Bixente_LIzarazu_0001.jpg,ok,0.1838
Blas_Ople_0001.jpg,ok,0.6025
Blythe_Danner_0001.jpg,ok,0.3319
Blythe_Danner_0002.jpg,ok,0.5235
Blythe_Hartley_0001.jpg,ok,0.8466
Blythe_Hartley_0002.jpg,ok,0.7998
Bo_Pelini_0001.jpg,ok,0.0171
Bo_Pelini_0002.jpg,ok,0.1091
Bo_Ryan_0001.jpg,ok,0.0191
Bo_Ryan_0002.jpg,ok,0.2261
Bob_Alper_0001.jpg,ok,0.4175
Bob_Beauprez_0001.jpg,ok,0.6920
Bob_Beauprez_0002.jpg,ok,0.8348
Bob_Bowlsby_0001.jpg,ok,0.0916
Bob_Cantrell_0001.jpg,ok,0.6541
Bob_Colvin_0001.jpg,ok,0.9394
Bob_Colvin_0002.jpg,ok,0.9731
Bob_Crippen_0001.jpg,ok,0.4921
Bob_Curtis_0001.jpg,ok,0.2992
Bob_Dole_0001.jpg,ok,0.2125
Bob_Dole_0002.jpg,ok,0.3507
Bob_Dole_0003.jpg,ok,0.2999
Bob_Eskridge_0001.jpg,ok,0.9839
Bob_Ferguson_0001.jpg,ok,0.8194
Bob_Geldof_0001.jpg,ok,0.0009
Bob_Geldof_0002.jpg,ok,0.1546
Bob_Goldman_0001.jpg,ok,0.6227
Bob_Graham_0001.jpg,ok,0.3996
Bob_Graham_0002.jpg,ok,0.8534
Bob_Graham_0003.jpg,ok,0.3065
Bob_Graham_0004.jpg,ok,0.0593
Bob_Graham_0005.jpg,ok,0.0690
Bob_Graham_0006.jpg,ok,0.0520
Bob_Guccione_0001.jpg,ok,0.0159
Bob_Hartley_0001.jpg,ok,0.4905
Bob_Hayes_0001.jpg,ok,0.9950
Bob_Herz_0001.jpg,ok,0.2091
Bob_Holden_0001.jpg,ok,0.0084
Bob_Hope_0001.jpg,ok,0.9853
Bob_Hope_0002.jpg,ok,0.9417
Bob_Hope_0003.jpg,ok,0.9311
Bob_Hope_0004.jpg,ok,0.2104
Bob_Hope_0005.jpg,ok,0.0871
Bob_Hope_0006.jpg,ok,0.4672
Bob_Hope_0007.jpg,ok,0.2200
Bob_Hope_0008.jpg,ok,0.0551
Bob_Huggins_0001.jpg,ok,0.6184
Bob_Huggins_0002.jpg,ok,0.5499
Bob_Huggins_0003.jpg,ok,0.9956
Bob_Huggins_0004.jpg,ok,0.2947
Bob_Iger_0001.jpg,ok,0.1600
Bob_Krueger_0001.jpg,ok,0.3666
Bob_Melvin_0001.jpg,ok,0.0649
Bob_Menendez_0001.jpg,ok,0.4792
Bob_Newhart_0001.jpg,ok,0.3801
Bob_Petrino_0001.jpg,ok,0.6230
Bob_Riley_0001.jpg,ok,0.1024
Bob_Stoops_0001.jpg,ok,0.3859
Bob_Stoops_0002.jpg,ok,0.0149
Bob_Stoops_0003.jpg,ok,0.0007
Bob_Stoops_0004.jpg,ok,0.0070
Bob_Stoops_0005.jpg,ok,0.0659
Bob_Stoops_0006.jpg,ok,0.4436
Bob_Stoops_0007.jpg,ok,0.3464
Bob_Sulkin_0001.jpg,ok,0.0735
Bob_Taft_0001.jpg,ok,0.1770
Bob_Wright_0001.jpg,ok,0.7141
Bobby_Bowden_0001.jpg,ok,0.3177
Bobby_Goldwater_0001.jpg,ok,0.0890
Bobby_Goldwater_0002.jpg,ok,0.0327
Bobby_Jackson_0001.jpg,ok,0.0234
Bobby_Kielty_0001.jpg,ok,0.4568
Bobby_Robson_0001.jpg,ok,0.2451
Bobby_Robson_0002.jpg,ok,0.6852
Bobo_Balde_0001.jpg,ok,0.0878
Bode_Miller_0001.jpg,ok,0.3809
Bode_Miller_0002.jpg,ok,0.0588
Bonnie_Fuller_0001.jpg,ok,0.0344
Bonnie_Hunt_0001.jpg,ok,0.4735
Bono_0001.jpg,ok,0.8256
Bono_0002.jpg,ok,0.1388
Bono_0003.jpg,ok,0.8396
Boris_Becker_0001.jpg,ok,0.2805
Boris_Becker_0002.jpg,ok,0.4074
Boris_Becker_0003.jpg,ok,0.4017
Boris_Becker_0004.jpg,ok,0.9366
Boris_Becker_0005.jpg,ok,0.3717
Boris_Becker_0006.jpg,ok,0.0258
Boris_Berezovsky_0001.jpg,ok,0.9857
Boris_Berezovsky_0002.jpg,ok,0.7904
Boris_Henry_0001.jpg,ok,0.5638
Boris_Jordan_0001.jpg,ok,0.2888
Boris_Trajkovski_0001.jpg,ok,0.1922
Boris_Yeltsin_0001.jpg,ok,0.9308
Boris_Yeltsin_0002.jpg,ok,0.9322
Boutros_Boutros_Ghali_0001.jpg,ok,0.2286
Brad_Alexander_Smith_0001.jpg,ok,0.9095
Brad_Banks_0001.jpg,ok,0.2124
Brad_Brownell_0001.jpg,ok,0.1467
Brad_Garrett_0001.jpg,ok,0.1843
Brad_Garrett_0002.jpg,ok,0.1327
Brad_Garrett_0003.jpg,ok,0.0241
Brad_Garrett_0004.jpg,ok,0.2097
Brad_Gushue_0001.jpg,ok,0.9614
Brad_Johnson_0001.jpg,ok,0.6546
Brad_Johnson_0002.jpg,ok,0.4190
Brad_Johnson_0003.jpg,ok,0.0335
Brad_Johnson_0004.jpg,ok,0.9767
Brad_Johnson_0005.jpg,ok,0.9778
Brad_Miller_0001.jpg,ok,0.4448
Brad_Pitt_0001.jpg,ok,0.4964
Brad_Russ_0001.jpg,ok,0.2610
Brad_Smith_0001.jpg,ok,0.3220
Brad_Wilk_0001.jpg,ok,0.6317
Brady_Rodgers_0001.jpg,ok,0.1754
Brajesh_Mishra_0001.jpg,ok,0.0142
Brandon_Boyd_0001.jpg,ok,0.1310
Brandon_Fails_0001.jpg,ok,0.0816
Brandon_Hammond_0001.jpg,ok,0.4586
Brandon_Inge_0001.jpg,ok,0.8269
Brandon_Jones_0001.jpg,ok,0.5150
Brandon_Knight_0001.jpg,ok,0.3596
Brandon_Larson_0001.jpg,ok,0.4715
Brandon_Lloyd_0001.jpg,ok,0.1451
Brandon_Robinson_0001.jpg,ok,0.0569
Brandon_Spann_0001.jpg,ok,0.4588
Brandon_Webb_0001.jpg,ok,0.3262
Branko_Crvenkovski_0001.jpg,ok,0.0011
Branko_Crvenkovski_0002.jpg,ok,0.3024
Branko_Crvenkovski_0003.jpg,ok,0.9351
Brawley_King_0001.jpg,ok,0.8982
Brenda_Magana_0001.jpg,ok,0.3797
Brenda_Wilson_0001.jpg,ok,0.9233
Brenda_van_Dam_0001.jpg,ok,0.9164
Brendan_Fraser_0001.jpg,ok,0.0030
Brendan_Gaughan_0001.jpg,ok,0.0342
Brendan_Hansen_0001.jpg,ok,0.0154
Brendan_Hansen_0002.jpg,ok,0.2894
Brendan_Stai_0001.jpg,ok,0.2975
Brennon_Leighton_0001.jpg,ok,0.0155
Brent_Coles_0001.jpg,ok,0.9721
Brett_Boone_0001.jpg,ok,0.6962
Brett_Hawke_0001.jpg,ok,0.3758
Brett_Hull_0001.jpg,ok,0.1005
Brett_Perry_0001.jpg,ok,0.7526
Brian_Billick_0001.jpg,ok,0.3284
Brian_Campbell_0001.jpg,ok,0.2911
Brian_Cashman_0001.jpg,ok,0.5439
Brian_Clemens_0001.jpg,ok,0.9027
Brian_Cook_0001.jpg,ok,0.0170
Brian_Cowen_0001.jpg,ok,0.3174
Brian_Cowen_0002.jpg,ok,0.0008
Brian_De_Palma_0001.jpg,ok,0.0466
Brian_Florence_0001.jpg,ok,0.7561
Brian_Grazier_0001.jpg,ok,0.3905
Brian_Gregory_0001.jpg,ok,0.0339
Brian_Griese_0001.jpg,ok,0.1101
Brian_Griese_0002.jpg,ok,0.0026
Brian_Heidik_0001.jpg,ok,0.4321
Brian_Heidik_0002.jpg,ok,0.4644
Brian_Henson_0001.jpg,ok,0.4519
Brian_Jordan_0001.jpg,ok,0.2863
Brian_Kerr_0001.jpg,ok,0.9799
Brian_Lara_0001.jpg,ok,0.2199
Brian_McIntyre_0001.jpg,ok,0.0046
Brian_Meadors_0001.jpg,ok,0.0303
Brian_Mulroney_0001.jpg,ok,0.8637
Brian_Mulroney_0002.jpg,ok,0.0063
Brian_Olson_0001.jpg,ok,0.5493
Brian_Pavlich_0001.jpg,ok,0.8411
Brian_Scalabrine_0001.jpg,ok,0.0114
Brian_Schneider_0001.jpg,ok,0.0361
Brian_StPierre_0001.jpg,ok,0.4437
Brian_Van_Dusen_0001.jpg,ok,0.7680
Brian_Weaver_0001.jpg,ok,0.5429
Brian_Wells_0001.jpg,ok,0.2248
Brian_Wells_0002.jpg,ok,0.5594
Brian_Williams_0001.jpg,ok,0.0147
Bridget_Fonda_0001.jpg,ok,0.5626
Bridget_Fonda_0002.jpg,ok,0.6433
Bridget_Fonda_0003.jpg,ok,0.4337
Bridgette_Wilson-Sampras_0001.jpg,ok,0.9882
Bridgette_Wilson-Sampras_0002.jpg,ok,0.4028
Bridgette_Wilson-Sampras_0003.jpg,ok,0.0212
Brigitte_Boisselier_0001.jpg,ok,0.1784
Brigitte_Boisselier_0002.jpg,ok,0.5674
Britney_Spears_0001.jpg,ok,0.3756
Britney_Spears_0002.jpg,ok,0.3676
Britney_Spears_0003.jpg,ok,0.0999
Britney_Spears_0004.jpg,ok,0.4133
Britney_Spears_0005.jpg,ok,0.4389
Britney_Spears_0006.jpg,ok,0.4830
Britney_Spears_0007.jpg,ok,0.5712
Britney_Spears_0008.jpg,ok,0.7854
Britney_Spears_0009.jpg,ok,0.7902
Britney_Spears_0010.jpg,ok,0.5199
Britney_Spears_0011.jpg,ok,0.4061
Britney_Spears_0012.jpg,ok,0.4374
Britney_Spears_0013.jpg,ok,0.0621
Britney_Spears_0014.jpg,ok,0.4336
Brittany_Snow_0001.jpg,ok,0.4617
Brock_Berlin_0001.jpg,ok,0.0451
Bronson_Arroyo_0001.jpg,ok,0.8953
Brook_Robinson_0001.jpg,ok,0.1690
Brooke_Adams_0001.jpg,ok,0.8752
Brooke_Gordon_0001.jpg,ok,0.0147
Brooke_Shields_0001.jpg,ok,0.1031
Brooke_Shields_0002.jpg,ok,0.3820
Bruce_Arena_0001.jpg,ok,0.6384
Bruce_Gebhardt_0001.jpg,ok,0.0027
Bruce_Lunsford_0001.jpg,ok,0.4112
Bruce_Paltrow_0001.jpg,ok,0.0054
Bruce_Springsteen_0001.jpg,ok,0.0814
Bruce_Springsteen_0002.jpg,ok,0.0010
Bruce_Springsteen_0003.jpg,ok,0.9774
Bruce_Springsteen_0004.jpg,ok,0.8610
Bruce_Van_De_Velde_0001.jpg,ok,0.6589
Bruce_Van_De_Velde_0002.jpg,ok,0.3061
Bruce_Weber_0001.jpg,ok,0.9984
Bruce_Weber_0002.jpg,ok,0.0144
Bruce_Willis_0001.jpg,ok,0.5272
Bruna_Colosio_0001.jpg,ok,0.5916
Bruno_Junquiera_0001.jpg,ok,0.0916
Bryan_Adams_0001.jpg,ok,0.0033
Bryan_Chui_0001.jpg,ok,0.4507
Bryan_Cooley_0001.jpg,ok,0.0940
Bryan_Murray_0001.jpg,ok,0.0002
Bryan_Thomas_0001.jpg,ok,0.7128
Bryant_Young_0001.jpg,ok,0.9583
Bryce_Carmine_0001.jpg,ok,0.0121
Buck_Rodgers_0001.jpg,ok,0.5369
Bud_Selig_0001.jpg,ok,0.3902
Bud_Selig_0002.jpg,ok,0.9617
Bud_Selig_0003.jpg,ok,0.0133
Bud_Selig_0004.jpg,ok,0.2996
Budd_Schulberg_0001.jpg,ok,0.6156
Buddy_Ryan_0001.jpg,ok,0.0535
Buford_Blount_0001.jpg,ok,0.9223
Bulent_Ecevit_0001.jpg,ok,0.4042
Bulent_Ecevit_0002.jpg,ok,0.2715
Bulent_Ecevit_0003.jpg,ok,0.5313
Bulent_Ecevit_0004.jpg,ok,0.1205
Bulent_Ecevit_0005.jpg,ok,0.1392
Bulent_Ecevit_0006.jpg,ok,0.0946
Bustam_A_Zedan_Aljanabi_0001.jpg,ok,0.4967
Butch_Davis_0001.jpg,ok,0.7193
Butch_Davis_0002.jpg,ok,0.6132
Buzz_Hargrove_0001.jpg,ok,0.3794
Byron_Scott_0001.jpg,ok,0.0230
Byron_Scott_0002.jpg,ok,0.6545
Cabas_0001.jpg,ok,0.0359
Caio_Blat_0001.jpg,ok,0.5072
Calbert_Cheaney_0001.jpg,ok,0.0102
Calista_Flockhart_0001.jpg,ok,0.0953
Calista_Flockhart_0002.jpg,ok,0.0216
Calista_Flockhart_0003.jpg,ok,0.4590
Calista_Flockhart_0004.jpg,ok,0.9852
Calista_Flockhart_0005.jpg,ok,0.3833
Calista_Flockhart_0006.jpg,ok,0.7684
Calvin_Harrison_0001.jpg,ok,0.8967
Calvin_Joseph_Coleman_0001.jpg,ok,0.0597
Cameron_Diaz_0001.jpg,ok,0.0045
Cameron_Diaz_0002.jpg,ok,0.0077
Cameron_Diaz_0003.jpg,ok,0.9179
Cameron_Diaz_0004.jpg,ok,0.1752
Cameron_Diaz_0005.jpg,ok,0.9013
Cameron_Diaz_0006.jpg,ok,0.7081
Camilla_Parker_Bowles_0001.jpg,ok,0.0012
Camilla_Parker_Bowles_0002.jpg,ok,0.4422
Camille_Colvin_0001.jpg,ok,0.1495
Camille_Lewis_0001.jpg,ok,0.0015
Camryn_Manheim_0001.jpg,ok,0.5225
Candace_Sutton_0001.jpg,ok,0.0439
Candice_Beatty_0001.jpg,ok,0.9865
Candice_Bergen_0001.jpg,ok,0.9904
Candice_Bergen_0002.jpg,ok,0.3453
Candice_Bergen_0003.jpg,ok,0.2173
Candie_Kung_0001.jpg,ok,0.1124
Candie_Kung_0002.jpg,ok,0.0304
Candie_Kung_0003.jpg,ok,0.9776
Candie_Kung_0004.jpg,ok,0.0574
Carey_Lowell_0001.jpg,ok,0.4976
Cari_Davis_0001.jpg,ok,0.4454
Carin_Koch_0001.jpg,ok,0.2562
Carina_Lau_Ka-ling_0001.jpg,ok,0.0943
Carl_Levin_0001.jpg,ok,0.1312
Carl_Pope_0001.jpg,ok,0.1312
Carl_Reiner_0001.jpg,ok,0.3896
Carl_Reiner_0002.jpg,ok,0.2692
Carla_Del_Ponte_0001.jpg,ok,0.0245
Carla_Del_Ponte_0002.jpg,ok,0.0905
Carla_Del_Ponte_0003.jpg,ok,0.5681
Carla_Del_Ponte_0004.jpg,ok,0.0084
Carla_Del_Ponte_0005.jpg,ok,0.9969
Carla_Gay_Balingit_0001.jpg,ok,0.0041
Carla_Gugino_0001.jpg,ok,0.0014
Carla_Moreno_0001.jpg,ok,0.2146
Carla_Myers_0001.jpg,ok,0.2199
Carla_Myers_0002.jpg,ok,0.0512
Carla_Sullivan_0001.jpg,ok,0.8310
Carla_Tricoli_0001.jpg,ok,0.9902
Carlo_Ancelotti_0001.jpg,ok,0.8941
Carlo_Ancelotti_0002.jpg,ok,0.3008
Carlo_Ancelotti_0003.jpg,ok,0.3948
Carlo_Azeglio_Ciampi_0001.jpg,ok,0.0287
Carlos_Alberto_0001.jpg,ok,0.0210
Carlos_Alberto_Parreira_0001.jpg,ok,0.6796
Carlos_Arroyo_0001.jpg,ok,0.1897
Carlos_Barra_0001.jpg,ok,0.0179
Carlos_Barragan_0001.jpg,ok,0.9192
Carlos_Beltran_0001.jpg,ok,0.3556
Carlos_Bianchi_0001.jpg,ok,0.4986
Carlos_Bianchi_0002.jpg,ok,0.9049
Carlos_De_Abreu_0001.jpg,ok,0.1013
Carlos_Fasciolo_0001.jpg,ok,0.8284
Carlos_Ghosn_0001.jpg,ok,0.1414
Carlos_Ghosn_0002.jpg,ok,0.0331
Carlos_Iturgaitz_0001.jpg,ok,0.3015
Carlos_Juarez_0001.jpg,ok,0.1558
Carlos_Lordkipanitse_0001.jpg,ok,0.0173
Carlos_Manuel_Pruneda_0001.jpg,ok,0.1749
Carlos_Manuel_Pruneda_0002.jpg,ok,0.7039
Carlos_Manuel_Pruneda_0003.jpg,ok,0.6373
Carlos_Menem_0001.jpg,ok,0.1566
Carlos_Menem_0002.jpg,ok,0.5251
Carlos_Menem_0003.jpg,ok,0.9768
Carlos_Menem_0004.jpg,ok,0.8836
Carlos_Menem_0005.jpg,ok,0.2761
Carlos_Menem_0006.jpg,ok,0.0068
Carlos_Menem_0007.jpg,ok,0.8536
Carlos_Menem_0008.jpg,ok,0.5482
Carlos_Menem_0009.jpg,ok,0.0626
Carlos_Menem_0010.jpg,ok,0.2207
Carlos_Menem_0011.jpg,ok,0.4800
Carlos_Menem_0012.jpg,ok,0.3816
Carlos_Menem_0013.jpg,ok,0.0530
Carlos_Menem_0014.jpg,ok,0.0909
Carlos_Menem_0015.jpg,ok,0.5918
Carlos_Menem_0016.jpg,ok,0.7135
Carlos_Menem_0017.jpg,ok,0.4560
Carlos_Menem_0018.jpg,ok,0.8929
Carlos_Menem_0019.jpg,ok,0.4075
Carlos_Menem_0020.jpg,ok,0.9935
Carlos_Menem_0021.jpg,ok,0.0443
Carlos_Mesa_0001.jpg,ok,0.0425
Carlos_Mesa_0002.jpg,ok,0.7070
Carlos_Moya_0001.jpg,ok,0.3512
Carlos_Moya_0002.jpg,ok,0.0992
Carlos_Moya_0003.jpg,ok,0.2600
Carlos_Moya_0004.jpg,ok,0.0163
Carlos_Moya_0005.jpg,ok,0.0495
Carlos_Moya_0006.jpg,ok,0.4763
Carlos_Moya_0007.jpg,ok,0.0090
Carlos_Moya_0008.jpg,ok,0.2522
Carlos_Moya_0009.jpg,ok,0.2510
Carlos_Moya_0010.jpg,ok,0.7306
Carlos_Moya_0011.jpg,ok,0.7146
Carlos_Moya_0012.jpg,ok,0.6067
Carlos_Moya_0013.jpg,ok,0.2515
Carlos_Moya_0014.jpg,ok,0.1277
Carlos_Moya_0015.jpg,ok,0.4230
Carlos_Moya_0016.jpg,ok,0.5626
Carlos_Moya_0017.jpg,ok,0.0145
Carlos_Moya_0018.jpg,ok,0.2136
Carlos_Moya_0019.jpg,ok,0.3490
Carlos_Ortega_0001.jpg,ok,0.6150
Carlos_Ortega_0002.jpg,ok,0.6658
Carlos_Ortega_0003.jpg,ok,0.0458
Carlos_Paternina_0001.jpg,ok,0.2120
Carlos_Queiroz_0001.jpg,ok,0.3034
Carlos_Quintanilla_Schmidt_0001.jpg,ok,0.1352
Carlos_Quintanilla_Schmidt_0002.jpg,ok,0.0271
Carlos_Ruckauf_0001.jpg,ok,0.2728
Carlos_Ruiz_0001.jpg,ok,0.0093
Carlos_Ruiz_0002.jpg,ok,0.0092
Carlos_Ruiz_0003.jpg,ok,0.4838
Carlos_Salinas_0001.jpg,ok,0.9919
Carlos_Savedra_0001.jpg,ok,0.5285
Carlos_Vives_0001.jpg,ok,0.2957
Carlos_Vives_0002.jpg,ok,0.0107
Carlos_Vives_0003.jpg,ok,0.1292
Carlos_Vives_0004.jpg,ok,0.0151
Carlton_Baugh_0001.jpg,ok,0.1992
Carlton_Dotson_0001.jpg,ok,0.9963
Carly_Fiorina_0001.jpg,ok,0.0767
Carly_Fiorina_0002.jpg,ok,0.1406
Carly_Fiorina_0003.jpg,ok,0.0762
Carly_Gullickson_0001.jpg,ok,0.3588
Carmen_Electra_0001.jpg,ok,0.1337
Carmen_Electra_0002.jpg,ok,0.1183
Carmen_Electra_0003.jpg,ok,0.0217
Carmen_Electra_0004.jpg,ok,0.4631
Carmen_Electra_0005.jpg,ok,0.3977
Carmen_Electra_0006.jpg,ok,0.9660
Carol_Burnett_0001.jpg,ok,0.0222
Carol_Burnett_0002.jpg,ok,0.1180
Carol_Carmody_0001.jpg,ok,0.5766
Carol_Moseley_Braun_0001.jpg,ok,0.4047
Carol_Moseley_Braun_0002.jpg,ok,0.3429
Carol_Niedermayer_0001.jpg,ok,0.1055
Carol_Williams_0001.jpg,ok,0.3395
Carolina_Barco_0001.jpg,ok,0.4341
Carolina_Kluft_0001.jpg,ok,0.1468
Carolina_Kluft_0002.jpg,ok,0.9556
Carolina_Kluft_0003.jpg,ok,0.8848
Carolina_Moraes_0001.jpg,ok,0.0740
Carolina_Moraes_0002.jpg,ok,0.5319
Caroline_Dhavernas_0001.jpg,ok,0.0141
Caroline_Kennedy_0001.jpg,ok,0.2462
Caroline_Kennedy_0002.jpg,ok,0.8953
Caroline_Kennedy_0003.jpg,ok,0.3111
Caroline_Link_0001.jpg,ok,0.8716
Carolyn_Dawn_Johnson_0001.jpg,ok,0.4771
Carolyn_Dawn_Johnson_0002.jpg,ok,0.6519
Carolyn_Dawn_Johnson_0003.jpg,ok,0.7052
Carolyn_Kuhl_0001.jpg,ok,0.6269
Carrie-Anne_Moss_0001.jpg,ok,0.1189
Carrie-Anne_Moss_0002.jpg,ok,0.0008
Carrie-Anne_Moss_0003.jpg,ok,0.1422
Carrie-Anne_Moss_0004.jpg,ok,0.0266
Carrie-Anne_Moss_0005.jpg,ok,0.1968
Carroll_Weimer_0001.jpg,ok,0.8359
Carson_Daly_0001.jpg,ok,0.7500
Carson_Daly_0002.jpg,ok,0.0092
Carson_Palmer_0001.jpg,ok,0.2486
Carson_Palmer_0002.jpg,ok,0.3441
Carson_Palmer_0003.jpg,ok,0.5899
Carson_Palmer_0004.jpg,ok,0.5548
Casey_Crowder_0001.jpg,ok,0.1987
Casey_Mears_0001.jpg,ok,0.8842
Cass_Ballenger_0001.jpg,ok,0.8233
Cassandra_Heise_0001.jpg,ok,0.9913
Casy_Preslar_0001.jpg,ok,0.0061
Cate_Blanchett_0001.jpg,ok,0.5775
Cate_Blanchett_0002.jpg,ok,0.1623
Cate_Blanchett_0003.jpg,ok,0.9582
Cate_Blanchett_0004.jpg,ok,0.4250
Catherine_Bell_0001.jpg,ok,0.0033
Catherine_Deneuve_0001.jpg,ok,0.2236
Catherine_Deneuve_0002.jpg,ok,0.8354
Catherine_Deneuve_0003.jpg,ok,0.9622
Catherine_Deneuve_0004.jpg,ok,0.9179
Catherine_Deneuve_0005.jpg,ok,0.9261
Catherine_Donkers_0001.jpg,ok,0.2459
Catherine_Ndereba_0001.jpg,ok,0.1989
Catherine_Woodard_0001.jpg,ok,0.0006
Catherine_Zeta-Jones_0001.jpg,ok,0.0009
Catherine_Zeta-Jones_0002.jpg,ok,0.1108
Catherine_Zeta-Jones_0003.jpg,ok,0.1681
Catherine_Zeta-Jones_0004.jpg,ok,0.1306
Catherine_Zeta-Jones_0005.jpg,ok,0.6247
Catherine_Zeta-Jones_0006.jpg,ok,0.4796
Catherine_Zeta-Jones_0007.jpg,ok,0.5730
Catherine_Zeta-Jones_0008.jpg,ok,0.8767
Catherine_Zeta-Jones_0009.jpg,ok,0.3361
Catherine_Zeta-Jones_0010.jpg,ok,0.5569
Catherine_Zeta-Jones_0011.jpg,ok,0.3026
Cathryn_Crawford_0001.jpg,ok,0.9789
Cathy_Chisholm_0001.jpg,ok,0.2484
Cathy_Cunningham_0001.jpg,ok,0.5603
Cathy_Freeman_0001.jpg,ok,0.0576
Cathy_Freeman_0002.jpg,ok,0.2462
Catriona_Le_May_Doan_0001.jpg,ok,0.6898
Cecile_de_France_0001.jpg,ok,0.4696
Cecilia_Bolocco_0001.jpg,ok,0.4628
Cecilia_Bolocco_0002.jpg,ok,0.9932
Cecilia_Bolocco_0003.jpg,ok,0.9960
Cecilia_Chang_0001.jpg,ok,0.1520
Cecilia_Cheung_0001.jpg,ok,0.9337
Cedric_Benson_0001.jpg,ok,0.9796
Celia_Cruz_0001.jpg,ok,0.0383
Celine_Dion_0001.jpg,ok,0.2240
Celine_Dion_0002.jpg,ok,0.0771
Celine_Dion_0003.jpg,ok,0.5597
Celine_Dion_0004.jpg,ok,0.5819
Celine_Dion_0005.jpg,ok,0.5180
Celine_Dion_0006.jpg,ok,0.0126
Celine_Dion_0007.jpg,ok,0.0630
Celine_Dion_0008.jpg,ok,0.3996
Celso_Amorim_0001.jpg,ok,0.0003
Celso_Amorim_0002.jpg,ok,0.1663
Celso_Lafer_0001.jpg,ok,0.7165
Cemil_Cicek_0001.jpg,ok,0.4979
Cesar_Gaviria_0001.jpg,ok,0.0230
Cesar_Gaviria_0002.jpg,ok,0.9902
Cesar_Gaviria_0003.jpg,ok,0.4357
Cesar_Gaviria_0004.jpg,ok,0.3085
Cesar_Gaviria_0005.jpg,ok,0.9166
Cesar_Gaviria_0006.jpg,ok,0.6663
Cesar_Gaviria_0007.jpg,ok,0.0800
Cesar_Gaviria_0008.jpg,ok,0.6176
Cesar_Maia_0001.jpg,ok,0.0571
Cesar_Maia_0002.jpg,ok,0.0231
Cha_Yung-gu_0001.jpg,ok,0.4779
Chadha_Gurinder_0001.jpg,ok,0.3921
Chakib_Khelil_0001.jpg,ok,0.0255
Chakib_Khelil_0002.jpg,ok,0.6352
Chan_Choi_0001.jpg,ok,0.0593
Chan_Gailey_0001.jpg,ok,0.3781
Chan_Gailey_0002.jpg,ok,0.6669
Chan_Gailey_0003.jpg,ok,0.4367
Chan_Ho_Park_0001.jpg,ok,0.7578
Chance_Mock_0001.jpg,ok,0.2803
Chanda_Rubin_0001.jpg,ok,0.0787
Chanda_Rubin_0002.jpg,ok,0.0048
Chanda_Rubin_0003.jpg,ok,0.2290
Chanda_Rubin_0004.jpg,ok,0.0681
Chanda_Rubin_0005.jpg,ok,0.0084
Chandrika_Kumaratunga_0001.jpg,ok,0.5738
Chang_Dae-whan_0001.jpg,ok,0.5857
Chang_Dae-whan_0002.jpg,ok,0.5675
Chang_Jae_On_0001.jpg,ok,0.0880
Chang_Saio-yue_0001.jpg,ok,0.0339
Chang_Sang_0001.jpg,ok,0.0475
Chang_Tso_0001.jpg,ok,0.3740
Chante_Jawan_Mallard_0001.jpg,ok,0.1207
Charla_Moye_0001.jpg,ok,0.0843
Charlene_Barshefsky_0001.jpg,ok,0.1516
Charles_Bell_0001.jpg,ok,0.0755
Charles_Bronson_0001.jpg,ok,0.6403
Charles_Bronson_0002.jpg,ok,0.0780
Charles_Bronson_0003.jpg,ok,0.1280
Charles_Chandler_IV_0001.jpg,ok,0.3622
Charles_Cope_0001.jpg,ok,0.8394
Charles_Grassley_0001.jpg,ok,0.7435
Charles_Grassley_0002.jpg,ok,0.0141
Charles_Holzner_0001.jpg,ok,0.8527
Charles_Ingram_0001.jpg,ok,0.7282
Charles_Kartman_0001.jpg,ok,0.5125
Charles_Kartman_0002.jpg,ok,0.0084
Charles_Lebois_0001.jpg,ok,0.0394
Charles_Mathews_0001.jpg,ok,0.9992
Charles_Mathews_0002.jpg,ok,0.2045
Charles_Moose_0001.jpg,ok,0.2795
Charles_Moose_0002.jpg,ok,0.0529
Charles_Moose_0003.jpg,ok,0.8350
Charles_Moose_0004.jpg,ok,0.0085
Charles_Moose_0005.jpg,ok,0.4772
Charles_Moose_0006.jpg,ok,0.9224
Charles_Moose_0007.jpg,ok,0.0336
Charles_Moose_0008.jpg,ok,0.5166
Charles_Moose_0009.jpg,ok,0.6245
Charles_Moose_0010.jpg,ok,0.1515
Charles_Moose_0011.jpg,ok,0.0147
Charles_Moose_0012.jpg,ok,0.8256
Charles_Moose_0013.jpg,ok,0.1824
Charles_Pickering_0001.jpg,ok,0.8984
Charles_Pouty_0001.jpg,ok,0.1431
Charles_Richardson_0001.jpg,ok,0.5087
Charles_Rogers_0001.jpg,ok,0.0276
Charles_Schumer_0001.jpg,ok,0.7750
Charles_Schumer_0002.jpg,ok,0.5327
Charles_Tannok_0001.jpg,ok,0.3046
Charles_Taylor_0001.jpg,ok,0.0185
Charles_Taylor_0002.jpg,ok,0.1312
Charles_Taylor_0003.jpg,ok,0.4080
Charles_Taylor_0004.jpg,ok,0.5549
Charles_Taylor_0005.jpg,ok,0.1239
Charles_Taylor_0006.jpg,ok,0.0873
Charles_Taylor_0007.jpg,ok,0.1242
Charles_Taylor_0008.jpg,ok,0.1302
Charles_Taylor_0009.jpg,ok,0.7466
Charley_Armey_0001.jpg,ok,0.0101
Charlie_Coles_0001.jpg,ok,0.4368
Charlie_Deane_0001.jpg,ok,0.3113
Charlie_Garner_0001.jpg,ok,0.0662
Charlie_Hunnam_0001.jpg,ok,0.0206
Charlie_Sheen_0001.jpg,ok,0.1373
Charlie_Williams_0001.jpg,ok,0.3451
Charlie_Zaa_0001.jpg,ok,0.5681
Charlie_Zaa_0002.jpg,ok,0.5057
Charlize_Theron_0001.jpg,ok,0.2775
Charlotte_Casiraghi_0001.jpg,ok,0.3721
Charlotte_Chambers_0001.jpg,ok,0.5737
Charlotte_Church_0001.jpg,ok,0.2677
Charlotte_Rampling_0001.jpg,ok,0.3673
Charlotte_Rampling_0002.jpg,ok,0.1044
Charlton_Heston_0001.jpg,ok,0.0112
Charlton_Heston_0002.jpg,ok,0.3881
Charlton_Heston_0003.jpg,ok,0.9562
Charlton_Heston_0004.jpg,ok,0.9925
Charlton_Heston_0005.jpg,ok,0.6615
Charlton_Heston_0006.jpg,ok,0.6418
Charmaine_Crooks_0001.jpg,ok,0.1767
Chawki_Armali_0001.jpg,ok,0.6208
Chea_Sophara_0001.jpg,ok,0.1444
Chelsea_Clinton_0001.jpg,ok,0.8786
Chen_Kaige_0001.jpg,ok,0.4218
Chen_Liang_Yu_0001.jpg,ok,0.0175
Chen_Liang_Yu_0002.jpg,ok,0.6417
Chen_Shui-bian_0001.jpg,ok,0.3538
Chen_Shui-bian_0002.jpg,ok,0.9265
Chen_Shui-bian_0003.jpg,ok,0.3923
Chen_Shui-bian_0004.jpg,ok,0.1531
Chen_Shui-bian_0005.jpg,ok,0.9923
Chen_Tsai-chin_0001.jpg,ok,0.6882
Cherie_Blair_0001.jpg,ok,0.0732
Cherie_Blair_0002.jpg,ok,0.0082
Cherie_Blair_0003.jpg,ok,0.0043
Cherie_Blair_0004.jpg,ok,0.4795
Cherry_Jones_0001.jpg,ok,0.1054
Cheryl_Ford_0001.jpg,ok,0.0490
Cheryl_Hines_0001.jpg,ok,0.5224
Cheryl_James_0001.jpg,ok,0.2680
Cheryl_Little_0001.jpg,ok,0.8017
Cheryl_Tiegs_0001.jpg,ok,0.8671
Chhouk_Rin_0001.jpg,ok,0.1065
Chick_Hearn_0001.jpg,ok,0.4538
Chick_Hearn_0002.jpg,ok,0.9380
Chick_Hearn_0003.jpg,ok,0.0364
Chin-Feng_Chen_0001.jpg,ok,0.2372
Chin-Hui_Tsao_0001.jpg,ok,0.0574
Chip_Burrus_0001.jpg,ok,0.9190
Chip_Ganassi_0001.jpg,ok,0.0023
Chip_Knight_0001.jpg,ok,0.4089
Chistian_Stahl_0001.jpg,ok,0.3984
Chita_Rivera_0001.jpg,ok,0.2625
Chita_Rivera_0002.jpg,ok,0.0641
Chloe_Sevigny_0001.jpg,ok,0.3647
Cho_Myung-kyun_0001.jpg,ok,0.0553
Choi_Sung-hong_0001.jpg,ok,0.3856
Choi_Sung-hong_0002.jpg,ok,0.4309
Choi_Sung-hong_0003.jpg,ok,0.6204
Choi_Sung-hong_0004.jpg,ok,0.8839
Choi_Sung-hong_0005.jpg,ok,0.6444
Choi_Yun-yong_0001.jpg,ok,0.1056
Chok_Tong_Goh_0001.jpg,ok,0.4417
Chok_Tong_Goh_0002.jpg,ok,0.4490
Chris_Andrews_0001.jpg,ok,0.2383
Chris_Bell_0001.jpg,ok,0.6410
Chris_Bell_0002.jpg,ok,0.7218
Chris_Byrd_0001.jpg,ok,0.2702
Chris_Byrd_0002.jpg,ok,0.4431
Chris_Cirino_0001.jpg,ok,0.9262
Chris_Claiborne_0001.jpg,ok,0.2254
Chris_Columbus_0001.jpg,ok,0.1511
Chris_Cookson_0001.jpg,ok,0.4019
Chris_Cooper_0001.jpg,ok,0.5691
Chris_Cooper_0002.jpg,ok,0.9769
Chris_Cornell_0001.jpg,ok,0.0141
Chris_Crocker_0001.jpg,ok,0.2112
Chris_Dodd_0001.jpg,ok,0.0460
Chris_Forsyth_0001.jpg,ok,0.0009
Chris_Gratton_0001.jpg,ok,0.6358
Chris_Hernandez_0001.jpg,ok,0.4177
Chris_Klein_0001.jpg,ok,0.7215
Chris_Kolanas_0001.jpg,ok,0.5245
Chris_Matthews_0001.jpg,ok,0.6729
Chris_Moore_0001.jpg,ok,0.6800
Chris_Neil_0001.jpg,ok,0.6392
Chris_Noth_0001.jpg,ok,0.1975
Chris_Penn_0001.jpg,ok,0.0472
Chris_Pronger_0001.jpg,ok,0.0330
Chris_Reitsma_0001.jpg,ok,0.4154
Chris_Rock_0001.jpg,ok,0.3470
Chris_Rock_0002.jpg,ok,0.3455
Chris_Simon_0001.jpg,ok,0.0594
Chris_Swecker_0001.jpg,ok,0.0438
Chris_Terry_0001.jpg,ok,0.1231
Chris_Thomas_0001.jpg,ok,0.3033
Chris_Tucker_0001.jpg,ok,0.0433
Chris_Tucker_0002.jpg,ok,0.0047
Chris_Whitney_0001.jpg,ok,0.0315
Christian_Bale_0001.jpg,ok,0.0042
Christian_Fittipaldi_0001.jpg,ok,0.0366
Christian_Fittipaldi_0002.jpg,ok,0.1404
Christian_Gimenez_0001.jpg,ok,0.5867
Christian_Lacroix_0001.jpg,ok,0.5390
Christian_Lirette_0001.jpg,ok,0.8423
Christian_Longo_0001.jpg,ok,0.7760
Christian_Longo_0002.jpg,ok,0.0011
Christian_Longo_0003.jpg,ok,0.6576
Christian_Malcolm_0001.jpg,ok,0.3905
Christian_Olsson_0001.jpg,ok,0.0162
Christian_Patino_0001.jpg,ok,0.6230
Christian_Von_Wernich_0001.jpg,ok,0.8430
Christian_Wulff_0001.jpg,ok,0.8481
Christian_Wulff_0002.jpg,ok,0.3007
Christiane_Wulff_0001.jpg,ok,0.0143
Christina_Aguilera_0001.jpg,ok,0.9686
Christina_Aguilera_0002.jpg,ok,0.0043
Christina_Aguilera_0003.jpg,ok,0.0449
Christina_Aguilera_0004.jpg,ok,0.9555
Christina_Sawaya_0001.jpg,ok,0.0419
Christine_Arron_0001.jpg,ok,0.0697
Christine_Baumgartner_0001.jpg,ok,0.6328
Christine_Baumgartner_0002.jpg,ok,0.9134
Christine_Baumgartner_0003.jpg,ok,0.0179
Christine_Baumgartner_0004.jpg,ok,0.6175
Christine_Baumgartner_0005.jpg,ok,0.0335
Christine_Ebersole_0001.jpg,ok,0.2657
Christine_Ebersole_0002.jpg,ok,0.4039
Christine_Gregoire_0001.jpg,ok,0.2721
Christine_Gregoire_0002.jpg,ok,0.0015
Christine_Gregoire_0003.jpg,ok,0.1738
Christine_Gregoire_0004.jpg,ok,0.3680
Christine_Rau_0001.jpg,ok,0.0204
Christine_Todd_Whitman_0001.jpg,ok,0.3319
Christine_Todd_Whitman_0002.jpg,ok,0.2836
Christine_Todd_Whitman_0003.jpg,ok,0.0769
Christine_Todd_Whitman_0004.jpg,ok,0.9295
Christine_Todd_Whitman_0005.jpg,ok,0.0376
Christine_Todd_Whitman_0006.jpg,ok,0.4182
Christoph_Daum_0001.jpg,ok,0.9759
Christopher_Amolsch_0001.jpg,ok,0.4073
Christopher_Conyers_0001.jpg,ok,0.0157
Christopher_Matero_0001.jpg,ok,0.7643
Christopher_Patten_0001.jpg,ok,0.8380
Christopher_Patten_0002.jpg,ok,0.0035
Christopher_Reeve_0001.jpg,ok,0.3083
Christopher_Reeve_0002.jpg,ok,0.9755
Christopher_Reeve_0003.jpg,ok,0.2566
Christopher_Reeve_0004.jpg,ok,0.4451
Christopher_Russell_0001.jpg,ok,0.7710
Christopher_Speer_0001.jpg,ok,0.0387
Christopher_Walken_0001.jpg,ok,0.9167
Christopher_Walken_0002.jpg,ok,0.8140
Christopher_Walken_0003.jpg,ok,0.6227
Christopher_Walken_0004.jpg,ok,0.7886
Christopher_Whittle_0001.jpg,ok,0.0148
Christy_Ferer_0001.jpg,ok,0.4783
Christy_Turlington_0001.jpg,ok,0.3248
Chuanyun_Li_0001.jpg,ok,0.2661
Chuck_Amato_0001.jpg,ok,0.2552
Chuck_Amato_0002.jpg,ok,0.3279
Chuck_Bednarik_0001.jpg,ok,0.2468
Chuck_Eidson_0001.jpg,ok,0.0983
Chuck_Finley_0001.jpg,ok,0.2190
Chuck_Hagel_0001.jpg,ok,0.6231
Chuck_Woolery_0001.jpg,ok,0.1195
Chuck_Yeager_0001.jpg,ok,0.3592
Chuck_Yeager_0002.jpg,ok,0.6941
Chung_Mong-hun_0001.jpg,ok,0.6314
Chung_Mong-hun_0002.jpg,ok,0.4862
Chung_Mong-joon_0001.jpg,ok,0.2786
Chung_Mong-joon_0002.jpg,ok,0.4207
Chyung_Dai-chul_0001.jpg,ok,0.3302
Ciaran_Hinds_0001.jpg,ok,0.3568
Cindy_Crawford_0001.jpg,ok,0.0742
Cindy_Crawford_0002.jpg,ok,0.3167
Cindy_Crawford_0003.jpg,ok,0.2989
Cindy_Klassen_0001.jpg,ok,0.2926
Cindy_Margolis_0001.jpg,ok,0.4004
Cindy_Margolis_0002.jpg,ok,0.4334
Cindy_Moll_0001.jpg,ok,0.0022
Cindy_Taylor_0001.jpg,ok,0.6648
Cindy_Zagorski_0001.jpg,ok,0.9666
Ciro_Gomes_0001.jpg,ok,0.0203
Ciro_Gomes_0002.jpg,ok,0.6372
Ciro_Gomes_0003.jpg,ok,0.1166
Ciro_Gomes_0004.jpg,ok,0.0221
Ciro_Gomes_0005.jpg,ok,0.0082
Claire_Danes_0001.jpg,ok,0.3959
Claire_Danes_0002.jpg,ok,0.0667
Claire_Danes_0003.jpg,ok,0.7567
Claire_De_Gryse_0001.jpg,ok,0.3942
Claire_Hentzen_0001.jpg,ok,0.4038
Claire_Hentzen_0002.jpg,ok,0.3812
Claire_Leger_0001.jpg,ok,0.1853
Claire_Leger_0002.jpg,ok,0.4905
Claire_Tomalin_0001.jpg,ok,0.1500
Clara_Harris_0001.jpg,ok,0.1452
Clara_Harris_0002.jpg,ok,0.3852
Clara_Harris_0003.jpg,ok,0.1673
Clara_Harris_0004.jpg,ok,0.1820
Clara_Harris_0005.jpg,ok,0.2623
Clare_Latimer_0001.jpg,ok,0.3486
Clare_Short_0001.jpg,ok,0.4100
Clare_Short_0002.jpg,ok,0.0633
Clare_Short_0003.jpg,ok,0.0097
Clare_Short_0004.jpg,ok,0.3252
Clark_Randt_0001.jpg,ok,0.7533
Claude_Jorda_0001.jpg,ok,0.0793
Claudette_Robinson_0001.jpg,ok,0.4970
Claudia_Cardinale_0001.jpg,ok,0.9427
Claudia_Coslovich_0001.jpg,ok,0.5602
Claudia_Pechstein_0001.jpg,ok,0.4466
Claudia_Pechstein_0002.jpg,ok,0.2254
Claudia_Pechstein_0003.jpg,ok,0.3836
Claudia_Pechstein_0004.jpg,ok,0.0856
Claudia_Pechstein_0005.jpg,ok,0.4607
Claudia_Schiffer_0001.jpg,ok,0.9732
Claudia_Schiffer_0002.jpg,ok,0.9949
Claudia_Schiffer_0003.jpg,ok,0.9863
Claudine_Farrell_0001.jpg,ok,0.4816
Claudio_Abbado_0001.jpg,ok,0.1767
Claudio_Lopez_0001.jpg,ok,0.4269
Claudio_Ranieri_0001.jpg,ok,0.2330
Clay_Aiken_0001.jpg,ok,0.0007
Clay_Aiken_0002.jpg,ok,0.4236
Clay_Aiken_0003.jpg,ok,0.0254
Clay_Aiken_0004.jpg,ok,0.5568
Clay_Aiken_0005.jpg,ok,0.2646
Clay_Aiken_0006.jpg,ok,0.0568
Clay_Campbell_0001.jpg,ok,0.3935
Clemente_de_la_Vega_0001.jpg,ok,0.1867
Cliff_Ellis_0001.jpg,ok,0.0116
Clifford_Etienne_0001.jpg,ok,0.6212
Clifford_Robinson_0001.jpg,ok,0.5859
Clint_Eastwood_0001.jpg,ok,0.7953
Clint_Eastwood_0002.jpg,ok,0.6945
Clint_Eastwood_0003.jpg,ok,0.3679
Clint_Eastwood_0004.jpg,ok,0.3884
Clint_Eastwood_0005.jpg,ok,0.6206
Clint_Eastwood_0006.jpg,ok,0.6333
Clint_Howard_0001.jpg,ok,0.1818
Clint_Lamebear_0001.jpg,ok,0.9518
Clive_Lloyd_0001.jpg,ok,0.5869
Clive_Woodward_0001.jpg,ok,0.9208
Coco_dEste_0001.jpg,ok,0.2125
Cole_Chapman_0001.jpg,ok,0.4661
Coleen_Rowley_0001.jpg,ok,0.3171
Colin_Campbell_0001.jpg,ok,0.0351
Colin_Cowie_0001.jpg,ok,0.7893
Colin_Farrell_0001.jpg,ok,0.8860
Colin_Farrell_0002.jpg,ok,0.0179
Colin_Farrell_0003.jpg,ok,0.1437
Colin_Farrell_0004.jpg,ok,0.0463
Colin_Farrell_0005.jpg,ok,0.0238
Colin_Farrell_0006.jpg,ok,0.0853
Colin_Farrell_0007.jpg,ok,0.4361
Colin_Farrell_0008.jpg,ok,0.9941
Colin_Farrell_0009.jpg,ok,0.0217
Colin_Jackson_0001.jpg,ok,0.0074
Colin_Jackson_0002.jpg,ok,0.0448
Colin_Montgomerie_0001.jpg,ok,0.8669
Colin_Montgomerie_0002.jpg,ok,0.9418
Colin_Montgomerie_0003.jpg,ok,0.8704
Colin_Montgomerie_0004.jpg,ok,0.5611
Colin_Montgomerie_0005.jpg,ok,0.9575
Colin_Phillips_0001.jpg,ok,0.0272
Colin_Powell_0001.jpg,ok,0.6021
Colin_Powell_0002.jpg,ok,0.0952
Colin_Powell_0003.jpg,ok,0.1474
Colin_Powell_0004.jpg,ok,0.4963
Colin_Powell_0005.jpg,ok,0.0843
Colin_Powell_0006.jpg,ok,0.9250
Colin_Powell_0007.jpg,ok,0.7855
Colin_Powell_0008.jpg,ok,0.4910
Colin_Powell_0009.jpg,ok,0.4153
Colin_Powell_0010.jpg,ok,0.6958
Colin_Powell_0011.jpg,ok,0.9920
Colin_Powell_0012.jpg,ok,0.6786
Colin_Powell_0013.jpg,ok,0.4304
Colin_Powell_0014.jpg,ok,0.9652
Colin_Powell_0015.jpg,ok,0.3709
Colin_Powell_0016.jpg,ok,0.0120
Colin_Powell_0017.jpg,ok,0.5510
Colin_Powell_0018.jpg,ok,0.2452
Colin_Powell_0019.jpg,ok,0.0240
Colin_Powell_0020.jpg,ok,0.6567
Colin_Powell_0021.jpg,ok,0.4283
Colin_Powell_0022.jpg,ok,0.1555
Colin_Powell_0023.jpg,ok,0.1155
Colin_Powell_0024.jpg,ok,0.6709
Colin_Powell_0025.jpg,ok,0.0612
Colin_Powell_0026.jpg,ok,0.1755
Colin_Powell_0027.jpg,ok,0.0820
Colin_Powell_0028.jpg,ok,0.5966
Colin_Powell_0029.jpg,ok,0.3354
Colin_Powell_0030.jpg,ok,0.1880
Colin_Powell_0031.jpg,ok,0.3829
Colin_Powell_0032.jpg,ok,0.1362
Colin_Powell_0033.jpg,ok,0.4795
Colin_Powell_0034.jpg,ok,0.7681
Colin_Powell_0035.jpg,ok,0.9845
Colin_Powell_0036.jpg,ok,0.9794
Colin_Powell_0037.jpg,ok,0.1291
Colin_Powell_0038.jpg,ok,0.9387
Colin_Powell_0039.jpg,ok,0.5823
Colin_Powell_0040.jpg,ok,0.7249
Colin_Powell_0041.jpg,ok,0.3696
Colin_Powell_0042.jpg,ok,0.7918
Colin_Powell_0043.jpg,ok,0.8888
Colin_Powell_0044.jpg,ok,0.6508
Colin_Powell_0045.jpg,ok,0.2458
Colin_Powell_0046.jpg,ok,0.0331
Colin_Powell_0047.jpg,ok,0.8296
Colin_Powell_0048.jpg,ok,0.2923
Colin_Powell_0049.jpg,ok,0.6479
Colin_Powell_0050.jpg,ok,0.7968
Colin_Powell_0051.jpg,ok,0.5497
Colin_Powell_0052.jpg,ok,0.7845
Colin_Powell_0053.jpg,ok,0.2676
Colin_Powell_0054.jpg,ok,0.6991
Colin_Powell_0055.jpg,ok,0.0536
Colin_Powell_0056.jpg,ok,0.6190
Colin_Powell_0057.jpg,ok,0.2320
Colin_Powell_0058.jpg,ok,0.8524
Colin_Powell_0059.jpg,ok,0.5919
Colin_Powell_0060.jpg,ok,0.2976
Colin_Powell_0061.jpg,ok,0.7187
Colin_Powell_0062.jpg,ok,0.9523
Colin_Powell_0063.jpg,ok,0.9872
Colin_Powell_0064.jpg,ok,0.0464
Colin_Powell_0065.jpg,ok,0.6865
Colin_Powell_0066.jpg,ok,0.8774
Colin_Powell_0067.jpg,ok,0.0754
Colin_Powell_0068.jpg,ok,0.8441
Colin_Powell_0069.jpg,ok,0.0344
Colin_Powell_0070.jpg,ok,0.8303
Colin_Powell_0071.jpg,ok,0.8337
Colin_Powell_0072.jpg,ok,0.5168
Colin_Powell_0073.jpg,ok,0.7777
Colin_Powell_0074.jpg,ok,0.0007
Colin_Powell_0075.jpg,ok,0.8330
Colin_Powell_0076.jpg,ok,0.9491
Colin_Powell_0077.jpg,ok,0.5778
Colin_Powell_0078.jpg,ok,0.3068
Colin_Powell_0079.jpg,ok,0.5201
Colin_Powell_0080.jpg,ok,0.5774
Colin_Powell_0081.jpg,ok,0.1459
Colin_Powell_0082.jpg,ok,0.0448
Colin_Powell_0083.jpg,ok,0.6237
Colin_Powell_0084.jpg,ok,0.9461
Colin_Powell_0085.jpg,ok,0.0631
Colin_Powell_0086.jpg,ok,0.7071
Colin_Powell_0087.jpg,ok,0.0168
Colin_Powell_0088.jpg,ok,0.9040
Colin_Powell_0089.jpg,ok,0.3049
Colin_Powell_0090.jpg,ok,0.8017
Colin_Powell_0091.jpg,ok,0.7144
Colin_Powell_0092.jpg,ok,0.6386
Colin_Powell_0093.jpg,ok,0.5069
Colin_Powell_0094.jpg,ok,0.0104
Colin_Powell_0095.jpg,ok,0.2480
Colin_Powell_0096.jpg,ok,0.3567
Colin_Powell_0097.jpg,ok,0.0276
Colin_Powell_0098.jpg,ok,0.6559
Colin_Powell_0099.jpg,ok,0.3859
Colin_Powell_0100.jpg,ok,0.2305
Colin_Powell_0101.jpg,ok,0.4762
Colin_Powell_0102.jpg,ok,0.6847
Colin_Powell_0103.jpg,ok,0.3048
Colin_Powell_0104.jpg,ok,0.3169
Colin_Powell_0105.jpg,ok,0.0207
Colin_Powell_0106.jpg,ok,0.2591
Colin_Powell_0107.jpg,ok,0.7185
Colin_Powell_0108.jpg,ok,0.7953
Colin_Powell_0109.jpg,ok,0.4295
Colin_Powell_0110.jpg,ok,0.1908
Colin_Powell_0111.jpg,ok,0.2995
Colin_Powell_0112.jpg,ok,0.1364
Colin_Powell_0113.jpg,ok,0.5126
Colin_Powell_0114.jpg,ok,0.3042
Colin_Powell_0115.jpg,ok,0.3419
Colin_Powell_0116.jpg,ok,0.5667
Colin_Powell_0117.jpg,ok,0.5544
Colin_Powell_0118.jpg,ok,0.3182
Colin_Powell_0119.jpg,ok,0.4210
Colin_Powell_0120.jpg,ok,0.0329
Colin_Powell_0121.jpg,ok,0.7158
Colin_Powell_0122.jpg,ok,0.3218
Colin_Powell_0123.jpg,ok,0.5321
Colin_Powell_0124.jpg,ok,0.5991
Colin_Powell_0125.jpg,ok,0.0394
Colin_Powell_0126.jpg,ok,0.0072
Colin_Powell_0127.jpg,ok,0.0626
Colin_Powell_0128.jpg,ok,0.2425
Colin_Powell_0129.jpg,ok,0.3901
Colin_Powell_0130.jpg,ok,0.8863
Colin_Powell_0131.jpg,ok,0.0051
Colin_Powell_0132.jpg,ok,0.0784
Colin_Powell_0133.jpg,ok,0.0939
Colin_Powell_0134.jpg,ok,0.0802
Colin_Powell_0135.jpg,ok,0.5149
Colin_Powell_0136.jpg,ok,0.3999
Colin_Powell_0137.jpg,ok,0.6720
Colin_Powell_0138.jpg,ok,0.5645
Colin_Powell_0139.jpg,ok,0.0851
Colin_Powell_0140.jpg,ok,0.5469
Colin_Powell_0141.jpg,ok,0.2129
Colin_Powell_0142.jpg,ok,0.2184
Colin_Powell_0143.jpg,ok,0.3903
Colin_Powell_0144.jpg,ok,0.4017
Colin_Powell_0145.jpg,ok,0.7702
Colin_Powell_0146.jpg,ok,0.5531
Colin_Powell_0147.jpg,ok,0.7875
Colin_Powell_0148.jpg,ok,0.6795
Colin_Powell_0149.jpg,ok,0.6059
Colin_Powell_0150.jpg,ok,0.0115
Colin_Powell_0151.jpg,ok,0.3703
Colin_Powell_0152.jpg,ok,0.0129
Colin_Powell_0153.jpg,ok,0.0569
Colin_Powell_0154.jpg,ok,0.0207
Colin_Powell_0155.jpg,ok,0.2482
Colin_Powell_0156.jpg,ok,0.7170
Colin_Powell_0157.jpg,ok,0.2438
Colin_Powell_0158.jpg,ok,0.2441
Colin_Powell_0159.jpg,ok,0.2512
Colin_Powell_0160.jpg,ok,0.9334
Colin_Powell_0161.jpg,ok,0.8095
Colin_Powell_0162.jpg,ok,0.3400
Colin_Powell_0163.jpg,ok,0.8647
Colin_Powell_0164.jpg,ok,0.3977
Colin_Powell_0165.jpg,ok,0.0020
Colin_Powell_0166.jpg,ok,0.5149
Colin_Powell_0167.jpg,ok,0.7809
Colin_Powell_0168.jpg,ok,0.7484
Colin_Powell_0169.jpg,ok,0.0091
Colin_Powell_0170.jpg,ok,0.8972
Colin_Powell_0171.jpg,ok,0.5821
Colin_Powell_0172.jpg,ok,0.0094
Colin_Powell_0173.jpg,ok,0.9493
Colin_Powell_0174.jpg,ok,0.9942
Colin_Powell_0175.jpg,ok,0.9589
Colin_Powell_0176.jpg,ok,0.8917
Colin_Powell_0177.jpg,ok,0.0072
Colin_Powell_0178.jpg,ok,0.0033
Colin_Powell_0179.jpg,ok,0.2224
Colin_Powell_0180.jpg,ok,0.0110
Colin_Powell_0181.jpg,ok,0.1318
Colin_Powell_0182.jpg,ok,0.0032
Colin_Powell_0183.jpg,ok,0.5577
Colin_Powell_0184.jpg,ok,0.9480
Colin_Powell_0185.jpg,ok,0.7103
Colin_Powell_0186.jpg,ok,0.2271
Colin_Powell_0187.jpg,ok,0.6768
Colin_Powell_0188.jpg,ok,0.4197
Colin_Powell_0189.jpg,ok,0.6256
Colin_Powell_0190.jpg,ok,0.0019
Colin_Powell_0191.jpg,ok,0.2806
Colin_Powell_0192.jpg,ok,0.1553
Colin_Powell_0193.jpg,ok,0.4771
Colin_Powell_0194.jpg,ok,0.0012
Colin_Powell_0195.jpg,ok,0.4164
Colin_Powell_0196.jpg,ok,0.0088
Colin_Powell_0197.jpg,ok,0.0875
Colin_Powell_0198.jpg,ok,0.0154
Colin_Powell_0199.jpg,ok,0.2596
Colin_Powell_0200.jpg,ok,0.0002
Colin_Powell_0201.jpg,ok,0.9461
Colin_Powell_0202.jpg,ok,0.7499
Colin_Powell_0203.jpg,ok,0.0034
Colin_Powell_0204.jpg,ok,0.6789
Colin_Powell_0205.jpg,ok,0.0041
Colin_Powell_0206.jpg,ok,0.3724
Colin_Powell_0207.jpg,ok,0.7192
Colin_Powell_0208.jpg,ok,0.1160
Colin_Powell_0209.jpg,ok,0.2502
Colin_Powell_0210.jpg,ok,0.5588
Colin_Powell_0211.jpg,ok,0.0352
Colin_Powell_0212.jpg,ok,0.0057
Colin_Powell_0213.jpg,ok,0.0280
Colin_Powell_0214.jpg,ok,0.9104
Colin_Powell_0215.jpg,ok,0.8422
Colin_Powell_0216.jpg,ok,0.4868
Colin_Powell_0217.jpg,ok,0.5498
Colin_Powell_0218.jpg,ok,0.6456
Colin_Powell_0219.jpg,ok,0.5266
Colin_Powell_0220.jpg,ok,0.4344
Colin_Powell_0221.jpg,ok,0.5986
Colin_Powell_0222.jpg,ok,0.0014
Colin_Powell_0223.jpg,ok,0.4260
Colin_Powell_0224.jpg,ok,0.9527
Colin_Powell_0225.jpg,ok,0.2441
Colin_Powell_0226.jpg,ok,0.0024
Colin_Powell_0227.jpg,ok,0.5337
Colin_Powell_0228.jpg,ok,0.9773
Colin_Powell_0229.jpg,ok,0.5660
Colin_Powell_0230.jpg,ok,0.6194
Colin_Powell_0231.jpg,ok,0.5628
Colin_Powell_0232.jpg,ok,0.3199
Colin_Powell_0233.jpg,ok,0.2966
Colin_Powell_0234.jpg,ok,0.7667
Colin_Powell_0235.jpg,ok,0.4544
Colin_Powell_0236.jpg,ok,0.0994
Colin_Prescot_0001.jpg,ok,0.4685
Colleen_Atwood_0001.jpg,ok,0.5463
Colleen_Donovan_0001.jpg,ok,0.1460
Colleen_Jones_0001.jpg,ok,0.5097
Colleen_OClair_0001.jpg,ok,0.3930
Colleen_Ryan_0001.jpg,ok,0.3994
Collis_Temple_III_0001.jpg,ok,0.0939
Columba_Bush_0001.jpg,ok,0.3746
Compay_Segundo_0001.jpg,ok,0.4807
Conan_OBrien_0001.jpg,ok,0.0038
Conan_OBrien_0002.jpg,ok,0.0688
Conan_OBrien_0003.jpg,ok,0.5150
Conan_OBrien_0004.jpg,ok,0.0287
Conchita_Martinez_0001.jpg,ok,0.4715
Conchita_Martinez_0002.jpg,ok,0.0523
Conchita_Martinez_0003.jpg,ok,0.0568
Condoleezza_Rice_0001.jpg,ok,0.2808
Condoleezza_Rice_0002.jpg,ok,0.1685
Condoleezza_Rice_0003.jpg,ok,0.1539
Condoleezza_Rice_0004.jpg,ok,0.4339
Condoleezza_Rice_0005.jpg,ok,0.4936
Condoleezza_Rice_0006.jpg,ok,0.8107
Condoleezza_Rice_0007.jpg,ok,0.4121
Condoleezza_Rice_0008.jpg,ok,0.3276
Condoleezza_Rice_0009.jpg,ok,0.5682
Condoleezza_Rice_0010.jpg,ok,0.1041
Condoleezza_Rice_0011.jpg,ok,0.2126
Connie_Chung_0001.jpg,ok,0.0154
Connie_Freydell_0001.jpg,ok,0.0343
Conrad_Black_0001.jpg,ok,0.6463
Constance_Marie_0001.jpg,ok,0.0339
Constance_Marie_0002.jpg,ok,0.0723
Constance_Marie_0003.jpg,ok,0.3990
Cora_Cambell_0001.jpg,ok,0.8531
Coretta_Scott_King_0001.jpg,ok,0.2045
Coretta_Scott_King_0002.jpg,ok,0.0102
Coretta_Scott_King_0003.jpg,ok,0.0138
Corey_Maggette_0001.jpg,ok,0.1849
Cori_Enghusen_0001.jpg,ok,0.3509
Corinna_Harfouch_0001.jpg,ok,0.9238
Corinne_Coman_0001.jpg,ok,0.0826
Corinne_Coman_0002.jpg,ok,0.1851
Corliss_Williamson_0001.jpg,ok,0.2536
Cosmo_Iacavazzi_0001.jpg,ok,0.2636
Costas_Simitis_0001.jpg,ok,0.2858
Costas_Simitis_0002.jpg,ok,0.8112
Costas_Simitis_0003.jpg,ok,0.4678
Costas_Simitis_0004.jpg,ok,0.0095
Costas_Simitis_0005.jpg,ok,0.9418
Costas_Simitis_0006.jpg,ok,0.8628
Courtney_Cox_0001.jpg,ok,0.1104
Courtney_Love_0001.jpg,ok,0.9915
Courtney_Love_0002.jpg,ok,0.3859
Craig_Burley_0001.jpg,ok,0.7464
Craig_David_0001.jpg,ok,0.2741
Craig_Doblin_0001.jpg,ok,0.7002
Craig_Fitzgibbon_0001.jpg,ok,0.0189
Craig_MacTavish_0001.jpg,ok,0.0512
Craig_Morgan_0001.jpg,ok,0.0177
Craig_OClair_0001.jpg,ok,0.6349
Craig_Wilson_0001.jpg,ok,0.5740
Crandall_Bowles_0001.jpg,ok,0.9008
Crispin_Glover_0001.jpg,ok,0.0806
Cristian_Barros_0001.jpg,ok,0.0901
Cristiano_da_Matta_0001.jpg,ok,0.1330
Cristina_Fernandez_0001.jpg,ok,0.5468
Cristina_Fernandez_0002.jpg,ok,0.0101
Cristina_Kirchner_0001.jpg,ok,0.0244
Cristina_Saralegui_0001.jpg,ok,0.0257
Cristina_Saralegui_0002.jpg,ok,0.9602
Cristina_Torrens_Valero_0001.jpg,ok,0.1616
Cruz_Bustamante_0001.jpg,ok,0.1702
Cruz_Bustamante_0002.jpg,ok,0.8501
Cruz_Bustamante_0003.jpg,ok,0.5533
Cruz_Bustamante_0004.jpg,ok,0.0122
Cruz_Bustamante_0005.jpg,ok,0.0041
Cuba_Gooding_Jr_0001.jpg,ok,0.0909
Curt_Weldon_0001.jpg,ok,0.7371
Curtis_Joseph_0001.jpg,ok,0.0660
Curtis_Rodriguez_0001.jpg,ok,0.1461
Curtis_Strange_0001.jpg,ok,0.9651
Cyndi_Thompson_0001.jpg,ok,0.0142
Cyndi_Thompson_0002.jpg,ok,0.5717
Cynthia_Nixon_0001.jpg,ok,0.5920
Cynthia_Rowley_0001.jpg,ok,0.0045
DAngelo_Jimenez_0001.jpg,ok,0.8952
Dagmar_Dunlevy_0001.jpg,ok,0.8278
Dai_Bachtiar_0001.jpg,ok,0.2988
Dai_Bachtiar_0002.jpg,ok,0.0203
Dai_Chul_Chyung_0001.jpg,ok,0.9160
Daisy_Fuentes_0001.jpg,ok,0.1123
Daisy_Fuentes_0002.jpg,ok,0.8000
Daisy_Fuentes_0003.jpg,ok,0.0839
Daisy_Fuentes_0004.jpg,ok,0.5211
Daja_Bedanova_0001.jpg,ok,0.7312
Dalai_Lama_0001.jpg,ok,0.8165
Dalai_Lama_0002.jpg,ok,0.9022
Dale_Bosworth_0001.jpg,ok,0.8817
Dale_Earnhardt_0001.jpg,ok,0.4470
Dale_Earnhardt_Jr_0001.jpg,ok,0.9729
Dale_Earnhardt_Jr_0002.jpg,ok,0.6367
Dale_Earnhardt_Jr_0003.jpg,ok,0.3795
Dale_Earnhardt_Jr_0004.jpg,ok,0.4378
Dalia_Rabin-Pelosoff_0001.jpg,ok,0.0204
Damarius_Bilbo_0001.jpg,ok,0.1033
Damon_Dash_0001.jpg,ok,0.3006
Damon_Stoudamire_0001.jpg,ok,0.9020
Damon_van_Dam_0001.jpg,ok,0.7982
Damon_van_Dam_0002.jpg,ok,0.2337
Dan_Ackroyd_0001.jpg,ok,0.9859
Dan_Bartlett_0001.jpg,ok,0.0082
Dan_Boyle_0001.jpg,ok,0.0009
Dan_Bylsma_0001.jpg,ok,0.7738
Dan_Dickau_0001.jpg,ok,0.3423
Dan_Duquette_0001.jpg,ok,0.3253
Dan_Guerrero_0001.jpg,ok,0.4494
Dan_Kellner_0001.jpg,ok,0.2020
Dan_LaCoutre_0001.jpg,ok,0.2006
Dan_Monson_0001.jpg,ok,0.7984
Dan_Morales_0001.jpg,ok,0.0866
Dan_Morales_0002.jpg,ok,0.1129
Dan_Morales_0003.jpg,ok,0.0039
Dan_Prinster_0001.jpg,ok,0.3496
Dan_Quayle_0001.jpg,ok,0.7700
Dan_Reeves_0001.jpg,ok,0.1046
Dan_Snyder_0001.jpg,ok,0.0336
Dan_Wheldon_0001.jpg,ok,0.2445
Dan_Wheldon_0002.jpg,ok,0.2499
Dana_Vollmer_0001.jpg,ok,0.9940
Daniel_Barenboim_0001.jpg,ok,0.9466
Daniel_Bruehl_0001.jpg,ok,0.1565
Daniel_Chin_0001.jpg,ok,0.4157
Daniel_Coats_0001.jpg,ok,0.1951
Daniel_Comisso_Urdaneta_0001.jpg,ok,0.0690
Daniel_Darnell_0001.jpg,ok,0.0674
Daniel_Day-Lewis_0001.jpg,ok,0.8791
Daniel_Day-Lewis_0002.jpg,ok,0.4871
Daniel_Day-Lewis_0003.jpg,ok,0.5556
Daniel_Kurtzer_0001.jpg,ok,0.8905
Daniel_Montenegro_0001.jpg,ok,0.6087
Daniel_Montgomery_0001.jpg,ok,0.7267
Daniel_Ortega_0001.jpg,ok,0.0046
Daniel_Osorno_0001.jpg,ok,0.5962
Daniel_Patrick_Moynihan_0001.jpg,ok,0.2322
Daniel_Pearl_0001.jpg,ok,0.4397
Daniel_Radcliffe_0001.jpg,ok,0.0795
Daniel_Radcliffe_0002.jpg,ok,0.0115
Daniel_Radcliffe_0003.jpg,ok,0.0020
Daniel_Radcliffe_0004.jpg,ok,0.0059
Daniel_Rouse_0001.jpg,ok,0.0337
Daniel_Scioli_0001.jpg,ok,0.0005
Daniel_Zelman_0001.jpg,ok,0.8381
Daniela_Cicarelli_0001.jpg,ok,0.0307
Daniela_Hantuchova_0001.jpg,ok,0.3633
Daniela_Hantuchova_0002.jpg,ok,0.3906
Daniele_Bergamin_0001.jpg,ok,0.5720
Daniele_Hypolito_0001.jpg,ok,0.0524
Daniele_Nardello_0001.jpg,ok,0.5054
Daniell_Sunjata_0001.jpg,ok,0.5890
Danielle_Spencer_0001.jpg,ok,0.1375
Danis_Tanovic_0001.jpg,ok,0.0327
Danny_Ainge_0001.jpg,ok,0.2349
Danny_Avalon_0001.jpg,ok,0.1188
Danny_Elfman_0001.jpg,ok,0.5650
Danny_Glover_0001.jpg,ok,0.1592
Danny_Green_0001.jpg,ok,0.4024
Danny_Morgan_0001.jpg,ok,0.0005
Dany_Heatley_0001.jpg,ok,0.6679
Darcy_Regier_0001.jpg,ok,0.5307
Darin_Erstad_0001.jpg,ok,0.2137
Dario_Camuffo_0001.jpg,ok,0.6153
Dario_Franchitti_0001.jpg,ok,0.6015
Dariusz_Michalczewski_0001.jpg,ok,0.1897
Darko_Milicic_0001.jpg,ok,0.3804
Darla_Moore_0001.jpg,ok,0.4702
Darlene_Garrettson_0001.jpg,ok,0.3657
Darrell_Dickey_0001.jpg,ok,0.1832
Darrell_Issa_0001.jpg,ok,0.7448
Darrell_Issa_0002.jpg,ok,0.7153
Darrell_Porter_0001.jpg,ok,0.0725
Darrell_Porter_0002.jpg,ok,0.9963
Darrell_Royal_0001.jpg,ok,0.9383
Darren_Campel_0001.jpg,ok,0.4362
Darren_Clarke_0001.jpg,ok,0.6332
Darren_Clarke_0002.jpg,ok,0.5531
Darryl_McDaniels_0001.jpg,ok,0.4595
Darryl_Stingley_0001.jpg,ok,0.9904
Darvis_Patton_0001.jpg,ok,0.0227
Daryl_Hannah_0001.jpg,ok,0.0689
Daryl_Hannah_0002.jpg,ok,0.1109
Daryl_Jones_0001.jpg,ok,0.1473
Daryl_Parks_0001.jpg,ok,0.8197
Daryl_Sabara_0001.jpg,ok,0.2849
Daryl_Smith_0001.jpg,ok,0.8827
Dave_Barr_0001.jpg,ok,0.1145
Dave_Campo_0001.jpg,ok,0.0090
Dave_Campo_0002.jpg,ok,0.2612
Dave_Campo_0003.jpg,ok,0.6916
Dave_Johnson_0001.jpg,ok,0.5485
Dave_Lewis_0001.jpg,ok,0.2185
Dave_Matthews_0001.jpg,ok,0.0070
Dave_McGinnis_0001.jpg,ok,0.1416
Dave_McNally_0001.jpg,ok,0.9960
Dave_McNealey_0001.jpg,ok,0.5298
Dave_Odom_0001.jpg,ok,0.2184
Dave_Potter_0001.jpg,ok,0.6037
Dave_Ragone_0001.jpg,ok,0.9983
Dave_Robertson_0001.jpg,ok,0.1288
Dave_Tucker_0001.jpg,ok,0.4487
Dave_Wannstedt_0001.jpg,ok,0.0239
Dave_Williams_0001.jpg,ok,0.4504
Davey_Johnson_0001.jpg,ok,0.3523
David_Alpay_0001.jpg,ok,0.2459
David_Anderson_0001.jpg,ok,0.0147
David_Anderson_0002.jpg,ok,0.2870
David_Anderson_0003.jpg,ok,0.3077
David_Anderson_0004.jpg,ok,0.0110
David_Anderson_0005.jpg,ok,0.3640
David_Arquette_0001.jpg,ok,0.1451
David_Ballantyne_0001.jpg,ok,0.8593
David_Beckham_0001.jpg,ok,0.3649
David_Beckham_0002.jpg,ok,0.0659
David_Beckham_0003.jpg,ok,0.3349
David_Beckham_0004.jpg,ok,0.4083
David_Beckham_0005.jpg,ok,0.6130
David_Beckham_0006.jpg,ok,0.6115
David_Beckham_0007.jpg,ok,0.0067
David_Beckham_0008.jpg,ok,0.0002
David_Beckham_0009.jpg,ok,0.4483
David_Beckham_0010.jpg,ok,0.7738
David_Beckham_0011.jpg,ok,0.0363
David_Beckham_0012.jpg,ok,0.0430
David_Beckham_0013.jpg,ok,0.0891
David_Beckham_0014.jpg,ok,0.0321
David_Beckham_0015.jpg,ok,0.8312
David_Beckham_0016.jpg,ok,0.0026
David_Beckham_0017.jpg,ok,0.3721
David_Beckham_0018.jpg,ok,0.8612
David_Beckham_0019.jpg,ok,0.0199
David_Beckham_0020.jpg,ok,0.6108
David_Beckham_0021.jpg,ok,0.1143
David_Beckham_0022.jpg,ok,0.1710
David_Beckham_0023.jpg,ok,0.2234
David_Beckham_0024.jpg,ok,0.0394
David_Beckham_0025.jpg,ok,0.0785
David_Beckham_0026.jpg,ok,0.4525
David_Beckham_0027.jpg,ok,0.1702
David_Beckham_0028.jpg,ok,0.5186
David_Beckham_0029.jpg,ok,0.1254
David_Beckham_0030.jpg,ok,0.5933
David_Beckham_0031.jpg,ok,0.0481
David_Bell_0001.jpg,ok,0.3539
David_Bell_0002.jpg,ok,0.7783
David_Bisbal_0001.jpg,ok,0.1147
David_Blaine_0001.jpg,ok,0.0973
David_Bowie_0001.jpg,ok,0.0665
David_Braley_0001.jpg,ok,0.0790
David_Brent_0001.jpg,ok,0.3382
David_Brinkley_0001.jpg,ok,0.4526
David_Brown_0001.jpg,ok,0.9309
David_Canary_0001.jpg,ok,0.0020
David_Caraway_0001.jpg,ok,0.0091
David_Caraway_0002.jpg,ok,0.6854
David_Carradine_0001.jpg,ok,0.9118
David_Caruso_0001.jpg,ok,0.5459
David_Caruso_0002.jpg,ok,0.0234
David_Caruso_0003.jpg,ok,0.1723
David_Chase_0001.jpg,ok,0.8969
David_Collenette_0001.jpg,ok,0.4674
David_Coulthard_0001.jpg,ok,0.3275
David_Coulthard_0002.jpg,ok,0.5047
David_Dewayne_Williams_0001.jpg,ok,0.1275
David_Dewhurst_0001.jpg,ok,0.1289
David_Dodge_0001.jpg,ok,0.7640
David_Dodge_0002.jpg,ok,0.6927
David_Donohue_0001.jpg,ok,0.1515
David_Dorfman_0001.jpg,ok,0.0499
David_Duke_0001.jpg,ok,0.5812
David_Duval_0001.jpg,ok,0.0715
David_Eldon_0001.jpg,ok,0.1984
David_Gest_0001.jpg,ok,0.0024
David_Glenn_0001.jpg,ok,0.4625
David_Hannay_0001.jpg,ok,0.3150
David_Hanson_0001.jpg,ok,0.4178
David_Hasselhoff_0001.jpg,ok,0.0549
David_Heyman_0001.jpg,ok,0.1086
David_Heyman_0002.jpg,ok,0.1692
David_Heymann_0001.jpg,ok,0.1351
David_Heymann_0002.jpg,ok,0.0307
David_Heymann_0003.jpg,ok,0.0424
David_Heymann_0004.jpg,ok,0.6679
David_Heymann_0005.jpg,ok,0.0428
David_Hilt_0001.jpg,ok,0.0824
David_Ho_0001.jpg,ok,0.4100
David_Howard_0001.jpg,ok,0.6468
David_Hyde_Pierce_0001.jpg,ok,0.0507
David_Hyde_Pierce_0002.jpg,ok,0.3630
David_Hyde_Pierce_0003.jpg,ok,0.4648
David_Hyde_Pierce_0004.jpg,ok,0.4166
David_Kelley_0001.jpg,ok,0.0188
David_Kelley_0002.jpg,ok,0.0015
David_Kelly_0001.jpg,ok,0.0087
David_Leahy_0001.jpg,ok,0.0963
David_Leahy_0002.jpg,ok,0.0982
David_McCallum_0001.jpg,ok,0.0417
David_McCullough_0001.jpg,ok,0.9167
David_McKiernan_0001.jpg,ok,0.6312
David_Millar_0001.jpg,ok,0.7255
David_Modell_0001.jpg,ok,0.7171
David_Montoya_0001.jpg,ok,0.7631
David_Myers_0001.jpg,ok,0.6094
David_Myers_0002.jpg,ok,0.0998
David_Nalbandian_0001.jpg,ok,0.5071
David_Nalbandian_0002.jpg,ok,0.2403
David_Nalbandian_0003.jpg,ok,0.7652
David_Nalbandian_0004.jpg,ok,0.3917
David_Nalbandian_0005.jpg,ok,0.0028
David_Nalbandian_0006.jpg,ok,0.1403
David_Nalbandian_0007.jpg,ok,0.0398
David_Nalbandian_0008.jpg,ok,0.1770
David_Nalbandian_0009.jpg,ok,0.0862
David_Nalbandian_0010.jpg,ok,0.1525
David_Nalbandian_0011.jpg,ok,0.6416
David_Nalbandian_0012.jpg,ok,0.3661
David_Nalbandian_0013.jpg,ok,0.0056
David_Nalbandian_0014.jpg,ok,0.0178
David_Obey_0001.jpg,ok,0.4596
David_Oh_0001.jpg,ok,0.9224
David_Provost_0001.jpg,ok,0.9344
David_Przybyszewski_0001.jpg,ok,0.4141
David_Rivkin_Jr_0001.jpg,ok,0.1573
David_Scott_Morris_0001.jpg,ok,0.7762
David_Shayler_0001.jpg,ok,0.4045
David_Sibleyk_0001.jpg,ok,0.3734
David_Siegel_0001.jpg,ok,0.0041
David_Sousa_0001.jpg,ok,0.0078
David_Spade_0001.jpg,ok,0.5491
David_Spade_0002.jpg,ok,0.9244
David_Stern_0001.jpg,ok,0.0497
David_Stern_0002.jpg,ok,0.0076
David_Stern_0003.jpg,ok,0.7020
David_Stern_0004.jpg,ok,0.0022
David_Suazo_0001.jpg,ok,0.3506
David_Surrett_0001.jpg,ok,0.7108
David_Tornberg_0001.jpg,ok,0.0887
David_Trimble_0001.jpg,ok,0.0769
David_Trimble_0002.jpg,ok,0.4356
David_Trimble_0003.jpg,ok,0.7938
David_Trimble_0004.jpg,ok,0.8641
David_Trimble_0005.jpg,ok,0.5575
David_Welch_0001.jpg,ok,0.9471
David_Wells_0001.jpg,ok,0.4619
David_Wells_0002.jpg,ok,0.8094
David_Wells_0003.jpg,ok,0.1049
David_Wells_0004.jpg,ok,0.3922
David_Wells_0005.jpg,ok,0.3640
David_Wells_0006.jpg,ok,0.0049
David_Wells_0007.jpg,ok,0.0031
David_Westerfield_0001.jpg,ok,0.5963
David_Wolf_0001.jpg,ok,0.0261
David_Wolf_0002.jpg,ok,0.9767
David_Zeplowitz_0001.jpg,ok,0.9040
Davis_Love_III_0001.jpg,ok,0.9562
Dawn_Staley_0001.jpg,ok,0.1114
Dawna_LoPiccolo_0001.jpg,ok,0.8071
Dean_Barker_0001.jpg,ok,0.9848
Dean_Barkley_0001.jpg,ok,0.5466
Dean_Barkley_0002.jpg,ok,0.8642
Dean_Barkley_0003.jpg,ok,0.8671
Dean_Barkley_0004.jpg,ok,0.0059
Dean_Jacek_0001.jpg,ok,0.6463
Dean_Sheremet_0001.jpg,ok,0.1349
Deb_Santos_0001.jpg,ok,0.4638
Debbie_Allen_0001.jpg,ok,0.1153
Debbie_Reynolds_0001.jpg,ok,0.2698
Debbie_Reynolds_0002.jpg,ok,0.2921
Debbie_Reynolds_0003.jpg,ok,0.2737
Debbie_Reynolds_0004.jpg,ok,0.3277
Debra_Brown_0001.jpg,ok,0.1809
Debra_Brown_0002.jpg,ok,0.9097
Debra_Messing_0001.jpg,ok,0.2445
Debra_Messing_0002.jpg,ok,0.7883
Debra_Messing_0003.jpg,ok,0.4936
Debra_Rose_0001.jpg,ok,0.0379
Debra_Shank_0001.jpg,ok,0.8707
Debra_Yang_0001.jpg,ok,0.1820
Deece_Eckstein_0001.jpg,ok,0.3619
Deena_Burnett_0001.jpg,ok,0.2458
Deepa_Mehta_0001.jpg,ok,0.0726
Della_Clara_0001.jpg,ok,0.0300
Delphine_Chuillot_0001.jpg,ok,0.0381
Demetrin_Veal_0001.jpg,ok,0.1378
Demetrius_Ferraciu_0001.jpg,ok,0.0138
Demetrius_Ferraciu_0002.jpg,ok,0.7928
Demi_Moore_0001.jpg,ok,0.0712
Demi_Moore_0002.jpg,ok,0.2899
Demi_Moore_0003.jpg,ok,0.0406
Demi_Moore_0004.jpg,ok,0.4288
Denis_Coderre_0001.jpg,ok,0.7723
Denis_Fassou-Nguesso_0001.jpg,ok,0.0573
Denise_Johnson_0001.jpg,ok,0.0737
Denise_Johnson_0002.jpg,ok,0.0740
Denise_Locke_0001.jpg,ok,0.1769
Denise_van_Outen_0001.jpg,ok,0.8413
Deniz_Baykal_0001.jpg,ok,0.6956
Dennis_Archer_0001.jpg,ok,0.0701
Dennis_Erickson_0001.jpg,ok,0.7677
Dennis_Erickson_0002.jpg,ok,0.0965
Dennis_Franchione_0001.jpg,ok,0.9865
Dennis_Hastert_0001.jpg,ok,0.9439
Dennis_Hastert_0002.jpg,ok,0.5594
Dennis_Hastert_0003.jpg,ok,0.4193
Dennis_Hastert_0004.jpg,ok,0.9418
Dennis_Hastert_0005.jpg,ok,0.5773
Dennis_Hastert_0006.jpg,ok,0.0013
Dennis_Johnson_0001.jpg,ok,0.1339
Dennis_Kozlowski_0001.jpg,ok,0.8171
Dennis_Kozlowski_0002.jpg,ok,0.8291
Dennis_Kucinich_0001.jpg,ok,0.0218
Dennis_Kucinich_0002.jpg,ok,0.0114
Dennis_Kucinich_0003.jpg,ok,0.0603
Dennis_Kucinich_0004.jpg,ok,0.3638
Dennis_Kucinich_0005.jpg,ok,0.0364
Dennis_Kucinich_0006.jpg,ok,0.0819
Dennis_Kucinich_0007.jpg,ok,0.0326
Dennis_Miller_0001.jpg,ok,0.2654
Dennis_Oswald_0001.jpg,ok,0.0013
Dennis_Powell_0001.jpg,ok,0.0664
Dennis_Powell_0002.jpg,ok,0.9871
Denys_Arcand_0001.jpg,ok,0.0280
Denzel_Washington_0001.jpg,ok,0.0116
Denzel_Washington_0002.jpg,ok,0.1708
Denzel_Washington_0003.jpg,ok,0.8652
Denzel_Washington_0004.jpg,ok,0.1542
Denzel_Washington_0005.jpg,ok,0.0175
Dereck_Whittenburg_0001.jpg,ok,0.2335
Derek_Abney_0001.jpg,ok,0.0353
Derek_Bond_0001.jpg,ok,0.6131
Derek_Jeter_0001.jpg,ok,0.7959
Derek_Jeter_0002.jpg,ok,0.5927
Derek_Jeter_0003.jpg,ok,0.8658
Derek_Jeter_0004.jpg,ok,0.2312
Derek_King_0001.jpg,ok,0.8855
Derek_Lowe_0001.jpg,ok,0.0288
Derek_Lowe_0002.jpg,ok,0.1819
Derek_Parra_0001.jpg,ok,0.3282
Derian_Hatcher_0001.jpg,ok,0.2465
Derrick_Battie_0001.jpg,ok,0.0820
Derrick_Rodgers_0001.jpg,ok,0.9471
Derrick_Taylor_0001.jpg,ok,0.9234
Des_Brown_0001.jpg,ok,0.5299
Desiree_Lemosi_0001.jpg,ok,0.9731
Desiree_Lemosi_0002.jpg,ok,0.9481
Desiree_McKenzie_0001.jpg,ok,0.4072
Desmon_Farmer_0001.jpg,ok,0.0762
Devin_Harris_0001.jpg,ok,0.4782
Dewayne_White_0001.jpg,ok,0.1118
Dexter_Jackson_0001.jpg,ok,0.0326
Dexter_Jackson_0002.jpg,ok,0.1139
Diana_Krall_0001.jpg,ok,0.3863
Diana_Krall_0002.jpg,ok,0.1724
Diana_Krall_0003.jpg,ok,0.4879
Diana_Krall_0004.jpg,ok,0.7002
Diana_Krall_0005.jpg,ok,0.0828
Diana_Krall_0006.jpg,ok,0.9034
Diana_Munz_0001.jpg,ok,0.5364
Diana_Munz_0002.jpg,ok,0.2921
Diana_Munz_0003.jpg,ok,0.0140
Diana_Renee_Valdivieso_Dubon_0001.jpg,ok,0.4008
Diana_Ross_0001.jpg,ok,0.0411
Diana_Silvius_0001.jpg,ok,0.7379
Diana_Taurasi_0001.jpg,ok,0.4061
Diana_Taurasi_0002.jpg,ok,0.0199
Diana_Taylor_0001.jpg,ok,0.5343
Diane_Green_0001.jpg,ok,0.2259
Diane_Green_0002.jpg,ok,0.1514
Diane_Ladd_0001.jpg,ok,0.7745
Diane_Lane_0001.jpg,ok,0.0434
Dianne_Feinstein_0001.jpg,ok,0.0447
Dianne_Feinstein_0002.jpg,ok,0.2210
Dianne_Feinstein_0003.jpg,ok,0.0681
Dianne_Reeves_0001.jpg,ok,0.0119
Dick_Armey_0001.jpg,ok,0.5078
Dick_Bennett_0001.jpg,ok,0.6873
Dick_Cheney_0001.jpg,ok,0.7484
Dick_Cheney_0002.jpg,ok,0.6532
Dick_Cheney_0003.jpg,ok,0.8805
Dick_Cheney_0004.jpg,ok,0.6083
Dick_Cheney_0005.jpg,ok,0.0132
Dick_Cheney_0006.jpg,ok,0.7026
Dick_Cheney_0007.jpg,ok,0.6246
Dick_Cheney_0008.jpg,ok,0.9568
Dick_Cheney_0009.jpg,ok,0.7811
Dick_Cheney_0010.jpg,ok,0.1792
Dick_Cheney_0011.jpg,ok,0.0007
Dick_Cheney_0012.jpg,ok,0.2358
Dick_Cheney_0013.jpg,ok,0.4712
Dick_Cheney_0014.jpg,ok,0.9976
Dick_Clark_0001.jpg,ok,0.0561
Dick_Clark_0002.jpg,ok,0.9812
Dick_Clark_0003.jpg,ok,0.4577
Dick_Devine_0001.jpg,ok,0.9071
Dick_Jauron_0001.jpg,ok,0.3398
Dick_Latessa_0001.jpg,ok,0.4140
Dick_Latessa_0002.jpg,ok,0.0121
Dick_Posthumus_0001.jpg,ok,0.1825
Dick_Smothers_0001.jpg,ok,0.7456
Dick_Vermeil_0001.jpg,ok,0.0104
Dick_Vermeil_0002.jpg,ok,0.8696
Didier_Defago_0001.jpg,ok,0.1985
Diego_Armando_Maradona_0001.jpg,ok,0.0266
Diego_Colorado_0001.jpg,ok,0.7477
Diego_Diego_Lerman_0001.jpg,ok,0.2240
Dieter_Holzer_0001.jpg,ok,0.7204
Dieter_Zetsche_0001.jpg,ok,0.8017
Dimitar_Berbatov_0001.jpg,ok,0.0105
Dimitri_Perricos_0001.jpg,ok,0.1940
Din_Samsudin_0001.jpg,ok,0.0405
Dinah_Turner_0001.jpg,ok,0.4587
Dino_Risi_0001.jpg,ok,0.3126
Dino_de_Laurentis_0001.jpg,ok,0.3053
Dino_de_Laurentis_0002.jpg,ok,0.2759
Dinora_Rosales_0001.jpg,ok,0.0593
Dion_Glover_0001.jpg,ok,0.1295
Dionigi_Tettamanzi_0001.jpg,ok,0.9805
Dionne_Warwick_0001.jpg,ok,0.0529
Dionyssis_Georgiadis_0001.jpg,ok,0.1436
Dirk_Kempthorne_0001.jpg,ok,0.0744
Dita_Von_Tesse_0001.jpg,ok,0.0050
Djabir_Said-Guerni_0001.jpg,ok,0.4855
Doc_Rivers_0001.jpg,ok,0.2937
Dolly_Parton_0001.jpg,ok,0.5311
Dolly_Parton_0002.jpg,ok,0.7603
Dolma_Tsering_0001.jpg,ok,0.0091
Dolma_Tsering_0002.jpg,ok,0.0147
Dominic_Monaghan_0001.jpg,ok,0.5111
Dominick_Dunne_0001.jpg,ok,0.8757
Dominik_Garcia-Lorido_0001.jpg,ok,0.7337
Dominik_Garcia-Lorido_0002.jpg,ok,0.9527
Dominik_Hrbaty_0001.jpg,ok,0.0036
Dominique_Perben_0001.jpg,ok,0.5137
Dominique_de_Villepin_0001.jpg,ok,0.2662
Dominique_de_Villepin_0002.jpg,ok,0.3560
Dominique_de_Villepin_0003.jpg,ok,0.6850
Dominique_de_Villepin_0004.jpg,ok,0.2562
Dominique_de_Villepin_0005.jpg,ok,0.1933
Dominique_de_Villepin_0006.jpg,ok,0.4673
Dominique_de_Villepin_0007.jpg,ok,0.0385
Dominique_de_Villepin_0008.jpg,ok,0.1688
Dominique_de_Villepin_0009.jpg,ok,0.3183
Dominique_de_Villepin_0010.jpg,ok,0.0050
Dominique_de_Villepin_0011.jpg,ok,0.2719
Dominique_de_Villepin_0012.jpg,ok,0.9516
Dominique_de_Villepin_0013.jpg,ok,0.8439
Dominique_de_Villepin_0014.jpg,ok,0.6158
Dominique_de_Villepin_0015.jpg,ok,0.8058
Don_Boudria_0001.jpg,ok,0.2776
Don_Carcieri_0001.jpg,ok,0.6329
Don_Flanagan_0001.jpg,ok,0.0098
Don_Henley_0001.jpg,ok,0.1449
Don_Hewitt_0001.jpg,ok,0.3995
Don_King_0001.jpg,ok,0.0576
Don_Lake_0001.jpg,ok,0.2887
Don_Matthews_0001.jpg,ok,0.7014
Don_Meredith_0001.jpg,ok,0.9852
Don_Nickles_0001.jpg,ok,0.5289
Don_Nickles_0002.jpg,ok,0.1679
Don_Siegelman_0001.jpg,ok,0.0955
Don_Siegelman_0002.jpg,ok,0.0016
Don_Siegelman_0003.jpg,ok,0.3266
Don_Siegelman_0004.jpg,ok,0.1337
Donald_Anderson_0001.jpg,ok,0.8901
Donald_Carty_0001.jpg,ok,0.1788
Donald_Evans_0001.jpg,ok,0.9612
Donald_Evans_0002.jpg,ok,0.9849
Donald_Fehr_0001.jpg,ok,0.0677
Donald_Fehr_0002.jpg,ok,0.0029
Donald_Fehr_0003.jpg,ok,0.9414
Donald_Fehr_0004.jpg,ok,0.8219
Donald_Hays_0001.jpg,ok,0.0792
Donald_Keck_0001.jpg,ok,0.7390
Donald_Keyser_0001.jpg,ok,0.0098
Donald_Pettit_0001.jpg,ok,0.0794
Donald_Pettit_0002.jpg,ok,0.4073
Donald_Pettit_0003.jpg,ok,0.1883
Donald_Regan_0001.jpg,ok,0.0476
Donald_Rumsfeld_0001.jpg,ok,0.4045
Donald_Rumsfeld_0002.jpg,ok,0.0014
Donald_Rumsfeld_0003.jpg,ok,0.0049
Donald_Rumsfeld_0004.jpg,ok,0.2882
Donald_Rumsfeld_0005.jpg,ok,0.8640
Donald_Rumsfeld_0006.jpg,ok,0.2991
Donald_Rumsfeld_0007.jpg,ok,0.9658
Donald_Rumsfeld_0008.jpg,ok,0.6419
Donald_Rumsfeld_0009.jpg,ok,0.0939
Donald_Rumsfeld_0010.jpg,ok,0.6144
Donald_Rumsfeld_0011.jpg,ok,0.2531
Donald_Rumsfeld_0012.jpg,ok,0.0464
Donald_Rumsfeld_0013.jpg,ok,0.5588
Donald_Rumsfeld_0014.jpg,ok,0.7103
Donald_Rumsfeld_0015.jpg,ok,0.4193
Donald_Rumsfeld_0016.jpg,ok,0.1205
Donald_Rumsfeld_0017.jpg,ok,0.0006
Donald_Rumsfeld_0018.jpg,ok,0.5024
Donald_Rumsfeld_0019.jpg,ok,0.2875
Donald_Rumsfeld_0020.jpg,ok,0.0106
Donald_Rumsfeld_0021.jpg,ok,0.1473
Donald_Rumsfeld_0022.jpg,ok,0.4937
Donald_Rumsfeld_0023.jpg,ok,0.7463
Donald_Rumsfeld_0024.jpg,ok,0.0008
Donald_Rumsfeld_0025.jpg,ok,0.3861
Donald_Rumsfeld_0026.jpg,ok,0.0018
Donald_Rumsfeld_0027.jpg,ok,0.0050
Donald_Rumsfeld_0028.jpg,ok,0.5278
Donald_Rumsfeld_0029.jpg,ok,0.9543
Donald_Rumsfeld_0030.jpg,ok,0.7877
Donald_Rumsfeld_0031.jpg,ok,0.8232
Donald_Rumsfeld_0032.jpg,ok,0.7425
Donald_Rumsfeld_0033.jpg,ok,0.0058
Donald_Rumsfeld_0034.jpg,ok,0.0030
Donald_Rumsfeld_0035.jpg,ok,0.0203
Donald_Rumsfeld_0036.jpg,ok,0.0110
Donald_Rumsfeld_0037.jpg,ok,0.2841
Donald_Rumsfeld_0038.jpg,ok,0.6351
Donald_Rumsfeld_0039.jpg,ok,0.9940
Donald_Rumsfeld_0040.jpg,ok,0.2271
Donald_Rumsfeld_0041.jpg,ok,0.8524
Donald_Rumsfeld_0042.jpg,ok,0.6809
Donald_Rumsfeld_0043.jpg,ok,0.3269
Donald_Rumsfeld_0044.jpg,ok,0.2200
Donald_Rumsfeld_0045.jpg,ok,0.5217
Donald_Rumsfeld_0046.jpg,ok,0.3010
Donald_Rumsfeld_0047.jpg,ok,0.8098
Donald_Rumsfeld_0048.jpg,ok,0.2606
Donald_Rumsfeld_0049.jpg,ok,0.9570
Donald_Rumsfeld_0050.jpg,ok,0.4571
Donald_Rumsfeld_0051.jpg,ok,0.0025
Donald_Rumsfeld_0052.jpg,ok,0.5316
Donald_Rumsfeld_0053.jpg,ok,0.2595
Donald_Rumsfeld_0054.jpg,ok,0.3105
Donald_Rumsfeld_0055.jpg,ok,0.0532
Donald_Rumsfeld_0056.jpg,ok,0.0003
Donald_Rumsfeld_0057.jpg,ok,0.2176
Donald_Rumsfeld_0058.jpg,ok,0.6427
Donald_Rumsfeld_0059.jpg,ok,0.0054
Donald_Rumsfeld_0060.jpg,ok,0.6404
Donald_Rumsfeld_0061.jpg,ok,0.5738
Donald_Rumsfeld_0062.jpg,ok,0.0089
Donald_Rumsfeld_0063.jpg,ok,0.0013
Donald_Rumsfeld_0064.jpg,ok,0.0777
Donald_Rumsfeld_0065.jpg,ok,0.3784
Donald_Rumsfeld_0066.jpg,ok,0.0531
Donald_Rumsfeld_0067.jpg,ok,0.1942
Donald_Rumsfeld_0068.jpg,ok,0.5339
Donald_Rumsfeld_0069.jpg,ok,0.0140
Donald_Rumsfeld_0070.jpg,ok,0.1223
Donald_Rumsfeld_0071.jpg,ok,0.1513
Donald_Rumsfeld_0072.jpg,ok,0.8459
Donald_Rumsfeld_0073.jpg,ok,0.3397
Donald_Rumsfeld_0074.jpg,ok,0.2238
Donald_Rumsfeld_0075.jpg,ok,0.1606
Donald_Rumsfeld_0076.jpg,ok,0.4174
Donald_Rumsfeld_0077.jpg,ok,0.6985
Donald_Rumsfeld_0078.jpg,ok,0.6385
Donald_Rumsfeld_0079.jpg,ok,0.2297
Donald_Rumsfeld_0080.jpg,ok,0.6130
Donald_Rumsfeld_0081.jpg,ok,0.0128
Donald_Rumsfeld_0082.jpg,ok,0.6790
Donald_Rumsfeld_0083.jpg,ok,0.9669
Donald_Rumsfeld_0084.jpg,ok,0.9169
Donald_Rumsfeld_0085.jpg,ok,0.6404
Donald_Rumsfeld_0086.jpg,ok,0.9877
Donald_Rumsfeld_0087.jpg,ok,0.0004
Donald_Rumsfeld_0088.jpg,ok,0.0013
Donald_Rumsfeld_0089.jpg,ok,0.1863
Donald_Rumsfeld_0090.jpg,ok,0.0867
Donald_Rumsfeld_0091.jpg,ok,0.0021
Donald_Rumsfeld_0092.jpg,ok,0.4194
Donald_Rumsfeld_0093.jpg,ok,0.6065
Donald_Rumsfeld_0094.jpg,ok,0.7264
Donald_Rumsfeld_0095.jpg,ok,0.3709
Donald_Rumsfeld_0096.jpg,ok,0.0190
Donald_Rumsfeld_0097.jpg,ok,0.6372
Donald_Rumsfeld_0098.jpg,ok,0.4713
Donald_Rumsfeld_0099.jpg,ok,0.5304
Donald_Rumsfeld_0100.jpg,ok,0.4434
Donald_Rumsfeld_0101.jpg,ok,0.3655
Donald_Rumsfeld_0102.jpg,ok,0.1647
Donald_Rumsfeld_0103.jpg,ok,0.0015
Donald_Rumsfeld_0104.jpg,ok,0.4253
Donald_Rumsfeld_0105.jpg,ok,0.3864
Donald_Rumsfeld_0106.jpg,ok,0.9321
Donald_Rumsfeld_0107.jpg,ok,0.3675
Donald_Rumsfeld_0108.jpg,ok,0.1257
Donald_Rumsfeld_0109.jpg,ok,0.0072
Donald_Rumsfeld_0110.jpg,ok,0.0017
Donald_Rumsfeld_0111.jpg,ok,0.7881
Donald_Rumsfeld_0112.jpg,ok,0.3251
Donald_Rumsfeld_0113.jpg,ok,0.6921
Donald_Rumsfeld_0114.jpg,ok,0.0047
Donald_Rumsfeld_0115.jpg,ok,0.2543
Donald_Rumsfeld_0116.jpg,ok,0.6747
Donald_Rumsfeld_0117.jpg,ok,0.8520
Donald_Rumsfeld_0118.jpg,ok,0.0012
Donald_Rumsfeld_0119.jpg,ok,0.0050
Donald_Rumsfeld_0120.jpg,ok,0.6417
Donald_Rumsfeld_0121.jpg,ok,0.0015
Donald_Trump_0001.jpg,ok,0.9881
Donatella_Versace_0001.jpg,ok,0.0842
Donatella_Versace_0002.jpg,ok,0.3360
Donatella_Versace_0003.jpg,ok,0.2747
Donna_Barrera_0001.jpg,ok,0.1361
Donna_Brazile_0001.jpg,ok,0.0301
Donna_Morrissey_0001.jpg,ok,0.0161
Donna_Ralston_0001.jpg,ok,0.4515
Donna_Shalala_0001.jpg,ok,0.6079
Donna_Shalala_0002.jpg,ok,0.4651
Donna_Walker_0001.jpg,ok,0.1063
Donnie_Brennan_0001.jpg,ok,0.0227
Donny_Osmond_0001.jpg,ok,0.0061
Dora_Bakoyianni_0001.jpg,ok,0.9941
Doris_Roberts_0001.jpg,ok,0.8848
Doris_Roberts_0002.jpg,ok,0.7725
Doris_Roberts_0003.jpg,ok,0.7288
Doris_Schroeder_0001.jpg,ok,0.2292
Doris_Schroeder_0002.jpg,ok,0.0310
Doris_Schroeder_0003.jpg,ok,0.6634
Doris_Schroeder_0004.jpg,ok,0.5109
Dorothy_Lamour_0001.jpg,ok,0.9537
Dorothy_Loudon_0001.jpg,ok,0.7912
Dorothy_Wilson_0001.jpg,ok,0.6379
Dorthy_Moxley_0001.jpg,ok,0.4581
Dorthy_Moxley_0002.jpg,ok,0.5273
Dot_Helms_0001.jpg,ok,0.9569
Doug_Christie_0001.jpg,ok,0.1495
Doug_Collins_0001.jpg,ok,0.0247
Doug_Collins_0002.jpg,ok,0.4394
Doug_Duncan_0001.jpg,ok,0.0363
Doug_Duncan_0002.jpg,ok,0.8566
Doug_Melvin_0001.jpg,ok,0.0038
Doug_Melvin_0002.jpg,ok,0.0023
Doug_Melvin_0003.jpg,ok,0.0032
Doug_Moe_0001.jpg,ok,0.1471
Doug_Racine_0001.jpg,ok,0.1653
Doug_Wilson_0001.jpg,ok,0.0410
Douglas_Faneuil_0001.jpg,ok,0.2801
Douglas_Gansler_0001.jpg,ok,0.6337
Douglas_Meester_0001.jpg,ok,0.2912
Douglas_Paal_0001.jpg,ok,0.0027
Dragan_Covic_0001.jpg,ok,0.6306
Drew_Barrymore_0001.jpg,ok,0.9245
Drew_Barrymore_0002.jpg,ok,0.2767
Drew_Bledsoe_0001.jpg,ok,0.2430
Drew_Gooden_0001.jpg,ok,0.0335
Du_Qinglin_0001.jpg,ok,0.2505
Duane_Barber_0001.jpg,ok,0.7242
Duane_Lee_Chapman_0001.jpg,ok,0.6951
Duane_Lee_Chapman_0002.jpg,ok,0.4243
Dudley_Rogers_0001.jpg,ok,0.6650
Dule_Hill_0001.jpg,ok,0.4031
Duncan_Fletcher_0001.jpg,ok,0.5265
Dunn_Lampton_0001.jpg,ok,0.9084
Dustan_Mohr_0001.jpg,ok,0.1229
Dustin_Brown_0001.jpg,ok,0.0662
Dustin_Hoffman_0001.jpg,ok,0.3695
Dusty_Baker_0001.jpg,ok,0.1777
Dwain_Kyles_0001.jpg,ok,0.2830
Dwayne_Johnson_0001.jpg,ok,0.0072
Dwayne_Johnson_0002.jpg,ok,0.0261
Dwayne_Wade_0001.jpg,ok,0.0400
Dwayne_Williams_0001.jpg,ok,0.0306
Dyab_Abou_Jahjah_0001.jpg,ok,0.7675
Dyana_Calub_0001.jpg,ok,0.0242
E_Clay_Shaw_0001.jpg,ok,0.3490
Earl_Campbell_0001.jpg,ok,0.1100
Earl_Counter_0001.jpg,ok,0.9668
Earl_Fritts_0001.jpg,ok,0.1215
Earl_Scruggs_0001.jpg,ok,0.0010
Ed_Book_0001.jpg,ok,0.0777
Ed_Case_0001.jpg,ok,0.0024
Ed_Mekertichian_0001.jpg,ok,0.9405
Ed_Rendell_0001.jpg,ok,0.4111
Ed_Rosenthal_0001.jpg,ok,0.8449
Ed_Rosenthal_0002.jpg,ok,0.9161
Ed_Rosenthal_0003.jpg,ok,0.4622
Ed_Smart_0001.jpg,ok,0.0388
Ed_Smart_0002.jpg,ok,0.0052
Ed_Smart_0003.jpg,ok,0.6903
Ed_Sullivan_0001.jpg,ok,0.9920
Ed_Wade_0001.jpg,ok,0.0061
Eddie_Compass_0001.jpg,ok,0.9606
Eddie_Fenech_Adami_0001.jpg,ok,0.0270
Eddie_Jordan_0001.jpg,ok,0.2410
Eddie_Lewis_0001.jpg,ok,0.4369
Eddie_Lucio_0001.jpg,ok,0.8040
Eddie_Murray_0001.jpg,ok,0.1218
Eddie_Sutton_0001.jpg,ok,0.0151
Eddie_Sutton_0002.jpg,ok,0.7826
Eddy_Hartenstein_0001.jpg,ok,0.4633
Eddy_Merckx_0001.jpg,ok,0.1038
Eddy_Merckx_0002.jpg,ok,0.3065
Edgar_Savisaar_0001.jpg,ok,0.7579
Edie_Falco_0001.jpg,ok,0.3778
Edie_Falco_0002.jpg,ok,0.3698
Edina_Batar_0001.jpg,ok,0.0185
Edith_Masai_0001.jpg,ok,0.0272
Edmund_Hillary_0001.jpg,ok,0.8846
Edmund_Hillary_0002.jpg,ok,0.2379
Edmund_Hillary_0003.jpg,ok,0.6993
Edmund_Stoiber_0001.jpg,ok,0.3838
Edmund_Stoiber_0002.jpg,ok,0.8530
Edmund_Stoiber_0003.jpg,ok,0.0229
Edmund_Stoiber_0004.jpg,ok,0.5563
Edmund_Stoiber_0005.jpg,ok,0.9481
Edmund_Stoiber_0006.jpg,ok,0.0688
Edmund_Stoiber_0007.jpg,ok,0.9832
Edmund_Stoiber_0008.jpg,ok,0.0095
Edmund_Stoiber_0009.jpg,ok,0.7440
Edmund_Stoiber_0010.jpg,ok,0.4934
Edmund_Stoiber_0011.jpg,ok,0.6594
Edmund_Stoiber_0012.jpg,ok,0.3857
Edmund_Stoiber_0013.jpg,ok,0.8220
Edouard_Michelin_0001.jpg,ok,0.7120
Eduard_Limonov_0001.jpg,ok,0.0045
Eduard_Shevardnadze_0001.jpg,ok,0.6200
Eduard_Shevardnadze_0002.jpg,ok,0.4618
Eduard_Shevardnadze_0003.jpg,ok,0.1159
Eduard_Shevardnadze_0004.jpg,ok,0.8956
Eduard_Shevardnadze_0005.jpg,ok,0.8899
Eduardo_Chillida_0001.jpg,ok,0.4035
Eduardo_Duhalde_0001.jpg,ok,0.3205
Eduardo_Duhalde_0002.jpg,ok,0.3777
Eduardo_Duhalde_0003.jpg,ok,0.4766
Eduardo_Duhalde_0004.jpg,ok,0.2737
Eduardo_Duhalde_0005.jpg,ok,0.0585
Eduardo_Duhalde_0006.jpg,ok,0.0034
Eduardo_Duhalde_0007.jpg,ok,0.0361
Eduardo_Duhalde_0008.jpg,ok,0.4823
Eduardo_Duhalde_0009.jpg,ok,0.7560
Eduardo_Duhalde_0010.jpg,ok,0.1551
Eduardo_Duhalde_0011.jpg,ok,0.5970
Eduardo_Duhalde_0012.jpg,ok,0.4363
Eduardo_Duhalde_0013.jpg,ok,0.2551
Eduardo_Duhalde_0014.jpg,ok,0.2026
Eduardo_Fischer_0001.jpg,ok,0.2320
Eduardo_Romero_0001.jpg,ok,0.0136
Edward_Albee_0001.jpg,ok,0.9799
Edward_Arsenault_0001.jpg,ok,0.5840
Edward_Belvin_0001.jpg,ok,0.7036
Edward_Burns_0001.jpg,ok,0.5081
Edward_Egan_0001.jpg,ok,0.8222
Edward_Flynn_0001.jpg,ok,0.1970
Edward_Greenspan_0001.jpg,ok,0.1732
Edward_James_Olmos_0001.jpg,ok,0.2404
Edward_James_Olmos_0002.jpg,ok,0.3844
Edward_Johnson_0001.jpg,ok,0.0435
Edward_Kennedy_0001.jpg,ok,0.0237
Edward_Kennedy_0002.jpg,ok,0.8741
Edward_Kennedy_0003.jpg,ok,0.0665
Edward_Lohn_0001.jpg,ok,0.9503
Edward_Lu_0001.jpg,ok,0.3646
Edward_Lu_0002.jpg,ok,0.3244
Edward_Lu_0003.jpg,ok,0.1268
Edward_Lu_0004.jpg,ok,0.1526
Edward_Lu_0005.jpg,ok,0.4624
Edward_Lu_0006.jpg,ok,0.0498
Edward_Norton_0001.jpg,ok,0.7816
Edward_Norton_0002.jpg,ok,0.0086
Edward_Said_0001.jpg,ok,0.0196
Edward_Said_0002.jpg,ok,0.2430
Edward_Seaga_0001.jpg,ok,0.8822
Edwin_Edwards_0001.jpg,ok,0.2256
Edwin_Edwards_0002.jpg,ok,0.6771
Edwin_Edwards_0003.jpg,ok,0.7479
Edwina_Currie_0001.jpg,ok,0.0178
Edwina_Currie_0002.jpg,ok,0.0068
Edwina_Currie_0003.jpg,ok,0.0687
Edwina_Currie_0004.jpg,ok,0.2460
Efrain_Rios_Montt_0001.jpg,ok,0.4807
Eglis_Yaima_Cruz_0001.jpg,ok,0.3921
Eileen_Coparropa_0001.jpg,ok,0.0227
Eileen_Coparropa_0002.jpg,ok,0.0585
Eileen_Coparropa_0003.jpg,ok,0.1770
Eileen_Spina_0001.jpg,ok,0.7803
Einars_Repse_0001.jpg,ok,0.9242
Ekaterina_Dmitriev_0001.jpg,ok,0.4437
Ekke_Hard_Forberg_0001.jpg,ok,0.0541
El_Hadji_Diouf_0001.jpg,ok,0.1277
Eladio_Larez_0001.jpg,ok,0.9102
Elaine_Chao_0001.jpg,ok,0.0453
Elaine_Stritch_0001.jpg,ok,0.7337
Elena_Bereznaya_0001.jpg,ok,0.3490
Elena_Bovina_0001.jpg,ok,0.0024
Elena_Bovina_0002.jpg,ok,0.1648
Elena_Bovina_0003.jpg,ok,0.5439
Elena_Dementieva_0001.jpg,ok,0.0463
Elena_Likhovtseva_0001.jpg,ok,0.4555
Elena_Tihomirova_0001.jpg,ok,0.9520
Elena_de_Chavez_0001.jpg,ok,0.0041
Elgin_Baylor_0001.jpg,ok,0.0594
Eli_Broad_0001.jpg,ok,0.8358
Eli_Rosenbaum_0001.jpg,ok,0.1713
Eli_Stutsman_0001.jpg,ok,0.5172
Eliane_Karp_0001.jpg,ok,0.2319
Eliane_Karp_0002.jpg,ok,0.3494
Eliane_Karp_0003.jpg,ok,0.2971
Eliane_Karp_0004.jpg,ok,0.9447
Elias_Attallah_0001.jpg,ok,0.9957
Elijah_Wood_0001.jpg,ok,0.1641
Elijah_Wood_0002.jpg,ok,0.0036
Elijah_Wood_0003.jpg,ok,0.4925
Elijan_Ingram_0001.jpg,ok,0.6382
Elin_Nordegren_0001.jpg,ok,0.4130
Elin_Nordegren_0002.jpg,ok,0.5879
Elinor_Caplan_0001.jpg,ok,0.3354
Elinor_Caplan_0002.jpg,ok,0.6651
Eliott_Spitzer_0001.jpg,ok,0.2689
Elisabeth_Schumacher_0001.jpg,ok,0.0565
Elisabeth_Schumacher_0002.jpg,ok,0.5881
Elisabeth_Welch_0001.jpg,ok,0.9723
Elisha_Cuthbert_0001.jpg,ok,0.2907
Eliza_Dushku_0001.jpg,ok,0.0693
Eliza_Manningham-Buller_0001.jpg,ok,0.7248
Elizabeth_Berkeley_0001.jpg,ok,0.3309
Elizabeth_Dole_0001.jpg,ok,0.3379
Elizabeth_Dole_0002.jpg,ok,0.4775
Elizabeth_Dole_0003.jpg,ok,0.3457
Elizabeth_Dole_0004.jpg,ok,0.1360
Elizabeth_Hill_0001.jpg,ok,0.2790
Elizabeth_Hurley_0001.jpg,ok,0.4905
Elizabeth_Hurley_0002.jpg,ok,0.9772
Elizabeth_Hurley_0003.jpg,ok,0.2037
Elizabeth_Hurley_0004.jpg,ok,0.1758
Elizabeth_Hurley_0005.jpg,ok,0.0095
Elizabeth_Pena_0001.jpg,ok,0.4435
Elizabeth_Regan_0001.jpg,ok,0.1852
Elizabeth_Shue_0001.jpg,ok,0.6607
Elizabeth_Shue_0002.jpg,ok,0.7970
Elizabeth_Smart_0001.jpg,ok,0.7751
Elizabeth_Smart_0002.jpg,ok,0.3311
Elizabeth_Smart_0003.jpg,ok,0.6793
Elizabeth_Smart_0004.jpg,ok,0.8862
Elizabeth_Smart_0005.jpg,ok,0.7617
Elizabeth_Taylor_0001.jpg,ok,0.9318
Elizabeth_Taylor_0002.jpg,ok,0.4501
Ellen_Barkin_0001.jpg,ok,0.4658
Ellen_DeGeneres_0001.jpg,ok,0.1547
Ellen_DeGeneres_0002.jpg,ok,0.0107
Ellen_Engleman_0001.jpg,ok,0.1335
Ellen_Engleman_0002.jpg,ok,0.3337
Ellen_MacArthur_0001.jpg,ok,0.0009
Ellen_Martin_0001.jpg,ok,0.3685
Ellen_Pompeo_0001.jpg,ok,0.4250
Ellen_Saracini_0001.jpg,ok,0.7576
Elliott_Mincberg_0001.jpg,ok,0.5263
Elmar_Brok_0001.jpg,ok,0.0889
Elodie_Bouchez_0001.jpg,ok,0.0020
Eloy_Gutierrez_0001.jpg,ok,0.4180
Elsa_Zylberstein_0001.jpg,ok,0.0019
Elsa_Zylberstein_0002.jpg,ok,0.7832
Elsa_Zylberstein_0003.jpg,ok,0.5797
Elsa_Zylberstein_0004.jpg,ok,0.6817
Elsa_Zylberstein_0005.jpg,ok,0.9786
Elsa_Zylberstein_0006.jpg,ok,0.0017
Elton_John_0001.jpg,ok,0.0349
Elton_John_0002.jpg,ok,0.0443
Elton_John_0003.jpg,ok,0.6373
Elton_John_0004.jpg,ok,0.3208
Elton_John_0005.jpg,ok,0.4486
Elton_John_0006.jpg,ok,0.6368
Elton_John_0007.jpg,ok,0.0283
Elva_Hsiao_0001.jpg,ok,0.7368
Elvis_Costello_0001.jpg,ok,0.7920
Elvis_Presley_0001.jpg,ok,0.9745
Elvis_Presley_0002.jpg,ok,0.9878
Elvis_Stojko_0001.jpg,ok,0.2972
Emanuel_Ginobili_0001.jpg,ok,0.0320
Emanuel_Ginobili_0002.jpg,ok,0.1073
Emanuel_Ginobili_0003.jpg,ok,0.2651
Emanuel_Ginobili_0004.jpg,ok,0.0016
Emanuel_Ginobili_0005.jpg,ok,0.5131
Emelie_Loit_0001.jpg,ok,0.0927
Emile_Lahoud_0001.jpg,ok,0.3088
Emile_Lahoud_0002.jpg,ok,0.1291
Emilio_Azcarraga_Jean_0001.jpg,ok,0.8988
Emilio_Botin_0001.jpg,ok,0.0231
Emily_Mason_0001.jpg,ok,0.6673
Emily_Mortimer_0001.jpg,ok,0.8591
Emily_Robison_0001.jpg,ok,0.0067
Emily_Robison_0002.jpg,ok,0.1246
Emily_Stevens_0001.jpg,ok,0.9824
Eminem_0001.jpg,ok,0.4588
Emma_Nicholson_0001.jpg,ok,0.5795
Emma_Thompson_0001.jpg,ok,0.8574
Emma_Thompson_0002.jpg,ok,0.3148
Emma_Thompson_0003.jpg,ok,0.5384
Emma_Watson_0001.jpg,ok,0.0048
Emma_Watson_0002.jpg,ok,0.3837
Emma_Watson_0003.jpg,ok,0.2232
Emma_Watson_0004.jpg,ok,0.4740
Emma_Watson_0005.jpg,ok,0.4145
Emmanuel_Filiberto_0001.jpg,ok,0.0486
Emmanuel_Milingo_0001.jpg,ok,0.5836
Emmanuelle_Beart_0001.jpg,ok,0.8061
Emmanuelle_Beart_0002.jpg,ok,0.5221
Emmanuelle_Beart_0003.jpg,ok,0.6070
Emmanuelle_Jagodsinski_0001.jpg,ok,0.1920
Emmit_Smith_0001.jpg,ok,0.4779
Emmit_Smith_0002.jpg,ok,0.5651
Emmy_Rossum_0001.jpg,ok,0.9327
Emyr_Jones_Parry_0001.jpg,ok,0.0022
Enola_Rice_0001.jpg,ok,0.0371
Enos_Slaughter_0001.jpg,ok,0.9828
Enrica_Fico_0001.jpg,ok,0.2543
Enrik_Vendt_0001.jpg,ok,0.3068
Enrique_Bolanos_0001.jpg,ok,0.0271
Enrique_Bolanos_0002.jpg,ok,0.1742
Enrique_Bolanos_0003.jpg,ok,0.0085
Enrique_Bolanos_0004.jpg,ok,0.7280
Enrique_Bolanos_0005.jpg,ok,0.8526
Enrique_Haroldo_Gorriaran_Merlo_0001.jpg,ok,0.0121
Enrique_Iglesias_0001.jpg,ok,0.2633
Enrique_Medina_Gomez_0001.jpg,ok,0.0587
Enrique_Oliu_0001.jpg,ok,0.9131
Eric_Bana_0001.jpg,ok,0.1121
Eric_Benet_0001.jpg,ok,0.0172
Eric_Christian_Olsen_0001.jpg,ok,0.4015
Eric_Clapton_0001.jpg,ok,0.1376
Eric_Clapton_0002.jpg,ok,0.3118
Eric_Daze_0001.jpg,ok,0.3723
Eric_Dubin_0001.jpg,ok,0.8784
Eric_Fehr_0001.jpg,ok,0.2509
Eric_Hinske_0001.jpg,ok,0.7567
Eric_Hinske_0002.jpg,ok,0.8228
Eric_Idle_0001.jpg,ok,0.6094
Eric_Lindros_0001.jpg,ok,0.8239
Eric_Lloyd_0001.jpg,ok,0.2182
Eric_Robert_Rudolph_0001.jpg,ok,0.9969
Eric_Robert_Rudolph_0002.jpg,ok,0.2023
Eric_Robert_Rudolph_0003.jpg,ok,0.0945
Eric_Rosser_0001.jpg,ok,0.4564
Eric_Rosser_0002.jpg,ok,0.1256
Eric_Ryan_Donnelly_0001.jpg,ok,0.9893
Eric_Schacht_0001.jpg,ok,0.6441
Eric_Shinseki_0001.jpg,ok,0.0149
Eric_Snow_0001.jpg,ok,0.1743
Eric_Staal_0001.jpg,ok,0.0051
Eric_Taino_0001.jpg,ok,0.0419
Eric_Vigouroux_0001.jpg,ok,0.0031
Eric_Wedge_0001.jpg,ok,0.0624
Erick_Barkley_0001.jpg,ok,0.0274
Erik_Morales_0001.jpg,ok,0.3151
Erik_Morales_0002.jpg,ok,0.0804
Erik_Morales_0003.jpg,ok,0.0996
Erika_Christensen_0001.jpg,ok,0.4716
Erika_Christensen_0002.jpg,ok,0.9649
Erika_Harold_0001.jpg,ok,0.0614
Erika_Harold_0002.jpg,ok,0.0338
Erika_Harold_0003.jpg,ok,0.9983
Erika_Harold_0004.jpg,ok,0.0151
Erika_Harold_0005.jpg,ok,0.0010
Erika_Reyes_0001.jpg,ok,0.3361
Eriko_Tamura_0001.jpg,ok,0.3687
Erin_Brockovich_0001.jpg,ok,0.6938
Erin_Hershey_Presley_0001.jpg,ok,0.0021
Erin_Runnion_0001.jpg,ok,0.3917
Erin_Runnion_0002.jpg,ok,0.5719
Erin_Runnion_0003.jpg,ok,0.4879
Erin_Runnion_0004.jpg,ok,0.8570
Ernest_Hollings_0001.jpg,ok,0.4137
Ernesto_Zedillo_0001.jpg,ok,0.9268
Ernesto_Zedillo_0002.jpg,ok,0.3155
Ernie_Els_0001.jpg,ok,0.6362
Ernie_Els_0002.jpg,ok,0.8900
Ernie_Els_0003.jpg,ok,0.6648
Ernie_Els_0004.jpg,ok,0.4690
Ernie_Eves_0001.jpg,ok,0.0173
Ernie_Eves_0002.jpg,ok,0.2183
Ernie_Fletcher_0001.jpg,ok,0.3332
Ernie_Fletcher_0002.jpg,ok,0.0010
Ernie_Grunfeld_0001.jpg,ok,0.0423
Ernie_Harwell_0001.jpg,ok,0.0309
Ernie_Preate_0001.jpg,ok,0.3149
Ernie_Stewart_0001.jpg,ok,0.9789
Erskine_Bowles_0001.jpg,ok,0.3848
Erwin_Abdullah_0001.jpg,ok,0.1226
Erwin_Mapasseng_0001.jpg,ok,0.0063
Esad_Landzo_0001.jpg,ok,0.0585
Esteban_Cordoba-Velazquez_0001.jpg,ok,0.2974
Estella_Warren_0001.jpg,ok,0.9907
Estelle_Morris_0001.jpg,ok,0.3494
Ester_Canadas_0001.jpg,ok,0.0044
Esther_Macklin_0001.jpg,ok,0.2269
Ethan_Hawke_0001.jpg,ok,0.5387
Ethan_Hawke_0002.jpg,ok,0.2433
Ethan_Hawke_0003.jpg,ok,0.4577
Ethan_Hawke_0004.jpg,ok,0.9686
Etta_James_0001.jpg,ok,0.4211
Eugene_Melnyk_0001.jpg,ok,0.2138
Eugene_Teslovic_0001.jpg,ok,0.0363
Eunice_Barber_0001.jpg,ok,0.1287
Eunice_Barber_0002.jpg,ok,0.1294
Eurico_Guterres_0001.jpg,ok,0.1589
Eva_Amurri_0001.jpg,ok,0.9335
Eva_Dimas_0001.jpg,ok,0.0156
Eva_Dimas_0002.jpg,ok,0.0616
Eva_Herzigova_0001.jpg,ok,0.5040
Eva_Marie_Saint_0001.jpg,ok,0.4835
Eva_Mendes_0001.jpg,ok,0.0104
Evan_Marriott_0001.jpg,ok,0.0052
Evan_Rachel_Wood_0001.jpg,ok,0.9969
Evan_Rachel_Wood_0002.jpg,ok,0.9924
Evan_Rachel_Wood_0003.jpg,ok,0.9956
Evander_Holyfield_0001.jpg,ok,0.2250
Evander_Holyfield_0002.jpg,ok,0.3158
Eve_Ensler_0001.jpg,ok,0.2399
Eve_Pelletier_0001.jpg,ok,0.0310
Eve_Pelletier_0002.jpg,ok,0.0027
Evelyn_Lauder_0001.jpg,ok,0.0630
Evgeni_Plushenko_0001.jpg,ok,0.2535
Evie_Lazarou_0001.jpg,ok,0.0032
Evo_Morales_0001.jpg,ok,0.1346
Ewan_McGregor_0001.jpg,ok,0.0006
Fabian_Vargas_0001.jpg,ok,0.5219
Fabiola_Zuluaga_0001.jpg,ok,0.1388
Fabiola_Zuluaga_0002.jpg,ok,0.0990
Fabrice_Santoro_0001.jpg,ok,0.4492
Fabrice_Santoro_0002.jpg,ok,0.3624
Fabrice_Santoro_0003.jpg,ok,0.2393
Fabricio_Oberto_0001.jpg,ok,0.0706
Faisal_Iqbal_0001.jpg,ok,0.0017
Faisal_Saleh_Hayat_0001.jpg,ok,0.0488
Fann_Wong_0001.jpg,ok,0.8622
Farida_Ragoonanan_0001.jpg,ok,0.2669
Farouk_Kaddoumi_0001.jpg,ok,0.0728
Farouk_al-Sharaa_0001.jpg,ok,0.3950
Farouk_al-Sharaa_0002.jpg,ok,0.0763
Farouk_al-Sharaa_0003.jpg,ok,0.5474
Fatma_Kusibeh_0001.jpg,ok,0.7617
Fatmir_Limaj_0001.jpg,ok,0.8532
Faye_Alibocus_0001.jpg,ok,0.0046
Faye_Dunaway_0001.jpg,ok,0.3599
Faye_Dunaway_0002.jpg,ok,0.8553
Faye_Dunaway_0003.jpg,ok,0.6955
Faye_Wong_0001.jpg,ok,0.2098
Fayssal_Mekdad_0001.jpg,ok,0.0543
Fayssal_Mekdad_0002.jpg,ok,0.5498
Fayssal_Mekdad_0003.jpg,ok,0.5936
Fayssal_Mekdad_0004.jpg,ok,0.2006
Fazal-ur-Rehman_0001.jpg,ok,0.4420
Federico_Castelan_Sayre_0001.jpg,ok,0.0034
Federico_Fellini_0001.jpg,ok,0.9535
Federico_Trillo_0001.jpg,ok,0.3930
Federico_Trillo_0002.jpg,ok,0.1363
Federico_Trillo_0003.jpg,ok,0.5998
Feliciano_Lopez_0001.jpg,ok,0.7663
Felicity_Huffman_0001.jpg,ok,0.2844
Felipe_De_Borbon_0001.jpg,ok,0.7473
Felipe_Fernandez_0001.jpg,ok,0.4667
Felipe_Perez_Roque_0001.jpg,ok,0.6354
Felipe_Perez_Roque_0002.jpg,ok,0.4283
Felipe_Perez_Roque_0003.jpg,ok,0.8949
Felipe_Perez_Roque_0004.jpg,ok,0.5321
Felix_Doh_0001.jpg,ok,0.0023
Felix_Mantilla_0001.jpg,ok,0.2304
Felix_Mantilla_0002.jpg,ok,0.1355
Felix_Sanchez_0001.jpg,ok,0.4303
Felix_Trinidad_0001.jpg,ok,0.0506
Ferenc_Madl_0001.jpg,ok,0.0101
Ferenc_Madl_0002.jpg,ok,0.9753
Fernando_Alonso_0001.jpg,ok,0.6242
Fernando_Gonzalez_0001.jpg,ok,0.9290
Fernando_Gonzalez_0002.jpg,ok,0.0082
Fernando_Gonzalez_0003.jpg,ok,0.2993
Fernando_Gonzalez_0004.jpg,ok,0.3548
Fernando_Gonzalez_0005.jpg,ok,0.0719
Fernando_Gonzalez_0006.jpg,ok,0.1317
Fernando_Gonzalez_0007.jpg,ok,0.1722
Fernando_Gonzalez_0008.jpg,ok,0.0100
Fernando_Gonzalez_0009.jpg,ok,0.6573
Fernando_Henrique_Cardoso_0001.jpg,ok,0.9353
Fernando_Henrique_Cardoso_0002.jpg,ok,0.3810
Fernando_Henrique_Cardoso_0003.jpg,ok,0.1913
Fernando_Henrique_Cardoso_0004.jpg,ok,0.7870
Fernando_Henrique_Cardoso_0005.jpg,ok,0.2816
Fernando_Henrique_Cardoso_0006.jpg,ok,0.0103
Fernando_Henrique_Cardoso_0007.jpg,ok,0.4955
Fernando_Henrique_Cardoso_0008.jpg,ok,0.5597
Fernando_Hierro_0001.jpg,ok,0.3542
Fernando_Leon_de_Aranoa_0001.jpg,ok,0.4470
Fernando_Sanz_0001.jpg,ok,0.0458
Fernando_Valenzuela_0001.jpg,ok,0.9973
Fernando_Vargas_0001.jpg,ok,0.0144
Fernando_Vargas_0002.jpg,ok,0.2246
Fernando_Vargas_0003.jpg,ok,0.2742
Fernando_Vargas_0004.jpg,ok,0.0177
Fernando_Velardez_0001.jpg,ok,0.3510
Festus_Mogae_0001.jpg,ok,0.3311
Fidel_Castro_0001.jpg,ok,0.9875
Fidel_Castro_0002.jpg,ok,0.8584
Fidel_Castro_0003.jpg,ok,0.2051
Fidel_Castro_0004.jpg,ok,0.1142
Fidel_Castro_0005.jpg,ok,0.4267
Fidel_Castro_0006.jpg,ok,0.8871
Fidel_Castro_0007.jpg,ok,0.0138
Fidel_Castro_0008.jpg,ok,0.1161
Fidel_Castro_0009.jpg,ok,0.0604
Fidel_Castro_0010.jpg,ok,0.7840
Fidel_Castro_0011.jpg,ok,0.1168
Fidel_Castro_0012.jpg,ok,0.8757
Fidel_Castro_0013.jpg,ok,0.1308
Fidel_Castro_0014.jpg,ok,0.9698
Fidel_Castro_0015.jpg,ok,0.2556
Fidel_Castro_0016.jpg,ok,0.0078
Fidel_Castro_0017.jpg,ok,0.0879
Fidel_Castro_0018.jpg,ok,0.3739
Fidel_Castro_Daiz-Balart_0001.jpg,ok,0.3178
Filip_De_Winter_0001.jpg,ok,0.2681
Filippo_Inzaghi_0001.jpg,ok,0.0810
Filippo_Inzaghi_0002.jpg,ok,0.1160
Filippo_Inzaghi_0003.jpg,ok,0.6487
Filippo_Volandri_0001.jpg,ok,0.9101
Fiona_Milne_0001.jpg,ok,0.8783
Flavia_Delaroli_0001.jpg,ok,0.0159
Flavia_Delaroli_0002.jpg,ok,0.9396
Flavia_Pennetta_0001.jpg,ok,0.0110
Flor_Montulo_0001.jpg,ok,0.9119
Flor_Montulo_0002.jpg,ok,0.0036
Florecita_Cobian_0001.jpg,ok,0.1450
Florencia_Kirchner_0001.jpg,ok,0.5086
Florencia_Macri_0001.jpg,ok,0.0658
Floyd_Keith_0001.jpg,ok,0.2116
Floyd_Mayweather_0001.jpg,ok,0.6230
Fran_Drescher_0001.jpg,ok,0.0120
Fran_Drescher_0002.jpg,ok,0.1732
Frances_Fisher_0001.jpg,ok,0.5253
Frances_Fisher_0002.jpg,ok,0.8352
Francesco_Totti_0001.jpg,ok,0.0340
Francis_Collins_0001.jpg,ok,0.0335
Francis_Crick_0001.jpg,ok,0.9388
Francis_Ford_Coppola_0001.jpg,ok,0.0019
Francis_Ford_Coppola_0002.jpg,ok,0.0082
Francis_George_0001.jpg,ok,0.6824
Francis_George_0002.jpg,ok,0.7923
Francis_Mer_0001.jpg,ok,0.5358
Francis_Mer_0002.jpg,ok,0.0145
Francis_Ricciardone_0001.jpg,ok,0.2380
Francisco_Flores_0001.jpg,ok,0.5026
Francisco_Flores_0002.jpg,ok,0.4903
Francisco_Flores_0003.jpg,ok,0.4010
Francisco_Flores_0004.jpg,ok,0.0601
Francisco_Garcia_0001.jpg,ok,0.3855
Francisco_Maturana_0001.jpg,ok,0.6216
Francisco_Santos_0001.jpg,ok,0.0475
Francisco_Urenda_0001.jpg,ok,0.3951
Franck_Cerutti_0001.jpg,ok,0.7464
Franco_Cangele_0001.jpg,ok,0.2106
Franco_Dragone_0001.jpg,ok,0.1035
Franco_Dragone_0002.jpg,ok,0.0103
Franco_Frattini_0001.jpg,ok,0.0233
Francois_Botha_0001.jpg,ok,0.4894
Francois_Ozon_0001.jpg,ok,0.1499
Francois_Pienaar_0001.jpg,ok,0.1227
Frank_Abagnale_Jr_0001.jpg,ok,0.9904
Frank_Beamer_0001.jpg,ok,0.3517
Frank_Bell_0001.jpg,ok,0.6994
Frank_Cassell_0001.jpg,ok,0.7863
Frank_Cassell_0002.jpg,ok,0.9519
Frank_Cassell_0003.jpg,ok,0.1620
Frank_Coraci_0001.jpg,ok,0.9715
Frank_Dunham_Jr_0001.jpg,ok,0.7893
Frank_Dunham_Jr_0002.jpg,ok,0.0003
Frank_Griswold_0001.jpg,ok,0.2550
Frank_Griswold_0002.jpg,ok,0.0029
Frank_Hilldrup_0001.jpg,ok,0.3177
Frank_Hsieh_0001.jpg,ok,0.1744
Frank_Keating_0001.jpg,ok,0.2611
Frank_Lautenberg_0001.jpg,ok,0.7137
Frank_Lautenberg_0002.jpg,ok,0.3205
Frank_Marshall_0001.jpg,ok,0.0497
Frank_Murkowski_0001.jpg,ok,0.3009
Frank_Pallone_0001.jpg,ok,0.8651
Frank_Schmoekel_0001.jpg,ok,0.4092
Frank_Shea_0001.jpg,ok,0.9759
Frank_Sinatra_0001.jpg,ok,0.4271
Frank_Solich_0001.jpg,ok,0.9866
Frank_Solich_0002.jpg,ok,0.8731
Frank_Solich_0003.jpg,ok,0.1244
Frank_Solich_0004.jpg,ok,0.0201
Frank_Solich_0005.jpg,ok,0.6297
Frank_Stallone_0001.jpg,ok,0.4121
Frank_Stallone_0002.jpg,ok,0.4861
Frank_Taylor_0001.jpg,ok,0.5176
Frank_Van_Ecke_0001.jpg,ok,0.3255
Frank_Wycheck_0001.jpg,ok,0.1854
Frank_Zappa_0001.jpg,ok,0.2194
Franklin_Brown_0001.jpg,ok,0.7327
Franklin_Damann_0001.jpg,ok,0.7977
Franko_Simatovic_0001.jpg,ok,0.1660
Franko_Simatovic_0002.jpg,ok,0.3738
Franz_Beckenbauer_0001.jpg,ok,0.3430
Franz_Beckenbauer_0002.jpg,ok,0.8926
Franz_Fischler_0001.jpg,ok,0.8474
Franz_Fischler_0002.jpg,ok,0.0242
Franz_Fischler_0003.jpg,ok,0.6552
Franz_Fischler_0004.jpg,ok,0.3454
Franz_Gsell_0001.jpg,ok,0.7759
Franz_Muentefering_0001.jpg,ok,0.6817
Franz_Muentefering_0002.jpg,ok,0.4946
Franz_Muentefering_0003.jpg,ok,0.8588
Franz_Muentefering_0004.jpg,ok,0.4424
Fred_Durst_0001.jpg,ok,0.0040
Fred_Eckhard_0001.jpg,ok,0.3691
Fred_Eckhard_0002.jpg,ok,0.0350
Fred_Eckhard_0003.jpg,ok,0.1159
Fred_Funk_0001.jpg,ok,0.4401
Fred_Funk_0002.jpg,ok,0.8987
Fred_Huff_0001.jpg,ok,0.9789
Fred_Rogers_0001.jpg,ok,0.2103
Fred_Swan_0001.jpg,ok,0.8764
Fred_Thompson_0001.jpg,ok,0.1032
Fred_Thompson_0002.jpg,ok,0.7545
Fred_Thompson_0003.jpg,ok,0.0550
Fred_Wilpon_0001.jpg,ok,0.1267
Freda_Black_0001.jpg,ok,0.7822
Freddy_Garcia_0001.jpg,ok,0.3186
Freddy_Garcia_0002.jpg,ok,0.6513
Freddy_Vasques_Kinchokpe_0001.jpg,ok,0.4018
Frederick_Madden_0001.jpg,ok,0.1078
Frederique_van_der_Wal_0001.jpg,ok,0.2658
Fredric_Seaman_0001.jpg,ok,0.0913
Fruit_Chan_0001.jpg,ok,0.0916
Fujio_Cho_0001.jpg,ok,0.2331
Fujio_Cho_0002.jpg,ok,0.0622
Fujio_Cho_0003.jpg,ok,0.0680
Fujio_Cho_0004.jpg,ok,0.1185
Fujio_Cho_0005.jpg,ok,0.0613
Fujio_Cho_0006.jpg,ok,0.0353
Fujio_Mitarai_0001.jpg,ok,0.4220
GL_Peiris_0001.jpg,ok,0.9904
GL_Peiris_0002.jpg,ok,0.5969
GL_Peiris_0003.jpg,ok,0.7143
GL_Peiris_0004.jpg,ok,0.0063
Gabi_Zimmer_0001.jpg,ok,0.2862
Gabriel_Batistuta_0001.jpg,ok,0.3206
Gabriel_Batistuta_0002.jpg,ok,0.1547
Gabriel_Farhi_0001.jpg,ok,0.7758
Gabriel_Hughes_0001.jpg,ok,0.6228
Gabriel_Jorge_Ferreia_0001.jpg,ok,0.0435
Gabriel_Valdes_0001.jpg,ok,0.0761
Gabriel_Valdes_0002.jpg,ok,0.2287
Gabriella_Bo_0001.jpg,ok,0.0349
Gabrielle_Rose_0001.jpg,ok,0.2374
Gabrielle_Union_0001.jpg,ok,0.0529
Gael_Garcia_Bermal_0001.jpg,ok,0.0503
Gala_Leon_Garcia_0001.jpg,ok,0.2536
Galen_Rowell_0001.jpg,ok,0.0880
Gao_Qiang_0001.jpg,ok,0.0750
Gao_Qiang_0002.jpg,ok,0.3113
Garry_Alejano_0001.jpg,ok,0.1393
Garry_Kasparov_0001.jpg,ok,0.3672
Garry_Kasparov_0002.jpg,ok,0.1993
Garry_McCoy_0001.jpg,ok,0.3064
Garry_Trudeau_0001.jpg,ok,0.0014
Garry_Trudeau_0002.jpg,ok,0.4813
Garry_Witherall_0001.jpg,ok,0.0965
Garth_Drabinsky_0001.jpg,ok,0.0141
Gary_Bald_0001.jpg,ok,0.8235
Gary_Barnett_0001.jpg,ok,0.3131
Gary_Bauer_0001.jpg,ok,0.4263
Gary_Bergeron_0001.jpg,ok,0.6410
Gary_Bergeron_0002.jpg,ok,0.3805
Gary_Bettman_0001.jpg,ok,0.2535
Gary_Carter_0001.jpg,ok,0.0020
Gary_Carter_0002.jpg,ok,0.3391
Gary_Carter_0003.jpg,ok,0.3742
Gary_Coleman_0001.jpg,ok,0.1626
Gary_Condit_0001.jpg,ok,0.5843
Gary_Dellaverson_0001.jpg,ok,0.4352
Gary_Doer_0001.jpg,ok,0.7435
Gary_Doer_0002.jpg,ok,0.0124
Gary_Doer_0003.jpg,ok,0.1277
Gary_Forsee_0001.jpg,ok,0.3966
Gary_Forsee_0002.jpg,ok,0.4143
Gary_Gero_0001.jpg,ok,0.6251
Gary_Gitnick_0001.jpg,ok,0.4424
Gary_Leon_Ridgway_0001.jpg,ok,0.1369
Gary_Locke_0001.jpg,ok,0.1252
Gary_Locke_0002.jpg,ok,0.0011
Gary_Marshall_0001.jpg,ok,0.1481
Gary_Paer_0001.jpg,ok,0.0851
Gary_Sayler_0001.jpg,ok,0.6730
Gary_Sinise_0001.jpg,ok,0.0034
Gary_Stevens_0001.jpg,ok,0.5957
Gary_Williams_0001.jpg,ok,0.1383
Gary_Williams_0002.jpg,ok,0.7679
Gary_Winnick_0001.jpg,ok,0.0148
Gary_Winnick_0002.jpg,ok,0.7122
Gaston_Gaudio_0001.jpg,ok,0.2854
Gavin_Degraw_0001.jpg,ok,0.0016
Gavyn_Arthur_0001.jpg,ok,0.8882
Gavyn_Davies_0001.jpg,ok,0.9562
Gen_Meredith_0001.jpg,ok,0.4591
Gene_Autry_0001.jpg,ok,0.3347
Gene_Hackman_0001.jpg,ok,0.4420
Gene_Keady_0001.jpg,ok,0.0058
Gene_Orza_0001.jpg,ok,0.0914
Gene_Robinson_0001.jpg,ok,0.3815
Gene_Robinson_0002.jpg,ok,0.6708
Gene_Robinson_0003.jpg,ok,0.4006
Gene_Robinson_0004.jpg,ok,0.8457
Gene_Robinson_0005.jpg,ok,0.0393
Gene_Sauers_0001.jpg,ok,0.1973
Gennifer_Flowers_0001.jpg,ok,0.4008
Geno_Auriemma_0001.jpg,ok,0.3704
Geno_Auriemma_0002.jpg,ok,0.0138
Geoff_Dixon_0001.jpg,ok,0.2703
Geoff_Hoon_0001.jpg,ok,0.2854
Geoff_Hoon_0002.jpg,ok,0.5731
Geoff_Hoon_0003.jpg,ok,0.0342
Geoff_Hoon_0004.jpg,ok,0.9023
Geoff_Hoon_0005.jpg,ok,0.1334
Geoff_Hoon_0006.jpg,ok,0.1741
Geoff_Hoon_0007.jpg,ok,0.5479
Geoffrey_Davis_0001.jpg,ok,0.0084
Geoffrey_Rush_0001.jpg,ok,0.0704
George_Allen_0001.jpg,ok,0.1875
George_Blaney_0001.jpg,ok,0.5279
George_Bovell_0001.jpg,ok,0.1806
George_Brumley_0001.jpg,ok,0.9533
George_Brumley_0002.jpg,ok,0.0257
George_Brumley_III_0001.jpg,ok,0.4919
George_Clooney_0001.jpg,ok,0.8008
George_Clooney_0002.jpg,ok,0.9135
George_Clooney_0003.jpg,ok,0.3191
George_Clooney_0004.jpg,ok,0.9320
George_Clooney_0005.jpg,ok,0.0412
George_Clooney_0006.jpg,ok,0.2770
George_Clooney_0007.jpg,ok,0.0080
George_Clooney_0008.jpg,ok,0.8803
George_Clooney_0009.jpg,ok,0.0116
George_Foreman_0001.jpg,ok,0.1333
George_Foreman_0002.jpg,ok,0.6734
George_Galloway_0001.jpg,ok,0.9701
George_Galloway_0002.jpg,ok,0.8876
George_Galloway_0003.jpg,ok,0.7886
George_Galloway_0004.jpg,ok,0.0207
George_Gregan_0001.jpg,ok,0.2461
George_HW_Bush_0001.jpg,ok,0.8578
George_HW_Bush_0002.jpg,ok,0.4103
George_HW_Bush_0003.jpg,ok,0.5424
George_HW_Bush_0004.jpg,ok,0.9133
George_HW_Bush_0005.jpg,ok,0.0022
George_HW_Bush_0006.jpg,ok,0.9698
George_HW_Bush_0007.jpg,ok,0.9382
George_HW_Bush_0008.jpg,ok,0.1430
George_HW_Bush_0009.jpg,ok,0.8360
George_HW_Bush_0010.jpg,ok,0.1114
George_HW_Bush_0011.jpg,ok,0.2562
George_HW_Bush_0012.jpg,ok,0.9674
George_HW_Bush_0013.jpg,ok,0.0040
George_Harrison_0001.jpg,ok,0.8494
George_Karl_0001.jpg,ok,0.6751
George_Karl_0002.jpg,ok,0.8611
George_Lopez_0001.jpg,ok,0.0505
George_Lopez_0002.jpg,ok,0.0291
George_Lopez_0003.jpg,ok,0.1878
George_Lopez_0004.jpg,ok,0.0312
George_Lopez_0005.jpg,ok,0.0071
George_Lucas_0001.jpg,ok,0.3205
George_Maxwell_Richards_0001.jpg,ok,0.9628
George_McCloud_0001.jpg,ok,0.0648
George_Murphy_0001.jpg,ok,0.6302
George_P_Bush_0001.jpg,ok,0.8237
George_P_Bush_0002.jpg,ok,0.5705
George_Papandreou_0001.jpg,ok,0.1648
George_Papandreou_0002.jpg,ok,0.0182
George_Papandreou_0003.jpg,ok,0.8521
George_Papandreou_0004.jpg,ok,0.4958
George_Pataki_0001.jpg,ok,0.3281
George_Pataki_0002.jpg,ok,0.6803
George_Pataki_0003.jpg,ok,0.0379
George_Pataki_0004.jpg,ok,0.1185
George_Pataki_0005.jpg,ok,0.3323
George_Plimpton_0001.jpg,ok,0.3800
George_Robertson_0001.jpg,ok,0.6099
George_Robertson_0002.jpg,ok,0.0244
George_Robertson_0003.jpg,ok,0.0139
George_Robertson_0004.jpg,ok,0.5354
George_Robertson_0005.jpg,ok,0.1375
George_Robertson_0006.jpg,ok,0.0751
George_Robertson_0007.jpg,ok,0.3412
George_Robertson_0008.jpg,ok,0.0346
George_Robertson_0009.jpg,ok,0.0064
George_Robertson_0010.jpg,ok,0.0402
George_Robertson_0011.jpg,ok,0.0258
George_Robertson_0012.jpg,ok,0.1165
George_Robertson_0013.jpg,ok,0.7278
George_Robertson_0014.jpg,ok,0.0052
George_Robertson_0015.jpg,ok,0.0029
George_Robertson_0016.jpg,ok,0.1073
George_Robertson_0017.jpg,ok,0.0315
George_Robertson_0018.jpg,ok,0.4234
George_Robertson_0019.jpg,ok,0.0572
George_Robertson_0020.jpg,ok,0.0003
George_Robertson_0021.jpg,ok,0.3821
George_Robertson_0022.jpg,ok,0.4058
George_Roy_Hill_0001.jpg,ok,0.9893
George_Roy_Hill_0002.jpg,ok,0.1076
George_Ryan_0001.jpg,ok,0.7074
George_Ryan_0002.jpg,ok,0.4943
George_Ryan_0003.jpg,ok,0.7239
George_Ryan_0004.jpg,ok,0.3925
George_Tenet_0001.jpg,ok,0.4888
George_Tenet_0002.jpg,ok,0.0018
George_Voinovich_0001.jpg,ok,0.7003
George_Voinovich_0002.jpg,ok,0.0081
George_Voinovich_0003.jpg,ok,0.1684
George_W_Bush_0001.jpg,ok,0.2135
George_W_Bush_0002.jpg,ok,0.0544
George_W_Bush_0003.jpg,ok,0.0067
George_W_Bush_0004.jpg,ok,0.8308
George_W_Bush_0005.jpg,ok,0.5679
George_W_Bush_0006.jpg,ok,0.0738
George_W_Bush_0007.jpg,ok,0.0733
George_W_Bush_0008.jpg,ok,0.4442
George_W_Bush_0009.jpg,ok,0.8024
George_W_Bush_0010.jpg,ok,0.9211
George_W_Bush_0011.jpg,ok,0.8838
George_W_Bush_0012.jpg,ok,0.1787
George_W_Bush_0013.jpg,ok,0.7226
George_W_Bush_0014.jpg,ok,0.8889
George_W_Bush_0015.jpg,ok,0.5777
George_W_Bush_0016.jpg,ok,0.7072
George_W_Bush_0017.jpg,ok,0.3026
George_W_Bush_0018.jpg,ok,0.0967
George_W_Bush_0019.jpg,ok,0.0069
George_W_Bush_0020.jpg,ok,0.5022
George_W_Bush_0021.jpg,ok,0.2019
George_W_Bush_0022.jpg,ok,0.8677
George_W_Bush_0023.jpg,ok,0.0708
George_W_Bush_0024.jpg,ok,0.0732
George_W_Bush_0025.jpg,ok,0.1030
George_W_Bush_0026.jpg,ok,0.1065
George_W_Bush_0027.jpg,ok,0.0138
George_W_Bush_0028.jpg,ok,0.9058
George_W_Bush_0029.jpg,ok,0.3686
George_W_Bush_0030.jpg,ok,0.0814
George_W_Bush_0031.jpg,ok,0.1130
George_W_Bush_0032.jpg,ok,0.0056
George_W_Bush_0033.jpg,ok,0.2016
George_W_Bush_0034.jpg,ok,0.2723
George_W_Bush_0035.jpg,ok,0.2567
George_W_Bush_0036.jpg,ok,0.4434
George_W_Bush_0037.jpg,ok,0.9192
George_W_Bush_0038.jpg,ok,0.8313
George_W_Bush_0039.jpg,ok,0.6271
George_W_Bush_0040.jpg,ok,0.7860
George_W_Bush_0041.jpg,ok,0.0018
George_W_Bush_0042.jpg,ok,0.1197
George_W_Bush_0043.jpg,ok,0.3006
George_W_Bush_0044.jpg,ok,0.6782
George_W_Bush_0045.jpg,ok,0.5361
George_W_Bush_0046.jpg,ok,0.9972
George_W_Bush_0047.jpg,ok,0.6683
George_W_Bush_0048.jpg,ok,0.2372
George_W_Bush_0049.jpg,ok,0.2361
George_W_Bush_0050.jpg,ok,0.0257
George_W_Bush_0051.jpg,ok,0.5314
George_W_Bush_0052.jpg,ok,0.0857
George_W_Bush_0053.jpg,ok,0.8656
George_W_Bush_0054.jpg,ok,0.7615
George_W_Bush_0055.jpg,ok,0.2677
George_W_Bush_0056.jpg,ok,0.0037
George_W_Bush_0057.jpg,ok,0.5710
George_W_Bush_0058.jpg,ok,0.8770
George_W_Bush_0059.jpg,ok,0.3654
George_W_Bush_0060.jpg,ok,0.3104
George_W_Bush_0061.jpg,ok,0.2660
George_W_Bush_0062.jpg,ok,0.6150
George_W_Bush_0063.jpg,ok,0.0018
George_W_Bush_0064.jpg,ok,0.7291
George_W_Bush_0065.jpg,ok,0.2987
George_W_Bush_0066.jpg,ok,0.0265
George_W_Bush_0067.jpg,ok,0.1667
George_W_Bush_0068.jpg,ok,0.5418
George_W_Bush_0069.jpg,ok,0.0075
George_W_Bush_0070.jpg,ok,0.4793
George_W_Bush_0071.jpg,ok,0.4089
George_W_Bush_0072.jpg,ok,0.5906
George_W_Bush_0073.jpg,ok,0.3740
George_W_Bush_0074.jpg,ok,0.0136
George_W_Bush_0075.jpg,ok,0.1243
George_W_Bush_0076.jpg,ok,0.5974
George_W_Bush_0077.jpg,ok,0.0099
George_W_Bush_0078.jpg,ok,0.1986
George_W_Bush_0079.jpg,ok,0.3103
George_W_Bush_0080.jpg,ok,0.1579
George_W_Bush_0081.jpg,ok,0.0027
George_W_Bush_0082.jpg,ok,0.0011
George_W_Bush_0083.jpg,ok,0.0014
George_W_Bush_0084.jpg,ok,0.3330
George_W_Bush_0085.jpg,ok,0.2277
George_W_Bush_0086.jpg,ok,0.4733
George_W_Bush_0087.jpg,ok,0.1863
George_W_Bush_0088.jpg,ok,0.0765
George_W_Bush_0089.jpg,ok,0.1080
George_W_Bush_0090.jpg,ok,0.2095
George_W_Bush_0091.jpg,ok,0.8872
George_W_Bush_0092.jpg,ok,0.4802
George_W_Bush_0093.jpg,ok,0.1431
George_W_Bush_0094.jpg,ok,0.0269
George_W_Bush_0095.jpg,ok,0.3965
George_W_Bush_0096.jpg,ok,0.8916
George_W_Bush_0097.jpg,ok,0.2277
George_W_Bush_0098.jpg,ok,0.8374
George_W_Bush_0099.jpg,ok,0.1915
George_W_Bush_0100.jpg,ok,0.6012
George_W_Bush_0101.jpg,ok,0.0678
George_W_Bush_0102.jpg,ok,0.9792
George_W_Bush_0103.jpg,ok,0.1019
George_W_Bush_0104.jpg,ok,0.2492
George_W_Bush_0105.jpg,ok,0.0741
George_W_Bush_0106.jpg,ok,0.3349
George_W_Bush_0107.jpg,ok,0.0054
George_W_Bush_0108.jpg,ok,0.3916
George_W_Bush_0109.jpg,ok,0.2720
George_W_Bush_0110.jpg,ok,0.3197
George_W_Bush_0111.jpg,ok,0.2024
George_W_Bush_0112.jpg,ok,0.9255
George_W_Bush_0113.jpg,ok,0.3074
George_W_Bush_0114.jpg,ok,0.3023
George_W_Bush_0115.jpg,ok,0.0232
George_W_Bush_0116.jpg,ok,0.7736
George_W_Bush_0117.jpg,ok,0.5140
George_W_Bush_0118.jpg,ok,0.0641
George_W_Bush_0119.jpg,ok,0.0806
George_W_Bush_0120.jpg,ok,0.9365
George_W_Bush_0121.jpg,ok,0.9564
George_W_Bush_0122.jpg,ok,0.7685
George_W_Bush_0123.jpg,ok,0.1750
George_W_Bush_0124.jpg,ok,0.0021
George_W_Bush_0125.jpg,ok,0.9501
George_W_Bush_0126.jpg,ok,0.9897
George_W_Bush_0127.jpg,ok,0.1445
George_W_Bush_0128.jpg,ok,0.3016
George_W_Bush_0129.jpg,ok,0.5683
George_W_Bush_0130.jpg,ok,0.0608
George_W_Bush_0131.jpg,ok,0.7962
George_W_Bush_0132.jpg,ok,0.6267
George_W_Bush_0133.jpg,ok,0.4237
George_W_Bush_0134.jpg,ok,0.5952
George_W_Bush_0135.jpg,ok,0.0413
George_W_Bush_0136.jpg,ok,0.8134
George_W_Bush_0137.jpg,ok,0.2769
George_W_Bush_0138.jpg,ok,0.4289
George_W_Bush_0139.jpg,ok,0.5154
George_W_Bush_0140.jpg,ok,0.5758
George_W_Bush_0141.jpg,ok,0.9940
George_W_Bush_0142.jpg,ok,0.4697
George_W_Bush_0143.jpg,ok,0.2933
George_W_Bush_0144.jpg,ok,0.9832
George_W_Bush_0145.jpg,ok,0.9398
George_W_Bush_0146.jpg,ok,0.9808
George_W_Bush_0147.jpg,ok,0.1436
George_W_Bush_0148.jpg,ok,0.1772
George_W_Bush_0149.jpg,ok,0.9604
George_W_Bush_0150.jpg,ok,0.4581
George_W_Bush_0151.jpg,ok,0.1097
George_W_Bush_0152.jpg,ok,0.3825
George_W_Bush_0153.jpg,ok,0.5409
George_W_Bush_0154.jpg,ok,0.8474
George_W_Bush_0155.jpg,ok,0.2102
George_W_Bush_0156.jpg,ok,0.3691
George_W_Bush_0157.jpg,ok,0.9913
George_W_Bush_0158.jpg,ok,0.8453
George_W_Bush_0159.jpg,ok,0.7701
George_W_Bush_0160.jpg,ok,0.1088
George_W_Bush_0161.jpg,ok,0.3044
George_W_Bush_0162.jpg,ok,0.2867
George_W_Bush_0163.jpg,ok,0.2045
George_W_Bush_0164.jpg,ok,0.0345
George_W_Bush_0165.jpg,ok,0.1267
George_W_Bush_0166.jpg,ok,0.1618
George_W_Bush_0167.jpg,ok,0.8581
George_W_Bush_0168.jpg,ok,0.7519
George_W_Bush_0169.jpg,ok,0.6240
George_W_Bush_0170.jpg,ok,0.3942
George_W_Bush_0171.jpg,ok,0.7865
George_W_Bush_0172.jpg,ok,0.7894
George_W_Bush_0173.jpg,ok,0.4413
George_W_Bush_0174.jpg,ok,0.0130
George_W_Bush_0175.jpg,ok,0.7431
George_W_Bush_0176.jpg,ok,0.3435
George_W_Bush_0177.jpg,ok,0.2471
George_W_Bush_0178.jpg,ok,0.2685
George_W_Bush_0179.jpg,ok,0.8101
George_W_Bush_0180.jpg,ok,0.5689
George_W_Bush_0181.jpg,ok,0.6416
George_W_Bush_0182.jpg,ok,0.9307
George_W_Bush_0183.jpg,ok,0.2120
George_W_Bush_0184.jpg,ok,0.3929
George_W_Bush_0185.jpg,ok,0.6984
George_W_Bush_0186.jpg,ok,0.5815
George_W_Bush_0187.jpg,ok,0.5370
George_W_Bush_0188.jpg,ok,0.5724
George_W_Bush_0189.jpg,ok,0.8940
George_W_Bush_0190.jpg,ok,0.8833
George_W_Bush_0191.jpg,ok,0.9316
George_W_Bush_0192.jpg,ok,0.3948
George_W_Bush_0193.jpg,ok,0.3480
George_W_Bush_0194.jpg,ok,0.2664
George_W_Bush_0195.jpg,ok,0.3702
George_W_Bush_0196.jpg,ok,0.5317
George_W_Bush_0197.jpg,ok,0.8507
George_W_Bush_0198.jpg,ok,0.2370
George_W_Bush_0199.jpg,ok,0.0111
George_W_Bush_0200.jpg,ok,0.8546
George_W_Bush_0201.jpg,ok,0.0025
George_W_Bush_0202.jpg,ok,0.0019
George_W_Bush_0203.jpg,ok,0.1443
George_W_Bush_0204.jpg,ok,0.5027
George_W_Bush_0205.jpg,ok,0.7017
George_W_Bush_0206.jpg,ok,0.1238
George_W_Bush_0207.jpg,ok,0.1232
George_W_Bush_0208.jpg,ok,0.0785
George_W_Bush_0209.jpg,ok,0.0470
George_W_Bush_0210.jpg,ok,0.4258
George_W_Bush_0211.jpg,ok,0.9933
George_W_Bush_0212.jpg,ok,0.5063
George_W_Bush_0213.jpg,ok,0.0208
George_W_Bush_0214.jpg,ok,0.9231
George_W_Bush_0215.jpg,ok,0.0034
George_W_Bush_0216.jpg,ok,0.7790
George_W_Bush_0217.jpg,ok,0.0010
George_W_Bush_0218.jpg,ok,0.8780
George_W_Bush_0219.jpg,ok,0.6635
George_W_Bush_0220.jpg,ok,0.0050
George_W_Bush_0221.jpg,ok,0.5821
George_W_Bush_0222.jpg,ok,0.2890
George_W_Bush_0223.jpg,ok,0.1415
George_W_Bush_0224.jpg,ok,0.0141
George_W_Bush_0225.jpg,ok,0.3077
George_W_Bush_0226.jpg,ok,0.1759
George_W_Bush_0227.jpg,ok,0.8364
George_W_Bush_0228.jpg,ok,0.2796
George_W_Bush_0229.jpg,ok,0.5780
George_W_Bush_0230.jpg,ok,0.5985
George_W_Bush_0231.jpg,ok,0.3390
George_W_Bush_0232.jpg,ok,0.1486
George_W_Bush_0233.jpg,ok,0.9103
George_W_Bush_0234.jpg,ok,0.2099
George_W_Bush_0235.jpg,ok,0.6442
George_W_Bush_0236.jpg,ok,0.3520
George_W_Bush_0237.jpg,ok,0.1966
George_W_Bush_0238.jpg,ok,0.9122
George_W_Bush_0239.jpg,ok,0.7790
George_W_Bush_0240.jpg,ok,0.9383
George_W_Bush_0241.jpg,ok,0.9616
George_W_Bush_0242.jpg,ok,0.2659
George_W_Bush_0243.jpg,ok,0.3223
George_W_Bush_0244.jpg,ok,0.3979
George_W_Bush_0245.jpg,ok,0.0141
George_W_Bush_0246.jpg,ok,0.2910
George_W_Bush_0247.jpg,ok,0.5728
George_W_Bush_0248.jpg,ok,0.2355
George_W_Bush_0249.jpg,ok,0.5689
George_W_Bush_0250.jpg,ok,0.1733
George_W_Bush_0251.jpg,ok,0.1417
George_W_Bush_0252.jpg,ok,0.9326
George_W_Bush_0253.jpg,ok,0.0578
George_W_Bush_0254.jpg,ok,0.6954
George_W_Bush_0255.jpg,ok,0.9938
George_W_Bush_0256.jpg,ok,0.9111
George_W_Bush_0257.jpg,ok,0.4489
George_W_Bush_0258.jpg,ok,0.4409
George_W_Bush_0259.jpg,ok,0.0038
George_W_Bush_0260.jpg,ok,0.2678
George_W_Bush_0261.jpg,ok,0.7512
George_W_Bush_0262.jpg,ok,0.0319
George_W_Bush_0263.jpg,ok,0.3993
George_W_Bush_0264.jpg,ok,0.1683
George_W_Bush_0265.jpg,ok,0.5514
George_W_Bush_0266.jpg,ok,0.5193
George_W_Bush_0267.jpg,ok,0.9314
George_W_Bush_0268.jpg,ok,0.7308
George_W_Bush_0269.jpg,ok,0.3348
George_W_Bush_0270.jpg,ok,0.8710
George_W_Bush_0271.jpg,ok,0.2530
George_W_Bush_0272.jpg,ok,0.6758
George_W_Bush_0273.jpg,ok,0.6700
George_W_Bush_0274.jpg,ok,0.0017
George_W_Bush_0275.jpg,ok,0.1121
George_W_Bush_0276.jpg,ok,0.9267
George_W_Bush_0277.jpg,ok,0.3987
George_W_Bush_0278.jpg,ok,0.4541
George_W_Bush_0279.jpg,ok,0.6297
George_W_Bush_0280.jpg,ok,0.1940
George_W_Bush_0281.jpg,ok,0.9960
George_W_Bush_0282.jpg,ok,0.7713
George_W_Bush_0283.jpg,ok,0.9873
George_W_Bush_0284.jpg,ok,0.4766
George_W_Bush_0285.jpg,ok,0.3631
George_W_Bush_0286.jpg,ok,0.9133
George_W_Bush_0287.jpg,ok,0.9329
George_W_Bush_0288.jpg,ok,0.2999
George_W_Bush_0289.jpg,ok,0.9359
George_W_Bush_0290.jpg,ok,0.0004
George_W_Bush_0291.jpg,ok,0.6763
George_W_Bush_0292.jpg,ok,0.1330
George_W_Bush_0293.jpg,ok,0.8836
George_W_Bush_0294.jpg,ok,0.2602
George_W_Bush_0295.jpg,ok,0.5277
George_W_Bush_0296.jpg,ok,0.5294
George_W_Bush_0297.jpg,ok,0.9417
George_W_Bush_0298.jpg,ok,0.4047
George_W_Bush_0299.jpg,ok,0.8149
George_W_Bush_0300.jpg,ok,0.0644
George_W_Bush_0301.jpg,ok,0.3714
George_W_Bush_0302.jpg,ok,0.1546
George_W_Bush_0303.jpg,ok,0.4003
George_W_Bush_0304.jpg,ok,0.8843
George_W_Bush_0305.jpg,ok,0.5914
George_W_Bush_0306.jpg,ok,0.9895
George_W_Bush_0307.jpg,ok,0.1098
George_W_Bush_0308.jpg,ok,0.9448
George_W_Bush_0309.jpg,ok,0.2057
George_W_Bush_0310.jpg,ok,0.1724
George_W_Bush_0311.jpg,ok,0.6583
George_W_Bush_0312.jpg,ok,0.4426
George_W_Bush_0313.jpg,ok,0.0419
George_W_Bush_0314.jpg,ok,0.8170
George_W_Bush_0315.jpg,ok,0.1416
George_W_Bush_0316.jpg,ok,0.7679
George_W_Bush_0317.jpg,ok,0.9344
George_W_Bush_0318.jpg,ok,0.1236
George_W_Bush_0319.jpg,ok,0.6112
George_W_Bush_0320.jpg,ok,0.4291
George_W_Bush_0321.jpg,ok,0.9150
George_W_Bush_0322.jpg,ok,0.0594
George_W_Bush_0323.jpg,ok,0.0118
George_W_Bush_0324.jpg,ok,0.3397
George_W_Bush_0325.jpg,ok,0.2856
George_W_Bush_0326.jpg,ok,0.2854
George_W_Bush_0327.jpg,ok,0.2769
George_W_Bush_0328.jpg,ok,0.2701
George_W_Bush_0329.jpg,ok,0.0167
George_W_Bush_0330.jpg,ok,0.2999
George_W_Bush_0331.jpg,ok,0.8784
George_W_Bush_0332.jpg,ok,0.0019
George_W_Bush_0333.jpg,ok,0.1660
George_W_Bush_0334.jpg,ok,0.8822
George_W_Bush_0335.jpg,ok,0.3254
George_W_Bush_0336.jpg,ok,0.0776
George_W_Bush_0337.jpg,ok,0.3454
George_W_Bush_0338.jpg,ok,0.7676
George_W_Bush_0339.jpg,ok,0.1339
George_W_Bush_0340.jpg,ok,0.8698
George_W_Bush_0341.jpg,ok,0.6659
George_W_Bush_0342.jpg,ok,0.3270
George_W_Bush_0343.jpg,ok,0.5677
George_W_Bush_0344.jpg,ok,0.3337
George_W_Bush_0345.jpg,ok,0.9539
George_W_Bush_0346.jpg,ok,0.5924
George_W_Bush_0347.jpg,ok,0.5312
George_W_Bush_0348.jpg,ok,0.5451
George_W_Bush_0349.jpg,ok,0.0422
George_W_Bush_0350.jpg,ok,0.0025
George_W_Bush_0351.jpg,ok,0.8286
George_W_Bush_0352.jpg,ok,0.4427
George_W_Bush_0353.jpg,ok,0.3068
George_W_Bush_0354.jpg,ok,0.2081
George_W_Bush_0355.jpg,ok,0.0258
George_W_Bush_0356.jpg,ok,0.2355
George_W_Bush_0357.jpg,ok,0.7346
George_W_Bush_0358.jpg,ok,0.6649
George_W_Bush_0359.jpg,ok,0.1846
George_W_Bush_0360.jpg,ok,0.1706
George_W_Bush_0361.jpg,ok,0.4959
George_W_Bush_0362.jpg,ok,0.9029
George_W_Bush_0363.jpg,ok,0.2330
George_W_Bush_0364.jpg,ok,0.0392
George_W_Bush_0365.jpg,ok,0.1715
George_W_Bush_0366.jpg,ok,0.3484
George_W_Bush_0367.jpg,ok,0.3413
George_W_Bush_0368.jpg,ok,0.1320
George_W_Bush_0369.jpg,ok,0.3169
George_W_Bush_0370.jpg,ok,0.5459
George_W_Bush_0371.jpg,ok,0.4959
George_W_Bush_0372.jpg,ok,0.6576
George_W_Bush_0373.jpg,ok,0.6079
George_W_Bush_0374.jpg,ok,0.7548
George_W_Bush_0375.jpg,ok,0.6693
George_W_Bush_0376.jpg,ok,0.8714
George_W_Bush_0377.jpg,ok,0.7507
George_W_Bush_0378.jpg,ok,0.2571
George_W_Bush_0379.jpg,ok,0.7316
George_W_Bush_0380.jpg,ok,0.0504
George_W_Bush_0381.jpg,ok,0.5255
George_W_Bush_0382.jpg,ok,0.1226
George_W_Bush_0383.jpg,ok,0.2197
George_W_Bush_0384.jpg,ok,0.0808
George_W_Bush_0385.jpg,ok,0.5078
George_W_Bush_0386.jpg,ok,0.1196
George_W_Bush_0387.jpg,ok,0.0345
George_W_Bush_0388.jpg,ok,0.0002
George_W_Bush_0389.jpg,ok,0.9938
George_W_Bush_0390.jpg,ok,0.9206
George_W_Bush_0391.jpg,ok,0.0917
George_W_Bush_0392.jpg,ok,0.0145
George_W_Bush_0393.jpg,ok,0.1020
George_W_Bush_0394.jpg,ok,0.0184
George_W_Bush_0395.jpg,ok,0.9610
George_W_Bush_0396.jpg,ok,0.0003
George_W_Bush_0397.jpg,ok,0.4810
George_W_Bush_0398.jpg,ok,0.0897
George_W_Bush_0399.jpg,ok,0.3587
George_W_Bush_0400.jpg,ok,0.4588
George_W_Bush_0401.jpg,ok,0.6975
George_W_Bush_0402.jpg,ok,0.7179
George_W_Bush_0403.jpg,ok,0.5488
George_W_Bush_0404.jpg,ok,0.5402
George_W_Bush_0405.jpg,ok,0.2561
George_W_Bush_0406.jpg,ok,0.7252
George_W_Bush_0407.jpg,ok,0.6581
George_W_Bush_0408.jpg,ok,0.6848
George_W_Bush_0409.jpg,ok,0.6994
George_W_Bush_0410.jpg,ok,0.7705
George_W_Bush_0411.jpg,ok,0.2804
George_W_Bush_0412.jpg,ok,0.8570
George_W_Bush_0413.jpg,ok,0.2692
George_W_Bush_0414.jpg,ok,0.9109
George_W_Bush_0415.jpg,ok,0.9718
George_W_Bush_0416.jpg,ok,0.9349
George_W_Bush_0417.jpg,ok,0.7208
George_W_Bush_0418.jpg,ok,0.8091
George_W_Bush_0419.jpg,ok,0.8091
George_W_Bush_0420.jpg,ok,0.1265
George_W_Bush_0421.jpg,ok,0.9828
George_W_Bush_0422.jpg,ok,0.4886
George_W_Bush_0423.jpg,ok,0.0276
George_W_Bush_0424.jpg,ok,0.1231
George_W_Bush_0425.jpg,ok,0.9529
George_W_Bush_0426.jpg,ok,0.3873
George_W_Bush_0427.jpg,ok,0.9122
George_W_Bush_0428.jpg,ok,0.4406
George_W_Bush_0429.jpg,ok,0.1389
George_W_Bush_0430.jpg,ok,0.5351
George_W_Bush_0431.jpg,ok,0.4448
George_W_Bush_0432.jpg,ok,0.3073
George_W_Bush_0433.jpg,ok,0.4410
George_W_Bush_0434.jpg,ok,0.5930
George_W_Bush_0435.jpg,ok,0.2145
George_W_Bush_0436.jpg,ok,0.2636
George_W_Bush_0437.jpg,ok,0.0314
George_W_Bush_0438.jpg,ok,0.8007
George_W_Bush_0439.jpg,ok,0.3677
George_W_Bush_0440.jpg,ok,0.0010
George_W_Bush_0441.jpg,ok,0.5521
George_W_Bush_0442.jpg,ok,0.1127
George_W_Bush_0443.jpg,ok,0.3910
George_W_Bush_0444.jpg,ok,0.0007
George_W_Bush_0445.jpg,ok,0.3560
George_W_Bush_0446.jpg,ok,0.5840
George_W_Bush_0447.jpg,ok,0.0514
George_W_Bush_0448.jpg,ok,0.3489
George_W_Bush_0449.jpg,ok,0.0498
George_W_Bush_0450.jpg,ok,0.1618
George_W_Bush_0451.jpg,ok,0.3035
George_W_Bush_0452.jpg,ok,0.3154
George_W_Bush_0453.jpg,ok,0.9319
George_W_Bush_0454.jpg,ok,0.0563
George_W_Bush_0455.jpg,ok,0.6522
George_W_Bush_0456.jpg,ok,0.9253
George_W_Bush_0457.jpg,ok,0.8367
George_W_Bush_0458.jpg,ok,0.3242
George_W_Bush_0459.jpg,ok,0.3477
George_W_Bush_0460.jpg,ok,0.0228
George_W_Bush_0461.jpg,ok,0.3445
George_W_Bush_0462.jpg,ok,0.8901
George_W_Bush_0463.jpg,ok,0.7475
George_W_Bush_0464.jpg,ok,0.1913
George_W_Bush_0465.jpg,ok,0.3407
George_W_Bush_0466.jpg,ok,0.3032
George_W_Bush_0467.jpg,ok,0.5900
George_W_Bush_0468.jpg,ok,0.0476
George_W_Bush_0469.jpg,ok,0.5382
George_W_Bush_0470.jpg,ok,0.0020
George_W_Bush_0471.jpg,ok,0.0173
George_W_Bush_0472.jpg,ok,0.6314
George_W_Bush_0473.jpg,ok,0.7628
George_W_Bush_0474.jpg,ok,0.9534
George_W_Bush_0475.jpg,ok,0.5887
George_W_Bush_0476.jpg,ok,0.8427
George_W_Bush_0477.jpg,ok,0.4537
George_W_Bush_0478.jpg,ok,0.3956
George_W_Bush_0479.jpg,ok,0.5741
George_W_Bush_0480.jpg,ok,0.5182
George_W_Bush_0481.jpg,ok,0.3770
George_W_Bush_0482.jpg,ok,0.8193
George_W_Bush_0483.jpg,ok,0.7261
George_W_Bush_0484.jpg,ok,0.5539
George_W_Bush_0485.jpg,ok,0.2270
George_W_Bush_0486.jpg,ok,0.3634
George_W_Bush_0487.jpg,ok,0.0443
George_W_Bush_0488.jpg,ok,0.8642
George_W_Bush_0489.jpg,ok,0.3891
George_W_Bush_0490.jpg,ok,0.5154
George_W_Bush_0491.jpg,ok,0.8539
George_W_Bush_0492.jpg,ok,0.0029
George_W_Bush_0493.jpg,ok,0.8064
George_W_Bush_0494.jpg,ok,0.8724
George_W_Bush_0495.jpg,ok,0.3675
George_W_Bush_0496.jpg,ok,0.4523
George_W_Bush_0497.jpg,ok,0.9786
George_W_Bush_0498.jpg,ok,0.0034
George_W_Bush_0499.jpg,ok,0.5884
George_W_Bush_0500.jpg,ok,0.7882
George_W_Bush_0501.jpg,ok,0.0992
George_W_Bush_0502.jpg,ok,0.0039
George_W_Bush_0503.jpg,ok,0.0112
George_W_Bush_0504.jpg,ok,0.8317
George_W_Bush_0505.jpg,ok,0.3097
George_W_Bush_0506.jpg,ok,0.9717
George_W_Bush_0507.jpg,ok,0.0185
George_W_Bush_0508.jpg,ok,0.0560
George_W_Bush_0509.jpg,ok,0.9672
George_W_Bush_0510.jpg,ok,0.9296
George_W_Bush_0511.jpg,ok,0.2345
George_W_Bush_0512.jpg,ok,0.8309
George_W_Bush_0513.jpg,ok,0.9338
George_W_Bush_0514.jpg,ok,0.0958
George_W_Bush_0515.jpg,ok,0.3856
George_W_Bush_0516.jpg,ok,0.3625
George_W_Bush_0517.jpg,ok,0.4360
George_W_Bush_0518.jpg,ok,0.5073
George_W_Bush_0519.jpg,ok,0.2761
George_W_Bush_0520.jpg,ok,0.0044
George_W_Bush_0521.jpg,ok,0.4391
George_W_Bush_0522.jpg,ok,0.4356
George_W_Bush_0523.jpg,ok,0.0303
George_W_Bush_0524.jpg,ok,0.9873
George_W_Bush_0525.jpg,ok,0.4361
George_W_Bush_0526.jpg,ok,0.7174
George_W_Bush_0527.jpg,ok,0.5848
George_W_Bush_0528.jpg,ok,0.5811
George_W_Bush_0529.jpg,ok,0.4752
George_W_Bush_0530.jpg,ok,0.8730
Georgi_Parvanov_0001.jpg,ok,0.0787
Georgi_Parvanov_0002.jpg,ok,0.4698
Georgia_Giddings_0001.jpg,ok,0.2316
Georgina_Bardach_0001.jpg,ok,0.1422
Georgina_Papin_0001.jpg,ok,0.4522
Geovani_Lapentti_0001.jpg,ok,0.9641
Gerald_Barbarito_0001.jpg,ok,0.8560
Gerald_Calabrese_0001.jpg,ok,0.4225
Gerald_Fitch_0001.jpg,ok,0.2039
Gerald_Ford_0001.jpg,ok,0.9851
Gerald_Riley_0001.jpg,ok,0.0109
Geraldine_Chaplin_0001.jpg,ok,0.5922
Geraldine_Chaplin_0002.jpg,ok,0.4374
Geraldine_Chaplin_0003.jpg,ok,0.0579
Geraldine_Chaplin_0004.jpg,ok,0.3939
Geraldo_Rivera_0001.jpg,ok,0.1163
Gerard_Butler_0001.jpg,ok,0.5036
Gerard_Depardieu_0001.jpg,ok,0.8823
Gerard_Depardieu_0002.jpg,ok,0.6749
Gerard_Kleisterlee_0001.jpg,ok,0.9881
Gerard_Tronche_0001.jpg,ok,0.6498
Gerard_de_Cortanze_0001.jpg,ok,0.3554
Gerardo_Gambala_0001.jpg,ok,0.2877
Gerardo_Gambala_0002.jpg,ok,0.2164
Gerhard_Boekel_0001.jpg,ok,0.4798
Gerhard_Schmid_0001.jpg,ok,0.7220
Gerhard_Schroeder_0001.jpg,ok,0.0875
Gerhard_Schroeder_0002.jpg,ok,0.0139
Gerhard_Schroeder_0003.jpg,ok,0.0002
Gerhard_Schroeder_0004.jpg,ok,0.0098
Gerhard_Schroeder_0005.jpg,ok,0.0614
Gerhard_Schroeder_0006.jpg,ok,0.3863
Gerhard_Schroeder_0007.jpg,ok,0.0009
Gerhard_Schroeder_0008.jpg,ok,0.0064
Gerhard_Schroeder_0009.jpg,ok,0.0009
Gerhard_Schroeder_0010.jpg,ok,0.0714
Gerhard_Schroeder_0011.jpg,ok,0.2212
Gerhard_Schroeder_0012.jpg,ok,0.5155
Gerhard_Schroeder_0013.jpg,ok,0.4085
Gerhard_Schroeder_0014.jpg,ok,0.2046
Gerhard_Schroeder_0015.jpg,ok,0.5239
Gerhard_Schroeder_0016.jpg,ok,0.1088
Gerhard_Schroeder_0017.jpg,ok,0.8794
Gerhard_Schroeder_0018.jpg,ok,0.5858
Gerhard_Schroeder_0019.jpg,ok,0.0506
Gerhard_Schroeder_0020.jpg,ok,0.0078
Gerhard_Schroeder_0021.jpg,ok,0.8355
Gerhard_Schroeder_0022.jpg,ok,0.0535
Gerhard_Schroeder_0023.jpg,ok,0.1372
Gerhard_Schroeder_0024.jpg,ok,0.2914
Gerhard_Schroeder_0025.jpg,ok,0.2179
Gerhard_Schroeder_0026.jpg,ok,0.0034
Gerhard_Schroeder_0027.jpg,ok,0.1285
Gerhard_Schroeder_0028.jpg,ok,0.3537
Gerhard_Schroeder_0029.jpg,ok,0.0009
Gerhard_Schroeder_0030.jpg,ok,0.0346
Gerhard_Schroeder_0031.jpg,ok,0.1807
Gerhard_Schroeder_0032.jpg,ok,0.0015
Gerhard_Schroeder_0033.jpg,ok,0.7329
Gerhard_Schroeder_0034.jpg,ok,0.2639
Gerhard_Schroeder_0035.jpg,ok,0.4671
Gerhard_Schroeder_0036.jpg,ok,0.7310
Gerhard_Schroeder_0037.jpg,ok,0.3398
Gerhard_Schroeder_0038.jpg,ok,0.5283
Gerhard_Schroeder_0039.jpg,ok,0.2385
Gerhard_Schroeder_0040.jpg,ok,0.6412
Gerhard_Schroeder_0041.jpg,ok,0.9802
Gerhard_Schroeder_0042.jpg,ok,0.8828
Gerhard_Schroeder_0043.jpg,ok,0.9938
Gerhard_Schroeder_0044.jpg,ok,0.4281
Gerhard_Schroeder_0045.jpg,ok,0.1664
Gerhard_Schroeder_0046.jpg,ok,0.5593
Gerhard_Schroeder_0047.jpg,ok,0.0015
Gerhard_Schroeder_0048.jpg,ok,0.0318
Gerhard_Schroeder_0049.jpg,ok,0.0297
Gerhard_Schroeder_0050.jpg,ok,0.2966
Gerhard_Schroeder_0051.jpg,ok,0.3154
Gerhard_Schroeder_0052.jpg,ok,0.0195
Gerhard_Schroeder_0053.jpg,ok,0.6102
Gerhard_Schroeder_0054.jpg,ok,0.0157
Gerhard_Schroeder_0055.jpg,ok,0.1511
Gerhard_Schroeder_0056.jpg,ok,0.0062
Gerhard_Schroeder_0057.jpg,ok,0.7690
Gerhard_Schroeder_0058.jpg,ok,0.3968
Gerhard_Schroeder_0059.jpg,ok,0.0024
Gerhard_Schroeder_0060.jpg,ok,0.5730
Gerhard_Schroeder_0061.jpg,ok,0.7753
Gerhard_Schroeder_0062.jpg,ok,0.0807
Gerhard_Schroeder_0063.jpg,ok,0.0354
Gerhard_Schroeder_0064.jpg,ok,0.2284
Gerhard_Schroeder_0065.jpg,ok,0.9882
Gerhard_Schroeder_0066.jpg,ok,0.5056
Gerhard_Schroeder_0067.jpg,ok,0.8966
Gerhard_Schroeder_0068.jpg,ok,0.0246
Gerhard_Schroeder_0069.jpg,ok,0.0009
Gerhard_Schroeder_0070.jpg,ok,0.5388
Gerhard_Schroeder_0071.jpg,ok,0.5444
Gerhard_Schroeder_0072.jpg,ok,0.0006
Gerhard_Schroeder_0073.jpg,ok,0.5436
Gerhard_Schroeder_0074.jpg,ok,0.5272
Gerhard_Schroeder_0075.jpg,ok,0.0030
Gerhard_Schroeder_0076.jpg,ok,0.7066
Gerhard_Schroeder_0077.jpg,ok,0.4013
Gerhard_Schroeder_0078.jpg,ok,0.5955
Gerhard_Schroeder_0079.jpg,ok,0.0028
Gerhard_Schroeder_0080.jpg,ok,0.9842
Gerhard_Schroeder_0081.jpg,ok,0.2126
Gerhard_Schroeder_0082.jpg,ok,0.1873
Gerhard_Schroeder_0083.jpg,ok,0.4207
Gerhard_Schroeder_0084.jpg,ok,0.1143
Gerhard_Schroeder_0085.jpg,ok,0.1333
Gerhard_Schroeder_0086.jpg,ok,0.7443
Gerhard_Schroeder_0087.jpg,ok,0.6327
Gerhard_Schroeder_0088.jpg,ok,0.0004
Gerhard_Schroeder_0089.jpg,ok,0.8940
Gerhard_Schroeder_0090.jpg,ok,0.1825
Gerhard_Schroeder_0091.jpg,ok,0.1738
Gerhard_Schroeder_0092.jpg,ok,0.0125
Gerhard_Schroeder_0093.jpg,ok,0.7437
Gerhard_Schroeder_0094.jpg,ok,0.6860
Gerhard_Schroeder_0095.jpg,ok,0.7712
Gerhard_Schroeder_0096.jpg,ok,0.0253
Gerhard_Schroeder_0097.jpg,ok,0.0082
Gerhard_Schroeder_0098.jpg,ok,0.9893
Gerhard_Schroeder_0099.jpg,ok,0.2975
Gerhard_Schroeder_0100.jpg,ok,0.7903
Gerhard_Schroeder_0101.jpg,ok,0.8625
Gerhard_Schroeder_0102.jpg,ok,0.0548
Gerhard_Schroeder_0103.jpg,ok,0.0044
Gerhard_Schroeder_0104.jpg,ok,0.7595
Gerhard_Schroeder_0105.jpg,ok,0.9435
Gerhard_Schroeder_0106.jpg,ok,0.2479
Gerhard_Schroeder_0107.jpg,ok,0.9815
Gerhard_Schroeder_0108.jpg,ok,0.7743
Gerhard_Schroeder_0109.jpg,ok,0.3514
German_Khan_0001.jpg,ok,0.4860
Gerrit_Zalm_0001.jpg,ok,0.7691
Gerry_Adams_0001.jpg,ok,0.2966
Gerry_Adams_0002.jpg,ok,0.3760
Gerry_Adams_0003.jpg,ok,0.4162
Gerry_Adams_0004.jpg,ok,0.0280
Gerry_Adams_0005.jpg,ok,0.2159
Gerry_Adams_0006.jpg,ok,0.0063
Gerry_Adams_0007.jpg,ok,0.4331
Gerry_Adams_0008.jpg,ok,0.0802
Gerry_Kelly_0001.jpg,ok,0.5895
Gerry_Parsky_0001.jpg,ok,0.0919
Gerry_Parsky_0002.jpg,ok,0.2734
Ghassan_Elashi_0001.jpg,ok,0.0072
Gholamreza_Aghazadeh_0001.jpg,ok,0.7366
Gian_Marco_0001.jpg,ok,0.8090
Gian_Marco_0002.jpg,ok,0.0010
Gian_Marco_0003.jpg,ok,0.9899
Giancarlo_Fisichella_0001.jpg,ok,0.3147
Gianna_Angelopoulos-Daskalaki_0001.jpg,ok,0.6620
Gianna_Angelopoulos-Daskalaki_0002.jpg,ok,0.0022
Gianna_Angelopoulos-Daskalaki_0003.jpg,ok,0.0238
Gianni_Agnelli_0001.jpg,ok,0.4487
Giannina_Facio_0001.jpg,ok,0.0335
Gideon_Black_0001.jpg,ok,0.3816
Gideon_Yago_0001.jpg,ok,0.9144
Gil_Cates_0001.jpg,ok,0.0225
Gil_de_Ferran_0001.jpg,ok,0.8905
Gil_de_Ferran_0002.jpg,ok,0.0341
Gil_de_Ferran_0003.jpg,ok,0.2681
Gil_de_Ferran_0004.jpg,ok,0.1032
Gil_de_Ferran_0005.jpg,ok,0.6652
Gilberto_Rodriguez_Orejuela_0001.jpg,ok,0.2324
Gilberto_Rodriguez_Orejuela_0002.jpg,ok,0.0660
Gilberto_Rodriguez_Orejuela_0003.jpg,ok,0.0536
Gilberto_Rodriguez_Orejuela_0004.jpg,ok,0.0942
Gilberto_Simoni_0001.jpg,ok,0.8036
Gilles_Panizzi_0001.jpg,ok,0.6983
Gillian_Anderson_0001.jpg,ok,0.9115
Gillian_Anderson_0002.jpg,ok,0.8127
Gina_Centrello_0001.jpg,ok,0.2214
Gina_Gershon_0001.jpg,ok,0.4120
Gina_Lollobrigida_0001.jpg,ok,0.2316
Gina_Torres_0001.jpg,ok,0.5620
Giovanny_Cordoba_0001.jpg,ok,0.1224
Gisele_Bundchen_0001.jpg,ok,0.0170
Gisele_Bundchen_0002.jpg,ok,0.9950
Giselle_Estefania_Tavarelli_0001.jpg,ok,0.0308
Giulietta_Masina_0001.jpg,ok,0.9809
Giulio_Andreotti_0001.jpg,ok,0.9786
Giuseppe_Gibilisco_0001.jpg,ok,0.3281
Giuseppe_Gibilisco_0002.jpg,ok,0.9809
Giuseppe_Gibilisco_0003.jpg,ok,0.8489
Giuseppe_Gibilisco_0004.jpg,ok,0.0074
Giuseppe_Morchio_0001.jpg,ok,0.7046
Glafcos_Clerides_0001.jpg,ok,0.4181
Glafcos_Clerides_0002.jpg,ok,0.3083
Glafcos_Clerides_0003.jpg,ok,0.7655
Glafcos_Clerides_0004.jpg,ok,0.8278
Glen_Clark_0001.jpg,ok,0.3639
Glen_DaSilva_0001.jpg,ok,0.5723
Glen_Sather_0001.jpg,ok,0.0236
Glenn_Plummer_0001.jpg,ok,0.1044
Glenn_Rivers_0001.jpg,ok,0.1050
Glenn_Tilton_0001.jpg,ok,0.2323
Gloria_Allred_0001.jpg,ok,0.7182
Gloria_Allred_0002.jpg,ok,0.1158
Gloria_Gaynor_0001.jpg,ok,0.0424
Gloria_Macapagal_Arroyo_0001.jpg,ok,0.1501
Gloria_Macapagal_Arroyo_0002.jpg,ok,0.0680
Gloria_Macapagal_Arroyo_0003.jpg,ok,0.3871
Gloria_Macapagal_Arroyo_0004.jpg,ok,0.3216
Gloria_Macapagal_Arroyo_0005.jpg,ok,0.6589
Gloria_Macapagal_Arroyo_0006.jpg,ok,0.0667
Gloria_Macapagal_Arroyo_0007.jpg,ok,0.3734
Gloria_Macapagal_Arroyo_0008.jpg,ok,0.0776
Gloria_Macapagal_Arroyo_0009.jpg,ok,0.7187
Gloria_Macapagal_Arroyo_0010.jpg,ok,0.1466
Gloria_Macapagal_Arroyo_0011.jpg,ok,0.3242
Gloria_Macapagal_Arroyo_0012.jpg,ok,0.1154
Gloria_Macapagal_Arroyo_0013.jpg,ok,0.0912
Gloria_Macapagal_Arroyo_0014.jpg,ok,0.1307
Gloria_Macapagal_Arroyo_0015.jpg,ok,0.0078
Gloria_Macapagal_Arroyo_0016.jpg,ok,0.5409
Gloria_Macapagal_Arroyo_0017.jpg,ok,0.0198
Gloria_Macapagal_Arroyo_0018.jpg,ok,0.0180
Gloria_Macapagal_Arroyo_0019.jpg,ok,0.0297
Gloria_Macapagal_Arroyo_0020.jpg,ok,0.2517
Gloria_Macapagal_Arroyo_0021.jpg,ok,0.0195
Gloria_Macapagal_Arroyo_0022.jpg,ok,0.9484
Gloria_Macapagal_Arroyo_0023.jpg,ok,0.5070
Gloria_Macapagal_Arroyo_0024.jpg,ok,0.3100
Gloria_Macapagal_Arroyo_0025.jpg,ok,0.0880
Gloria_Macapagal_Arroyo_0026.jpg,ok,0.0132
Gloria_Macapagal_Arroyo_0027.jpg,ok,0.0500
Gloria_Macapagal_Arroyo_0028.jpg,ok,0.6418
Gloria_Macapagal_Arroyo_0029.jpg,ok,0.2068
Gloria_Macapagal_Arroyo_0030.jpg,ok,0.0523
Gloria_Macapagal_Arroyo_0031.jpg,ok,0.4229
Gloria_Macapagal_Arroyo_0032.jpg,ok,0.0090
Gloria_Macapagal_Arroyo_0033.jpg,ok,0.0127
Gloria_Macapagal_Arroyo_0034.jpg,ok,0.5462
Gloria_Macapagal_Arroyo_0035.jpg,ok,0.0385
Gloria_Macapagal_Arroyo_0036.jpg,ok,0.0203
Gloria_Macapagal_Arroyo_0037.jpg,ok,0.1534
Gloria_Macapagal_Arroyo_0038.jpg,ok,0.0237
Gloria_Macapagal_Arroyo_0039.jpg,ok,0.0306
Gloria_Macapagal_Arroyo_0040.jpg,ok,0.6834
Gloria_Macapagal_Arroyo_0041.jpg,ok,0.0827
Gloria_Macapagal_Arroyo_0042.jpg,ok,0.2232
Gloria_Macapagal_Arroyo_0043.jpg,ok,0.0619
Gloria_Macapagal_Arroyo_0044.jpg,ok,0.2927
Gloria_Trevi_0001.jpg,ok,0.4872
Gloria_Trevi_0002.jpg,ok,0.0847
Gloria_Trevi_0003.jpg,ok,0.0391
Gloria_Trevi_0004.jpg,ok,0.2923
Goh_Kun_0001.jpg,ok,0.0398
Goh_Kun_0002.jpg,ok,0.1088
Goldie_Hawn_0001.jpg,ok,0.3509
Goldie_Hawn_0002.jpg,ok,0.5161
Goldie_Hawn_0003.jpg,ok,0.7006
Goldie_Hawn_0004.jpg,ok,0.8653
Goldie_Hawn_0005.jpg,ok,0.3848
Goldie_Hawn_0006.jpg,ok,0.5201
Goldie_Hawn_0007.jpg,ok,0.3025
Gong_Li_0001.jpg,ok,0.0717
Gong_Ruina_0001.jpg,ok,0.6560
Gonzalo_Barrientos_0001.jpg,ok,0.4569
Gonzalo_Sanchez_de_Lozada_0001.jpg,ok,0.9573
Gonzalo_Sanchez_de_Lozada_0002.jpg,ok,0.2802
Gonzalo_Sanchez_de_Lozada_0003.jpg,ok,0.7785
Gonzalo_Sanchez_de_Lozada_0004.jpg,ok,0.8146
Gonzalo_Sanchez_de_Lozada_0005.jpg,ok,0.9550
Gonzalo_Sanchez_de_Lozada_0006.jpg,ok,0.2023
Gonzalo_Sanchez_de_Lozada_0007.jpg,ok,0.4404
Gonzalo_Sanchez_de_Lozada_0008.jpg,ok,0.7704
Gonzalo_Sanchez_de_Lozada_0009.jpg,ok,0.4961
Gonzalo_Sanchez_de_Lozada_0010.jpg,ok,0.7804
Gonzalo_Sanchez_de_Lozada_0011.jpg,ok,0.5581
Gonzalo_Sanchez_de_Lozada_0012.jpg,ok,0.2098
Goran_Persson_0001.jpg,ok,0.0130
Goran_Persson_0002.jpg,ok,0.6077
Goran_Zivkovic_0001.jpg,ok,0.0241
Gordana_Grubin_0001.jpg,ok,0.0971
Gorden_Tallis_0001.jpg,ok,0.9915
Gordon_Brown_0001.jpg,ok,0.0357
Gordon_Brown_0002.jpg,ok,0.7120
Gordon_Brown_0003.jpg,ok,0.4807
Gordon_Brown_0004.jpg,ok,0.2862
Gordon_Brown_0005.jpg,ok,0.4135
Gordon_Brown_0006.jpg,ok,0.0192
Gordon_Brown_0007.jpg,ok,0.0262
Gordon_Brown_0008.jpg,ok,0.0646
Gordon_Brown_0009.jpg,ok,0.1952
Gordon_Brown_0010.jpg,ok,0.0834
Gordon_Brown_0011.jpg,ok,0.4401
Gordon_Brown_0012.jpg,ok,0.1687
Gordon_Brown_0013.jpg,ok,0.0447
Gordon_Campbell_0001.jpg,ok,0.6025
Gordon_Campbell_0002.jpg,ok,0.0137
Gordon_Cooper_0001.jpg,ok,0.0089
Gordon_Lightfoot_0001.jpg,ok,0.4015
Gordon_McDonald_0001.jpg,ok,0.0045
Gore_Verbinski_0001.jpg,ok,0.1058
Gore_Vidal_0001.jpg,ok,0.1507
Grace_Brinell_0001.jpg,ok,0.2556
Grace_Dodd_0001.jpg,ok,0.1512
Grace_Kelly_0001.jpg,ok,0.9917
Gracia_Burnham_0001.jpg,ok,0.5625
Graciano_Rocchigiani_0001.jpg,ok,0.4254
Grady_Irvin_Jr_0001.jpg,ok,0.1985
Grady_Irvin_Jr_0002.jpg,ok,0.1645
Grady_Little_0001.jpg,ok,0.5021
Graeme_Lloyd_0001.jpg,ok,0.1098
Graeme_Smith_0001.jpg,ok,0.0771
Graham_Bentley_0001.jpg,ok,0.2566
Grant_Hackett_0001.jpg,ok,0.4161
Grant_Hackett_0002.jpg,ok,0.2004
Grant_Hackett_0003.jpg,ok,0.0326
Grant_Hackett_0004.jpg,ok,0.0033
Grant_Hackett_0005.jpg,ok,0.0222
Grant_Rossenmeyer_0001.jpg,ok,0.7289
Gray_Davis_0001.jpg,ok,0.0655
Gray_Davis_0002.jpg,ok,0.0752
Gray_Davis_0003.jpg,ok,0.3936
Gray_Davis_0004.jpg,ok,0.6215
Gray_Davis_0005.jpg,ok,0.0047
Gray_Davis_0006.jpg,ok,0.0182
Gray_Davis_0007.jpg,ok,0.8981
Gray_Davis_0008.jpg,ok,0.0111
Gray_Davis_0009.jpg,ok,0.0132
Gray_Davis_0010.jpg,ok,0.1191
Gray_Davis_0011.jpg,ok,0.4535
Gray_Davis_0012.jpg,ok,0.0009
Gray_Davis_0013.jpg,ok,0.7380
Gray_Davis_0014.jpg,ok,0.0018
Gray_Davis_0015.jpg,ok,0.9058
Gray_Davis_0016.jpg,ok,0.5657
Gray_Davis_0017.jpg,ok,0.6481
Gray_Davis_0018.jpg,ok,0.0950
Gray_Davis_0019.jpg,ok,0.7174
Gray_Davis_0020.jpg,ok,0.2699
Gray_Davis_0021.jpg,ok,0.6042
Gray_Davis_0022.jpg,ok,0.2187
Gray_Davis_0023.jpg,ok,0.0020
Gray_Davis_0024.jpg,ok,0.0018
Gray_Davis_0025.jpg,ok,0.5241
Gray_Davis_0026.jpg,ok,0.2997
Greg_Frers_0001.jpg,ok,0.5526
Greg_Gilbert_0001.jpg,ok,0.0047
Greg_Gilbert_0002.jpg,ok,0.2745
Greg_Hennigar_0001.jpg,ok,0.3131
Greg_Hodge_0001.jpg,ok,0.3661
Greg_Kinnear_0001.jpg,ok,0.0005
Greg_Kinsey_0001.jpg,ok,0.0182
Greg_Ostertag_0001.jpg,ok,0.7115
Greg_Ostertag_0002.jpg,ok,0.0768
Greg_Owen_0001.jpg,ok,0.6470
Greg_Owen_0002.jpg,ok,0.9044
Greg_Rusedski_0001.jpg,ok,0.1762
Greg_Rusedski_0002.jpg,ok,0.6572
Greg_Rusedski_0003.jpg,ok,0.1385
Greg_Rusedski_0004.jpg,ok,0.1761
Gregg_Berhalter_0001.jpg,ok,0.8718
Gregg_Popovich_0001.jpg,ok,0.3602
Gregg_Popovich_0002.jpg,ok,0.0900
Gregg_Popovich_0003.jpg,ok,0.2990
Gregg_Popovich_0004.jpg,ok,0.3363
Gregg_Popovich_0005.jpg,ok,0.2921
Gregor_Gysi_0001.jpg,ok,0.1954
Gregorio_Honasan_0001.jpg,ok,0.0031
Gregorio_Rosal_0001.jpg,ok,0.7198
Gregory_Geoffroy_0001.jpg,ok,0.4829
Gregory_Geoffroy_0002.jpg,ok,0.4133
Gregory_Hines_0001.jpg,ok,0.0473
Gregory_Hines_0002.jpg,ok,0.0150
Gregory_Peck_0001.jpg,ok,0.9953
Gretchen_Mol_0001.jpg,ok,0.8574
Griffin_Colvin_0001.jpg,ok,0.9424
Gro_Harlem_Brundtland_0001.jpg,ok,0.4132
Gro_Harlem_Brundtland_0002.jpg,ok,0.0750
Guangdong_Ou_Guangyuan_0001.jpg,ok,0.0868
Guennadi_Chipouline_0001.jpg,ok,0.2800
Guenter_Verheugen_0001.jpg,ok,0.5875
Guido_Westerwelle_0001.jpg,ok,0.8866
Guido_Westerwelle_0002.jpg,ok,0.3237
Guillaume_Cannet_0001.jpg,ok,0.9192
Guillaume_Depardieu_0001.jpg,ok,0.0120
Guillaume_Soro_0001.jpg,ok,0.1969
Guillaume_Soro_0002.jpg,ok,0.0120
Guillermo_Canas_0001.jpg,ok,0.0049
Guillermo_Canas_0002.jpg,ok,0.0034
Guillermo_Canas_0003.jpg,ok,0.0713
Guillermo_Canas_0004.jpg,ok,0.0938
Guillermo_Coria_0001.jpg,ok,0.7765
Guillermo_Coria_0002.jpg,ok,0.1346
Guillermo_Coria_0003.jpg,ok,0.7114
Guillermo_Coria_0004.jpg,ok,0.1436
Guillermo_Coria_0005.jpg,ok,0.1668
Guillermo_Coria_0006.jpg,ok,0.1326
Guillermo_Coria_0007.jpg,ok,0.1388
Guillermo_Coria_0008.jpg,ok,0.2139
Guillermo_Coria_0009.jpg,ok,0.1670
Guillermo_Coria_0010.jpg,ok,0.2903
Guillermo_Coria_0011.jpg,ok,0.6103
Guillermo_Coria_0012.jpg,ok,0.5956
Guillermo_Coria_0013.jpg,ok,0.1823
Guillermo_Coria_0014.jpg,ok,0.0522
Guillermo_Coria_0015.jpg,ok,0.6108
Guillermo_Coria_0016.jpg,ok,0.6832
Guillermo_Coria_0017.jpg,ok,0.6241
Guillermo_Coria_0018.jpg,ok,0.0003
Guillermo_Coria_0019.jpg,ok,0.0034
Guillermo_Coria_0020.jpg,ok,0.0449
Guillermo_Coria_0021.jpg,ok,0.1638
Guillermo_Coria_0022.jpg,ok,0.0438
Guillermo_Coria_0023.jpg,ok,0.3239
Guillermo_Coria_0024.jpg,ok,0.2011
Guillermo_Coria_0025.jpg,ok,0.3861
Guillermo_Coria_0026.jpg,ok,0.4997
Guillermo_Coria_0027.jpg,ok,0.0314
Guillermo_Coria_0028.jpg,ok,0.0894
Guillermo_Coria_0029.jpg,ok,0.6026
Guillermo_Coria_0030.jpg,ok,0.0977
Guillermo_Monroy_0001.jpg,ok,0.7382
Guillermo_Ortiz_0001.jpg,ok,0.2534
Guillermo_Ortiz_0002.jpg,ok,0.4040
Guillermo_Ruiz_Polanco_0001.jpg,ok,0.3777
Gunilla_Backman_0001.jpg,ok,0.3882
Gunter_Pleuger_0001.jpg,ok,0.6846
Gunter_Pleuger_0002.jpg,ok,0.7020
Gunter_Pleuger_0003.jpg,ok,0.9867
Gunter_Pleuger_0004.jpg,ok,0.0005
Gunter_Pleuger_0005.jpg,ok,0.4814
Gunter_Pleuger_0006.jpg,ok,0.4674
Gunter_Pleuger_0007.jpg,ok,0.0505
Gus_Frerotte_0001.jpg,ok,0.2752
Gus_Van_Sant_0001.jpg,ok,0.3445
Gus_Van_Sant_0002.jpg,ok,0.2433
Gus_Van_Sant_0003.jpg,ok,0.3576
Gustavo_Cisneros_0001.jpg,ok,0.0751
Gustavo_Franco_0001.jpg,ok,0.1667
Gustavo_Kuerten_0001.jpg,ok,0.1997
Gustavo_Kuerten_0002.jpg,ok,0.1152
Gustavo_Kuerten_0003.jpg,ok,0.0752
Gustavo_Noboa_0001.jpg,ok,0.9529
Gustavo_Terrazas_0001.jpg,ok,0.0805
Guus_Hiddink_0001.jpg,ok,0.7911
Guy_Hemmings_0001.jpg,ok,0.2439
Guy_Hemmings_0002.jpg,ok,0.1117
Guy_Ritchie_0001.jpg,ok,0.6262
Guy_Ritchie_0002.jpg,ok,0.8192
Guy_Verhofstadt_0001.jpg,ok,0.1989
Gwen_Stefani_0001.jpg,ok,0.7400
Gwendal_Peizerat_0001.jpg,ok,0.5659
Gwendal_Peizerat_0002.jpg,ok,0.7925
Gwendal_Peizerat_0003.jpg,ok,0.7034
Gwyneth_Paltrow_0001.jpg,ok,0.9981
Gwyneth_Paltrow_0002.jpg,ok,0.0117
Gwyneth_Paltrow_0003.jpg,ok,0.9910
Gwyneth_Paltrow_0004.jpg,ok,0.3742
Gwyneth_Paltrow_0005.jpg,ok,0.7551
Gwyneth_Paltrow_0006.jpg,ok,0.4120
Habib_Hisham_0001.jpg,ok,0.2220
Habib_Rizieq_0001.jpg,ok,0.1919
Habib_Rizieq_0002.jpg,ok,0.0077
Habib_Rizieq_0003.jpg,ok,0.6545
Habib_Rizieq_0004.jpg,ok,0.8940
Habib_Rizieq_0005.jpg,ok,0.2582
Hadley_Bilger_0001.jpg,ok,0.7642
Hal_Gehman_0001.jpg,ok,0.1238
Hal_Gehman_0002.jpg,ok,0.0137
Hal_Gehman_0003.jpg,ok,0.0964
Hal_Gehman_0004.jpg,ok,0.1827
Hal_Gehman_0005.jpg,ok,0.5585
Hal_McCoy_0001.jpg,ok,0.9941
Hal_Sellers_0001.jpg,ok,0.4848
Hal_Sutton_0001.jpg,ok,0.4744
Hal_Sutton_0002.jpg,ok,0.8395
Halbert_Fillinger_0001.jpg,ok,0.9810
Halle_Berry_0001.jpg,ok,0.9758
Halle_Berry_0002.jpg,ok,0.0076
Halle_Berry_0003.jpg,ok,0.2777
Halle_Berry_0004.jpg,ok,0.0176
Halle_Berry_0005.jpg,ok,0.9285
Halle_Berry_0006.jpg,ok,0.1573
Halle_Berry_0007.jpg,ok,0.0517
Halle_Berry_0008.jpg,ok,0.1299
Halle_Berry_0009.jpg,ok,0.2636
Halle_Berry_0010.jpg,ok,0.0830
Halle_Berry_0011.jpg,ok,0.0289
Halle_Berry_0012.jpg,ok,0.1060
Halle_Berry_0013.jpg,ok,0.6092
Halle_Berry_0014.jpg,ok,0.4189
Halle_Berry_0015.jpg,ok,0.0155
Halle_Berry_0016.jpg,ok,0.8038
Ham_Pong-sil_0001.jpg,ok,0.6203
Hama_Arba_Diallo_0001.jpg,ok,0.2787
Hamad_Bin_Isa_al-Khalifa_0001.jpg,ok,0.4429
Hamad_Bin_Jassim_0001.jpg,ok,0.7677
Hamid_Efendi_0001.jpg,ok,0.9790
Hamid_Karzai_0001.jpg,ok,0.2512
Hamid_Karzai_0002.jpg,ok,0.8521
Hamid_Karzai_0003.jpg,ok,0.7934
Hamid_Karzai_0004.jpg,ok,0.5970
Hamid_Karzai_0005.jpg,ok,0.0206
Hamid_Karzai_0006.jpg,ok,0.0206
Hamid_Karzai_0007.jpg,ok,0.8565
Hamid_Karzai_0008.jpg,ok,0.9462
Hamid_Karzai_0009.jpg,ok,0.0648
Hamid_Karzai_0010.jpg,ok,0.4587
Hamid_Karzai_0011.jpg,ok,0.6774
Hamid_Karzai_0012.jpg,ok,0.5974
Hamid_Karzai_0013.jpg,ok,0.3108
Hamid_Karzai_0014.jpg,ok,0.2490
Hamid_Karzai_0015.jpg,ok,0.1721
Hamid_Karzai_0016.jpg,ok,0.5902
Hamid_Karzai_0017.jpg,ok,0.0365
Hamid_Karzai_0018.jpg,ok,0.9274
Hamid_Karzai_0019.jpg,ok,0.6457
Hamid_Karzai_0020.jpg,ok,0.6923
Hamid_Karzai_0021.jpg,ok,0.9001
Hamid_Karzai_0022.jpg,ok,0.2714
Hamid_Reza_Asefi_0001.jpg,ok,0.1596
Hamza_Atiya_Muhsen_0001.jpg,ok,0.7340
Hamzah_Haz_0001.jpg,ok,0.5064
Hamzah_Haz_0002.jpg,ok,0.5149
Han_Sung_Joo_0001.jpg,ok,0.0629
Hana_Makhmalbaf_0001.jpg,ok,0.0239
Hana_Sadiq_0001.jpg,ok,0.1246
Hana_Urushima_0001.jpg,ok,0.3779
Hanan_Ashrawi_0001.jpg,ok,0.0331
Hanan_Ashrawi_0002.jpg,ok,0.3541
Hank_Aaron_0001.jpg,ok,0.9379
Hank_Azaria_0001.jpg,ok,0.3000
Hank_Bass_0001.jpg,ok,0.1708
Hank_McKinnell_0001.jpg,ok,0.2670
Hank_Stram_0001.jpg,ok,0.5971
Hannah_Stockbauer_0001.jpg,ok,0.0643
Hannah_Stockbauer_0002.jpg,ok,0.1217
Hanns_Schumacher_0001.jpg,ok,0.4375
Hans-Christian_Schmid_0001.jpg,ok,0.9789
Hans_Blix_0001.jpg,ok,0.9517
Hans_Blix_0002.jpg,ok,0.3757
Hans_Blix_0003.jpg,ok,0.2830
Hans_Blix_0004.jpg,ok,0.6854
Hans_Blix_0005.jpg,ok,0.6296
Hans_Blix_0006.jpg,ok,0.8965
Hans_Blix_0007.jpg,ok,0.9962
Hans_Blix_0008.jpg,ok,0.1641
Hans_Blix_0009.jpg,ok,0.9759
Hans_Blix_0010.jpg,ok,0.1876
Hans_Blix_0011.jpg,ok,0.9574
Hans_Blix_0012.jpg,ok,0.9323
Hans_Blix_0013.jpg,ok,0.3172
Hans_Blix_0014.jpg,ok,0.4055
Hans_Blix_0015.jpg,ok,0.9407
Hans_Blix_0016.jpg,ok,0.1829
Hans_Blix_0017.jpg,ok,0.9751
Hans_Blix_0018.jpg,ok,0.2987
Hans_Blix_0019.jpg,ok,0.0003
Hans_Blix_0020.jpg,ok,0.6504
Hans_Blix_0021.jpg,ok,0.6496
Hans_Blix_0022.jpg,ok,0.9655
Hans_Blix_0023.jpg,ok,0.8588
Hans_Blix_0024.jpg,ok,0.9110
Hans_Blix_0025.jpg,ok,0.5481
Hans_Blix_0026.jpg,ok,0.3485
Hans_Blix_0027.jpg,ok,0.6180
Hans_Blix_0028.jpg,ok,0.8905
Hans_Blix_0029.jpg,ok,0.5159
Hans_Blix_0030.jpg,ok,0.2785
Hans_Blix_0031.jpg,ok,0.3648
Hans_Blix_0032.jpg,ok,0.9937
Hans_Blix_0033.jpg,ok,0.5789
Hans_Blix_0034.jpg,ok,0.3863
Hans_Blix_0035.jpg,ok,0.1271
Hans_Blix_0036.jpg,ok,0.7784
Hans_Blix_0037.jpg,ok,0.7076
Hans_Blix_0038.jpg,ok,0.7590
Hans_Blix_0039.jpg,ok,0.9434
Hans_Corell_0001.jpg,ok,0.0003
Hans_Eichel_0001.jpg,ok,0.0048
Hans_Eichel_0002.jpg,ok,0.4045
Hans_Eichel_0003.jpg,ok,0.8350
Hans_Leistritz_0001.jpg,ok,0.6042
Hans_Peter_Briegel_0001.jpg,ok,0.4095
Harald_Ringstorff_0001.jpg,ok,0.5095
Harbhajan_Singh_0001.jpg,ok,0.7239
Harbhajan_Singh_0002.jpg,ok,0.5411
Harland_Braun_0001.jpg,ok,0.9465
Harold_Brown_0001.jpg,ok,0.0909
Harold_Scott_0001.jpg,ok,0.0586
Harriet_Lessy_0001.jpg,ok,0.9926
Harrison_Ford_0001.jpg,ok,0.0007
Harrison_Ford_0002.jpg,ok,0.2590
Harrison_Ford_0003.jpg,ok,0.5065
Harrison_Ford_0004.jpg,ok,0.0785
Harrison_Ford_0005.jpg,ok,0.0204
Harrison_Ford_0006.jpg,ok,0.0951
Harrison_Ford_0007.jpg,ok,0.0018
Harrison_Ford_0008.jpg,ok,0.5101
Harrison_Ford_0009.jpg,ok,0.7235
Harrison_Ford_0010.jpg,ok,0.2992
Harrison_Ford_0011.jpg,ok,0.2218
Harrison_Ford_0012.jpg,ok,0.5071
Harry_Belafonte_0001.jpg,ok,0.1734
Harry_Belafonte_0002.jpg,ok,0.2912
Harry_Kalas_0001.jpg,ok,0.1305
Harry_Kalas_0002.jpg,ok,0.8077
Harry_Schmidt_0001.jpg,ok,0.9559
Harry_Schmidt_0002.jpg,ok,0.9629
Harry_Schmidt_0003.jpg,ok,0.7225
Harry_Schmidt_0004.jpg,ok,0.9090
Hartmut_Mehdorn_0001.jpg,ok,0.5889
Harvey_Fierstein_0001.jpg,ok,0.5873
Harvey_Wachsman_0001.jpg,ok,0.1277
Harvey_Weinstein_0001.jpg,ok,0.0108
Harvey_Weinstein_0002.jpg,ok,0.0714
Hasan_Wirayuda_0001.jpg,ok,0.0234
Hashan_Tillakaratne_0001.jpg,ok,0.7075
Hashim_Thaci_0001.jpg,ok,0.3806
Hashim_Thaci_0002.jpg,ok,0.3443
Hassan_Nasrallah_0001.jpg,ok,0.4601
Hassan_Nasrallah_0002.jpg,ok,0.0574
Hassan_Wirajuda_0001.jpg,ok,0.2150
Hassan_Wirajuda_0002.jpg,ok,0.1379
Hassanal_Bolkiah_0001.jpg,ok,0.4242
Hatsui_Hasuike_0001.jpg,ok,0.0377
Haydar_Aliyev_0001.jpg,ok,0.1794
Hayden_Panettiere_0001.jpg,ok,0.1862
Hayley_Tullett_0001.jpg,ok,0.3798
Hayley_Tullett_0002.jpg,ok,0.3760
Heath_Ledger_0001.jpg,ok,0.0005
Heath_Ledger_0002.jpg,ok,0.0182
Heath_Ledger_0003.jpg,ok,0.4705
Heath_Ledger_0004.jpg,ok,0.4358
Heather_Chinnock_0001.jpg,ok,0.7008
Heather_Locklear_0001.jpg,ok,0.8488
Heather_Mills_0001.jpg,ok,0.5667
Heather_Mills_0002.jpg,ok,0.9176
Heather_Mills_0003.jpg,ok,0.9961
Heather_Mills_0004.jpg,ok,0.6281
Heather_Whitestone_McCallum_0001.jpg,ok,0.4055
Heather_Willson_0001.jpg,ok,0.9950
Hector_Babenco_0001.jpg,ok,0.2491
Hector_Babenco_0002.jpg,ok,0.6778
Hector_Babenco_0003.jpg,ok,0.3197
Hector_Grullon_0001.jpg,ok,0.0160
Hector_Mitelman_0001.jpg,ok,0.3664
Hedayat_Amin_Arsala_0001.jpg,ok,0.0127
Hee-Won_Han_0001.jpg,ok,0.4431
Hee-Won_Han_0002.jpg,ok,0.0148
Hee-Won_Han_0003.jpg,ok,0.0344
Heidi_Fleiss_0001.jpg,ok,0.0203
Heidi_Fleiss_0002.jpg,ok,0.0499
Heidi_Fleiss_0003.jpg,ok,0.0168
Heidi_Fleiss_0004.jpg,ok,0.0598
Heidi_Klum_0001.jpg,ok,0.2283
Heidi_Klum_0002.jpg,ok,0.9849
Heidi_Klum_0003.jpg,ok,0.3277
Heidi_Klum_0004.jpg,ok,0.9214
Heidi_Klum_0005.jpg,ok,0.8225
Heinrich_Wolfgang_0001.jpg,ok,0.9862
Heinz_Feldmann_0001.jpg,ok,0.0380
Heinz_Feldmann_0002.jpg,ok,0.0213
Heinz_Feldmann_0003.jpg,ok,0.2702
Heizo_Takenaka_0001.jpg,ok,0.2818
Heizo_Takenaka_0002.jpg,ok,0.7861
Heizo_Takenaka_0003.jpg,ok,0.7422
Heizo_Takenaka_0004.jpg,ok,0.3461
Heizo_Takenaka_0005.jpg,ok,0.1284
Heizo_Takenaka_0006.jpg,ok,0.0980
Heizo_Takenaka_0007.jpg,ok,0.2934
Heizo_Takenaka_0008.jpg,ok,0.0839
Heizo_Takenaka_0009.jpg,ok,0.4661
Helen_Alvare_0001.jpg,ok,0.0016
Helen_Clark_0001.jpg,ok,0.3048
Helen_Clark_0002.jpg,ok,0.0848
Helen_Clark_0003.jpg,ok,0.0606
Helen_Clark_0004.jpg,ok,0.5372
Helen_Darling_0001.jpg,ok,0.0009
Helena_Schneider_0001.jpg,ok,0.4385
Helene_Eksterowicz_0001.jpg,ok,0.8135
Helio_Castroneves_0001.jpg,ok,0.7954
Helio_Rubens_Garcia_0001.jpg,ok,0.1000
Helmut_Panke_0001.jpg,ok,0.1674
Helo_Pinheiro_0001.jpg,ok,0.1716
Henk_Bekedam_0001.jpg,ok,0.0114
Henning_Scherf_0001.jpg,ok,0.1905
Henri_Proglio_0001.jpg,ok,0.4691
Henrique_Meirelles_0001.jpg,ok,0.8278
Henrique_Meirelles_0002.jpg,ok,0.3930
Henry_Castellanos_0001.jpg,ok,0.0406
Henry_Hilow_0001.jpg,ok,0.5780
Henry_Hyde_0001.jpg,ok,0.8703
Henry_Kissinger_0001.jpg,ok,0.7774
Henry_Suazo_0001.jpg,ok,0.1141
Herb_Brooks_0001.jpg,ok,0.3634
Herb_Dhaliwal_0001.jpg,ok,0.4353
Herb_Ritts_0001.jpg,ok,0.1275
Herb_Sendek_0001.jpg,ok,0.3529
Herb_Sendek_0002.jpg,ok,0.3084
Herb_Sendek_0003.jpg,ok,0.9814
Herb_Sendek_0004.jpg,ok,0.1932
Herbert_Haupt_0001.jpg,ok,0.8301
Herbie_Hancock_0001.jpg,ok,0.0456
Herman_Edwards_0001.jpg,ok,0.1580
Herman_Moore_0001.jpg,ok,0.3135
Hermando_Harton_0001.jpg,ok,0.4570
Hermann_Maier_0001.jpg,ok,0.5469
Hermann_Maier_0002.jpg,ok,0.1968
Hermes_Gamonal_0001.jpg,ok,0.0602
Hermogenes_Ebdane_Jr_0001.jpg,ok,0.8186
Hernan_Crespo_0001.jpg,ok,0.4714
Hernan_Diaz_0001.jpg,ok,0.8299
Herta_Daeubler-Gmelin_0001.jpg,ok,0.9791
Herta_Daeubler-Gmelin_0002.jpg,ok,0.5651
Hestrie_Cloette_0001.jpg,ok,0.9048
Hichiro_Naemura_0001.jpg,ok,0.1547
Hichiro_Naemura_0002.jpg,ok,0.5597
Hideki_Matsui_0001.jpg,ok,0.5715
Hideki_Matsui_0002.jpg,ok,0.2385
Hideki_Sato_0001.jpg,ok,0.2499
Hidetoshi_Nakata_0001.jpg,ok,0.4291
Hikmat_al-Azzawi_0001.jpg,ok,0.3224
Hilary_Duff_0001.jpg,ok,0.5608
Hilary_Duff_0002.jpg,ok,0.3800
Hilary_Duff_0003.jpg,ok,0.3848
Hilary_McKay_0001.jpg,ok,0.0484
Hilda_Fortune_0001.jpg,ok,0.5016
Hillary_Clinton_0001.jpg,ok,0.9724
Hillary_Clinton_0002.jpg,ok,0.5295
Hillary_Clinton_0003.jpg,ok,0.3909
Hillary_Clinton_0004.jpg,ok,0.7579
Hillary_Clinton_0005.jpg,ok,0.5577
Hillary_Clinton_0006.jpg,ok,0.0819
Hillary_Clinton_0007.jpg,ok,0.2040
Hillary_Clinton_0008.jpg,ok,0.3613
Hillary_Clinton_0009.jpg,ok,0.2551
Hillary_Clinton_0010.jpg,ok,0.4854
Hillary_Clinton_0011.jpg,ok,0.4027
Hillary_Clinton_0012.jpg,ok,0.2838
Hillary_Clinton_0013.jpg,ok,0.2513
Hillary_Clinton_0014.jpg,ok,0.6499
Hilmi_Akin_Zorlu_0001.jpg,ok,0.4304
Hilmi_Ozkok_0001.jpg,ok,0.6074
Hilmi_Ozkok_0002.jpg,ok,0.8773
Himmler_Rebu_0001.jpg,ok,0.9944
Hipolito_Mejia_0001.jpg,ok,0.5194
Hipolito_Mejia_0002.jpg,ok,0.8564
Hipolito_Mejia_0003.jpg,ok,0.5904
Hipolito_Mejia_0004.jpg,ok,0.5747
Hiroki_Gomi_0001.jpg,ok,0.7557
Hiroyuki_Yoshino_0001.jpg,ok,0.0570
Hisao_Oguchi_0001.jpg,ok,0.1742
Hisao_Oguchi_0002.jpg,ok,0.4351
Hisashi_Owada_0001.jpg,ok,0.0863
Hisham_Halawi_0001.jpg,ok,0.3289
Hitomi_Soga_0001.jpg,ok,0.2345
Hitomi_Soga_0002.jpg,ok,0.0669
Hitomi_Soga_0003.jpg,ok,0.0119
Hitomi_Soga_0004.jpg,ok,0.3825
Hitomi_Soga_0005.jpg,ok,0.4691
Hitoshi_Oshitani_0001.jpg,ok,0.0434
Hitoshi_Tanaka_0001.jpg,ok,0.8970
Hoda_Asfor_0001.jpg,ok,0.0115
Holly_Hunter_0001.jpg,ok,0.6315
Holly_Hunter_0002.jpg,ok,0.9011
Holly_Hunter_0003.jpg,ok,0.9362
Holly_Hunter_0004.jpg,ok,0.9484
Holly_Hunter_0005.jpg,ok,0.0185
Holly_Hunter_0006.jpg,ok,0.3720
Holly_Hunter_0007.jpg,ok,0.9613
Holly_Robinson_Peete_0001.jpg,ok,0.0674
Hong_Myung_0001.jpg,ok,0.4539
Hootie_Johnson_0001.jpg,ok,0.3941
Hootie_Johnson_0002.jpg,ok,0.1449
Horace_Donovan_Reid_0001.jpg,ok,0.0342
Horace_Newcomb_0001.jpg,ok,0.0025
Horacio_Julio_Pina_0001.jpg,ok,0.2244
Horacio_de_Jesus_Montoya_0001.jpg,ok,0.7932
Horst_Koehler_0001.jpg,ok,0.2597
Horst_Koehler_0002.jpg,ok,0.4498
Horst_Koehler_0003.jpg,ok,0.6597
Hosni_Mubarak_0001.jpg,ok,0.0299
Hosni_Mubarak_0002.jpg,ok,0.0105
Hosni_Mubarak_0003.jpg,ok,0.5748
Hosni_Mubarak_0004.jpg,ok,0.2195
Hosni_Mubarak_0005.jpg,ok,0.0316
Hosni_Mubarak_0006.jpg,ok,0.9509
Hosni_Mubarak_0007.jpg,ok,0.0493
Hosni_Mubarak_0008.jpg,ok,0.9133
Hosni_Mubarak_0009.jpg,ok,0.0804
Howard_Dean_0001.jpg,ok,0.0201
Howard_Dean_0002.jpg,ok,0.2381
Howard_Dean_0003.jpg,ok,0.2950
Howard_Dean_0004.jpg,ok,0.0345
Howard_Dean_0005.jpg,ok,0.1785
Howard_Dean_0006.jpg,ok,0.1548
Howard_Dean_0007.jpg,ok,0.0087
Howard_Dean_0008.jpg,ok,0.6793
Howard_Dean_0009.jpg,ok,0.0890
Howard_Dean_0010.jpg,ok,0.0050
Howard_Dean_0011.jpg,ok,0.7886
Howard_Dean_0012.jpg,ok,0.2300
Howard_Ross_0001.jpg,ok,0.4671
Howard_Schultz_0001.jpg,ok,0.5011
Howard_Schultz_0002.jpg,ok,0.2648
Howard_Smith_0001.jpg,ok,0.3337
Howard_Smith_0002.jpg,ok,0.0020
Howard_Stern_0001.jpg,ok,0.0746
Howard_Stringer_0001.jpg,ok,0.8414
Howard_Wilkinson_0001.jpg,ok,0.8529
Hrithik_Roshan_0001.jpg,ok,0.0510
Hu_Jintao_0001.jpg,ok,0.0168
Hu_Jintao_0002.jpg,ok,0.4580
Hu_Jintao_0003.jpg,ok,0.9820
Hu_Jintao_0004.jpg,ok,0.0886
Hu_Jintao_0005.jpg,ok,0.3385
Hu_Jintao_0006.jpg,ok,0.1033
Hu_Jintao_0007.jpg,ok,0.2700
Hu_Jintao_0008.jpg,ok,0.1066
Hu_Jintao_0009.jpg,ok,0.3814
Hu_Jintao_0010.jpg,ok,0.0792
Hu_Jintao_0011.jpg,ok,0.4436
Hu_Jintao_0012.jpg,ok,0.0513
Hu_Jintao_0013.jpg,ok,0.7039
Hu_Jintao_0014.jpg,ok,0.5506
Hu_Jintao_0015.jpg,ok,0.1727
Hu_Maoyuan_0001.jpg,ok,0.1851
Huan_Chung_Yi_0001.jpg,ok,0.0263
Huang_Suey-Sheng_0001.jpg,ok,0.2292
Hubert_Green_0001.jpg,ok,0.1317
Hubie_Brown_0001.jpg,ok,0.4060
Hugh_Campbell_0001.jpg,ok,0.5161
Hugh_Carey_0001.jpg,ok,0.4275
Hugh_Grant_0001.jpg,ok,0.3165
Hugh_Grant_0002.jpg,ok,0.3528
Hugh_Grant_0003.jpg,ok,0.1133
Hugh_Grant_0004.jpg,ok,0.0646
Hugh_Grant_0005.jpg,ok,0.6260
Hugh_Grant_0006.jpg,ok,0.9128
Hugh_Grant_0007.jpg,ok,0.6747
Hugh_Grant_0008.jpg,ok,0.5294
Hugh_Grant_0009.jpg,ok,0.4829
Hugh_Hefner_0001.jpg,ok,0.6679
Hugh_Jessiman_0001.jpg,ok,0.0241
Hugh_Miller_0001.jpg,ok,0.5731
Hugo_Chavez_0001.jpg,ok,0.1968
Hugo_Chavez_0002.jpg,ok,0.0988
Hugo_Chavez_0003.jpg,ok,0.0303
Hugo_Chavez_0004.jpg,ok,0.2902
Hugo_Chavez_0005.jpg,ok,0.0602
Hugo_Chavez_0006.jpg,ok,0.4457
Hugo_Chavez_0007.jpg,ok,0.1437
Hugo_Chavez_0008.jpg,ok,0.3909
Hugo_Chavez_0009.jpg,ok,0.3297
Hugo_Chavez_0010.jpg,ok,0.0965
Hugo_Chavez_0011.jpg,ok,0.1107
Hugo_Chavez_0012.jpg,ok,0.0056
Hugo_Chavez_0013.jpg,ok,0.0212
Hugo_Chavez_0014.jpg,ok,0.0054
Hugo_Chavez_0015.jpg,ok,0.4752
Hugo_Chavez_0016.jpg,ok,0.1593
Hugo_Chavez_0017.jpg,ok,0.3370
Hugo_Chavez_0018.jpg,ok,0.0764
Hugo_Chavez_0019.jpg,ok,0.6589
Hugo_Chavez_0020.jpg,ok,0.4885
Hugo_Chavez_0021.jpg,ok,0.9638
Hugo_Chavez_0022.jpg,ok,0.2353
Hugo_Chavez_0023.jpg,ok,0.0311
Hugo_Chavez_0024.jpg,ok,0.7576
Hugo_Chavez_0025.jpg,ok,0.1343
Hugo_Chavez_0026.jpg,ok,0.8601
Hugo_Chavez_0027.jpg,ok,0.9036
Hugo_Chavez_0028.jpg,ok,0.0608
Hugo_Chavez_0029.jpg,ok,0.0128
Hugo_Chavez_0030.jpg,ok,0.2121
Hugo_Chavez_0031.jpg,ok,0.0487
Hugo_Chavez_0032.jpg,ok,0.0248
Hugo_Chavez_0033.jpg,ok,0.0994
Hugo_Chavez_0034.jpg,ok,0.3800
Hugo_Chavez_0035.jpg,ok,0.2908
Hugo_Chavez_0036.jpg,ok,0.3557
Hugo_Chavez_0037.jpg,ok,0.7084
Hugo_Chavez_0038.jpg,ok,0.8336
Hugo_Chavez_0039.jpg,ok,0.8322
Hugo_Chavez_0040.jpg,ok,0.2022
Hugo_Chavez_0041.jpg,ok,0.0514
Hugo_Chavez_0042.jpg,ok,0.1157
Hugo_Chavez_0043.jpg,ok,0.2158
Hugo_Chavez_0044.jpg,ok,0.8910
Hugo_Chavez_0045.jpg,ok,0.9776
Hugo_Chavez_0046.jpg,ok,0.0352
Hugo_Chavez_0047.jpg,ok,0.0041
Hugo_Chavez_0048.jpg,ok,0.8210
Hugo_Chavez_0049.jpg,ok,0.3153
Hugo_Chavez_0050.jpg,ok,0.0049
Hugo_Chavez_0051.jpg,ok,0.8831
Hugo_Chavez_0052.jpg,ok,0.2410
Hugo_Chavez_0053.jpg,ok,0.2045
Hugo_Chavez_0054.jpg,ok,0.6063
Hugo_Chavez_0055.jpg,ok,0.2819
Hugo_Chavez_0056.jpg,ok,0.0788
Hugo_Chavez_0057.jpg,ok,0.1960
Hugo_Chavez_0058.jpg,ok,0.6713
Hugo_Chavez_0059.jpg,ok,0.5151
Hugo_Chavez_0060.jpg,ok,0.3620
Hugo_Chavez_0061.jpg,ok,0.4115
Hugo_Chavez_0062.jpg,ok,0.5457
Hugo_Chavez_0063.jpg,ok,0.0035
Hugo_Chavez_0064.jpg,ok,0.2173
Hugo_Chavez_0065.jpg,ok,0.0650
Hugo_Chavez_0066.jpg,ok,0.0847
Hugo_Chavez_0067.jpg,ok,0.9138
Hugo_Chavez_0068.jpg,ok,0.2306
Hugo_Chavez_0069.jpg,ok,0.5189
Hugo_Chavez_0070.jpg,ok,0.1831
Hugo_Chavez_0071.jpg,ok,0.0276
Hugo_Colace_0001.jpg,ok,0.1558
Hugo_Conte_0001.jpg,ok,0.6372
Humberto_Coelho_0001.jpg,ok,0.4562
Humberto_Espinoza_0001.jpg,ok,0.9157
Hun_Sen_0001.jpg,ok,0.0823
Hun_Sen_0002.jpg,ok,0.2494
Hun_Sen_0003.jpg,ok,0.0075
Hun_Sen_0004.jpg,ok,0.2992
Hung_Wan-ting_0001.jpg,ok,0.2805
Hunter_Bates_0001.jpg,ok,0.0386
Hunter_Kemper_0001.jpg,ok,0.0520
Hushiar_Zebari_0001.jpg,ok,0.6221
Hussam_Mohammed_Amin_0001.jpg,ok,0.1123
Hussein_Malik_0001.jpg,ok,0.5320
Hutomo_Mandala_Putra_0001.jpg,ok,0.6038
Hwang_Doo-yun_0001.jpg,ok,0.3047
Iain_Anderson_0001.jpg,ok,0.2145
Iain_Duncan_Smith_0001.jpg,ok,0.1995
Iain_Duncan_Smith_0002.jpg,ok,0.0014
Iain_Duncan_Smith_0003.jpg,ok,0.6525
Iain_Duncan_Smith_0004.jpg,ok,0.8409
Iain_Richmond_0001.jpg,ok,0.9893
Ian_Campbell_0001.jpg,ok,0.4356
Ian_Gillan_0001.jpg,ok,0.7590
Ian_Huntley_0001.jpg,ok,0.4922
Ian_Knop_0001.jpg,ok,0.8700
Ian_McKellen_0001.jpg,ok,0.3379
Ian_McKellen_0002.jpg,ok,0.0511
Ian_McKellen_0003.jpg,ok,0.3928
Ian_Moran_0001.jpg,ok,0.0267
Ian_Smith_0001.jpg,ok,0.8188
Ian_Thorpe_0001.jpg,ok,0.0358
Ian_Thorpe_0002.jpg,ok,0.9659
Ian_Thorpe_0003.jpg,ok,0.3231
Ian_Thorpe_0004.jpg,ok,0.1168
Ian_Thorpe_0005.jpg,ok,0.2456
Ian_Thorpe_0006.jpg,ok,0.2502
Ian_Thorpe_0007.jpg,ok,0.7123
Ian_Thorpe_0008.jpg,ok,0.0724
Ian_Thorpe_0009.jpg,ok,0.0374
Ian_Thorpe_0010.jpg,ok,0.8703
Ian_Wilmut_0001.jpg,ok,0.8310
Iban_Mayo_0001.jpg,ok,0.9423
Iban_Mayo_0002.jpg,ok,0.1470
Ibrahim_Al-Marashi_0001.jpg,ok,0.4051
Ibrahim_Haddad_0001.jpg,ok,0.2982
Ibrahim_Hilal_0001.jpg,ok,0.3552
Ibrahim_Jaafari_0001.jpg,ok,0.4309
Ibrahim_Jaafari_0002.jpg,ok,0.7798
Ibrahim_Rugova_0001.jpg,ok,0.7682
Idi_Amin_0001.jpg,ok,0.9984
Ignacio_Antonio_Velasco_0001.jpg,ok,0.4207
Ignatius_Wang_0001.jpg,ok,0.8951
Igor_Ivanov_0001.jpg,ok,0.7762
Igor_Ivanov_0002.jpg,ok,0.1644
Igor_Ivanov_0003.jpg,ok,0.5033
Igor_Ivanov_0004.jpg,ok,0.1499
Igor_Ivanov_0005.jpg,ok,0.6088
Igor_Ivanov_0006.jpg,ok,0.3857
Igor_Ivanov_0007.jpg,ok,0.1989
Igor_Ivanov_0008.jpg,ok,0.4923
Igor_Ivanov_0009.jpg,ok,0.4589
Igor_Ivanov_0010.jpg,ok,0.8640
Igor_Ivanov_0011.jpg,ok,0.2027
Igor_Ivanov_0012.jpg,ok,0.0012
Igor_Ivanov_0013.jpg,ok,0.0947
Igor_Ivanov_0014.jpg,ok,0.1750
Igor_Ivanov_0015.jpg,ok,0.2860
Igor_Ivanov_0016.jpg,ok,0.5522
Igor_Ivanov_0017.jpg,ok,0.8550
Igor_Ivanov_0018.jpg,ok,0.9431
Igor_Ivanov_0019.jpg,ok,0.5032
Igor_Ivanov_0020.jpg,ok,0.5756
Igor_Trunov_0001.jpg,ok,0.7609
Ilan_Goldfajn_0001.jpg,ok,0.7129
Ilan_Ramon_0001.jpg,ok,0.0104
Ilan_Ramon_0002.jpg,ok,0.0728
Ilan_Ramon_0003.jpg,ok,0.1880
Ilham_Aliev_0001.jpg,ok,0.0834
Ilie_Nastase_0001.jpg,ok,0.0046
Imad_Khadduri_0001.jpg,ok,0.0846
Imad_Moustapha_0001.jpg,ok,0.2543
Imad_Moustapha_0002.jpg,ok,0.7930
Imam_Samudra_0001.jpg,ok,0.2937
Imelda_Marcos_0001.jpg,ok,0.5949
Imran_Khan_0001.jpg,ok,0.0823
Imre_Kertasz_0001.jpg,ok,0.2116
Inam-ul-Haq_0001.jpg,ok,0.7023
Inam-ul-Haq_0002.jpg,ok,0.9920
Infanta_Cristina_0001.jpg,ok,0.9501
Inga_Hall_0001.jpg,ok,0.1280
Ingrid_Betancourt_0001.jpg,ok,0.0613
Inocencio_Arias_0001.jpg,ok,0.7571
Inocencio_Arias_0002.jpg,ok,0.5063
Intisar_Ajouri_0001.jpg,ok,0.0781
Intisar_Ajouri_0002.jpg,ok,0.5596
Intisar_Ajouri_0003.jpg,ok,0.0260
Ion_Iliescu_0001.jpg,ok,0.8584
Ion_Tiriac_0001.jpg,ok,0.2109
Ira_Einhorn_0001.jpg,ok,0.2616
Iran_Brown_0001.jpg,ok,0.0150
Irene_Kahn_0001.jpg,ok,0.0190
Irfan_Ahmed_0001.jpg,ok,0.1799
Irina_Framtsova_0001.jpg,ok,0.7393
Irina_Lobacheva_0001.jpg,ok,0.0057
Irina_Yatchenko_0001.jpg,ok,0.1390
Irv_Nathan_0001.jpg,ok,0.7868
Irwan_Fadzi_Idris_0001.jpg,ok,0.0572
Isabel_Orellana_0001.jpg,ok,0.0318
Isabela_Moraes_0001.jpg,ok,0.8282
Isabella_Rossellini_0001.jpg,ok,0.1441
Isabella_Rossellini_0002.jpg,ok,0.0015
Isabella_Rossellini_0003.jpg,ok,0.4741
Isabelle_Huppert_0001.jpg,ok,0.0902
Isabelle_Huppert_0002.jpg,ok,0.3951
Isaiah_Washington_0001.jpg,ok,0.1520
Isaiah_Washington_0002.jpg,ok,0.0536
Ishaq_Shahryar_0001.jpg,ok,0.7043
Ishaq_Shahryar_0002.jpg,ok,0.3806
Isidro_Pastor_0001.jpg,ok,0.0117
Islam_Karimov_0001.jpg,ok,0.2773
Ismael_Miranda_0001.jpg,ok,0.0027
Ismail_Abu_Shanab_0001.jpg,ok,0.0768
Ismail_Cem_0001.jpg,ok,0.8222
Ismail_Khan_0001.jpg,ok,0.3469
Ismail_Merchant_0001.jpg,ok,0.6645
Ismail_Merchant_0002.jpg,ok,0.0027
Itamar_Franco_0001.jpg,ok,0.8947
Itzhak_Perlman_0001.jpg,ok,0.0023
Iva_Majoli_0001.jpg,ok,0.1861
Iva_Majoli_0002.jpg,ok,0.0139
Ivan_Helguera_0001.jpg,ok,0.0388
Ivan_Lee_0001.jpg,ok,0.5492
Ivan_Shvedoff_0001.jpg,ok,0.9126
Ivan_Stambolic_0001.jpg,ok,0.9585
Ivana_Trump_0001.jpg,ok,0.4903
Iveta_Benesova_0001.jpg,ok,0.0011
Ivo_Dubs_0001.jpg,ok,0.8822
Izzat_Ibrahim_0001.jpg,ok,0.9812
JC_Chasez_0001.jpg,ok,0.3553
JJ_Redick_0001.jpg,ok,0.0455
JJ_Redick_0002.jpg,ok,0.3382
JK_Rowling_0001.jpg,ok,0.4042
JK_Rowling_0002.jpg,ok,0.8415
JK_Rowling_0003.jpg,ok,0.6065
JK_Rowling_0004.jpg,ok,0.1873
JK_Rowling_0005.jpg,ok,0.8423
JK_Rowling_0006.jpg,ok,0.9107
JP_Suarez_0001.jpg,ok,0.3795
JT_Snow_0001.jpg,ok,0.0971
Jaap_de_Hoop_Scheffer_0001.jpg,ok,0.0332
Jack_Goodman_0001.jpg,ok,0.4519
Jack_Grubman_0001.jpg,ok,0.6123
Jack_Grubman_0002.jpg,ok,0.3822
Jack_Knowlton_0001.jpg,ok,0.9413
Jack_LaLanne_0001.jpg,ok,0.5968
Jack_Nicholson_0001.jpg,ok,0.6581
Jack_Nicholson_0002.jpg,ok,0.9059
Jack_Nicholson_0003.jpg,ok,0.3154
Jack_Osbourne_0001.jpg,ok,0.9639
Jack_Smith_0001.jpg,ok,0.9461
Jack_Straw_0001.jpg,ok,0.0024
Jack_Straw_0002.jpg,ok,0.9805
Jack_Straw_0003.jpg,ok,0.9480
Jack_Straw_0004.jpg,ok,0.1287
Jack_Straw_0005.jpg,ok,0.8785
Jack_Straw_0006.jpg,ok,0.7747
Jack_Straw_0007.jpg,ok,0.4876
Jack_Straw_0008.jpg,ok,0.2146
Jack_Straw_0009.jpg,ok,0.6905
Jack_Straw_0010.jpg,ok,0.3161
Jack_Straw_0011.jpg,ok,0.3905
Jack_Straw_0012.jpg,ok,0.2675
Jack_Straw_0013.jpg,ok,0.6392
Jack_Straw_0014.jpg,ok,0.2973
Jack_Straw_0015.jpg,ok,0.5879
Jack_Straw_0016.jpg,ok,0.1291
Jack_Straw_0017.jpg,ok,0.2203
Jack_Straw_0018.jpg,ok,0.0411
Jack_Straw_0019.jpg,ok,0.4413
Jack_Straw_0020.jpg,ok,0.7013
Jack_Straw_0021.jpg,ok,0.5100
Jack_Straw_0022.jpg,ok,0.0015
Jack_Straw_0023.jpg,ok,0.9812
Jack_Straw_0024.jpg,ok,0.6547
Jack_Straw_0025.jpg,ok,0.6057
Jack_Straw_0026.jpg,ok,0.1393
Jack_Straw_0027.jpg,ok,0.1003
Jack_Straw_0028.jpg,ok,0.7030
Jack_Valenti_0001.jpg,ok,0.6988
Jack_Welch_0001.jpg,ok,0.6203
Jackie_Chan_0001.jpg,ok,0.0105
Jackie_Chan_0002.jpg,ok,0.0015
Jackie_Chan_0003.jpg,ok,0.0983
Jackie_Chan_0004.jpg,ok,0.0233
Jackie_Chan_0005.jpg,ok,0.0442
Jackie_Chan_0006.jpg,ok,0.3517
Jackie_Chan_0007.jpg,ok,0.1627
Jackie_Chan_0008.jpg,ok,0.4191
Jackie_Chan_0009.jpg,ok,0.0165
Jackie_Chan_0010.jpg,ok,0.0520
Jackie_Chan_0011.jpg,ok,0.0011
Jackie_Chan_0012.jpg,ok,0.0063
Jackie_Chan_0013.jpg,ok,0.0139
Jackie_Dennis_0001.jpg,ok,0.2857
Jackie_Sherrill_0001.jpg,ok,0.3892
Jacky_Cheung_0001.jpg,ok,0.1314
Jacob_Frenkel_0001.jpg,ok,0.1130
Jacqueline_Edwards_0001.jpg,ok,0.0416
Jacqueline_Gold_0001.jpg,ok,0.0087
Jacqueline_Marris_0001.jpg,ok,0.0258
Jacqueline_Obradors_0001.jpg,ok,0.2115
Jacqueline_Obradors_0002.jpg,ok,0.0779
Jacques_Chirac_0001.jpg,ok,0.8470
Jacques_Chirac_0002.jpg,ok,0.8753
Jacques_Chirac_0003.jpg,ok,0.0292
Jacques_Chirac_0004.jpg,ok,0.9121
Jacques_Chirac_0005.jpg,ok,0.6541
Jacques_Chirac_0006.jpg,ok,0.8675
Jacques_Chirac_0007.jpg,ok,0.7063
Jacques_Chirac_0008.jpg,ok,0.9379
Jacques_Chirac_0009.jpg,ok,0.3750
Jacques_Chirac_0010.jpg,ok,0.7004
Jacques_Chirac_0011.jpg,ok,0.1386
Jacques_Chirac_0012.jpg,ok,0.9338
Jacques_Chirac_0013.jpg,ok,0.0348
Jacques_Chirac_0014.jpg,ok,0.7753
Jacques_Chirac_0015.jpg,ok,0.3396
Jacques_Chirac_0016.jpg,ok,0.2709
Jacques_Chirac_0017.jpg,ok,0.4429
Jacques_Chirac_0018.jpg,ok,0.7132
Jacques_Chirac_0019.jpg,ok,0.0027
Jacques_Chirac_0020.jpg,ok,0.0723
Jacques_Chirac_0021.jpg,ok,0.2639
Jacques_Chirac_0022.jpg,ok,0.6603
Jacques_Chirac_0023.jpg,ok,0.3787
Jacques_Chirac_0024.jpg,ok,0.1813
Jacques_Chirac_0025.jpg,ok,0.1391
Jacques_Chirac_0026.jpg,ok,0.0217
Jacques_Chirac_0027.jpg,ok,0.3242
Jacques_Chirac_0028.jpg,ok,0.6075
Jacques_Chirac_0029.jpg,ok,0.2576
Jacques_Chirac_0030.jpg,ok,0.6627
Jacques_Chirac_0031.jpg,ok,0.4731
Jacques_Chirac_0032.jpg,ok,0.3606
Jacques_Chirac_0033.jpg,ok,0.7485
Jacques_Chirac_0034.jpg,ok,0.4421
Jacques_Chirac_0035.jpg,ok,0.1109
Jacques_Chirac_0036.jpg,ok,0.2971
Jacques_Chirac_0037.jpg,ok,0.4521
Jacques_Chirac_0038.jpg,ok,0.5294
Jacques_Chirac_0039.jpg,ok,0.1437
Jacques_Chirac_0040.jpg,ok,0.5045
Jacques_Chirac_0041.jpg,ok,0.4120
Jacques_Chirac_0042.jpg,ok,0.0202
Jacques_Chirac_0043.jpg,ok,0.9370
Jacques_Chirac_0044.jpg,ok,0.0777
Jacques_Chirac_0045.jpg,ok,0.1786
Jacques_Chirac_0046.jpg,ok,0.3862
Jacques_Chirac_0047.jpg,ok,0.5144
Jacques_Chirac_0048.jpg,ok,0.0133
Jacques_Chirac_0049.jpg,ok,0.1353
Jacques_Chirac_0050.jpg,ok,0.9804
Jacques_Chirac_0051.jpg,ok,0.0570
Jacques_Chirac_0052.jpg,ok,0.0347
Jacques_Kallis_0001.jpg,ok,0.2449
Jacques_Rogge_0001.jpg,ok,0.3771
Jacques_Rogge_0002.jpg,ok,0.7619
Jacques_Rogge_0003.jpg,ok,0.0263
Jacques_Rogge_0004.jpg,ok,0.8593
Jacques_Rogge_0005.jpg,ok,0.0033
Jacques_Rogge_0006.jpg,ok,0.1934
Jacques_Rogge_0007.jpg,ok,0.6531
Jacques_Rogge_0008.jpg,ok,0.0899
Jacques_Rogge_0009.jpg,ok,0.9192
Jacques_Rogge_0010.jpg,ok,0.2116
Jacques_Villeneuve_0001.jpg,ok,0.7007
Jada_Pinkett_Smith_0001.jpg,ok,0.2093
Jada_Pinkett_Smith_0002.jpg,ok,0.0901
Jade_Jagger_0001.jpg,ok,0.4269
Jafar_Umar_Thalib_0001.jpg,ok,0.1806
Jaime_Orti_0001.jpg,ok,0.9267
Jaime_Pressly_0001.jpg,ok,0.6618
Jake_Brace_0001.jpg,ok,0.4986
Jake_Gyllenhaal_0001.jpg,ok,0.1635
Jake_Gyllenhaal_0002.jpg,ok,0.9611
Jake_Gyllenhaal_0003.jpg,ok,0.0786
Jake_Gyllenhaal_0004.jpg,ok,0.1356
Jake_Gyllenhaal_0005.jpg,ok,0.7491
Jake_Plummer_0001.jpg,ok,0.7949
Jakob_Kellenberger_0001.jpg,ok,0.6587
Jalal_Talabani_0001.jpg,ok,0.4977
Jalen_Rose_0001.jpg,ok,0.4013
James_Baker_0001.jpg,ok,0.9493
James_Ballenger_0001.jpg,ok,0.6437
James_Barksdale_0001.jpg,ok,0.0032
James_Becker_0001.jpg,ok,0.0031
James_Blake_0001.jpg,ok,0.4055
James_Blake_0002.jpg,ok,0.0412
James_Blake_0003.jpg,ok,0.0586
James_Blake_0004.jpg,ok,0.0210
James_Blake_0005.jpg,ok,0.0174
James_Blake_0006.jpg,ok,0.0515
James_Blake_0007.jpg,ok,0.0031
James_Blake_0008.jpg,ok,0.9360
James_Blake_0009.jpg,ok,0.6494
James_Blake_0010.jpg,ok,0.0048
James_Blake_0011.jpg,ok,0.1046
James_Blake_0012.jpg,ok,0.0899
James_Blake_0013.jpg,ok,0.5315
James_Blake_0014.jpg,ok,0.0059
James_Brazelton_0001.jpg,ok,0.0132
James_Brosnahan_0001.jpg,ok,0.9352
James_Brown_0001.jpg,ok,0.1846
James_Butts_0001.jpg,ok,0.3646
James_Butts_0002.jpg,ok,0.3588
James_Caan_0001.jpg,ok,0.9176
James_Caan_0002.jpg,ok,0.0051
James_Caan_0003.jpg,ok,0.3946
James_Cameron_0001.jpg,ok,0.0364
James_Cameron_0002.jpg,ok,0.0900
James_Cameron_0003.jpg,ok,0.2058
James_Carville_0001.jpg,ok,0.3076
James_Coburn_0001.jpg,ok,0.8660
James_Collinson_0001.jpg,ok,0.7914
James_Comey_0001.jpg,ok,0.0096
James_Coviello_0001.jpg,ok,0.8354
James_Cunningham_0001.jpg,ok,0.0008
James_Cunningham_0002.jpg,ok,0.5720
James_Cunningham_0003.jpg,ok,0.0012
James_Dingemans_0001.jpg,ok,0.6502
James_Franco_0001.jpg,ok,0.1512
James_Franco_0002.jpg,ok,0.9738
James_Gandolfini_0001.jpg,ok,0.1965
James_Gandolfini_0002.jpg,ok,0.2038
James_Gandolfini_0003.jpg,ok,0.2771
James_Gibson_0001.jpg,ok,0.0018
James_Hakett_0001.jpg,ok,0.7987
James_Hallock_0001.jpg,ok,0.3792
James_Harris_0001.jpg,ok,0.4101
James_Hill_0001.jpg,ok,0.8494
James_Hoffa_0001.jpg,ok,0.4337
James_Hughes_0001.jpg,ok,0.1552
James_Ivory_0001.jpg,ok,0.5655
James_Ivory_0002.jpg,ok,0.5246
James_Jones_0001.jpg,ok,0.9961
James_Jones_0002.jpg,ok,0.7440
James_Kelly_0001.jpg,ok,0.6998
James_Kelly_0002.jpg,ok,0.9730
James_Kelly_0003.jpg,ok,0.0006
James_Kelly_0004.jpg,ok,0.2839
James_Kelly_0005.jpg,ok,0.0257
James_Kelly_0006.jpg,ok,0.8160
James_Kelly_0007.jpg,ok,0.4080
James_Kelly_0008.jpg,ok,0.0020
James_Kelly_0009.jpg,ok,0.9570
James_Kelly_0010.jpg,ok,0.6717
James_Kelly_0011.jpg,ok,0.0152
James_Kirtley_0001.jpg,ok,0.1104
James_Kopp_0001.jpg,ok,0.0292
James_Kopp_0002.jpg,ok,0.1834
James_Kopp_0003.jpg,ok,0.1405
James_Kopp_0004.jpg,ok,0.0044
James_Layug_0001.jpg,ok,0.0462
James_Lockhart_0001.jpg,ok,0.6143
James_Maguire_0001.jpg,ok,0.9315
James_Maguire_0002.jpg,ok,0.3304
James_Mathis_0001.jpg,ok,0.3958
James_May_0001.jpg,ok,0.2288
James_McGreevey_0001.jpg,ok,0.2774
James_McGreevey_0002.jpg,ok,0.3614
James_McGreevey_0003.jpg,ok,0.3311
James_McGreevey_0004.jpg,ok,0.0038
James_McMahon_0001.jpg,ok,0.0248
James_McPherson_0001.jpg,ok,0.6472
James_Meeks_0001.jpg,ok,0.8658
James_Meredeth_0001.jpg,ok,0.0457
James_Morris_0001.jpg,ok,0.7723
James_Morris_0002.jpg,ok,0.9907
James_Murdoch_0001.jpg,ok,0.0403
James_Parker_0001.jpg,ok,0.2432
James_Parker_0002.jpg,ok,0.6715
James_Phelps_0001.jpg,ok,0.3749
James_Roberts_0001.jpg,ok,0.5574
James_Robertson_Jr_0001.jpg,ok,0.6520
James_Schultz_0001.jpg,ok,0.5230
James_Schultz_0002.jpg,ok,0.1591
James_Sensenbrenner_0001.jpg,ok,0.2444
James_Smith_0001.jpg,ok,0.9015
James_Smith_0002.jpg,ok,0.9771
James_Spalding_0001.jpg,ok,0.1232
James_Traficant_0001.jpg,ok,0.4440
James_Traficant_0002.jpg,ok,0.3514
James_Traficant_0003.jpg,ok,0.8759
James_W_Kennedy_0001.jpg,ok,0.5209
James_Wallack_0001.jpg,ok,0.9841
James_Watt_0001.jpg,ok,0.5282
James_Wattana_0001.jpg,ok,0.6753
James_Williams_0001.jpg,ok,0.3170
James_Wolfensohn_0001.jpg,ok,0.0448
James_Wolfensohn_0002.jpg,ok,0.7879
James_Wolfensohn_0003.jpg,ok,0.0057
James_Wolfensohn_0004.jpg,ok,0.6349
James_Wolfensohn_0005.jpg,ok,0.0013
James_Young_0001.jpg,ok,0.4187
Jamie_Carey_0001.jpg,ok,0.0140
Jamie_Cooke_0001.jpg,ok,0.0523
Jamie_Dimon_0001.jpg,ok,0.0462
Jamie_Kellner_0001.jpg,ok,0.0301
Jamie_King_0001.jpg,ok,0.0508
Jamie_Lee_Curtis_0001.jpg,ok,0.3932
Jamie_Martin_0001.jpg,ok,0.0045
Jamie_Olis_0001.jpg,ok,0.0681
Jamie_Villafane_0001.jpg,ok,0.4386
Jamie_Villafane_0002.jpg,ok,0.4198
Jamir_Miller_0001.jpg,ok,0.1368
Jamling_Norgay_0001.jpg,ok,0.0059
Jamling_Norgay_0002.jpg,ok,0.0111
Jan-Michael_Gambill_0001.jpg,ok,0.0404
Jan-Michael_Gambill_0002.jpg,ok,0.0004
Jan-Michael_Gambill_0003.jpg,ok,0.0871
Jan_Bjoerklund_0001.jpg,ok,0.5487
Jan_De_Bont_0001.jpg,ok,0.7412
Jan_Paul_Miller_0001.jpg,ok,0.3821
Jan_Peter_Balkenende_0001.jpg,ok,0.3197
Jan_Petersen_0001.jpg,ok,0.9944
Jan_Pronk_0001.jpg,ok,0.4970
Jan_Ullrich_0001.jpg,ok,0.1087
Jan_Ullrich_0002.jpg,ok,0.5205
Jan_Ullrich_0003.jpg,ok,0.3414
Jan_Ullrich_0004.jpg,ok,0.6546
Jan_Ullrich_0005.jpg,ok,0.7197
Jan_Ullrich_0006.jpg,ok,0.0778
Jan_van_Breda_Kolff_0001.jpg,ok,0.8845
Jana_Henke_0001.jpg,ok,0.3655
Jana_Pittman_0001.jpg,ok,0.0197
Jane_Clayson_0001.jpg,ok,0.5796
Jane_Fonda_0001.jpg,ok,0.4670
Jane_Fonda_0002.jpg,ok,0.5133
Jane_Kaczmarek_0001.jpg,ok,0.0131
Jane_Kaczmarek_0002.jpg,ok,0.0246
Jane_Krakowski_0001.jpg,ok,0.5507
Jane_Leeves_0001.jpg,ok,0.5785
Jane_Menelaus_0001.jpg,ok,0.3526
Jane_Pauley_0001.jpg,ok,0.0061
Jane_Pauley_0002.jpg,ok,0.4184
Jane_Riley_0001.jpg,ok,0.7672
Jane_Rooney_0001.jpg,ok,0.8366
Jane_Russell_0001.jpg,ok,0.6707
Jane_Walker_Wood_0001.jpg,ok,0.8997
Janela_Jara_0001.jpg,ok,0.8550
Janet_Chandler_0001.jpg,ok,0.3305
Janet_Crawford_0001.jpg,ok,0.0120
Janet_Ecker_0001.jpg,ok,0.1127
Janet_Horvath_0001.jpg,ok,0.7299
Janet_Leigh_0001.jpg,ok,0.8476
Janet_Napolitano_0001.jpg,ok,0.0339
Janet_Napolitano_0002.jpg,ok,0.0311
Janet_Napolitano_0003.jpg,ok,0.2880
Janet_Napolitano_0004.jpg,ok,0.4960
Janet_Thorpe_0001.jpg,ok,0.3262
Janet_Thorpe_0002.jpg,ok,0.4212
Janette_Husarova_0001.jpg,ok,0.4005
Janez_Drnovsek_0001.jpg,ok,0.9269
Janica_Kostelic_0001.jpg,ok,0.8774
Janica_Kostelic_0002.jpg,ok,0.9014
Janice_Abreu_0001.jpg,ok,0.8482
Janice_Goldfinger_0001.jpg,ok,0.9553
Janine_Pietsch_0001.jpg,ok,0.2724
Janis_Ruth_Coulter_0001.jpg,ok,0.0848
Janusz_Kaminski_0001.jpg,ok,0.7033
Jaouad_Gharib_0001.jpg,ok,0.5941
Jaqueline_Godoy_0001.jpg,ok,0.0026
Jaromir_Jagr_0001.jpg,ok,0.1572
Jason_Alexander_0001.jpg,ok,0.9439
Jason_Alexander_0002.jpg,ok,0.9979
Jason_Bentley_0001.jpg,ok,0.3709
Jason_Biggs_0001.jpg,ok,0.0587
Jason_Campbell_0001.jpg,ok,0.0280
Jason_Clermont_0001.jpg,ok,0.8773
Jason_Gardner_0001.jpg,ok,0.0414
Jason_Jennings_0001.jpg,ok,0.5453
Jason_Jennings_0002.jpg,ok,0.2529
Jason_Kapono_0001.jpg,ok,0.3565
Jason_Keep_0001.jpg,ok,0.7696
Jason_Kidd_0001.jpg,ok,0.4076
Jason_Kidd_0002.jpg,ok,0.0539
Jason_Kidd_0003.jpg,ok,0.8139
Jason_Kidd_0004.jpg,ok,0.8449
Jason_Kidd_0005.jpg,ok,0.2649
Jason_Kidd_0006.jpg,ok,0.0164
Jason_Kidd_0007.jpg,ok,0.4602
Jason_Kidd_0008.jpg,ok,0.8065
Jason_Kidd_0009.jpg,ok,0.4978
Jason_Kidd_0010.jpg,ok,0.9091
Jason_Lezak_0001.jpg,ok,0.3782
Jason_Lezak_0002.jpg,ok,0.1243
Jason_Mewes_0001.jpg,ok,0.9317
Jason_Petty_0001.jpg,ok,0.0086
Jason_Priestley_0001.jpg,ok,0.0033
Jason_Sehorn_0001.jpg,ok,0.1168
Jason_Sorens_0001.jpg,ok,0.9306
Jason_Statham_0001.jpg,ok,0.5742
Jason_Vale_0001.jpg,ok,0.9361
Jason_White_0001.jpg,ok,0.6368
Javier_Bardem_0001.jpg,ok,0.1473
Javier_Camara_0001.jpg,ok,0.7432
Javier_Delgado_0001.jpg,ok,0.2847
Javier_Saviola_0001.jpg,ok,0.3457
Javier_Solana_0001.jpg,ok,0.4842
Javier_Solana_0002.jpg,ok,0.2545
Javier_Solana_0003.jpg,ok,0.4698
Javier_Solana_0004.jpg,ok,0.1705
Javier_Solana_0005.jpg,ok,0.0627
Javier_Solana_0006.jpg,ok,0.0113
Javier_Solana_0007.jpg,ok,0.0030
Javier_Solana_0008.jpg,ok,0.5588
Javier_Solana_0009.jpg,ok,0.0932
Javier_Solana_0010.jpg,ok,0.1479
Javier_Vargas_0001.jpg,ok,0.0414
Javier_Vazquez_0001.jpg,ok,0.3368
Javier_Weber_0001.jpg,ok,0.0422
Javier_Weber_0002.jpg,ok,0.0210
Javier_Weber_0003.jpg,ok,0.0966
Javier_Zanetti_0001.jpg,ok,0.0932
Jawad_Boulus_0001.jpg,ok,0.0816
Jay_Garner_0001.jpg,ok,0.2088
Jay_Garner_0002.jpg,ok,0.0189
Jay_Garner_0003.jpg,ok,0.4011
Jay_Garner_0004.jpg,ok,0.0641
Jay_Garner_0005.jpg,ok,0.5290
Jay_Garner_0006.jpg,ok,0.8880
Jay_Leno_0001.jpg,ok,0.1231
Jay_Leno_0002.jpg,ok,0.0350
Jay_Leno_0003.jpg,ok,0.3061
Jay_Rasulo_0001.jpg,ok,0.9883
Jay_Rasulo_0002.jpg,ok,0.8531
Jaymon_Crabb_0001.jpg,ok,0.5201
Jayne_Yarris_0001.jpg,ok,0.0512
Jayson_Williams_0001.jpg,ok,0.3260
Jayson_Williams_0002.jpg,ok,0.2304
Jayson_Williams_0003.jpg,ok,0.4710
Jean-Claude_Braquet_0001.jpg,ok,0.6212
Jean-Claude_Braquet_0002.jpg,ok,0.0724
Jean-Claude_Juncker_0001.jpg,ok,0.5408
Jean-Claude_Juncker_0002.jpg,ok,0.0015
Jean-Claude_Trichet_0001.jpg,ok,0.3496
Jean-Claude_Trichet_0002.jpg,ok,0.8645
Jean-Claude_Van_Damme_0001.jpg,ok,0.7448
Jean-David_Levitte_0001.jpg,ok,0.0641
Jean-David_Levitte_0002.jpg,ok,0.1815
Jean-David_Levitte_0003.jpg,ok,0.2113
Jean-David_Levitte_0004.jpg,ok,0.4597
Jean-David_Levitte_0005.jpg,ok,0.0838
Jean-David_Levitte_0006.jpg,ok,0.9131
Jean-David_Levitte_0007.jpg,ok,0.0183
Jean-David_Levitte_0008.jpg,ok,0.2625
Jean-David_Levitte_0009.jpg,ok,0.1446
Jean-David_Levitte_0010.jpg,ok,0.5160
Jean-Francois_Lemounier_0001.jpg,ok,0.4088
Jean-Francois_Pontal_0001.jpg,ok,0.5485
Jean-Francois_Pontal_0002.jpg,ok,0.0269
Jean-Francois_Pontal_0003.jpg,ok,0.6398
Jean-Luc_Bideau_0001.jpg,ok,0.5649
Jean-Marc_Olive_0001.jpg,ok,0.2247
Jean-Marc_de_La_Sabliere_0001.jpg,ok,0.2372
Jean-Marc_de_La_Sabliere_0002.jpg,ok,0.8696
Jean-Patrick_Nazon_0001.jpg,ok,0.4998
Jean-Pierre_Bemba_0001.jpg,ok,0.3874
Jean-Pierre_Raffarin_0001.jpg,ok,0.3719
Jean-Pierre_Raffarin_0002.jpg,ok,0.3106
Jean-Pierre_Raffarin_0003.jpg,ok,0.7725
Jean-Pierre_Raffarin_0004.jpg,ok,0.7864
Jean-Pierre_Raffarin_0005.jpg,ok,0.6528
Jean-Pierre_Raffarin_0006.jpg,ok,0.4351
Jean-Pierre_Raffarin_0007.jpg,ok,0.5352
Jean-Rene_Fourtou_0001.jpg,ok,0.4535
Jean-Sebastien_Giguere_0001.jpg,ok,0.2883
Jean-Sebastien_Giguere_0002.jpg,ok,0.5092
Jean_Brumley_0001.jpg,ok,0.7359
Jean_Brumley_0002.jpg,ok,0.1984
Jean_Carnahan_0001.jpg,ok,0.3244
Jean_Carnahan_0002.jpg,ok,0.9958
Jean_Charest_0001.jpg,ok,0.6354
Jean_Charest_0002.jpg,ok,0.4681
Jean_Charest_0003.jpg,ok,0.1902
Jean_Charest_0004.jpg,ok,0.9449
Jean_Charest_0005.jpg,ok,0.2787
Jean_Charest_0006.jpg,ok,0.9543
Jean_Charest_0007.jpg,ok,0.9606
Jean_Charest_0008.jpg,ok,0.5054
Jean_Charest_0009.jpg,ok,0.8011
Jean_Charest_0010.jpg,ok,0.9280
Jean_Charest_0011.jpg,ok,0.9975
Jean_Charest_0012.jpg,ok,0.8988
Jean_Charest_0013.jpg,ok,0.0305
Jean_Charest_0014.jpg,ok,0.8185
Jean_Charest_0015.jpg,ok,0.7026
Jean_Charest_0016.jpg,ok,0.0870
Jean_Charest_0017.jpg,ok,0.7852
Jean_Chretien_0001.jpg,ok,0.8599
Jean_Chretien_0002.jpg,ok,0.0769
Jean_Chretien_0003.jpg,ok,0.4637
Jean_Chretien_0004.jpg,ok,0.4046
Jean_Chretien_0005.jpg,ok,0.9281
Jean_Chretien_0006.jpg,ok,0.7687
Jean_Chretien_0007.jpg,ok,0.7755
Jean_Chretien_0008.jpg,ok,0.9542
Jean_Chretien_0009.jpg,ok,0.8993
Jean_Chretien_0010.jpg,ok,0.9845
Jean_Chretien_0011.jpg,ok,0.8964
Jean_Chretien_0012.jpg,ok,0.0138
Jean_Chretien_0013.jpg,ok,0.0554
Jean_Chretien_0014.jpg,ok,0.9264
Jean_Chretien_0015.jpg,ok,0.8978
Jean_Chretien_0016.jpg,ok,0.4848
Jean_Chretien_0017.jpg,ok,0.7737
Jean_Chretien_0018.jpg,ok,0.8837
Jean_Chretien_0019.jpg,ok,0.7378
Jean_Chretien_0020.jpg,ok,0.8004
Jean_Chretien_0021.jpg,ok,0.7666
Jean_Chretien_0022.jpg,ok,0.9813
Jean_Chretien_0023.jpg,ok,0.1994
Jean_Chretien_0024.jpg,ok,0.4964
Jean_Chretien_0025.jpg,ok,0.0042
Jean_Chretien_0026.jpg,ok,0.8421
Jean_Chretien_0027.jpg,ok,0.8702
Jean_Chretien_0028.jpg,ok,0.8253
Jean_Chretien_0029.jpg,ok,0.9324
Jean_Chretien_0030.jpg,ok,0.9553
Jean_Chretien_0031.jpg,ok,0.7856
Jean_Chretien_0032.jpg,ok,0.9129
Jean_Chretien_0033.jpg,ok,0.6805
Jean_Chretien_0034.jpg,ok,0.9256
Jean_Chretien_0035.jpg,ok,0.9693
Jean_Chretien_0036.jpg,ok,0.8000
Jean_Chretien_0037.jpg,ok,0.6265
Jean_Chretien_0038.jpg,ok,0.9576
Jean_Chretien_0039.jpg,ok,0.9266
Jean_Chretien_0040.jpg,ok,0.8499
Jean_Chretien_0041.jpg,ok,0.8976
Jean_Chretien_0042.jpg,ok,0.5682
Jean_Chretien_0043.jpg,ok,0.4213
Jean_Chretien_0044.jpg,ok,0.4760
Jean_Chretien_0045.jpg,ok,0.3062
Jean_Chretien_0046.jpg,ok,0.7937
Jean_Chretien_0047.jpg,ok,0.5558
Jean_Chretien_0048.jpg,ok,0.8719
Jean_Chretien_0049.jpg,ok,0.9771
Jean_Chretien_0050.jpg,ok,0.9820
Jean_Chretien_0051.jpg,ok,0.7084
Jean_Chretien_0052.jpg,ok,0.9352
Jean_Chretien_0053.jpg,ok,0.0044
Jean_Chretien_0054.jpg,ok,0.6572
Jean_Chretien_0055.jpg,ok,0.9045
Jean_Nagel_0001.jpg,ok,0.9822
Jean_Todt_0001.jpg,ok,0.7525
Jeane_Kirkpatrick_0001.jpg,ok,0.4066
Jeanette_Gray_0001.jpg,ok,0.7480
Jeanette_Stauffer_0001.jpg,ok,0.7190
Jeanne_Anne_Schroeder_0001.jpg,ok,0.8474
Jeanne_Moreau_0001.jpg,ok,0.7822
Jeanne_Moreau_0002.jpg,ok,0.9939
Jeannette_Biedermann_0001.jpg,ok,0.3283
Jeb_Bush_0001.jpg,ok,0.0137
Jeb_Bush_0002.jpg,ok,0.9878
Jeb_Bush_0003.jpg,ok,0.8718
Jeb_Bush_0004.jpg,ok,0.2826
Jeb_Bush_0005.jpg,ok,0.0041
Jeb_Bush_0006.jpg,ok,0.0052
Jeb_Bush_0007.jpg,ok,0.5847
Jeb_Bush_0008.jpg,ok,0.0427
Jeb_Bush_0009.jpg,ok,0.4168
Jeb_Bush_0010.jpg,ok,0.7949
Jeb_Bush_0011.jpg,ok,0.0053
Jeb_Bush_0012.jpg,ok,0.8521
Jeff_Bridges_0001.jpg,ok,0.4125
Jeff_Bzdelik_0001.jpg,ok,0.2969
Jeff_Dederian_0001.jpg,ok,0.5254
Jeff_Feldman_0001.jpg,ok,0.9066
Jeff_George_0001.jpg,ok,0.3182
Jeff_Hornacek_0001.jpg,ok,0.0077
Jeff_Roehm_0001.jpg,ok,0.1496
Jeff_Schiffner_0001.jpg,ok,0.5634
Jeff_Van_Gundy_0001.jpg,ok,0.0604
Jeff_Van_Gundy_0002.jpg,ok,0.4490
Jeff_Van_Gundy_0003.jpg,ok,0.7773
Jeff_Weaver_0001.jpg,ok,0.1041
Jefferson_Perez_0001.jpg,ok,0.4397
Jefferson_Perez_0002.jpg,ok,0.0726
Jeffery_Hendren_0001.jpg,ok,0.6451
Jeffery_Strelzin_0001.jpg,ok,0.8205
Jeffrey_Archer_0001.jpg,ok,0.7659
Jeffrey_Archer_0002.jpg,ok,0.3973
Jeffrey_Ashby_0001.jpg,ok,0.9531
Jeffrey_Donaldson_0001.jpg,ok,0.9391
Jeffrey_Immelt_0001.jpg,ok,0.0265
Jeffrey_Immelt_0002.jpg,ok,0.4930
Jeffrey_Jones_0001.jpg,ok,0.8000
Jeffrey_Jones_0002.jpg,ok,0.0674
Jeffrey_Katzenberg_0001.jpg,ok,0.2000
Jeffrey_Pfeffer_0001.jpg,ok,0.2561
Jeffrey_Scott_Postell_0001.jpg,ok,0.0034
Jeffrey_Scott_Postell_0002.jpg,ok,0.0008
Jelena_Dokic_0001.jpg,ok,0.1079
Jelena_Dokic_0002.jpg,ok,0.3785
Jelena_Dokic_0003.jpg,ok,0.0001
Jelena_Dokic_0004.jpg,ok,0.1566
Jelena_Dokic_0005.jpg,ok,0.1456
Jelena_Dokic_0006.jpg,ok,0.2491
Jelena_Dokic_0007.jpg,ok,0.1520
Jelena_Dokic_0008.jpg,ok,0.3451
Jen_Bice_0001.jpg,ok,0.3373
Jen_Schefft_0001.jpg,ok,0.9476
Jenna_Elfman_0001.jpg,ok,0.4118
Jennette_Bradley_0001.jpg,ok,0.0184
Jennie_Finch_0001.jpg,ok,0.6176
Jennie_Garth_0001.jpg,ok,0.5076
Jennifer_Aniston_0001.jpg,ok,0.0389
Jennifer_Aniston_0002.jpg,ok,0.3978
Jennifer_Aniston_0003.jpg,ok,0.1199
Jennifer_Aniston_0004.jpg,ok,0.9063
Jennifer_Aniston_0005.jpg,ok,0.0465
Jennifer_Aniston_0006.jpg,ok,0.3211
Jennifer_Aniston_0007.jpg,ok,0.3559
Jennifer_Aniston_0008.jpg,ok,0.3688
Jennifer_Aniston_0009.jpg,ok,0.2041
Jennifer_Aniston_0010.jpg,ok,0.9701
Jennifer_Aniston_0011.jpg,ok,0.1204
Jennifer_Aniston_0012.jpg,ok,0.9342
Jennifer_Aniston_0013.jpg,ok,0.7309
Jennifer_Aniston_0014.jpg,ok,0.8023
Jennifer_Aniston_0015.jpg,ok,0.5700
Jennifer_Aniston_0016.jpg,ok,0.4574
Jennifer_Aniston_0017.jpg,ok,0.8460
Jennifer_Aniston_0018.jpg,ok,0.8126
Jennifer_Aniston_0019.jpg,ok,0.3202
Jennifer_Aniston_0020.jpg,ok,0.0384
Jennifer_Aniston_0021.jpg,ok,0.9298
Jennifer_Capriati_0001.jpg,ok,0.1204
Jennifer_Capriati_0002.jpg,ok,0.0034
Jennifer_Capriati_0003.jpg,ok,0.0084
Jennifer_Capriati_0004.jpg,ok,0.0033
Jennifer_Capriati_0005.jpg,ok,0.0021
Jennifer_Capriati_0006.jpg,ok,0.1812
Jennifer_Capriati_0007.jpg,ok,0.3381
Jennifer_Capriati_0008.jpg,ok,0.8187
Jennifer_Capriati_0009.jpg,ok,0.0248
Jennifer_Capriati_0010.jpg,ok,0.0743
Jennifer_Capriati_0011.jpg,ok,0.2567
Jennifer_Capriati_0012.jpg,ok,0.1295
Jennifer_Capriati_0013.jpg,ok,0.2738
Jennifer_Capriati_0014.jpg,ok,0.1024
Jennifer_Capriati_0015.jpg,ok,0.1923
Jennifer_Capriati_0016.jpg,ok,0.2160
Jennifer_Capriati_0017.jpg,ok,0.4175
Jennifer_Capriati_0018.jpg,ok,0.2119
Jennifer_Capriati_0019.jpg,ok,0.1552
Jennifer_Capriati_0020.jpg,ok,0.6044
Jennifer_Capriati_0021.jpg,ok,0.0021
Jennifer_Capriati_0022.jpg,ok,0.0031
Jennifer_Capriati_0023.jpg,ok,0.0449
Jennifer_Capriati_0024.jpg,ok,0.6034
Jennifer_Capriati_0025.jpg,ok,0.3986
Jennifer_Capriati_0026.jpg,ok,0.1734
Jennifer_Capriati_0027.jpg,ok,0.3113
Jennifer_Capriati_0028.jpg,ok,0.6940
Jennifer_Capriati_0029.jpg,ok,0.0647
Jennifer_Capriati_0030.jpg,ok,0.3131
Jennifer_Capriati_0031.jpg,ok,0.4913
Jennifer_Capriati_0032.jpg,ok,0.0445
Jennifer_Capriati_0033.jpg,ok,0.0426
Jennifer_Capriati_0034.jpg,ok,0.0188
Jennifer_Capriati_0035.jpg,ok,0.3163
Jennifer_Capriati_0036.jpg,ok,0.0019
Jennifer_Capriati_0037.jpg,ok,0.4907
Jennifer_Capriati_0038.jpg,ok,0.0800
Jennifer_Capriati_0039.jpg,ok,0.4902
Jennifer_Capriati_0040.jpg,ok,0.4852
Jennifer_Capriati_0041.jpg,ok,0.0011
Jennifer_Capriati_0042.jpg,ok,0.1094
Jennifer_Connelly_0001.jpg,ok,0.0103
Jennifer_Connelly_0002.jpg,ok,0.0035
Jennifer_Connelly_0003.jpg,ok,0.0885
Jennifer_Connelly_0004.jpg,ok,0.7688
Jennifer_Furminger_0001.jpg,ok,0.0981
Jennifer_Garner_0001.jpg,ok,0.4288
Jennifer_Garner_0002.jpg,ok,0.8406
Jennifer_Garner_0003.jpg,ok,0.8793
Jennifer_Garner_0004.jpg,ok,0.2241
Jennifer_Garner_0005.jpg,ok,0.4839
Jennifer_Garner_0006.jpg,ok,0.0184
Jennifer_Garner_0007.jpg,ok,0.0646
Jennifer_Garner_0008.jpg,ok,0.6574
Jennifer_Garner_0009.jpg,ok,0.0459
Jennifer_Garner_0010.jpg,ok,0.0054
Jennifer_Garner_0011.jpg,ok,0.4978
Jennifer_Garner_0012.jpg,ok,0.4883
Jennifer_Granholm_0001.jpg,ok,0.5239
Jennifer_Gratz_0001.jpg,ok,0.9957
Jennifer_Keller_0001.jpg,ok,0.3276
Jennifer_Keller_0002.jpg,ok,0.1402
Jennifer_Keller_0003.jpg,ok,0.0150
Jennifer_Keller_0004.jpg,ok,0.6279
Jennifer_Lopez_0001.jpg,ok,0.4988
Jennifer_Lopez_0002.jpg,ok,0.4696
Jennifer_Lopez_0003.jpg,ok,0.0016
Jennifer_Lopez_0004.jpg,ok,0.5062
Jennifer_Lopez_0005.jpg,ok,0.5299
Jennifer_Lopez_0006.jpg,ok,0.5041
Jennifer_Lopez_0007.jpg,ok,0.4591
Jennifer_Lopez_0008.jpg,ok,0.1623
Jennifer_Lopez_0009.jpg,ok,0.8297
Jennifer_Lopez_0010.jpg,ok,0.9781
Jennifer_Lopez_0011.jpg,ok,0.4737
Jennifer_Lopez_0012.jpg,ok,0.3528
Jennifer_Lopez_0013.jpg,ok,0.2649
Jennifer_Lopez_0014.jpg,ok,0.5108
Jennifer_Lopez_0015.jpg,ok,0.3637
Jennifer_Lopez_0016.jpg,ok,0.0128
Jennifer_Lopez_0017.jpg,ok,0.0021
Jennifer_Lopez_0018.jpg,ok,0.6119
Jennifer_Lopez_0019.jpg,ok,0.2496
Jennifer_Lopez_0020.jpg,ok,0.0553
Jennifer_Lopez_0021.jpg,ok,0.5742
Jennifer_Love_Hewitt_0001.jpg,ok,0.3820
Jennifer_McCoy_0001.jpg,ok,0.4466
Jennifer_Murray_0001.jpg,ok,0.0681
Jennifer_Pena_0001.jpg,ok,0.3927
Jennifer_Reilly_0001.jpg,ok,0.7549
Jennifer_Reilly_0002.jpg,ok,0.3453
Jennifer_Renee_Short_0001.jpg,ok,0.5875
Jennifer_Rodriguez_0001.jpg,ok,0.4886
Jennifer_Rodriguez_0002.jpg,ok,0.5656
Jennifer_Thompson_0001.jpg,ok,0.4770
Jennifer_Thompson_0002.jpg,ok,0.2922
Jennifer_Tilly_0001.jpg,ok,0.3228
Jenny_Romero_0001.jpg,ok,0.1794
Jens_Lehmann_0001.jpg,ok,0.9467
Jeong_Se-hyun_0001.jpg,ok,0.0087
Jeong_Se-hyun_0002.jpg,ok,0.3592
Jeong_Se-hyun_0003.jpg,ok,0.2441
Jeong_Se-hyun_0004.jpg,ok,0.6967
Jeong_Se-hyun_0005.jpg,ok,0.2379
Jeong_Se-hyun_0006.jpg,ok,0.1749
Jeong_Se-hyun_0007.jpg,ok,0.0026
Jeong_Se-hyun_0008.jpg,ok,0.3781
Jeong_Se-hyun_0009.jpg,ok,0.1588
Jerelle_Kraus_0001.jpg,ok,0.4290
Jeremy_Fogel_0001.jpg,ok,0.0756
Jeremy_Gompertz_0001.jpg,ok,0.4397
Jeremy_Greenstock_0001.jpg,ok,0.5849
Jeremy_Greenstock_0002.jpg,ok,0.6383
Jeremy_Greenstock_0003.jpg,ok,0.0143
Jeremy_Greenstock_0004.jpg,ok,0.9942
Jeremy_Greenstock_0005.jpg,ok,0.1912
Jeremy_Greenstock_0006.jpg,ok,0.7450
Jeremy_Greenstock_0007.jpg,ok,0.3864
Jeremy_Greenstock_0008.jpg,ok,0.4367
Jeremy_Greenstock_0009.jpg,ok,0.7225
Jeremy_Greenstock_0010.jpg,ok,0.0023
Jeremy_Greenstock_0011.jpg,ok,0.0189
Jeremy_Greenstock_0012.jpg,ok,0.3721
Jeremy_Greenstock_0013.jpg,ok,0.0096
Jeremy_Greenstock_0014.jpg,ok,0.7141
Jeremy_Greenstock_0015.jpg,ok,0.7567
Jeremy_Greenstock_0016.jpg,ok,0.7696
Jeremy_Greenstock_0017.jpg,ok,0.9203
Jeremy_Greenstock_0018.jpg,ok,0.7265
Jeremy_Greenstock_0019.jpg,ok,0.1287
Jeremy_Greenstock_0020.jpg,ok,0.4623
Jeremy_Greenstock_0021.jpg,ok,0.5085
Jeremy_Greenstock_0022.jpg,ok,0.6654
Jeremy_Greenstock_0023.jpg,ok,0.2574
Jeremy_Greenstock_0024.jpg,ok,0.2836
Jeremy_Shockey_0001.jpg,ok,0.4846
Jeremy_Shockey_0002.jpg,ok,0.5187
Jeremy_Wotherspoon_0001.jpg,ok,0.0986
Jeri_Ryan_0001.jpg,ok,0.0106
Jerome_Golmard_0001.jpg,ok,0.0490
Jerome_Jenkins_0001.jpg,ok,0.0769
Jerry_Angelo_0001.jpg,ok,0.2319
Jerry_Bruckheimer_0001.jpg,ok,0.0016
Jerry_Colangelo_0001.jpg,ok,0.1755
Jerry_Falwell_0001.jpg,ok,0.4736
Jerry_Falwell_0002.jpg,ok,0.1161
Jerry_Hall_0001.jpg,ok,0.5892
Jerry_Jones_0001.jpg,ok,0.2427
Jerry_Lewis_0001.jpg,ok,0.0083
Jerry_McEntee_0001.jpg,ok,0.8347
Jerry_Oliver_0001.jpg,ok,0.6498
Jerry_Pauley_0001.jpg,ok,0.0033
Jerry_Regier_0001.jpg,ok,0.8161
Jerry_Regier_0002.jpg,ok,0.5758
Jerry_Regier_0003.jpg,ok,0.6507
Jerry_Regier_0004.jpg,ok,0.4905
Jerry_Rice_0001.jpg,ok,0.5222
Jerry_Seinfeld_0001.jpg,ok,0.1914
Jerry_Sexton_0001.jpg,ok,0.3715
Jerry_Sloan_0001.jpg,ok,0.3389
Jerry_Springer_0001.jpg,ok,0.3883
Jerry_Springer_0002.jpg,ok,0.3008
Jerry_Springer_0003.jpg,ok,0.5179
Jerry_Springer_0004.jpg,ok,0.4764
Jerry_Tarkanian_0001.jpg,ok,0.8636
Jesper_Parnevik_0001.jpg,ok,0.9813
Jesse_Harris_0001.jpg,ok,0.0880
Jesse_Harris_0002.jpg,ok,0.4537
Jesse_Harris_0003.jpg,ok,0.0007
Jesse_Helms_0001.jpg,ok,0.4114
Jesse_Jackson_0001.jpg,ok,0.4478
Jesse_Jackson_0002.jpg,ok,0.0629
Jesse_Jackson_0003.jpg,ok,0.7065
Jesse_Jackson_0004.jpg,ok,0.1549
Jesse_Jackson_0005.jpg,ok,0.1933
Jesse_Jackson_0006.jpg,ok,0.3208
Jesse_Jackson_0007.jpg,ok,0.6840
Jesse_Jackson_0008.jpg,ok,0.2648
Jesse_Jackson_0009.jpg,ok,0.0794
Jesse_James_0001.jpg,ok,0.6192
Jesse_James_Leija_0001.jpg,ok,0.7583
Jesse_James_Leija_0002.jpg,ok,0.4977
Jesse_Ventura_0001.jpg,ok,0.6646
Jesse_Ventura_0002.jpg,ok,0.5621
Jesse_Ventura_0003.jpg,ok,0.0039
Jessica_Alba_0001.jpg,ok,0.1979
Jessica_Alba_0002.jpg,ok,0.2910
Jessica_Biel_0001.jpg,ok,0.3535
Jessica_Brungo_0001.jpg,ok,0.1205
Jessica_Capshaw_0001.jpg,ok,0.1766
Jessica_Lange_0001.jpg,ok,0.1820
Jessica_Lange_0002.jpg,ok,0.6251
Jessica_Lynch_0001.jpg,ok,0.8776
Jessica_Lynch_0002.jpg,ok,0.1999
Jessica_Simpson_0001.jpg,ok,0.3306
Jesus_Cardenal_0001.jpg,ok,0.6932
Jewel_Howard-Taylor_0001.jpg,ok,0.0549
Jia_Qinglin_0001.jpg,ok,0.2642
Jia_Qinglin_0002.jpg,ok,0.4860
Jiang_Zemin_0001.jpg,ok,0.9081
Jiang_Zemin_0002.jpg,ok,0.3567
Jiang_Zemin_0003.jpg,ok,0.6423
Jiang_Zemin_0004.jpg,ok,0.0263
Jiang_Zemin_0005.jpg,ok,0.9985
Jiang_Zemin_0006.jpg,ok,0.0678
Jiang_Zemin_0007.jpg,ok,0.3789
Jiang_Zemin_0008.jpg,ok,0.5260
Jiang_Zemin_0009.jpg,ok,0.1020
Jiang_Zemin_0010.jpg,ok,0.3577
Jiang_Zemin_0011.jpg,ok,0.0241
Jiang_Zemin_0012.jpg,ok,0.0980
Jiang_Zemin_0013.jpg,ok,0.1177
Jiang_Zemin_0014.jpg,ok,0.6833
Jiang_Zemin_0015.jpg,ok,0.4157
Jiang_Zemin_0016.jpg,ok,0.5749
Jiang_Zemin_0017.jpg,ok,0.6409
Jiang_Zemin_0018.jpg,ok,0.7567
Jiang_Zemin_0019.jpg,ok,0.5409
Jiang_Zemin_0020.jpg,ok,0.0589
Jim_Abbott_0001.jpg,ok,0.4888
Jim_Ahern_0001.jpg,ok,0.2186
Jim_Anderson_0001.jpg,ok,0.4185
Jim_Beattie_0001.jpg,ok,0.6983
Jim_Bollman_0001.jpg,ok,0.4968
Jim_Bunning_0001.jpg,ok,0.9467
Jim_Calhoun_0001.jpg,ok,0.4535
Jim_Cantalupo_0001.jpg,ok,0.2260
Jim_Carrey_0001.jpg,ok,0.0067
Jim_Carrey_0002.jpg,ok,0.3221
Jim_Carrey_0003.jpg,ok,0.9188
Jim_Doyle_0001.jpg,ok,0.2809
Jim_Edmonds_0001.jpg,ok,0.3240
Jim_Edmonds_0002.jpg,ok,0.9700
Jim_Fassel_0001.jpg,ok,0.3524
Jim_Flaherty_0001.jpg,ok,0.2434
Jim_Freudenberg_0001.jpg,ok,0.1705
Jim_Furyk_0001.jpg,ok,0.8426
Jim_Furyk_0002.jpg,ok,0.1341
Jim_Furyk_0003.jpg,ok,0.0052
Jim_Furyk_0004.jpg,ok,0.3581
Jim_Furyk_0005.jpg,ok,0.2179
Jim_Furyk_0006.jpg,ok,0.5317
Jim_Greenwood_0001.jpg,ok,0.3120
Jim_Hahn_0001.jpg,ok,0.2560
Jim_Hahn_0002.jpg,ok,0.8778
Jim_Hahn_0003.jpg,ok,0.3283
Jim_Hahn_0004.jpg,ok,0.0578
Jim_Hardin_0001.jpg,ok,0.7080
Jim_Harrick_0001.jpg,ok,0.1338
Jim_Harrick_0002.jpg,ok,0.0261
Jim_Haslett_0001.jpg,ok,0.4171
Jim_Hendry_0001.jpg,ok,0.2353
Jim_Jeffords_0001.jpg,ok,0.8244
Jim_Kelly_0001.jpg,ok,0.0131
Jim_Leach_0001.jpg,ok,0.7968
Jim_Letten_0001.jpg,ok,0.0280
Jim_Nochols_0001.jpg,ok,0.3747
Jim_OBrien_0001.jpg,ok,0.0009
Jim_OBrien_0002.jpg,ok,0.6133
Jim_OBrien_0003.jpg,ok,0.1565
Jim_Otto_0001.jpg,ok,0.9951
Jim_Parque_0001.jpg,ok,0.0572
Jim_Paxson_0001.jpg,ok,0.9118
Jim_Piper_0001.jpg,ok,0.5157
Jim_Ryan_0001.jpg,ok,0.0280
Jim_Schwarz_0001.jpg,ok,0.9964
Jim_Spinoza_0001.jpg,ok,0.0418
Jim_Sterk_0001.jpg,ok,0.8073
Jim_Talent_0001.jpg,ok,0.2443
Jim_Taylor_0001.jpg,ok,0.0183
Jim_Thome_0001.jpg,ok,0.9780
Jim_Tressel_0001.jpg,ok,0.2125
Jim_Tressel_0002.jpg,ok,0.1452
Jim_Tressel_0003.jpg,ok,0.0993
Jim_Tressel_0004.jpg,ok,0.8838
Jim_Wall_0001.jpg,ok,0.9419
Jim_Wessling_0001.jpg,ok,0.8682
Jim_Wong_0001.jpg,ok,0.7937
Jim_Zorn_0001.jpg,ok,0.4952
Jimmy_Carter_0001.jpg,ok,0.9357
Jimmy_Carter_0002.jpg,ok,0.4622
Jimmy_Carter_0003.jpg,ok,0.0558
Jimmy_Carter_0004.jpg,ok,0.7279
Jimmy_Carter_0005.jpg,ok,0.0191
Jimmy_Carter_0006.jpg,ok,0.4707
Jimmy_Carter_0007.jpg,ok,0.9573
Jimmy_Carter_0008.jpg,ok,0.6466
Jimmy_Carter_0009.jpg,ok,0.8591
Jimmy_Gobble_0001.jpg,ok,0.8965
Jimmy_Gurule_0001.jpg,ok,0.2419
Jimmy_Iovine_0001.jpg,ok,0.9563
Jimmy_Jimenez_0001.jpg,ok,0.7015
Jimmy_Kimmel_0001.jpg,ok,0.3028
Jimmy_Kimmel_0002.jpg,ok,0.0266
Jimmy_Lee_0001.jpg,ok,0.0320
Jimmy_Smits_0001.jpg,ok,0.0469
Jimmy_Szymanski_0001.jpg,ok,0.8173
Jiri_Novak_0001.jpg,ok,0.4073
Jiri_Novak_0002.jpg,ok,0.0102
Jiri_Novak_0003.jpg,ok,0.6920
Jiri_Novak_0004.jpg,ok,0.4684
Jiri_Novak_0005.jpg,ok,0.5286
Jiri_Novak_0006.jpg,ok,0.1877
Jiri_Novak_0007.jpg,ok,0.0070
Jiri_Novak_0008.jpg,ok,0.2123
Jiri_Novak_0009.jpg,ok,0.0110
Jiri_Novak_0010.jpg,ok,0.9952
Jiri_Novak_0011.jpg,ok,0.9899
Jo_Dee_Messina_0001.jpg,ok,0.2726
Jo_Dee_Messina_0002.jpg,ok,0.3126
Jo_Joong-hyon_0001.jpg,ok,0.9523
Joan_Claybrook_0001.jpg,ok,0.0068
Joan_Claybrook_0002.jpg,ok,0.0381
Joan_Collins_0001.jpg,ok,0.1611
Joan_Dangerfield_0001.jpg,ok,0.2513
Joan_Jett_0001.jpg,ok,0.8312
Joan_Laporta_0001.jpg,ok,0.1874
Joan_Laporta_0002.jpg,ok,0.3161
Joan_Laporta_0003.jpg,ok,0.1118
Joan_Laporta_0004.jpg,ok,0.5700
Joan_Laporta_0005.jpg,ok,0.1241
Joan_Laporta_0006.jpg,ok,0.1640
Joan_Laporta_0007.jpg,ok,0.1104
Joan_Laporta_0008.jpg,ok,0.7867
Joan_Laporta_0009.jpg,ok,0.1132
Joanna_Poitier_0001.jpg,ok,0.0155
Joanne_Duquette_0001.jpg,ok,0.9588
Joanne_Woodward_0001.jpg,ok,0.7603
Joao_Rocha_0001.jpg,ok,0.9074
Joaquim_Levy_0001.jpg,ok,0.8464
Joaquim_Rodriguez_0001.jpg,ok,0.5974
Joaquin_Phoenix_0001.jpg,ok,0.2387
Joaquin_Sanchez_0001.jpg,ok,0.3039
Job_Cohen_0001.jpg,ok,0.5139
Job_Cohen_0002.jpg,ok,0.2738
Jodie_Foster_0001.jpg,ok,0.7117
Jodie_Foster_0002.jpg,ok,0.0131
Jodie_Foster_0003.jpg,ok,0.2843
Jodie_Henry_0001.jpg,ok,0.9416
Jodie_Kidd_0001.jpg,ok,0.8985
Jody_Richards_0001.jpg,ok,0.2443
Joe_Calzaghe_0001.jpg,ok,0.0422
Joe_Calzaghe_0002.jpg,ok,0.0017
Joe_Carnahan_0001.jpg,ok,0.0572
Joe_Cocker_0001.jpg,ok,0.0021
Joe_Cravens_0001.jpg,ok,0.2246
Joe_Crede_0001.jpg,ok,0.9903
Joe_Darrell_0001.jpg,ok,0.6857
Joe_DeLamielleure_0001.jpg,ok,0.0288
Joe_Dicaro_0001.jpg,ok,0.5282
Joe_Dumars_0001.jpg,ok,0.7228
Joe_Dumars_0002.jpg,ok,0.3541
Joe_Finley_0001.jpg,ok,0.9840
Joe_Friedberg_0001.jpg,ok,0.9090
Joe_Garner_0001.jpg,ok,0.6557
Joe_Gatti_0001.jpg,ok,0.8575
Joe_Gatti_0002.jpg,ok,0.0025
Joe_Glover_0001.jpg,ok,0.3196
Joe_Leonard_0001.jpg,ok,0.0489
Joe_Lieberman_0001.jpg,ok,0.7532
Joe_Lieberman_0002.jpg,ok,0.0010
Joe_Lieberman_0003.jpg,ok,0.0007
Joe_Lieberman_0004.jpg,ok,0.7050
Joe_Lieberman_0005.jpg,ok,0.0359
Joe_Lieberman_0006.jpg,ok,0.4767
Joe_Lieberman_0007.jpg,ok,0.1444
Joe_Lieberman_0008.jpg,ok,0.4105
Joe_Lieberman_0009.jpg,ok,0.0961
Joe_Lieberman_0010.jpg,ok,0.0096
Joe_Lieberman_0011.jpg,ok,0.2441
Joe_Lieberman_0012.jpg,ok,0.3877
Joe_Lieberman_0013.jpg,ok,0.1496
Joe_Mantegna_0001.jpg,ok,0.4994
Joe_Mantello_0001.jpg,ok,0.3327
Joe_Mantello_0002.jpg,ok,0.0506
Joe_Mendes_0001.jpg,ok,0.7045
Joe_Metz_0001.jpg,ok,0.7420
Joe_Nichols_0001.jpg,ok,0.0415
Joe_Nichols_0002.jpg,ok,0.0799
Joe_Nichols_0003.jpg,ok,0.0031
Joe_Nichols_0004.jpg,ok,0.0034
Joe_Pantoliano_0001.jpg,ok,0.2443
Joe_Paterno_0001.jpg,ok,0.2296
Joe_Plumeri_0001.jpg,ok,0.5896
Joe_Strummer_0001.jpg,ok,0.1095
Joe_Torre_0001.jpg,ok,0.5617
Joe_Torre_0002.jpg,ok,0.2623
Joe_Torre_0003.jpg,ok,0.2763
Joe_Torre_0004.jpg,ok,0.5357
Joe_Vandever_0001.jpg,ok,0.0088
Joel_Gallen_0001.jpg,ok,0.6874
Joel_Todd_0001.jpg,ok,0.0927
Joerg_Haider_0001.jpg,ok,0.8745
Joerg_Haider_0002.jpg,ok,0.5459
Joey_Buttafuoco_0001.jpg,ok,0.7437
Joey_Harrington_0001.jpg,ok,0.5294
Joey_Mantia_0001.jpg,ok,0.5164
Johan_Bruyneel_0001.jpg,ok,0.3660
Johannes_Rau_0001.jpg,ok,0.9755
John_Abizaid_0001.jpg,ok,0.2289
John_Abizaid_0002.jpg,ok,0.1809
John_Abizaid_0003.jpg,ok,0.3658
John_Abizaid_0004.jpg,ok,0.0045
John_Abizaid_0005.jpg,ok,0.0190
John_Abizaid_0006.jpg,ok,0.3789
John_Abizaid_0007.jpg,ok,0.1880
John_Abizaid_0008.jpg,ok,0.0237
John_Abizaid_0009.jpg,ok,0.0035
John_Allen_Muhammad_0001.jpg,ok,0.2740
John_Allen_Muhammad_0002.jpg,ok,0.1280
John_Allen_Muhammad_0003.jpg,ok,0.0393
John_Allen_Muhammad_0004.jpg,ok,0.3275
John_Allen_Muhammad_0005.jpg,ok,0.0202
John_Allen_Muhammad_0006.jpg,ok,0.4183
John_Allen_Muhammad_0007.jpg,ok,0.6470
John_Allen_Muhammad_0008.jpg,ok,0.0300
John_Allen_Muhammad_0009.jpg,ok,0.1678
John_Allen_Muhammad_0010.jpg,ok,0.7818
John_Allen_Muhammad_0011.jpg,ok,0.2087
John_Anderson_0001.jpg,ok,0.6762
John_Ashcroft_0001.jpg,ok,0.1533
John_Ashcroft_0002.jpg,ok,0.6727
John_Ashcroft_0003.jpg,ok,0.3779
John_Ashcroft_0004.jpg,ok,0.0523
John_Ashcroft_0005.jpg,ok,0.2696
John_Ashcroft_0006.jpg,ok,0.0088
John_Ashcroft_0007.jpg,ok,0.4353
John_Ashcroft_0008.jpg,ok,0.2295
John_Ashcroft_0009.jpg,ok,0.0758
John_Ashcroft_0010.jpg,ok,0.0002
John_Ashcroft_0011.jpg,ok,0.0036
John_Ashcroft_0012.jpg,ok,0.6892
John_Ashcroft_0013.jpg,ok,0.0278
John_Ashcroft_0014.jpg,ok,0.5904
John_Ashcroft_0015.jpg,ok,0.0690
John_Ashcroft_0016.jpg,ok,0.0073
John_Ashcroft_0017.jpg,ok,0.0935
John_Ashcroft_0018.jpg,ok,0.4858
John_Ashcroft_0019.jpg,ok,0.4949
John_Ashcroft_0020.jpg,ok,0.6277
John_Ashcroft_0021.jpg,ok,0.1393
John_Ashcroft_0022.jpg,ok,0.5195
John_Ashcroft_0023.jpg,ok,0.3310
John_Ashcroft_0024.jpg,ok,0.6302
John_Ashcroft_0025.jpg,ok,0.0162
John_Ashcroft_0026.jpg,ok,0.0008
John_Ashcroft_0027.jpg,ok,0.6633
John_Ashcroft_0028.jpg,ok,0.7559
John_Ashcroft_0029.jpg,ok,0.5107
John_Ashcroft_0030.jpg,ok,0.4438
John_Ashcroft_0031.jpg,ok,0.3904
John_Ashcroft_0032.jpg,ok,0.2987
John_Ashcroft_0033.jpg,ok,0.5064
John_Ashcroft_0034.jpg,ok,0.0059
John_Ashcroft_0035.jpg,ok,0.1935
John_Ashcroft_0036.jpg,ok,0.1730
John_Ashcroft_0037.jpg,ok,0.4022
John_Ashcroft_0038.jpg,ok,0.6059
John_Ashcroft_0039.jpg,ok,0.0023
John_Ashcroft_0040.jpg,ok,0.7018
John_Ashcroft_0041.jpg,ok,0.0075
John_Ashcroft_0042.jpg,ok,0.3468
John_Ashcroft_0043.jpg,ok,0.1129
John_Ashcroft_0044.jpg,ok,0.0960
John_Ashcroft_0045.jpg,ok,0.0241
John_Ashcroft_0046.jpg,ok,0.5391
John_Ashcroft_0047.jpg,ok,0.3432
John_Ashcroft_0048.jpg,ok,0.7397
John_Ashcroft_0049.jpg,ok,0.8497
John_Ashcroft_0050.jpg,ok,0.1629
John_Ashcroft_0051.jpg,ok,0.2162
John_Ashcroft_0052.jpg,ok,0.0991
John_Ashcroft_0053.jpg,ok,0.6986
John_Baldacci_0001.jpg,ok,0.0555
John_Banko_0001.jpg,ok,0.8356
John_Banko_0002.jpg,ok,0.9786
John_Barnett_0001.jpg,ok,0.9139
John_Belushi_0001.jpg,ok,0.9753
John_Blaney_0001.jpg,ok,0.1663
John_Blaney_0002.jpg,ok,0.7544
John_Bolton_0001.jpg,ok,0.1029
John_Bolton_0002.jpg,ok,0.4206
John_Bolton_0003.jpg,ok,0.5302
John_Bolton_0004.jpg,ok,0.1904
John_Bolton_0005.jpg,ok,0.9133
John_Bolton_0006.jpg,ok,0.0208
John_Bolton_0007.jpg,ok,0.1439
John_Bolton_0008.jpg,ok,0.7588
John_Bolton_0009.jpg,ok,0.0309
John_Bolton_0010.jpg,ok,0.4388
John_Bolton_0011.jpg,ok,0.1269
John_Bolton_0012.jpg,ok,0.9033
John_Bolton_0013.jpg,ok,0.6302
John_Bolton_0014.jpg,ok,0.1869
John_Bolton_0015.jpg,ok,0.4006
John_Bolton_0016.jpg,ok,0.1789
John_Bolton_0017.jpg,ok,0.0034
John_Bond_0001.jpg,ok,0.3079
John_Brady_0001.jpg,ok,0.1600
John_Brady_0002.jpg,ok,0.0481
John_Burkett_0001.jpg,ok,0.9601
John_Burnett_0001.jpg,ok,0.4448
John_Connolly_0001.jpg,ok,0.7694
John_Coomber_0001.jpg,ok,0.1693
John_Cornyn_0001.jpg,ok,0.1490
John_Cruz_0001.jpg,ok,0.9445
John_Cusack_0001.jpg,ok,0.3370
John_Cusack_0002.jpg,ok,0.4995
John_Dallager_0001.jpg,ok,0.0408
John_Daly_Jr_0001.jpg,ok,0.4812
John_Danforth_0001.jpg,ok,0.5963
John_Darby_0001.jpg,ok,0.3375
John_Duprey_0001.jpg,ok,0.7227
John_Eastman_0001.jpg,ok,0.7639
John_Eder_0001.jpg,ok,0.7333
John_Edwards_0001.jpg,ok,0.0258
John_Edwards_0002.jpg,ok,0.0913
John_Edwards_0003.jpg,ok,0.5789
John_Edwards_0004.jpg,ok,0.0452
John_Edwards_0005.jpg,ok,0.0448
John_Edwards_0006.jpg,ok,0.8187
John_Edwards_0007.jpg,ok,0.1361
John_Edwards_0008.jpg,ok,0.5301
John_Elway_0001.jpg,ok,0.2860
John_Engler_0001.jpg,ok,0.1233
John_F_Kennedy_Jr_0001.jpg,ok,0.0379
John_F_Kennedy_Jr_0002.jpg,ok,0.0393
John_Fenn_0001.jpg,ok,0.7896
John_Ferguson_0001.jpg,ok,0.1502
John_Fox_0001.jpg,ok,0.4124
John_Franco_0001.jpg,ok,0.8470
John_Garamendi_0001.jpg,ok,0.2075
John_Garamendi_0002.jpg,ok,0.7880
John_Geoghan_0001.jpg,ok,0.0450
John_Goold_0001.jpg,ok,0.0713
John_Gordnick_0001.jpg,ok,0.9603
John_Gruden_0001.jpg,ok,0.0043
John_Hartson_0001.jpg,ok,0.1033
John_Henry_0001.jpg,ok,0.9844
John_Herrington_0001.jpg,ok,0.0395
John_Howard_0001.jpg,ok,0.4303
John_Howard_0002.jpg,ok,0.8555
John_Howard_0003.jpg,ok,0.3605
John_Howard_0004.jpg,ok,0.0025
John_Howard_0005.jpg,ok,0.0024
John_Howard_0006.jpg,ok,0.9490
John_Howard_0007.jpg,ok,0.0179
John_Howard_0008.jpg,ok,0.2646
John_Howard_0009.jpg,ok,0.1628
John_Howard_0010.jpg,ok,0.0078
John_Howard_0011.jpg,ok,0.5025
John_Howard_0012.jpg,ok,0.9183
John_Howard_0013.jpg,ok,0.3729
John_Howard_0014.jpg,ok,0.8776
John_Howard_0015.jpg,ok,0.2083
John_Howard_0016.jpg,ok,0.2329
John_Howard_0017.jpg,ok,0.8216
John_Howard_0018.jpg,ok,0.7278
John_Howard_0019.jpg,ok,0.3844
John_Jones_0001.jpg,ok,0.9678
John_Jumper_0001.jpg,ok,0.2195
John_Jumper_0002.jpg,ok,0.7073
John_Kerr_0001.jpg,ok,0.3108
John_Kerry_0001.jpg,ok,0.0497
John_Kerry_0002.jpg,ok,0.4170
John_Kerry_0003.jpg,ok,0.2870
John_Kerry_0004.jpg,ok,0.0015
John_Kerry_0005.jpg,ok,0.1109
John_Kerry_0006.jpg,ok,0.0861
John_Kerry_0007.jpg,ok,0.0579
John_Kerry_0008.jpg,ok,0.3321
John_Kerry_0009.jpg,ok,0.3856
John_Kerry_0010.jpg,ok,0.1405
John_Kerry_0011.jpg,ok,0.5591
John_Kerry_0012.jpg,ok,0.0518
John_Kerry_0013.jpg,ok,0.0846
John_Kerry_0014.jpg,ok,0.0367
John_Kerry_0015.jpg,ok,0.0067
John_Kerry_0016.jpg,ok,0.2590
John_Kerry_0017.jpg,ok,0.1705
John_Lawrence_0001.jpg,ok,0.6469
John_Leguizamo_0001.jpg,ok,0.0888
John_Lennon_0001.jpg,ok,0.5958
John_Lisowski_0001.jpg,ok,0.0316
John_Lithgow_0001.jpg,ok,0.0038
John_Lynch_0001.jpg,ok,0.7763
John_Mabry_0001.jpg,ok,0.5255
John_Madden_0001.jpg,ok,0.7852
John_Malkovich_0001.jpg,ok,0.7284
John_Malkovich_0002.jpg,ok,0.4310
John_Malkovich_0003.jpg,ok,0.5985
John_Manley_0001.jpg,ok,0.4553
John_Manley_0002.jpg,ok,0.5520
John_Manley_0003.jpg,ok,0.4115
John_Manley_0004.jpg,ok,0.7179
John_Manley_0005.jpg,ok,0.6407
John_Manley_0006.jpg,ok,0.7041
John_Manley_0007.jpg,ok,0.8576
John_Marburger_0001.jpg,ok,0.4475
John_Mayer_0001.jpg,ok,0.0586
John_Mayer_0002.jpg,ok,0.0418
John_Mayer_0003.jpg,ok,0.0555
John_McCain_0001.jpg,ok,0.9990
John_McCain_0002.jpg,ok,0.6589
John_McCain_0003.jpg,ok,0.0014
John_McCain_0004.jpg,ok,0.9983
John_McCain_0005.jpg,ok,0.3905
John_McCain_0006.jpg,ok,0.0871
John_McCain_0007.jpg,ok,0.9857
John_McCallum_0001.jpg,ok,0.7013
John_McCallum_0002.jpg,ok,0.9274
John_McCormack_0001.jpg,ok,0.9577
John_McCormack_0002.jpg,ok,0.8868
John_McEnroe_0001.jpg,ok,0.3683
John_McEnroe_0002.jpg,ok,0.7977
John_McKay_0001.jpg,ok,0.2257
John_Moe_0001.jpg,ok,0.8031
John_Moxley_0001.jpg,ok,0.0134
John_Nash_0001.jpg,ok,0.7228
John_Negroponte_0001.jpg,ok,0.4377
John_Negroponte_0002.jpg,ok,0.2786
John_Negroponte_0003.jpg,ok,0.8762
John_Negroponte_0004.jpg,ok,0.4554
John_Negroponte_0005.jpg,ok,0.2186
John_Negroponte_0006.jpg,ok,0.0056
John_Negroponte_0007.jpg,ok,0.2947
John_Negroponte_0008.jpg,ok,0.6890
John_Negroponte_0009.jpg,ok,0.8353
John_Negroponte_0010.jpg,ok,0.0077
John_Negroponte_0011.jpg,ok,0.4088
John_Negroponte_0012.jpg,ok,0.5866
John_Negroponte_0013.jpg,ok,0.4146
John_Negroponte_0014.jpg,ok,0.0921
John_Negroponte_0015.jpg,ok,0.7203
John_Negroponte_0016.jpg,ok,0.0255
John_Negroponte_0017.jpg,ok,0.0464
John_Negroponte_0018.jpg,ok,0.9249
John_Negroponte_0019.jpg,ok,0.5625
John_Negroponte_0020.jpg,ok,0.8078
John_Negroponte_0021.jpg,ok,0.5019
John_Negroponte_0022.jpg,ok,0.1243
John_Negroponte_0023.jpg,ok,0.5722
John_Negroponte_0024.jpg,ok,0.6775
John_Negroponte_0025.jpg,ok,0.9141
John_Negroponte_0026.jpg,ok,0.9288
John_Negroponte_0027.jpg,ok,0.3433
John_Negroponte_0028.jpg,ok,0.7990
John_Negroponte_0029.jpg,ok,0.8482
John_Negroponte_0030.jpg,ok,0.5849
John_Negroponte_0031.jpg,ok,0.4263
John_Nimmo_0001.jpg,ok,0.5144
John_Norquist_0001.jpg,ok,0.5630
John_Paul_DeJoria_0001.jpg,ok,0.9775
John_Paul_II_0001.jpg,ok,0.8478
John_Paul_II_0002.jpg,ok,0.4473
John_Paul_II_0003.jpg,ok,0.8020
John_Paul_II_0004.jpg,ok,0.3890
John_Paul_II_0005.jpg,ok,0.8175
John_Paul_II_0006.jpg,ok,0.5326
John_Paul_II_0007.jpg,ok,0.3791
John_Paul_II_0008.jpg,ok,0.3739
John_Paul_II_0009.jpg,ok,0.9199
John_Paul_II_0010.jpg,ok,0.8599
John_Paul_II_0011.jpg,ok,0.7896
John_Perrota_0001.jpg,ok,0.2155
John_Petty_0001.jpg,ok,0.2834
John_Philip_Elkann_0001.jpg,ok,0.0014
John_Prescott_0001.jpg,ok,0.0006
John_Reid_0001.jpg,ok,0.5750
John_Reid_0002.jpg,ok,0.7637
John_Reid_0003.jpg,ok,0.9259
John_Reilly_0001.jpg,ok,0.5216
John_Reilly_0002.jpg,ok,0.7443
John_Richardson_0001.jpg,ok,0.6849
John_Rigas_0001.jpg,ok,0.8422
John_Rigas_0002.jpg,ok,0.6104
John_Robbins_0001.jpg,ok,0.3018
John_Rosa_0001.jpg,ok,0.0221
John_Rosa_0002.jpg,ok,0.0483
John_Rosa_0003.jpg,ok,0.2372
John_Rowe_0001.jpg,ok,0.8628
John_Rowland_0001.jpg,ok,0.1587
John_Rowland_0002.jpg,ok,0.0062
John_Ruiz_0001.jpg,ok,0.5824
John_Ruiz_0002.jpg,ok,0.0370
John_Rusnak_0001.jpg,ok,0.9691
John_Salazar_0001.jpg,ok,0.9517
John_Scarlett_0001.jpg,ok,0.6667
John_Sidgmore_0001.jpg,ok,0.2127
John_Snow_0001.jpg,ok,0.5808
John_Snow_0002.jpg,ok,0.0164
John_Snow_0003.jpg,ok,0.9779
John_Snow_0004.jpg,ok,0.7636
John_Snow_0005.jpg,ok,0.3490
John_Snow_0006.jpg,ok,0.6976
John_Snow_0007.jpg,ok,0.9152
John_Snow_0008.jpg,ok,0.5369
John_Snow_0009.jpg,ok,0.0003
John_Snow_0010.jpg,ok,0.5921
John_Snow_0011.jpg,ok,0.5577
John_Snow_0012.jpg,ok,0.6504
John_Snow_0013.jpg,ok,0.2534
John_Snow_0014.jpg,ok,0.8827
John_Snow_0015.jpg,ok,0.4885
John_Snow_0016.jpg,ok,0.6687
John_Snow_0017.jpg,ok,0.0017
John_Spencer_0001.jpg,ok,0.6598
John_Spencer_0002.jpg,ok,0.3338
John_Stallworth_0001.jpg,ok,0.9923
John_Stallworth_0002.jpg,ok,0.0392
John_Starks_0001.jpg,ok,0.0891
John_Stockton_0001.jpg,ok,0.0519
John_Stockton_0002.jpg,ok,0.1138
John_Stockton_0003.jpg,ok,0.3725
John_Stockton_0004.jpg,ok,0.0025
John_Stockton_0005.jpg,ok,0.4383
John_Sununu_0001.jpg,ok,0.1659
John_Sweeney_0001.jpg,ok,0.8390
John_Swofford_0001.jpg,ok,0.1542
John_Swofford_0002.jpg,ok,0.0854
John_Swofford_0003.jpg,ok,0.1445
John_Taylor_0001.jpg,ok,0.9548
John_Taylor_0002.jpg,ok,0.3225
John_Thune_0001.jpg,ok,0.0032
John_Timoney_0001.jpg,ok,0.2231
John_Timoney_0002.jpg,ok,0.1697
John_Travolta_0001.jpg,ok,0.0637
John_Travolta_0002.jpg,ok,0.3809
John_Travolta_0003.jpg,ok,0.9222
John_Travolta_0004.jpg,ok,0.5280
John_Travolta_0005.jpg,ok,0.3889
John_Travolta_0006.jpg,ok,0.2205
John_Travolta_0007.jpg,ok,0.3831
John_Tyson_0001.jpg,ok,0.6092
John_Velazquez_0001.jpg,ok,0.0154
John_Walsh_0001.jpg,ok,0.0254
John_Walsh_0002.jpg,ok,0.4366
John_Warner_0001.jpg,ok,0.0146
John_Warner_0002.jpg,ok,0.5506
John_Warner_0003.jpg,ok,0.7366
John_Warner_0004.jpg,ok,0.0252
John_Wayne_0001.jpg,ok,0.9928
John_White_0001.jpg,ok,0.5981
John_Williams_0001.jpg,ok,0.7465
John_Wolf_0001.jpg,ok,0.8821
John_Wolf_0002.jpg,ok,0.9967
John_Wright_0001.jpg,ok,0.1964
Johnnie_Lynn_0001.jpg,ok,0.2289
Johnny_Benson_0001.jpg,ok,0.0571
Johnny_Carson_0001.jpg,ok,0.6092
Johnny_Carson_0002.jpg,ok,0.9113
Johnny_Depp_0001.jpg,ok,0.2481
Johnny_Depp_0002.jpg,ok,0.0309
Johnny_Hallyday_0001.jpg,ok,0.2431
Johnny_Htu_0001.jpg,ok,0.0293
Johnny_Tapia_0001.jpg,ok,0.5107
Johnny_Tapia_0002.jpg,ok,0.4024
Johnny_Tapia_0003.jpg,ok,0.0483
Johnny_Unitas_0001.jpg,ok,0.9985
Johnny_Unitas_0002.jpg,ok,0.9896
Johnson_Panjaitan_0001.jpg,ok,0.2249
Johnson_Panjaitan_0002.jpg,ok,0.5279
Jolanta_Kwasniewski_0001.jpg,ok,0.0819
Jolanta_Kwasniewski_0002.jpg,ok,0.1065
Jon_Constance_0001.jpg,ok,0.9755
Jon_Corzine_0001.jpg,ok,0.1962
Jon_Corzine_0002.jpg,ok,0.8033
Jon_Corzine_0003.jpg,ok,0.2008
Jon_Gruden_0001.jpg,ok,0.9268
Jon_Gruden_0002.jpg,ok,0.4365
Jon_Gruden_0003.jpg,ok,0.5180
Jon_Gruden_0004.jpg,ok,0.0010
Jon_Gruden_0005.jpg,ok,0.0026
Jon_Gruden_0006.jpg,ok,0.1324
Jon_Gruden_0007.jpg,ok,0.2080
Jon_Kitna_0001.jpg,ok,0.7182
Jon_Stewart_0001.jpg,ok,0.0075
Jon_Voight_0001.jpg,ok,0.4407
Jon_Voight_0002.jpg,ok,0.1474
Jon_Voight_0003.jpg,ok,0.9954
Jonathan_Arden_0001.jpg,ok,0.0504
Jonathan_Byrd_0001.jpg,ok,0.8923
Jonathan_Edwards_0001.jpg,ok,0.6253
Jonathan_Edwards_0002.jpg,ok,0.8035
Jonathan_Edwards_0003.jpg,ok,0.9460
Jonathan_Edwards_0004.jpg,ok,0.4204
Jonathan_Edwards_0005.jpg,ok,0.9221
Jonathan_Edwards_0006.jpg,ok,0.7681
Jonathan_Edwards_0007.jpg,ok,0.7839
Jonathan_Edwards_0008.jpg,ok,0.6655
Jonathan_Fine_0001.jpg,ok,0.1220
Jonathan_Horton_0001.jpg,ok,0.6449
Jonathan_Karsh_0001.jpg,ok,0.2020
Jonathan_Mostow_0001.jpg,ok,0.0371
Jonathan_Mostow_0002.jpg,ok,0.0153
Jonathan_Schroeder_0001.jpg,ok,0.9963
Jonathan_Tiomkin_0001.jpg,ok,0.6268
Jonathan_Woodgate_0001.jpg,ok,0.2551
Jong_Thae_Hwa_0001.jpg,ok,0.0868
Jong_Thae_Hwa_0002.jpg,ok,0.2032
Jong_Wook_Lee_0001.jpg,ok,0.1483
Jong_Wook_Lee_0002.jpg,ok,0.0232
Jong_Wook_Lee_0003.jpg,ok,0.0379
Jong_Wook_Lee_0004.jpg,ok,0.9199
Jorge_Alberto_Galindo_0001.jpg,ok,0.0623
Jorge_Arce_0001.jpg,ok,0.1434
Jorge_Arce_0002.jpg,ok,0.7205
Jorge_Batlle_0001.jpg,ok,0.3659
Jorge_Batlle_0002.jpg,ok,0.8487
Jorge_Batlle_0003.jpg,ok,0.4427
Jorge_Castaneda_0001.jpg,ok,0.1664
Jorge_Castaneda_0002.jpg,ok,0.0943
Jorge_Enrique_Jimenez_0001.jpg,ok,0.3607
Jorge_Marquez-Ruarte_0001.jpg,ok,0.0486
Jorge_Moreno_0001.jpg,ok,0.0034
Jorge_Quiroga_0001.jpg,ok,0.4637
Jorge_Rodolfo_Canicoba_Corral_0001.jpg,ok,0.4898
Jorge_Rodolfo_Canicoba_Corral_0002.jpg,ok,0.0955
Jorge_Valdano_0001.jpg,ok,0.3905
Jorge_Valdano_0002.jpg,ok,0.4727
Jorma_Huhtala_0001.jpg,ok,0.1747
Joschka_Fischer_0001.jpg,ok,0.2540
Joschka_Fischer_0002.jpg,ok,0.6582
Joschka_Fischer_0003.jpg,ok,0.3769
Joschka_Fischer_0004.jpg,ok,0.9415
Joschka_Fischer_0005.jpg,ok,0.8823
Joschka_Fischer_0006.jpg,ok,0.5058
Joschka_Fischer_0007.jpg,ok,0.7310
Joschka_Fischer_0008.jpg,ok,0.0757
Joschka_Fischer_0009.jpg,ok,0.6534
Joschka_Fischer_0010.jpg,ok,0.0256
Joschka_Fischer_0011.jpg,ok,0.8373
Joschka_Fischer_0012.jpg,ok,0.0130
Joschka_Fischer_0013.jpg,ok,0.3072
Joschka_Fischer_0014.jpg,ok,0.6928
Joschka_Fischer_0015.jpg,ok,0.9826
Joschka_Fischer_0016.jpg,ok,0.5559
Joschka_Fischer_0017.jpg,ok,0.3439
Joschka_Fischer_0018.jpg,ok,0.5682
Joschka_Fischer_0019.jpg,ok,0.2219
Jose_Acasuso_0001.jpg,ok,0.0801
Jose_Alencar_0001.jpg,ok,0.0071
Jose_Bove_0001.jpg,ok,0.4932
Jose_Canseco_0001.jpg,ok,0.6118
Jose_Canseco_0002.jpg,ok,0.0447
Jose_Canseco_0003.jpg,ok,0.1007
Jose_Canseco_Sr_0001.jpg,ok,0.3185
Jose_Carlo_Fernandez_0001.jpg,ok,0.1945
Jose_Carreras_0001.jpg,ok,0.0194
Jose_Cevallos_0001.jpg,ok,0.8280
Jose_Dirceu_0001.jpg,ok,0.8354
Jose_Dirceu_0002.jpg,ok,0.9756
Jose_Genoino_0001.jpg,ok,0.3474
Jose_Jose_0001.jpg,ok,0.1328
Jose_Lina_0001.jpg,ok,0.0203
Jose_Lopez_Beltran_0001.jpg,ok,0.2337
Jose_Luis_Chilavert_0001.jpg,ok,0.9403
Jose_Luis_Rodriguez_Zapatero_0001.jpg,ok,0.1026
Jose_Luis_Santiago_Vasconcelos_0001.jpg,ok,0.0119
Jose_Manuel_Durao_Barroso_0001.jpg,ok,0.5218
Jose_Manuel_Durao_Barroso_0002.jpg,ok,0.1223
Jose_Manuel_Durao_Barroso_0003.jpg,ok,0.5221
Jose_Manuel_Durao_Barroso_0004.jpg,ok,0.4921
Jose_Manuel_Durao_Barroso_0005.jpg,ok,0.5533
Jose_Manuel_Durao_Barroso_0006.jpg,ok,0.8501
Jose_Maria_Aznar_0001.jpg,ok,0.0146
Jose_Maria_Aznar_0002.jpg,ok,0.0344
Jose_Maria_Aznar_0003.jpg,ok,0.8037
Jose_Maria_Aznar_0004.jpg,ok,0.8917
Jose_Maria_Aznar_0005.jpg,ok,0.8931
Jose_Maria_Aznar_0006.jpg,ok,0.3137
Jose_Maria_Aznar_0007.jpg,ok,0.6014
Jose_Maria_Aznar_0008.jpg,ok,0.1947
Jose_Maria_Aznar_0009.jpg,ok,0.0134
Jose_Maria_Aznar_0010.jpg,ok,0.3710
Jose_Maria_Aznar_0011.jpg,ok,0.3682
Jose_Maria_Aznar_0012.jpg,ok,0.4892
Jose_Maria_Aznar_0013.jpg,ok,0.6756
Jose_Maria_Aznar_0014.jpg,ok,0.9974
Jose_Maria_Aznar_0015.jpg,ok,0.2189
Jose_Maria_Aznar_0016.jpg,ok,0.3920
Jose_Maria_Aznar_0017.jpg,ok,0.0225
Jose_Maria_Aznar_0018.jpg,ok,0.4165
Jose_Maria_Aznar_0019.jpg,ok,0.5901
Jose_Maria_Aznar_0020.jpg,ok,0.5608
Jose_Maria_Aznar_0021.jpg,ok,0.5544
Jose_Maria_Aznar_0022.jpg,ok,0.0766
Jose_Maria_Aznar_0023.jpg,ok,0.0734
Jose_Miguel_Aleman_0001.jpg,ok,0.9955
Jose_Mourinho_0001.jpg,ok,0.1674
Jose_Mourinho_0002.jpg,ok,0.0633
Jose_Rosado_0001.jpg,ok,0.4894
Jose_Santos_0001.jpg,ok,0.2653
Jose_Sarney_0001.jpg,ok,0.3753
Jose_Sarney_0002.jpg,ok,0.9883
Jose_Sarney_0003.jpg,ok,0.3488
Jose_Serra_0001.jpg,ok,0.0036
Jose_Serra_0002.jpg,ok,0.0216
Jose_Serra_0003.jpg,ok,0.1708
Jose_Serra_0004.jpg,ok,0.4407
Jose_Serra_0005.jpg,ok,0.6213
Jose_Serra_0006.jpg,ok,0.2396
Jose_Serra_0007.jpg,ok,0.3231
Jose_Serra_0008.jpg,ok,0.0544
Jose_Serra_0009.jpg,ok,0.8635
Jose_Theodore_0001.jpg,ok,0.0353
Jose_Theodore_0002.jpg,ok,0.2523
Jose_Vicente_Rangel_0001.jpg,ok,0.6185
Jose_Viegas_Filho_0001.jpg,ok,0.6837
Jose_Viegas_Filho_0002.jpg,ok,0.0039
Jose_Woldenberg_0001.jpg,ok,0.1886
Joseph_Biden_0001.jpg,ok,0.7550
Joseph_Biden_0002.jpg,ok,0.0332
Joseph_Biden_0003.jpg,ok,0.2747
Joseph_Biden_0004.jpg,ok,0.0342
Joseph_Biden_0005.jpg,ok,0.8498
Joseph_Blatter_0001.jpg,ok,0.2418
Joseph_Blatter_0002.jpg,ok,0.4255
Joseph_Deiss_0001.jpg,ok,0.1291
Joseph_Deiss_0002.jpg,ok,0.7239
Joseph_Deiss_0003.jpg,ok,0.8464
Joseph_Estrada_0001.jpg,ok,0.0985
Joseph_Estrada_0002.jpg,ok,0.1681
Joseph_Estrada_0003.jpg,ok,0.0816
Joseph_Estrada_0004.jpg,ok,0.0650
Joseph_Fiennes_0001.jpg,ok,0.4133
Joseph_Galante_0001.jpg,ok,0.1935
Joseph_Ganim_0001.jpg,ok,0.8797
Joseph_Hoy_0001.jpg,ok,0.3906
Joseph_Kabila_0001.jpg,ok,0.9147
Joseph_LePore_0001.jpg,ok,0.2488
Joseph_Lopez_0001.jpg,ok,0.0194
Joseph_Nacchio_0001.jpg,ok,0.0458
Joseph_Ralston_0001.jpg,ok,0.0015
Joseph_Ralston_0002.jpg,ok,0.2223
Joseph_Safra_0001.jpg,ok,0.9801
Joseph_Salgado_0001.jpg,ok,0.4325
Josh_Childress_0001.jpg,ok,0.8666
Josh_Evans_0001.jpg,ok,0.3700
Josh_Kronfeld_0001.jpg,ok,0.1850
Joshua_Davey_0001.jpg,ok,0.7753
Joshua_Gracin_0001.jpg,ok,0.0025
Joshua_Harapko_0001.jpg,ok,0.7692
Joshua_Perper_0001.jpg,ok,0.9981
Joxel_Garcia_0001.jpg,ok,0.1822
Joy_Bryant_0001.jpg,ok,0.0139
Joy_Lee_Sadler_0001.jpg,ok,0.7537
Juan_Antonio_Samaranch_0001.jpg,ok,0.0059
Juan_Carlos_0001.jpg,ok,0.9898
Juan_Carlos_Ferrero_0001.jpg,ok,0.0291
Juan_Carlos_Ferrero_0002.jpg,ok,0.0073
Juan_Carlos_Ferrero_0003.jpg,ok,0.3574
Juan_Carlos_Ferrero_0004.jpg,ok,0.4665
Juan_Carlos_Ferrero_0005.jpg,ok,0.2420
Juan_Carlos_Ferrero_0006.jpg,ok,0.0119
Juan_Carlos_Ferrero_0007.jpg,ok,0.2677
Juan_Carlos_Ferrero_0008.jpg,ok,0.3848
Juan_Carlos_Ferrero_0009.jpg,ok,0.0094
Juan_Carlos_Ferrero_0010.jpg,ok,0.1639
Juan_Carlos_Ferrero_0011.jpg,ok,0.3237
Juan_Carlos_Ferrero_0012.jpg,ok,0.0211
Juan_Carlos_Ferrero_0013.jpg,ok,0.0388
Juan_Carlos_Ferrero_0014.jpg,ok,0.0056
Juan_Carlos_Ferrero_0015.jpg,ok,0.2893
Juan_Carlos_Ferrero_0016.jpg,ok,0.3292
Juan_Carlos_Ferrero_0017.jpg,ok,0.4218
Juan_Carlos_Ferrero_0018.jpg,ok,0.2283
Juan_Carlos_Ferrero_0019.jpg,ok,0.5764
Juan_Carlos_Ferrero_0020.jpg,ok,0.8244
Juan_Carlos_Ferrero_0021.jpg,ok,0.2054
Juan_Carlos_Ferrero_0022.jpg,ok,0.0670
Juan_Carlos_Ferrero_0023.jpg,ok,0.1933
Juan_Carlos_Ferrero_0024.jpg,ok,0.0028
Juan_Carlos_Ferrero_0025.jpg,ok,0.3920
Juan_Carlos_Ferrero_0026.jpg,ok,0.1162
Juan_Carlos_Ferrero_0027.jpg,ok,0.0005
Juan_Carlos_Ferrero_0028.jpg,ok,0.3185
Juan_Carlos_Morales_0001.jpg,ok,0.0359
Juan_Carlos_Ortega_0001.jpg,ok,0.4763
Juan_Fernandez_0001.jpg,ok,0.0014
Juan_Francisco_Palencia_0001.jpg,ok,0.7842
Juan_Ignacio_Chela_0001.jpg,ok,0.3625
Juan_Ignacio_Chela_0002.jpg,ok,0.0377
Juan_Ignacio_Chela_0003.jpg,ok,0.0202
Juan_Jose_Lucas_0001.jpg,ok,0.5710
Juan_Manuel_Marquez_0001.jpg,ok,0.5360
Juan_Manuel_Marquez_0002.jpg,ok,0.3366
Juan_Manuel_Marquez_0003.jpg,ok,0.3633
Juan_Pablo_Montoya_0001.jpg,ok,0.4606
Juan_Pablo_Montoya_0002.jpg,ok,0.0492
Juan_Pablo_Montoya_0003.jpg,ok,0.2101
Juan_Pablo_Montoya_0004.jpg,ok,0.0302
Juan_Pablo_Montoya_0005.jpg,ok,0.2613
Juan_Pablo_Montoya_0006.jpg,ok,0.0101
Juan_Pablo_Montoya_0007.jpg,ok,0.0675
Juan_Pablo_Montoya_0008.jpg,ok,0.0332
Juan_Roman_Carrasco_0001.jpg,ok,0.6004
Juan_Roman_Riquelme_0001.jpg,ok,0.6570
Juan_Sanchez_0001.jpg,ok,0.6450
Juan_Valencia_Osorio_0001.jpg,ok,0.0130
Juan_Valencia_Osorio_0002.jpg,ok,0.9875
Juanes_0001.jpg,ok,0.0038
Juanes_0002.jpg,ok,0.0373
Juanes_0003.jpg,ok,0.0126
Judd_Davies_0001.jpg,ok,0.2775
Jude_Law_0001.jpg,ok,0.0097
Jude_Law_0002.jpg,ok,0.2493
Judi_Dench_0001.jpg,ok,0.7858
Judi_Dench_0002.jpg,ok,0.9069
Judi_Patton_0001.jpg,ok,0.3197
Judith_Nathan_0001.jpg,ok,0.0025
Judy_Dean_0001.jpg,ok,0.1294
Judy_Genshaft_0001.jpg,ok,0.0522
Judy_Genshaft_0002.jpg,ok,0.0938
Judy_Locy_0001.jpg,ok,0.1879
Judy_Spreckels_0001.jpg,ok,0.9983
Judy_Vassar_0001.jpg,ok,0.0331
Juergen_Braehmer_0001.jpg,ok,0.4551
Juergen_Chrobog_0001.jpg,ok,0.0021
Juergen_Peters_0001.jpg,ok,0.4538
Juergen_Peters_0002.jpg,ok,0.9412
Juergen_Schrempp_0001.jpg,ok,0.3425
Juergen_Trittin_0001.jpg,ok,0.3714
Jules_Asner_0001.jpg,ok,0.0427
Julia_Glass_0001.jpg,ok,0.3354
Julia_Ormond_0001.jpg,ok,0.0851
Julia_Tymoshenko_0001.jpg,ok,0.5843
Julia_Tymoshenko_0002.jpg,ok,0.7864
Julia_Tymoshenko_0003.jpg,ok,0.0215
Julian_Battle_0001.jpg,ok,0.9969
Julian_Fantino_0001.jpg,ok,0.0033
Julianna_Margulies_0001.jpg,ok,0.0328
Julianna_Margulies_0002.jpg,ok,0.0172
Julianne_Moore_0001.jpg,ok,0.0419
Julianne_Moore_0002.jpg,ok,0.0114
Julianne_Moore_0003.jpg,ok,0.0994
Julianne_Moore_0004.jpg,ok,0.8083
Julianne_Moore_0005.jpg,ok,0.4900
Julianne_Moore_0006.jpg,ok,0.2214
Julianne_Moore_0007.jpg,ok,0.1324
Julianne_Moore_0008.jpg,ok,0.0455
Julianne_Moore_0009.jpg,ok,0.6459
Julianne_Moore_0010.jpg,ok,0.2119
Julianne_Moore_0011.jpg,ok,0.4736
Julianne_Moore_0012.jpg,ok,0.3547
Julianne_Moore_0013.jpg,ok,0.4824
Julianne_Moore_0014.jpg,ok,0.3126
Julianne_Moore_0015.jpg,ok,0.5657
Julianne_Moore_0016.jpg,ok,0.0584
Julianne_Moore_0017.jpg,ok,0.4267
Julianne_Moore_0018.jpg,ok,0.3613
Julianne_Moore_0019.jpg,ok,0.2138
Julie_Andrews_0001.jpg,ok,0.7611
Julie_Gerberding_0001.jpg,ok,0.1689
Julie_Gerberding_0002.jpg,ok,0.4495
Julie_Gerberding_0003.jpg,ok,0.3856
Julie_Gerberding_0004.jpg,ok,0.0065
Julie_Gerberding_0005.jpg,ok,0.3486
Julie_Gerberding_0006.jpg,ok,0.0033
Julie_Gerberding_0007.jpg,ok,0.2993
Julie_Gerberding_0008.jpg,ok,0.3793
Julie_Gerberding_0009.jpg,ok,0.4516
Julie_Gerberding_0010.jpg,ok,0.0888
Julie_Gerberding_0011.jpg,ok,0.6567
Julie_Gerberding_0012.jpg,ok,0.0149
Julie_Gerberding_0013.jpg,ok,0.0164
Julie_Gerberding_0014.jpg,ok,0.0548
Julie_Gerberding_0015.jpg,ok,0.3175
Julie_Goodenough_0001.jpg,ok,0.8028
Julie_Infante_0001.jpg,ok,0.0093
Julie_Taymor_0001.jpg,ok,0.3116
Julie_Taymor_0002.jpg,ok,0.0623
Julien_Boutter_0001.jpg,ok,0.1677
Julien_Varlet_0001.jpg,ok,0.4607
Juliette_Binoche_0001.jpg,ok,0.3375
Juliette_Lewis_0001.jpg,ok,0.0070
Julio_Cesar_Chavez_0001.jpg,ok,0.4280
Julio_Cesar_Franco_0001.jpg,ok,0.3725
Julio_De_Brun_0001.jpg,ok,0.2473
Julio_Iglesias_Jr_0001.jpg,ok,0.4686
Julio_Iglesias_Jr_0002.jpg,ok,0.1792
Julio_Rossi_0001.jpg,ok,0.6812
Julio_Toro_0001.jpg,ok,0.1445
Julius_Barnes_0001.jpg,ok,0.2388
Julius_Erving_0001.jpg,ok,0.0943
Juljia_Vysotskij_0001.jpg,ok,0.4690
Jung_Bong_0001.jpg,ok,0.1422
Junichi_Inamoto_0001.jpg,ok,0.2633
Junichiro_Koizumi_0001.jpg,ok,0.3358
Junichiro_Koizumi_0002.jpg,ok,0.0186
Junichiro_Koizumi_0003.jpg,ok,0.1296
Junichiro_Koizumi_0004.jpg,ok,0.3292
Junichiro_Koizumi_0005.jpg,ok,0.0854
Junichiro_Koizumi_0006.jpg,ok,0.0273
Junichiro_Koizumi_0007.jpg,ok,0.0067
Junichiro_Koizumi_0008.jpg,ok,0.0236
Junichiro_Koizumi_0009.jpg,ok,0.2344
Junichiro_Koizumi_0010.jpg,ok,0.0031
Junichiro_Koizumi_0011.jpg,ok,0.7949
Junichiro_Koizumi_0012.jpg,ok,0.2347
Junichiro_Koizumi_0013.jpg,ok,0.0156
Junichiro_Koizumi_0014.jpg,ok,0.0300
Junichiro_Koizumi_0015.jpg,ok,0.5358
Junichiro_Koizumi_0016.jpg,ok,0.9836
Junichiro_Koizumi_0017.jpg,ok,0.2127
Junichiro_Koizumi_0018.jpg,ok,0.1076
Junichiro_Koizumi_0019.jpg,ok,0.0416
Junichiro_Koizumi_0020.jpg,ok,0.0275
Junichiro_Koizumi_0021.jpg,ok,0.6143
Junichiro_Koizumi_0022.jpg,ok,0.7793
Junichiro_Koizumi_0023.jpg,ok,0.4373
Junichiro_Koizumi_0024.jpg,ok,0.2951
Junichiro_Koizumi_0025.jpg,ok,0.3048
Junichiro_Koizumi_0026.jpg,ok,0.1797
Junichiro_Koizumi_0027.jpg,ok,0.2117
Junichiro_Koizumi_0028.jpg,ok,0.1291
Junichiro_Koizumi_0029.jpg,ok,0.0351
Junichiro_Koizumi_0030.jpg,ok,0.5254
Junichiro_Koizumi_0031.jpg,ok,0.3990
Junichiro_Koizumi_0032.jpg,ok,0.0160
Junichiro_Koizumi_0033.jpg,ok,0.7662
Junichiro_Koizumi_0034.jpg,ok,0.5108
Junichiro_Koizumi_0035.jpg,ok,0.8509
Junichiro_Koizumi_0036.jpg,ok,0.2165
Junichiro_Koizumi_0037.jpg,ok,0.9781
Junichiro_Koizumi_0038.jpg,ok,0.2365
Junichiro_Koizumi_0039.jpg,ok,0.0016
Junichiro_Koizumi_0040.jpg,ok,0.9784
Junichiro_Koizumi_0041.jpg,ok,0.9424
Junichiro_Koizumi_0042.jpg,ok,0.5491
Junichiro_Koizumi_0043.jpg,ok,0.9940
Junichiro_Koizumi_0044.jpg,ok,0.6112
Junichiro_Koizumi_0045.jpg,ok,0.6436
Junichiro_Koizumi_0046.jpg,ok,0.9246
Junichiro_Koizumi_0047.jpg,ok,0.4468
Junichiro_Koizumi_0048.jpg,ok,0.9922
Junichiro_Koizumi_0049.jpg,ok,0.0281
Junichiro_Koizumi_0050.jpg,ok,0.1967
Junichiro_Koizumi_0051.jpg,ok,0.7563
Junichiro_Koizumi_0052.jpg,ok,0.4508
Junichiro_Koizumi_0053.jpg,ok,0.3082
Junichiro_Koizumi_0054.jpg,ok,0.8088
Junichiro_Koizumi_0055.jpg,ok,0.1510
Junichiro_Koizumi_0056.jpg,ok,0.2395
Junichiro_Koizumi_0057.jpg,ok,0.2429
Junichiro_Koizumi_0058.jpg,ok,0.0624
Junichiro_Koizumi_0059.jpg,ok,0.8479
Junichiro_Koizumi_0060.jpg,ok,0.8323
Junko_Tabei_0001.jpg,ok,0.1583
Justin_Gatlin_0001.jpg,ok,0.1638
Justin_Gatlin_0002.jpg,ok,0.0710
Justin_Guarini_0001.jpg,ok,0.2846
Justin_Guarini_0002.jpg,ok,0.1716
Justin_Guarini_0003.jpg,ok,0.2687
Justin_Leonard_0001.jpg,ok,0.7568
Justin_Leonard_0002.jpg,ok,0.8053
Justin_Leonard_0003.jpg,ok,0.7074
Justin_Leonard_0004.jpg,ok,0.9019
Justin_Marshall_0001.jpg,ok,0.2456
Justin_Timberlake_0001.jpg,ok,0.5061
Justin_Timberlake_0002.jpg,ok,0.6936
Justin_Timberlake_0003.jpg,ok,0.0011
Justin_Timberlake_0004.jpg,ok,0.5266
Justin_Timberlake_0005.jpg,ok,0.6539
Justin_Timberlake_0006.jpg,ok,0.3620
Justin_Timberlake_0007.jpg,ok,0.6545
Justin_Timberlake_0008.jpg,ok,0.0070
Justin_Wilson_0001.jpg,ok,0.9592
Justine_Henin_0001.jpg,ok,0.0980
Justine_Henin_0002.jpg,ok,0.0190
Justine_Henin_0003.jpg,ok,0.4752
Justine_Pasek_0001.jpg,ok,0.2558
Justine_Pasek_0002.jpg,ok,0.8643
Justine_Pasek_0003.jpg,ok,0.2321
Justine_Pasek_0004.jpg,ok,0.1167
Justine_Pasek_0005.jpg,ok,0.0769
Justine_Pasek_0006.jpg,ok,0.4695
Justine_Pasek_0007.jpg,ok,0.3703
Kai-Uwe_Ricke_0001.jpg,ok,0.5526
Kaio_Almeida_0001.jpg,ok,0.0224
Kaisser_Bazan_0001.jpg,ok,0.1552
Kajsa_Bergqvist_0001.jpg,ok,0.7190
Kalid_Kaid_0001.jpg,ok,0.2877
Kalpana_Chawla_0001.jpg,ok,0.0470
Kalpana_Chawla_0002.jpg,ok,0.0231
Kalpana_Chawla_0003.jpg,ok,0.0327
Kalpana_Chawla_0004.jpg,ok,0.0048
Kalpana_Chawla_0005.jpg,ok,0.0237
Kamal_Kharrazi_0001.jpg,ok,0.2389
Kamal_Kharrazi_0002.jpg,ok,0.5739
Kamal_Kharrazi_0003.jpg,ok,0.0426
Kamal_Kharrazi_0004.jpg,ok,0.4996
Kamal_Kharrazi_0005.jpg,ok,0.0152
Kamal_Kharrazi_0006.jpg,ok,0.0020
Kamel_Morjane_0001.jpg,ok,0.3847
Kang_Gum-sil_0001.jpg,ok,0.2641
Kaoru_Hasuike_0001.jpg,ok,0.0094
Kara_Lynn_Joyce_0001.jpg,ok,0.8540
Kareena_Kapoor_0001.jpg,ok,0.3675
Karen_Allen_0001.jpg,ok,0.2265
Karen_Clarkson_0001.jpg,ok,0.4664
Karen_Lynn_Gorney_0001.jpg,ok,0.0010
Karen_Mok_0001.jpg,ok,0.0523
Karen_Mok_0002.jpg,ok,0.5716
Karen_Pereiras_0001.jpg,ok,0.4102
Karen_Sharpe_Kramer_0001.jpg,ok,0.3359
Karin_Pilsaeter_0001.jpg,ok,0.3379
Karin_Stoiber_0001.jpg,ok,0.0101
Karin_Stoiber_0002.jpg,ok,0.5699
Karin_Viard_0001.jpg,ok,0.8064
Karl-Heinz_Rummenigge_0001.jpg,ok,0.2300
Karol_Kucera_0001.jpg,ok,0.3036
Kaspar_Villiger_0001.jpg,ok,0.3740
Katalin_Kollat_0001.jpg,ok,0.9318
Kate_Burton_0001.jpg,ok,0.0533
Kate_Capshaw_0001.jpg,ok,0.0557
Kate_Capshaw_0002.jpg,ok,0.0026
Kate_Hudson_0001.jpg,ok,0.9807
Kate_Hudson_0002.jpg,ok,0.3057
Kate_Hudson_0003.jpg,ok,0.2567
Kate_Hudson_0004.jpg,ok,0.1838
Kate_Hudson_0005.jpg,ok,0.1842
Kate_Hudson_0006.jpg,ok,0.9762
Kate_Hudson_0007.jpg,ok,0.4145
Kate_Hudson_0008.jpg,ok,0.7415
Kate_Hudson_0009.jpg,ok,0.3904
Kate_Lee_0001.jpg,ok,0.1048
Kate_Moss_0001.jpg,ok,0.9936
Kate_Richardson_0001.jpg,ok,0.1029
Kate_Starbird_0001.jpg,ok,0.9312
Kate_Winslet_0001.jpg,ok,0.9197
Kate_Winslet_0002.jpg,ok,0.9979
Kate_Winslet_0003.jpg,ok,0.8121
Kate_Winslet_0004.jpg,ok,0.1017
Katerina_Smrzova_0001.jpg,ok,0.3925
Katharine_Hepburn_0001.jpg,ok,0.2853
Katherine_Harris_0001.jpg,ok,0.1668
Katherine_Harris_0002.jpg,ok,0.0479
Katherine_Harris_0003.jpg,ok,0.0906
Katherine_Harris_0004.jpg,ok,0.6863
Kathie_Louise_Saunders_0001.jpg,ok,0.0371
Kathleen_Abernathy_0001.jpg,ok,0.0199
Kathleen_Glynn_0001.jpg,ok,0.4977
Kathleen_Glynn_0002.jpg,ok,0.5014
Kathleen_Kennedy_Townsend_0001.jpg,ok,0.9774
Kathleen_Kennedy_Townsend_0002.jpg,ok,0.2055
Kathleen_Kennedy_Townsend_0003.jpg,ok,0.2263
Kathleen_Kennedy_Townsend_0004.jpg,ok,0.6903
Kathryn_Bigelow_0001.jpg,ok,0.0014
Kathryn_Bigelow_0002.jpg,ok,0.9906
Kathryn_Grayson_0001.jpg,ok,0.0124
Kathryn_Morris_0001.jpg,ok,0.0200
Kathryn_Tucker_0001.jpg,ok,0.0070
Kathy_Baker_0001.jpg,ok,0.7507
Kathy_Bates_0001.jpg,ok,0.5667
Kathy_Gannon_0001.jpg,ok,0.9555
Kathy_Winters_0001.jpg,ok,0.8291
Kathy_Winters_0002.jpg,ok,0.3227
Katie_Boone_0001.jpg,ok,0.8211
Katie_Couric_0001.jpg,ok,0.6226
Katie_Harman_0001.jpg,ok,0.7114
Katie_Harman_0002.jpg,ok,0.9986
Katie_Harman_0003.jpg,ok,0.5645
Katie_Holmes_0001.jpg,ok,0.1870
Katie_Smith_0001.jpg,ok,0.0403
Katie_Wagner_0001.jpg,ok,0.3495
Katja_Riemann_0001.jpg,ok,0.5008
Katrin_Cartlidge_0001.jpg,ok,0.3669
Katrin_Susi_0001.jpg,ok,0.9258
Kay_Bailey_Hutchison_0001.jpg,ok,0.1529
Kay_Behrensmeyer_0001.jpg,ok,0.7226
Kaye_Young_0001.jpg,ok,0.6361
Keanu_Reeves_0001.jpg,ok,0.4553
Keanu_Reeves_0002.jpg,ok,0.0118
Keanu_Reeves_0003.jpg,ok,0.1179
Keanu_Reeves_0004.jpg,ok,0.0054
Keanu_Reeves_0005.jpg,ok,0.7577
Keanu_Reeves_0006.jpg,ok,0.6560
Keanu_Reeves_0007.jpg,ok,0.0209
Keanu_Reeves_0008.jpg,ok,0.0245
Keanu_Reeves_0009.jpg,ok,0.2542
Keanu_Reeves_0010.jpg,ok,0.0120
Keanu_Reeves_0011.jpg,ok,0.0496
Keanu_Reeves_0012.jpg,ok,0.8764
Keiko_Sofia_Fujimori_0001.jpg,ok,0.0014
Keira_Knightley_0001.jpg,ok,0.6271
Keira_Knightley_0002.jpg,ok,0.0144
Keith_Bishop_Jr_0001.jpg,ok,0.8962
Keith_Bogans_0001.jpg,ok,0.1245
Keith_Bogans_0002.jpg,ok,0.2144
Keith_Bogans_0003.jpg,ok,0.2116
Keith_Brown_0001.jpg,ok,0.9022
Keith_Fotta_0001.jpg,ok,0.0136
Keith_Foulke_0001.jpg,ok,0.7907
Keith_Lockhart_0001.jpg,ok,0.6530
Keith_Lowen_0001.jpg,ok,0.1621
Keith_Olbermann_0001.jpg,ok,0.0018
Keith_Osik_0001.jpg,ok,0.1824
Keith_Rodriguez_0001.jpg,ok,0.9467
Keith_Snyder_0001.jpg,ok,0.0433
Keith_Tyson_0001.jpg,ok,0.2011
Keith_Urban_0001.jpg,ok,0.7548
Keith_Van_Horn_0001.jpg,ok,0.2051
Keizo_Yamada_0001.jpg,ok,0.3552
Kelli_White_0001.jpg,ok,0.0480
Kelli_White_0002.jpg,ok,0.0640
Kellie_Coffey_0001.jpg,ok,0.0700
Kellie_Greene_0001.jpg,ok,0.2507
Kelly_Clarkson_0001.jpg,ok,0.3697
Kelly_Clarkson_0002.jpg,ok,0.2787
Kelly_Clarkson_0003.jpg,ok,0.0794
Kelly_Leigh_0001.jpg,ok,0.1654
Kelly_Osbourne_0001.jpg,ok,0.1701
Kelly_Ripa_0001.jpg,ok,0.3549
Kelly_Santos_0001.jpg,ok,0.6446
Kelsey_Grammer_0001.jpg,ok,0.0042
Kelvin_Sampson_0001.jpg,ok,0.0195
Kelvin_Sampson_0002.jpg,ok,0.0070
Kelvin_Sampson_0003.jpg,ok,0.0352
Kemal_Dervis_0001.jpg,ok,0.9226
Kemal_Dervis_0002.jpg,ok,0.0112
Kemal_Dervis_0003.jpg,ok,0.9823
Ken_Balk_0001.jpg,ok,0.0401
Ken_Dorsey_0001.jpg,ok,0.0225
Ken_Kutaragi_0001.jpg,ok,0.0140
Ken_Loach_0001.jpg,ok,0.6352
Ken_Macha_0001.jpg,ok,0.0708
Ken_Macha_0002.jpg,ok,0.2311
Ken_Macha_0003.jpg,ok,0.7085
Ken_Watanabe_0001.jpg,ok,0.0236
Ken_Watanabe_0002.jpg,ok,0.0964
Ken_Wharfe_0001.jpg,ok,0.0259
Kenenisa_Bekele_0001.jpg,ok,0.1481
Kenneth_Bowersox_0001.jpg,ok,0.7778
Kenneth_Bowersox_0002.jpg,ok,0.8942
Kenneth_Bowersox_0003.jpg,ok,0.4917
Kenneth_Branagh_0001.jpg,ok,0.4228
Kenneth_Branagh_0002.jpg,ok,0.9974
Kenneth_Brill_0001.jpg,ok,0.1069
Kenneth_Carlsen_0001.jpg,ok,0.0386
Kenneth_Cooper_0001.jpg,ok,0.7534
Kenneth_Dam_0001.jpg,ok,0.3649
Kenneth_Evans_0001.jpg,ok,0.3027
Kenneth_Evans_0002.jpg,ok,0.2711
Kenneth_Reichert_0001.jpg,ok,0.9273
Kenny_Brack_0001.jpg,ok,0.5013
Kenny_Chesney_0001.jpg,ok,0.7585
Kent_McCord_0001.jpg,ok,0.9264
Kent_Robinson_0001.jpg,ok,0.0977
Kent_Rominger_0001.jpg,ok,0.9969
Kent_Rominger_0002.jpg,ok,0.9733
Kevin_Borseth_0001.jpg,ok,0.0010
Kevin_Costner_0001.jpg,ok,0.1364
Kevin_Costner_0002.jpg,ok,0.9175
Kevin_Costner_0003.jpg,ok,0.0290
Kevin_Costner_0004.jpg,ok,0.2509
Kevin_Costner_0005.jpg,ok,0.6433
Kevin_Costner_0006.jpg,ok,0.0256
Kevin_Costner_0007.jpg,ok,0.4170
Kevin_Costner_0008.jpg,ok,0.0079
Kevin_Crane_0001.jpg,ok,0.6404
Kevin_Garnett_0001.jpg,ok,0.1378
Kevin_Gil_0001.jpg,ok,0.6425
Kevin_Harvick_0001.jpg,ok,0.5337
Kevin_Hearn_0001.jpg,ok,0.0212
Kevin_James_0001.jpg,ok,0.2917
Kevin_Keegan_0001.jpg,ok,0.5857
Kevin_Marshall_0001.jpg,ok,0.9216
Kevin_Millwood_0001.jpg,ok,0.2773
Kevin_Nealon_0001.jpg,ok,0.3894
Kevin_Satterfield_0001.jpg,ok,0.0109
Kevin_Sorbo_0001.jpg,ok,0.0003
Kevin_Spacey_0001.jpg,ok,0.1597
Kevin_Spacey_0002.jpg,ok,0.4881
Kevin_Spacey_0003.jpg,ok,0.0087
Kevin_Spacey_0004.jpg,ok,0.9541
Kevin_Spacey_0005.jpg,ok,0.0661
Kevin_Stallings_0001.jpg,ok,0.3117
Kevin_Stallings_0002.jpg,ok,0.3899
Kevin_Tarrant_0001.jpg,ok,0.2277
Khader_Rashid_Rahim_0001.jpg,ok,0.8862
Khaled_Sawalhi_0001.jpg,ok,0.0921
Khalid_Khannouchi_0001.jpg,ok,0.0612
Khalid_Qazi_0001.jpg,ok,0.0060
Khatol_Mohammad_Zai_0001.jpg,ok,0.2874
Khin_Nyunt_0001.jpg,ok,0.1376
Khum_Bahadur_Khadka_0001.jpg,ok,0.1678
Kieran_Culkin_0001.jpg,ok,0.0364
Kieran_Prendergast_0001.jpg,ok,0.0323
Kieran_Prendergast_0002.jpg,ok,0.2436
Kifah_Ajouri_0001.jpg,ok,0.0164
Kifah_Ajouri_0002.jpg,ok,0.1308
Kiki_Vandeweghe_0001.jpg,ok,0.4873
Kiki_Vandeweghe_0002.jpg,ok,0.1264
Kim_Cattrall_0001.jpg,ok,0.6165
Kim_Chinn_0001.jpg,ok,0.5323
Kim_Clijsters_0001.jpg,ok,0.7372
Kim_Clijsters_0002.jpg,ok,0.1239
Kim_Clijsters_0003.jpg,ok,0.2552
Kim_Clijsters_0004.jpg,ok,0.0639
Kim_Clijsters_0005.jpg,ok,0.0082
Kim_Clijsters_0006.jpg,ok,0.6702
Kim_Clijsters_0007.jpg,ok,0.0348
Kim_Clijsters_0008.jpg,ok,0.6227
Kim_Clijsters_0009.jpg,ok,0.2036
Kim_Clijsters_0010.jpg,ok,0.0044
Kim_Clijsters_0011.jpg,ok,0.5410
Kim_Clijsters_0012.jpg,ok,0.0061
Kim_Clijsters_0013.jpg,ok,0.0023
Kim_Clijsters_0014.jpg,ok,0.8277
Kim_Dae-jung_0001.jpg,ok,0.4358
Kim_Dae-jung_0002.jpg,ok,0.1504
Kim_Dae-jung_0003.jpg,ok,0.2798
Kim_Dae-jung_0004.jpg,ok,0.2618
Kim_Dae-jung_0005.jpg,ok,0.5993
Kim_Dae-jung_0006.jpg,ok,0.4501
Kim_Dae-jung_0007.jpg,ok,0.3815
Kim_Dae-jung_0008.jpg,ok,0.6459
Kim_Dong-hwa_0001.jpg,ok,0.3684
Kim_Dong-tae_0001.jpg,ok,0.4847
Kim_Gandy_0001.jpg,ok,0.9171
Kim_Hong-gul_0001.jpg,ok,0.0846
Kim_Hong-up_0001.jpg,ok,0.0448
Kim_Jin-sun_0001.jpg,ok,0.1043
Kim_Jin-sun_0002.jpg,ok,0.8612
Kim_Jong-Il_0001.jpg,ok,0.9948
Kim_Jong-Il_0002.jpg,ok,0.1427
Kim_Jong-Il_0003.jpg,ok,0.7040
Kim_Jong-Il_0004.jpg,ok,0.0152
Kim_Ryong-sung_0001.jpg,ok,0.1511
Kim_Ryong-sung_0002.jpg,ok,0.2227
Kim_Ryong-sung_0003.jpg,ok,0.2131
Kim_Ryong-sung_0004.jpg,ok,0.4562
Kim_Ryong-sung_0005.jpg,ok,0.0844
Kim_Ryong-sung_0006.jpg,ok,0.0583
Kim_Ryong-sung_0007.jpg,ok,0.9277
Kim_Ryong-sung_0008.jpg,ok,0.2724
Kim_Ryong-sung_0009.jpg,ok,0.0328
Kim_Ryong-sung_0010.jpg,ok,0.4293
Kim_Ryong-sung_0011.jpg,ok,0.3263
Kim_Su_Nam_0001.jpg,ok,0.0607
Kim_Weeks_0001.jpg,ok,0.0011
Kim_Yong-il_0001.jpg,ok,0.0947
Kim_Yong-il_0002.jpg,ok,0.6403
Kim_Yong-il_0003.jpg,ok,0.3289
Kim_Yun-kyu_0001.jpg,ok,0.1978
Kimberly_Bruckner_0001.jpg,ok,0.5639
Kimberly_Stewart_0001.jpg,ok,0.9241
Kimi_Raikkonen_0001.jpg,ok,0.7554
Kimi_Raikkonen_0002.jpg,ok,0.4704
Kimi_Raikkonen_0003.jpg,ok,0.4541
Kimora_Lee_0001.jpg,ok,0.9337
King_Abdullah_II_0001.jpg,ok,0.9854
King_Abdullah_II_0002.jpg,ok,0.1823
King_Abdullah_II_0003.jpg,ok,0.7574
King_Abdullah_II_0004.jpg,ok,0.5826
King_Abdullah_II_0005.jpg,ok,0.0068
King_Bhumibol_Adulyadej_0001.jpg,ok,0.6381
King_Gyanendra_0001.jpg,ok,0.2092
Kirby_Puckett_0001.jpg,ok,0.2477
Kirk_Doerger_0001.jpg,ok,0.3755
Kirk_Douglas_0001.jpg,ok,0.1282
Kirk_Ferentz_0001.jpg,ok,0.0165
Kirk_Ferentz_0002.jpg,ok,0.4976
Kirk_Franklin_0001.jpg,ok,0.0852
Kirk_Johnson_0001.jpg,ok,0.0407
Kirk_Johnson_0002.jpg,ok,0.2945
Kirk_Johnson_0003.jpg,ok,0.1891
Kirsten_Clark_0001.jpg,ok,0.0775
Kirsten_Dunst_0001.jpg,ok,0.7392
Kirsten_Gilham_0001.jpg,ok,0.3810
Kit_Bond_0001.jpg,ok,0.0408
Kitin_Munoz_0001.jpg,ok,0.0723
Kjell_Magne_Bondevik_0001.jpg,ok,0.3804
Kjell_Magne_Bondevik_0002.jpg,ok,0.9662
Kjell_Magne_Bondevik_0003.jpg,ok,0.0090
Klaus_Schwab_0001.jpg,ok,0.4440
Klaus_Zwickel_0001.jpg,ok,0.9934
Klaus_Zwickel_0002.jpg,ok,0.5656
Kobe_Bryant_0001.jpg,ok,0.4290
Kobe_Bryant_0002.jpg,ok,0.0754
Kobe_Bryant_0003.jpg,ok,0.0268
Kofi_Annan_0001.jpg,ok,0.0694
Kofi_Annan_0002.jpg,ok,0.0015
Kofi_Annan_0003.jpg,ok,0.1942
Kofi_Annan_0004.jpg,ok,0.2918
Kofi_Annan_0005.jpg,ok,0.5710
Kofi_Annan_0006.jpg,ok,0.2401
Kofi_Annan_0007.jpg,ok,0.5204
Kofi_Annan_0008.jpg,ok,0.2662
Kofi_Annan_0009.jpg,ok,0.7492
Kofi_Annan_0010.jpg,ok,0.3131
Kofi_Annan_0011.jpg,ok,0.0051
Kofi_Annan_0012.jpg,ok,0.0012
Kofi_Annan_0013.jpg,ok,0.1801
Kofi_Annan_0014.jpg,ok,0.0242
Kofi_Annan_0015.jpg,ok,0.0970
Kofi_Annan_0016.jpg,ok,0.6975
Kofi_Annan_0017.jpg,ok,0.1058
Kofi_Annan_0018.jpg,ok,0.5260
Kofi_Annan_0019.jpg,ok,0.3136
Kofi_Annan_0020.jpg,ok,0.2270
Kofi_Annan_0021.jpg,ok,0.3330
Kofi_Annan_0022.jpg,ok,0.0447
Kofi_Annan_0023.jpg,ok,0.0546
Kofi_Annan_0024.jpg,ok,0.0878
Kofi_Annan_0025.jpg,ok,0.2669
Kofi_Annan_0026.jpg,ok,0.2931
Kofi_Annan_0027.jpg,ok,0.0977
Kofi_Annan_0028.jpg,ok,0.0196
Kofi_Annan_0029.jpg,ok,0.5189
Kofi_Annan_0030.jpg,ok,0.2255
Kofi_Annan_0031.jpg,ok,0.5630
Kofi_Annan_0032.jpg,ok,0.7428
Koichi_Haraguchi_0001.jpg,ok,0.0212
Koichi_Tanaka_0001.jpg,ok,0.5700
Koichiro_Matsuura_0001.jpg,ok,0.3006
Koji_Uehara_0001.jpg,ok,0.1902
Kong_Quan_0001.jpg,ok,0.1305
Kostya_Tszyu_0001.jpg,ok,0.4822
Kosuke_Kitajima_0001.jpg,ok,0.1157
Kosuke_Kitajima_0002.jpg,ok,0.6113
Krishna_Bhadur_Mahara_0001.jpg,ok,0.5357
Kristanna_Loken_0001.jpg,ok,0.7306
Kristanna_Loken_0002.jpg,ok,0.0776
Kristanna_Loken_0003.jpg,ok,0.1290
Kristanna_Loken_0004.jpg,ok,0.4414
Kristanna_Loken_0005.jpg,ok,0.9070
Kristen_Breitweiser_0001.jpg,ok,0.4302
Kristen_Breitweiser_0002.jpg,ok,0.2730
Kristen_Breitweiser_0003.jpg,ok,0.4533
Kristen_Rivera_0001.jpg,ok,0.0186
Kristin_Chenoweth_0001.jpg,ok,0.6461
Kristin_Davis_0001.jpg,ok,0.6555
Kristin_Davis_0002.jpg,ok,0.6949
Kristin_Davis_0003.jpg,ok,0.4622
Kristin_Scott_0001.jpg,ok,0.6056
Kristin_Scott_Thomas_0001.jpg,ok,0.3859
Kristy_Curry_0001.jpg,ok,0.4973
Kultida_Woods_0001.jpg,ok,0.3972
Kurt_Budke_0001.jpg,ok,0.5850
Kurt_Busch_0001.jpg,ok,0.4980
Kurt_Busch_0002.jpg,ok,0.9484
Kurt_Hellstrom_0001.jpg,ok,0.0152
Kurt_Russell_0001.jpg,ok,0.8088
Kurt_Russell_0002.jpg,ok,0.4831
Kurt_Schottenheimer_0001.jpg,ok,0.4804
Kurt_Suzuki_0001.jpg,ok,0.3981
Kurt_Tanabe_0001.jpg,ok,0.6294
Kurt_Thomas_0001.jpg,ok,0.5295
Kurt_Warner_0001.jpg,ok,0.5230
Kurt_Warner_0002.jpg,ok,0.8371
Kurt_Warner_0003.jpg,ok,0.4889
Kurt_Warner_0004.jpg,ok,0.2571
Kurt_Warner_0005.jpg,ok,0.0073
Kwame_Kilpatrick_0001.jpg,ok,0.2226
Kweisi_Mfume_0001.jpg,ok,0.0196
Kwon_Yang-sook_0001.jpg,ok,0.0081
Kwon_Yang-sook_0002.jpg,ok,0.0419
Kwon_Yang-sook_0003.jpg,ok,0.0418
Kwon_Young-gil_0001.jpg,ok,0.8084
Kyle_McLaren_0001.jpg,ok,0.3873
Kyle_Shewfelt_0001.jpg,ok,0.4635
Kyoko_Nakayama_0001.jpg,ok,0.0125
Kyra_Sedgwick_0001.jpg,ok,0.9893
LK_Advani_0001.jpg,ok,0.6290
LK_Advani_0002.jpg,ok,0.0257
LK_Advani_0003.jpg,ok,0.0529
Lachlan_Murdoch_0001.jpg,ok,0.4447
Laila_Ali_0001.jpg,ok,0.0326
Laila_Ali_0002.jpg,ok,0.0651
Laila_Ali_0003.jpg,ok,0.1792
Lana_Clarkson_0001.jpg,ok,0.0341
Lana_Clarkson_0002.jpg,ok,0.9586
Lance_Armstrong_0001.jpg,ok,0.3689
Lance_Armstrong_0002.jpg,ok,0.3021
Lance_Armstrong_0003.jpg,ok,0.4399
Lance_Armstrong_0004.jpg,ok,0.0147
Lance_Armstrong_0005.jpg,ok,0.7173
Lance_Armstrong_0006.jpg,ok,0.9004
Lance_Armstrong_0007.jpg,ok,0.8468
Lance_Armstrong_0008.jpg,ok,0.6465
Lance_Armstrong_0009.jpg,ok,0.3553
Lance_Armstrong_0010.jpg,ok,0.7027
Lance_Armstrong_0011.jpg,ok,0.7977
Lance_Armstrong_0012.jpg,ok,0.8747
Lance_Armstrong_0013.jpg,ok,0.3149
Lance_Armstrong_0014.jpg,ok,0.4821
Lance_Armstrong_0015.jpg,ok,0.8187
Lance_Armstrong_0016.jpg,ok,0.8562
Lance_Armstrong_0017.jpg,ok,0.1628
Lance_Armstrong_0018.jpg,ok,0.0110
Lance_Bass_0001.jpg,ok,0.1876
Lance_Bass_0002.jpg,ok,0.0512
Lance_Bass_0003.jpg,ok,0.6828
Lance_Bass_0004.jpg,ok,0.0369
Lance_Bass_0005.jpg,ok,0.0176
Landon_Donovan_0001.jpg,ok,0.0491
Lane_Bryant_0001.jpg,ok,0.9944
Lane_Odom_0001.jpg,ok,0.7809
Lara_Logan_0001.jpg,ok,0.9947
Larenz_Tate_0001.jpg,ok,0.0767
Larry_Anderson_0001.jpg,ok,0.0699
Larry_Beinfest_0001.jpg,ok,0.0535
Larry_Bowa_0001.jpg,ok,0.0098
Larry_Bowa_0002.jpg,ok,0.5244
Larry_Brown_0001.jpg,ok,0.5571
Larry_Brown_0002.jpg,ok,0.4249
Larry_Brown_0003.jpg,ok,0.2254
Larry_Brown_0004.jpg,ok,0.5524
Larry_Brown_0005.jpg,ok,0.2086
Larry_Brown_0006.jpg,ok,0.6875
Larry_Brown_0007.jpg,ok,0.3018
Larry_Campbell_0001.jpg,ok,0.9745
Larry_Coker_0001.jpg,ok,0.0783
Larry_Coker_0002.jpg,ok,0.9845
Larry_Coker_0003.jpg,ok,0.5544
Larry_Coker_0004.jpg,ok,0.1430
Larry_Donald_0001.jpg,ok,0.1105
Larry_Ellison_0001.jpg,ok,0.6053
Larry_Ellison_0002.jpg,ok,0.0528
Larry_Ellison_0003.jpg,ok,0.4702
Larry_Eustachy_0001.jpg,ok,0.0041
Larry_Flynt_0001.jpg,ok,0.9874
Larry_Greene_0001.jpg,ok,0.0076
Larry_Hagman_0001.jpg,ok,0.9773
Larry_Hahn_0001.jpg,ok,0.9037
Larry_Harris_0001.jpg,ok,0.0443
Larry_Johnson_0001.jpg,ok,0.2937
Larry_Johnson_0002.jpg,ok,0.2898
Larry_Lindsey_0001.jpg,ok,0.9045
Larry_Lindsey_0002.jpg,ok,0.0027
Larry_Lucchino_0001.jpg,ok,0.0123
Larry_Lucchino_0002.jpg,ok,0.5487
Larry_Nichols_0001.jpg,ok,0.0465
Larry_Pleau_0001.jpg,ok,0.0022
Larry_Ralston_0001.jpg,ok,0.4924
Larry_Tanenbaum_0001.jpg,ok,0.0055
Larry_Templeton_0001.jpg,ok,0.7717
Larry_Thompson_0001.jpg,ok,0.0332
Larry_Thompson_0002.jpg,ok,0.0051
Larry_Thompson_0003.jpg,ok,0.0039
Larry_Thompson_0004.jpg,ok,0.1308
Larry_Wilmore_0001.jpg,ok,0.0925
Lars_Burgsmuller_0001.jpg,ok,0.0122
Lars_Von_Trier_0001.jpg,ok,0.9943
Lars_Von_Trier_0002.jpg,ok,0.1174
Lars_Von_Trier_0003.jpg,ok,0.9864
Laszlo_Kovacs_0001.jpg,ok,0.4454
Latrell_Sprewell_0001.jpg,ok,0.0201
Latrell_Sprewell_0002.jpg,ok,0.0614
Laura_Bozzo_0001.jpg,ok,0.9953
Laura_Bush_0001.jpg,ok,0.0900
Laura_Bush_0002.jpg,ok,0.4042
Laura_Bush_0003.jpg,ok,0.0729
Laura_Bush_0004.jpg,ok,0.5061
Laura_Bush_0005.jpg,ok,0.3210
Laura_Bush_0006.jpg,ok,0.8872
Laura_Bush_0007.jpg,ok,0.6308
Laura_Bush_0008.jpg,ok,0.0220
Laura_Bush_0009.jpg,ok,0.0232
Laura_Bush_0010.jpg,ok,0.9441
Laura_Bush_0011.jpg,ok,0.0659
Laura_Bush_0012.jpg,ok,0.0240
Laura_Bush_0013.jpg,ok,0.2339
Laura_Bush_0014.jpg,ok,0.3563
Laura_Bush_0015.jpg,ok,0.4278
Laura_Bush_0016.jpg,ok,0.1995
Laura_Bush_0017.jpg,ok,0.1593
Laura_Bush_0018.jpg,ok,0.2224
Laura_Bush_0019.jpg,ok,0.0172
Laura_Bush_0020.jpg,ok,0.6610
Laura_Bush_0021.jpg,ok,0.2154
Laura_Bush_0022.jpg,ok,0.4260
Laura_Bush_0023.jpg,ok,0.4411
Laura_Bush_0024.jpg,ok,0.0885
Laura_Bush_0025.jpg,ok,0.0056
Laura_Bush_0026.jpg,ok,0.0176
Laura_Bush_0027.jpg,ok,0.3039
Laura_Bush_0028.jpg,ok,0.2285
Laura_Bush_0029.jpg,ok,0.0025
Laura_Bush_0030.jpg,ok,0.0025
Laura_Bush_0031.jpg,ok,0.8976
Laura_Bush_0032.jpg,ok,0.0323
Laura_Bush_0033.jpg,ok,0.2403
Laura_Bush_0034.jpg,ok,0.1479
Laura_Bush_0035.jpg,ok,0.3344
Laura_Bush_0036.jpg,ok,0.4445
Laura_Bush_0037.jpg,ok,0.1084
Laura_Bush_0038.jpg,ok,0.5028
Laura_Bush_0039.jpg,ok,0.6939
Laura_Bush_0040.jpg,ok,0.5164
Laura_Bush_0041.jpg,ok,0.2644
Laura_Elena_Harring_0001.jpg,ok,0.8500
Laura_Flessel_0001.jpg,ok,0.1893
Laura_Gobai_0001.jpg,ok,0.0310
Laura_Hernandez_0001.jpg,ok,0.1435
Laura_Hernandez_0002.jpg,ok,0.0147
Laura_Linney_0001.jpg,ok,0.5052
Laura_Linney_0002.jpg,ok,0.4530
Laura_Linney_0003.jpg,ok,0.1821
Laura_Linney_0004.jpg,ok,0.6539
Laura_Marlow_0001.jpg,ok,0.3339
Laura_Morante_0001.jpg,ok,0.5165
Laura_Pausini_0001.jpg,ok,0.0067
Laura_Romero_0001.jpg,ok,0.3896
Laura_Schlessinger_0001.jpg,ok,0.3281
Laura_Ziskin_0001.jpg,ok,0.0682
Laurel_Clark_0001.jpg,ok,0.3550
Lauren_Hutton_0001.jpg,ok,0.3123
Lauren_Hutton_0002.jpg,ok,0.2147
Lauren_Killian_0001.jpg,ok,0.0663
Lauren_Killian_0002.jpg,ok,0.4524
Laurence_Fishburne_0001.jpg,ok,0.1231
Laurence_Tribe_0001.jpg,ok,0.5503
Laurent_Gbagbo_0001.jpg,ok,0.8882
Laurent_Gbagbo_0002.jpg,ok,0.1629
Laurent_Jalabert_0001.jpg,ok,0.1200
Laurent_Jalabert_0002.jpg,ok,0.1101
Laurent_Woulzy_0001.jpg,ok,0.5895
Laurie_Chan_0001.jpg,ok,0.0897
Laurie_Hobbs_0001.jpg,ok,0.4753
Laurie_Laychak_0001.jpg,ok,0.2450
Laurie_Pirtle_0001.jpg,ok,0.0089
Lawrence_Di_Rita_0001.jpg,ok,0.0209
Lawrence_Foley_0001.jpg,ok,0.9810
Lawrence_MacAulay_0001.jpg,ok,0.0557
Lawrence_MacAulay_0002.jpg,ok,0.4611
Lawrence_Roberts_0001.jpg,ok,0.6478
Lawrence_Vito_0001.jpg,ok,0.3134
Lazaro_Castro_0001.jpg,ok,0.2170
LeAnn_Rimes_0001.jpg,ok,0.0016
LeAnn_Rimes_0002.jpg,ok,0.8734
LeBron_James_0001.jpg,ok,0.0095
LeBron_James_0002.jpg,ok,0.7837
LeBron_James_0003.jpg,ok,0.0115
LeBron_James_0004.jpg,ok,0.9978
LeBron_James_0005.jpg,ok,0.0019
LeRoy_Millette_Jr_0001.jpg,ok,0.0018
Lea_Fastow_0001.jpg,ok,0.9829
Lea_Fastow_0002.jpg,ok,0.1525
Leah_Remini_0001.jpg,ok,0.2116
Leander_Paes_0001.jpg,ok,0.0970
Leander_Paes_0002.jpg,ok,0.1435
Leandrinho_Barbosa_0001.jpg,ok,0.4642
Leandro_Andrade_0001.jpg,ok,0.0628
Leandro_Garcia_0001.jpg,ok,0.0853
Lech_Walesa_0001.jpg,ok,0.8103
Lech_Walesa_0002.jpg,ok,0.9242
Lee_Ann_Knight_0001.jpg,ok,0.1066
Lee_Ann_Terlaji_0001.jpg,ok,0.7433
Lee_Ann_Womack_0001.jpg,ok,0.3333
Lee_Baca_0001.jpg,ok,0.0638
Lee_Byung-woong_0001.jpg,ok,0.3270
Lee_Chang-dong_0001.jpg,ok,0.1564
Lee_Hoi-chang_0001.jpg,ok,0.0266
Lee_Hoi-chang_0002.jpg,ok,0.0656
Lee_Hoi-chang_0003.jpg,ok,0.0120
Lee_Hoi-chang_0004.jpg,ok,0.5448
Lee_Hong-ki_0001.jpg,ok,0.0911
Lee_Hyung-taik_0001.jpg,ok,0.5084
Lee_Jun_0001.jpg,ok,0.5296
Lee_Jun_0002.jpg,ok,0.2981
Lee_Nam-shin_0001.jpg,ok,0.3774
Lee_Soo-hyuck_0001.jpg,ok,0.6428
Lee_Soo-hyuck_0002.jpg,ok,0.0653
Lee_Soo-hyuck_0003.jpg,ok,0.3602
Lee_Tae-sik_0001.jpg,ok,0.9047
Lee_Tae-sik_0002.jpg,ok,0.1340
Lee_Yeo-jin_0001.jpg,ok,0.0031
Lee_Yuan-tseh_0001.jpg,ok,0.0237
Leigh_Winchell_0001.jpg,ok,0.2325
Leisel_Jones_0001.jpg,ok,0.8479
Lela_Rochon_0001.jpg,ok,0.0262
Leland_Chapman_0001.jpg,ok,0.4625
Leland_Chapman_0002.jpg,ok,0.3638
Lemuel_Montulo_0001.jpg,ok,0.2722
Len_Jenoff_0001.jpg,ok,0.0035
Len_Jenoff_0002.jpg,ok,0.3992
Lena_Katina_0001.jpg,ok,0.8577
Lena_Olin_0001.jpg,ok,0.7211
Lene_Espersen_0001.jpg,ok,0.8498
Leni_Bjorklund_0001.jpg,ok,0.1730
Lennart_Johansson_0001.jpg,ok,0.1568
Lennox_Lewis_0001.jpg,ok,0.6837
Lennox_Lewis_0002.jpg,ok,0.2461
Lennox_Lewis_0003.jpg,ok,0.6087
Lenny_Kravitz_0001.jpg,ok,0.0857
Lenny_Wilkens_0001.jpg,ok,0.4632
Lenny_Wilkens_0002.jpg,ok,0.2144
Lenny_Wilkens_0003.jpg,ok,0.0252
Leo_Mullin_0001.jpg,ok,0.5149
Leo_Ramirez_0001.jpg,ok,0.5570
Leon_Barmore_0001.jpg,ok,0.0138
Leon_LaPorte_0001.jpg,ok,0.3943
Leon_LaPorte_0002.jpg,ok,0.5438
Leon_Lai_0001.jpg,ok,0.1872
Leon_Silver_0001.jpg,ok,0.6081
Leonard_Glick_0001.jpg,ok,0.7309
Leonard_Hamilton_0001.jpg,ok,0.3579
Leonard_Hamilton_0002.jpg,ok,0.0274
Leonard_Schrank_0001.jpg,ok,0.9512
Leonardo_Del_Vecchio_0001.jpg,ok,0.8164
Leonardo_DiCaprio_0001.jpg,ok,0.0187
Leonardo_DiCaprio_0002.jpg,ok,0.1269
Leonardo_DiCaprio_0003.jpg,ok,0.8398
Leonardo_DiCaprio_0004.jpg,ok,0.5781
Leonardo_DiCaprio_0005.jpg,ok,0.1050
Leonardo_DiCaprio_0006.jpg,ok,0.3144
Leonardo_DiCaprio_0007.jpg,ok,0.3923
Leonardo_DiCaprio_0008.jpg,ok,0.2925
Leonardo_DiCaprio_0009.jpg,ok,0.6154
Leonardo_Fernandez_0001.jpg,ok,0.0290
Leonid_Kuchma_0001.jpg,ok,0.2648
Leonid_Kuchma_0002.jpg,ok,0.6437
Leonid_Kuchma_0003.jpg,ok,0.7568
Leonid_Kuchma_0004.jpg,ok,0.0063
Leonid_Kuchma_0005.jpg,ok,0.5306
Leonid_Kuchma_0006.jpg,ok,0.1717
Lesia_Burlak_0001.jpg,ok,0.0236
Lesley_Coppin_0001.jpg,ok,0.4201
Lesley_Flood_0001.jpg,ok,0.7345
Lesley_McCulloch_0001.jpg,ok,0.3316
Lesley_McCulloch_0002.jpg,ok,0.8727
Lesley_McCulloch_0003.jpg,ok,0.8496
Leslie_Ann_Woodward_0001.jpg,ok,0.4794
Leslie_Ann_Woodward_0002.jpg,ok,0.4399
Leslie_Caldwell_0001.jpg,ok,0.0267
Leslie_Caldwell_0002.jpg,ok,0.0104
Leslie_Caldwell_0003.jpg,ok,0.7487
Leslie_Moonves_0001.jpg,ok,0.1502
Leslie_Moonves_0002.jpg,ok,0.0398
Leslie_Wiser_Jr_0001.jpg,ok,0.1878
Lester_Holt_0001.jpg,ok,0.2368
Leszek_Miller_0001.jpg,ok,0.7286
Leszek_Miller_0002.jpg,ok,0.5387
Leszek_Miller_0003.jpg,ok,0.4784
Leticia_Dolera_0001.jpg,ok,0.0610
Leticia_Van_de_Putte_0001.jpg,ok,0.3849
Leuris_Pupo_0001.jpg,ok,0.9945
Lew_Rywin_0001.jpg,ok,0.5520
Lewis_Booth_0001.jpg,ok,0.1674
Li_Changchun_0001.jpg,ok,0.4804
Li_Ka-shing_0001.jpg,ok,0.4490
Li_Peng_0001.jpg,ok,0.4648
Li_Peng_0002.jpg,ok,0.8294
Li_Peng_0003.jpg,ok,0.1100
Li_Peng_0004.jpg,ok,0.1610
Li_Peng_0005.jpg,ok,0.6800
Li_Peng_0006.jpg,ok,0.1614
Li_Peng_0007.jpg,ok,0.2467
Li_Peng_0008.jpg,ok,0.0767
Li_Peng_0009.jpg,ok,0.4233
Li_Ruihuan_0001.jpg,ok,0.0152
Li_Zhaoxing_0001.jpg,ok,0.6522
Li_Zhaoxing_0002.jpg,ok,0.0118
Li_Zhaoxing_0003.jpg,ok,0.3695
Li_Zhaoxing_0004.jpg,ok,0.2063
Li_Zhaoxing_0005.jpg,ok,0.4609
Li_Zhaoxing_0006.jpg,ok,0.5565
Li_Zhaoxing_0007.jpg,ok,0.1069
Li_Zhaoxing_0008.jpg,ok,0.0736
Liam_Neeson_0001.jpg,ok,0.0453
Liam_Neeson_0002.jpg,ok,0.1013
Liam_Neeson_0003.jpg,ok,0.7265
Liane_Janda_0001.jpg,ok,0.1337
Lidija_Djukanovic_0001.jpg,ok,0.5707
Lili_Marinho_0001.jpg,ok,0.4062
Lili_Taylor_0001.jpg,ok,0.8268
Lili_Taylor_0002.jpg,ok,0.6573
Liliana_Cavani_0001.jpg,ok,0.2110
Lily_Safra_0001.jpg,ok,0.6333
Lily_Tomlin_0001.jpg,ok,0.0319
Lily_Tomlin_0002.jpg,ok,0.0621
Lim_Dong-won_0001.jpg,ok,0.3147
Lim_Dong-won_0002.jpg,ok,0.0479
Lima_Azimi_0001.jpg,ok,0.2501
Lin_Yi-fu_0001.jpg,ok,0.1323
Lin_Yung_Hsi_0001.jpg,ok,0.6500
Lina_Krasnoroutskaya_0001.jpg,ok,0.3628
Lina_Krasnoroutskaya_0002.jpg,ok,0.4344
Lincoln_Chafee_0001.jpg,ok,0.0052
Linda_Amicangioli_0001.jpg,ok,0.9801
Linda_Baboolal_0001.jpg,ok,0.1455
Linda_Dano_0001.jpg,ok,0.0410
Linda_Franklin_0001.jpg,ok,0.7316
Linda_Ham_0001.jpg,ok,0.1055
Linda_Lingle_0001.jpg,ok,0.0193
Linda_Mason_0001.jpg,ok,0.7178
Linda_Sanchez_0001.jpg,ok,0.5224
Lindsay_Benko_0001.jpg,ok,0.6872
Lindsay_Benko_0002.jpg,ok,0.0180
Lindsay_Davenport_0001.jpg,ok,0.0654
Lindsay_Davenport_0002.jpg,ok,0.1570
Lindsay_Davenport_0003.jpg,ok,0.0024
Lindsay_Davenport_0004.jpg,ok,0.1130
Lindsay_Davenport_0005.jpg,ok,0.1626
Lindsay_Davenport_0006.jpg,ok,0.0511
Lindsay_Davenport_0007.jpg,ok,0.2227
Lindsay_Davenport_0008.jpg,ok,0.0010
Lindsay_Davenport_0009.jpg,ok,0.0009
Lindsay_Davenport_0010.jpg,ok,0.1289
Lindsay_Davenport_0011.jpg,ok,0.0340
Lindsay_Davenport_0012.jpg,ok,0.0389
Lindsay_Davenport_0013.jpg,ok,0.7549
Lindsay_Davenport_0014.jpg,ok,0.1515
Lindsay_Davenport_0015.jpg,ok,0.0053
Lindsay_Davenport_0016.jpg,ok,0.2222
Lindsay_Davenport_0017.jpg,ok,0.7386
Lindsay_Davenport_0018.jpg,ok,0.1086
Lindsay_Davenport_0019.jpg,ok,0.3776
Lindsay_Davenport_0020.jpg,ok,0.2573
Lindsay_Davenport_0021.jpg,ok,0.2990
Lindsay_Davenport_0022.jpg,ok,0.0586
Lindsay_Lohan_0001.jpg,ok,0.3541
Lindsey_Graham_0001.jpg,ok,0.2612
Lindsey_Graham_0002.jpg,ok,0.8678
Lindy_Ruff_0001.jpg,ok,0.2067
Linn_Thornton_0001.jpg,ok,0.9969
Lino_Oviedo_0001.jpg,ok,0.0121
Lino_Oviedo_0002.jpg,ok,0.0351
Lino_Oviedo_0003.jpg,ok,0.9708
Linus_Roache_0001.jpg,ok,0.5954
Lionel_Chalmers_0001.jpg,ok,0.0100
Lionel_Hampton_0001.jpg,ok,0.0858
Lionel_Richie_0001.jpg,ok,0.4898
Lionel_Richie_0002.jpg,ok,0.1402
Lisa_Girman_0001.jpg,ok,0.4971
Lisa_Gottsegen_0001.jpg,ok,0.0480
Lisa_Gottsegen_0002.jpg,ok,0.4676
Lisa_Leslie_0001.jpg,ok,0.3432
Lisa_Ling_0001.jpg,ok,0.1804
Lisa_Ling_0002.jpg,ok,0.0174
Lisa_Marie_Presley_0001.jpg,ok,0.4325
Lisa_Marie_Presley_0002.jpg,ok,0.1827
Lisa_Marie_Presley_0003.jpg,ok,0.2007
Lisa_Marie_Presley_0004.jpg,ok,0.2480
Lisa_Murkowski_0001.jpg,ok,0.4086
Lisa_Raymond_0001.jpg,ok,0.0081
Lisa_Raymond_0002.jpg,ok,0.1247
Lisa_Stansfield_0001.jpg,ok,0.4234
Lisa_Stone_0001.jpg,ok,0.4166
Liu_Mingkang_0001.jpg,ok,0.4039
Liu_Mingkang_0002.jpg,ok,0.2727
Liu_Xiaoqing_0001.jpg,ok,0.4920
Liu_Ye_0001.jpg,ok,0.0566
Liv_Tyler_0001.jpg,ok,0.5583
Liza_Minnelli_0001.jpg,ok,0.0154
Liza_Minnelli_0002.jpg,ok,0.0711
Liza_Minnelli_0003.jpg,ok,0.0213
Liza_Minnelli_0004.jpg,ok,0.0176
Liza_Minnelli_0005.jpg,ok,0.1167
Liza_Minnelli_0006.jpg,ok,0.1847
Liza_Minnelli_0007.jpg,ok,0.0038
Lleyton_Hewitt_0001.jpg,ok,0.0045
Lleyton_Hewitt_0002.jpg,ok,0.7489
Lleyton_Hewitt_0003.jpg,ok,0.0737
Lleyton_Hewitt_0004.jpg,ok,0.7630
Lleyton_Hewitt_0005.jpg,ok,0.5623
Lleyton_Hewitt_0006.jpg,ok,0.9588
Lleyton_Hewitt_0007.jpg,ok,0.7338
Lleyton_Hewitt_0008.jpg,ok,0.5319
Lleyton_Hewitt_0009.jpg,ok,0.0020
Lleyton_Hewitt_0010.jpg,ok,0.1614
Lleyton_Hewitt_0011.jpg,ok,0.0332
Lleyton_Hewitt_0012.jpg,ok,0.0075
Lleyton_Hewitt_0013.jpg,ok,0.7761
Lleyton_Hewitt_0014.jpg,ok,0.4073
Lleyton_Hewitt_0015.jpg,ok,0.4069
Lleyton_Hewitt_0016.jpg,ok,0.0021
Lleyton_Hewitt_0017.jpg,ok,0.0338
Lleyton_Hewitt_0018.jpg,ok,0.0109
Lleyton_Hewitt_0019.jpg,ok,0.5204
Lleyton_Hewitt_0020.jpg,ok,0.3562
Lleyton_Hewitt_0021.jpg,ok,0.1416
Lleyton_Hewitt_0022.jpg,ok,0.0021
Lleyton_Hewitt_0023.jpg,ok,0.8160
Lleyton_Hewitt_0024.jpg,ok,0.3258
Lleyton_Hewitt_0025.jpg,ok,0.0126
Lleyton_Hewitt_0026.jpg,ok,0.0335
Lleyton_Hewitt_0027.jpg,ok,0.0048
Lleyton_Hewitt_0028.jpg,ok,0.0673
Lleyton_Hewitt_0029.jpg,ok,0.0071
Lleyton_Hewitt_0030.jpg,ok,0.5190
Lleyton_Hewitt_0031.jpg,ok,0.7587
Lleyton_Hewitt_0032.jpg,ok,0.9154
Lleyton_Hewitt_0033.jpg,ok,0.8417
Lleyton_Hewitt_0034.jpg,ok,0.0209
Lleyton_Hewitt_0035.jpg,ok,0.6849
Lleyton_Hewitt_0036.jpg,ok,0.0189
Lleyton_Hewitt_0037.jpg,ok,0.2714
Lleyton_Hewitt_0038.jpg,ok,0.3965
Lleyton_Hewitt_0039.jpg,ok,0.0374
Lleyton_Hewitt_0040.jpg,ok,0.4457
Lleyton_Hewitt_0041.jpg,ok,0.3926
Lloyd_Mudiwa_0001.jpg,ok,0.5099
Lloyd_Novick_0001.jpg,ok,0.0578
Lloyd_Richards_0001.jpg,ok,0.0115
Lloyd_Ward_0001.jpg,ok,0.0361
Lloyd_Ward_0002.jpg,ok,0.9313
Lois_Smart_0001.jpg,ok,0.7446
Lokendra_Bahadur_Chand_0001.jpg,ok,0.9383
Lon_Kruger_0001.jpg,ok,0.0945
Lon_Kruger_0002.jpg,ok,0.5705
Lonnie_Donegan_0001.jpg,ok,0.9248
Lope_Mendoza_0001.jpg,ok,0.0385
Lord_Hutton_0001.jpg,ok,0.7341
Lord_Hutton_0002.jpg,ok,0.5413
Loretta_Lynn_Harper_0001.jpg,ok,0.0412
Lori_Berenson_0001.jpg,ok,0.0217
Lorne_Michaels_0001.jpg,ok,0.9482
Lorraine_Bracco_0001.jpg,ok,0.0109
Lorraine_Fenton_0001.jpg,ok,0.1064
Lou_Lang_0001.jpg,ok,0.3948
Lou_Piniella_0001.jpg,ok,0.4750
Lou_Piniella_0002.jpg,ok,0.9454
Lou_Piniella_0003.jpg,ok,0.0302
Lou_Reed_0001.jpg,ok,0.0537
Lou_Ye_0001.jpg,ok,0.0942
Louis_Van_Gaal_0001.jpg,ok,0.0056
Louisa_Baileche_0001.jpg,ok,0.0192
Lubomir_Zaoralek_0001.jpg,ok,0.3920
Luc_Montagnier_0001.jpg,ok,0.4369
Luca_Cordero_di_Montezemolo_0001.jpg,ok,0.0226
Lucas_Wysocki_0001.jpg,ok,0.9962
Lucia_Kenny_Anthony_0001.jpg,ok,0.9147
Luciano_Bovicelli_0001.jpg,ok,0.1998
Luciano_Pavarotti_0001.jpg,ok,0.0078
Luciano_Pavarotti_0002.jpg,ok,0.0529
Luciano_Pavarotti_0003.jpg,ok,0.3091
Lucie_Lapovsky_0001.jpg,ok,0.0325
Lucio_Angulo_0001.jpg,ok,0.2745
Lucio_Cecchinello_0001.jpg,ok,0.8054
Lucio_Gutierrez_0001.jpg,ok,0.0808
Lucio_Gutierrez_0002.jpg,ok,0.2449
Lucio_Gutierrez_0003.jpg,ok,0.0299
Lucio_Gutierrez_0004.jpg,ok,0.3986
Lucio_Gutierrez_0005.jpg,ok,0.0879
Lucio_Gutierrez_0006.jpg,ok,0.3192
Lucio_Gutierrez_0007.jpg,ok,0.1773
Lucio_Gutierrez_0008.jpg,ok,0.1637
Lucio_Gutierrez_0009.jpg,ok,0.2537
Lucio_Gutierrez_0010.jpg,ok,0.4120
Lucio_Gutierrez_0011.jpg,ok,0.1174
Lucio_Gutierrez_0012.jpg,ok,0.8537
Lucio_Gutierrez_0013.jpg,ok,0.6057
Lucio_Stanca_0001.jpg,ok,0.0850
Lucrecia_Orozco_0001.jpg,ok,0.0026
Lucy_Liu_0001.jpg,ok,0.1743
Lucy_Liu_0002.jpg,ok,0.0247
Lucy_Liu_0003.jpg,ok,0.0807
Lucy_Liu_0004.jpg,ok,0.0454
Lucy_Liu_0005.jpg,ok,0.0044
Ludivine_Sagnier_0001.jpg,ok,0.4666
Ludivine_Sagnier_0002.jpg,ok,0.8041
Ludivine_Sagnier_0003.jpg,ok,0.8368
Ludivine_Sagnier_0004.jpg,ok,0.1482
Ludivine_Sagnier_0005.jpg,ok,0.3236
Ludwig_Ovalle_0001.jpg,ok,0.0231
Luis_Berrondo_0001.jpg,ok,0.8581
Luis_Ernesto_Derbez_Bautista_0001.jpg,ok,0.6532
Luis_Ernesto_Derbez_Bautista_0002.jpg,ok,0.4979
Luis_Ernesto_Derbez_Bautista_0003.jpg,ok,0.9955
Luis_Ernesto_Derbez_Bautista_0004.jpg,ok,0.2177
Luis_Ernesto_Derbez_Bautista_0005.jpg,ok,0.0732
Luis_Ernesto_Derbez_Bautista_0006.jpg,ok,0.0072
Luis_Figo_0001.jpg,ok,0.0099
Luis_Figo_0002.jpg,ok,0.0254
Luis_Figo_0003.jpg,ok,0.1185
Luis_Figo_0004.jpg,ok,0.0028
Luis_Fonsi_0001.jpg,ok,0.5399
Luis_Gonzalez_0001.jpg,ok,0.5948
Luis_Gonzalez_Macchi_0001.jpg,ok,0.3613
Luis_Gonzalez_Macchi_0002.jpg,ok,0.9116
Luis_Gonzalez_Macchi_0003.jpg,ok,0.8594
Luis_Gonzalez_Macchi_0004.jpg,ok,0.6773
Luis_Gonzalez_Macchi_0005.jpg,ok,0.0719
Luis_Guzman_0001.jpg,ok,0.3438
Luis_Horna_0001.jpg,ok,0.0744
Luis_Horna_0002.jpg,ok,0.8596
Luis_Horna_0003.jpg,ok,0.0579
Luis_Horna_0004.jpg,ok,0.0351
Luis_Horna_0005.jpg,ok,0.0466
Luis_Horna_0006.jpg,ok,0.0061
Luis_Pujols_0001.jpg,ok,0.8457
Luis_Rosario_Huertas_0001.jpg,ok,0.8918
Luis_Sanchez_0001.jpg,ok,0.3779
Luiz_Felipe_Scolari_0001.jpg,ok,0.2155
Luiz_Felipe_Scolari_0002.jpg,ok,0.0030
Luiz_Inacio_Lula_da_Silva_0001.jpg,ok,0.0006
Luiz_Inacio_Lula_da_Silva_0002.jpg,ok,0.3705
Luiz_Inacio_Lula_da_Silva_0003.jpg,ok,0.2030
Luiz_Inacio_Lula_da_Silva_0004.jpg,ok,0.2633
Luiz_Inacio_Lula_da_Silva_0005.jpg,ok,0.2412
Luiz_Inacio_Lula_da_Silva_0006.jpg,ok,0.1553
Luiz_Inacio_Lula_da_Silva_0007.jpg,ok,0.3260
Luiz_Inacio_Lula_da_Silva_0008.jpg,ok,0.9960
Luiz_Inacio_Lula_da_Silva_0009.jpg,ok,0.3966
Luiz_Inacio_Lula_da_Silva_0010.jpg,ok,0.9894
Luiz_Inacio_Lula_da_Silva_0011.jpg,ok,0.3667
Luiz_Inacio_Lula_da_Silva_0012.jpg,ok,0.9025
Luiz_Inacio_Lula_da_Silva_0013.jpg,ok,0.1870
Luiz_Inacio_Lula_da_Silva_0014.jpg,ok,0.3464
Luiz_Inacio_Lula_da_Silva_0015.jpg,ok,0.0599
Luiz_Inacio_Lula_da_Silva_0016.jpg,ok,0.2752
Luiz_Inacio_Lula_da_Silva_0017.jpg,ok,0.7293
Luiz_Inacio_Lula_da_Silva_0018.jpg,ok,0.0805
Luiz_Inacio_Lula_da_Silva_0019.jpg,ok,0.6916
Luiz_Inacio_Lula_da_Silva_0020.jpg,ok,0.0007
Luiz_Inacio_Lula_da_Silva_0021.jpg,ok,0.1354
Luiz_Inacio_Lula_da_Silva_0022.jpg,ok,0.6032
Luiz_Inacio_Lula_da_Silva_0023.jpg,ok,0.4203
Luiz_Inacio_Lula_da_Silva_0024.jpg,ok,0.5017
Luiz_Inacio_Lula_da_Silva_0025.jpg,ok,0.0158
Luiz_Inacio_Lula_da_Silva_0026.jpg,ok,0.4066
Luiz_Inacio_Lula_da_Silva_0027.jpg,ok,0.0172
Luiz_Inacio_Lula_da_Silva_0028.jpg,ok,0.1472
Luiz_Inacio_Lula_da_Silva_0029.jpg,ok,0.0904
Luiz_Inacio_Lula_da_Silva_0030.jpg,ok,0.0878
Luiz_Inacio_Lula_da_Silva_0031.jpg,ok,0.2820
Luiz_Inacio_Lula_da_Silva_0032.jpg,ok,0.3069
Luiz_Inacio_Lula_da_Silva_0033.jpg,ok,0.5166
Luiz_Inacio_Lula_da_Silva_0034.jpg,ok,0.9706
Luiz_Inacio_Lula_da_Silva_0035.jpg,ok,0.2953
Luiz_Inacio_Lula_da_Silva_0036.jpg,ok,0.8082
Luiz_Inacio_Lula_da_Silva_0037.jpg,ok,0.2734
Luiz_Inacio_Lula_da_Silva_0038.jpg,ok,0.4057
Luiz_Inacio_Lula_da_Silva_0039.jpg,ok,0.0110
Luiz_Inacio_Lula_da_Silva_0040.jpg,ok,0.3514
Luiz_Inacio_Lula_da_Silva_0041.jpg,ok,0.2808
Luiz_Inacio_Lula_da_Silva_0042.jpg,ok,0.4446
Luiz_Inacio_Lula_da_Silva_0043.jpg,ok,0.2708
Luiz_Inacio_Lula_da_Silva_0044.jpg,ok,0.0094
Luiz_Inacio_Lula_da_Silva_0045.jpg,ok,0.8250
Luiz_Inacio_Lula_da_Silva_0046.jpg,ok,0.3584
Luiz_Inacio_Lula_da_Silva_0047.jpg,ok,0.2992
Luiz_Inacio_Lula_da_Silva_0048.jpg,ok,0.0623
Luke_Ridnour_0001.jpg,ok,0.1368
Luke_Smith_0001.jpg,ok,0.5813
Luke_Walton_0001.jpg,ok,0.2319
Luke_Walton_0002.jpg,ok,0.0949
Luo_Linquan_0001.jpg,ok,0.0937
Luther_Htu_0001.jpg,ok,0.2107
Lutz_Freitag_0001.jpg,ok,0.6178
Lydia_Shum_0001.jpg,ok,0.1199
Lyle_Lovett_0001.jpg,ok,0.2296
Lyle_Vanclief_0001.jpg,ok,0.8087
Lyle_Vanclief_0002.jpg,ok,0.6463
Lynn_Abraham_0001.jpg,ok,0.9004
Lynn_Abraham_0002.jpg,ok,0.1995
Lynn_Redgrave_0001.jpg,ok,0.4156
Lynn_Redgrave_0002.jpg,ok,0.8234
Lynn_Redgrave_0003.jpg,ok,0.9787
Lynne_Cheney_0001.jpg,ok,0.4311
Lynne_Cheney_0002.jpg,ok,0.8300
Lynne_Cheney_0003.jpg,ok,0.5984
Lynne_Slepian_0001.jpg,ok,0.3858
Lynne_Thigpen_0001.jpg,ok,0.2394
Lyudmila_Putin_0001.jpg,ok,0.0114
MC_Hammer_0001.jpg,ok,0.3699
Mack_Brown_0001.jpg,ok,0.0096
Mack_Brown_0002.jpg,ok,0.2329
Madeleine_Albright_0001.jpg,ok,0.5704
Madeleine_Albright_0002.jpg,ok,0.2588
Madeleine_Albright_0003.jpg,ok,0.2304
Madeleine_Webber_0001.jpg,ok,0.6816
Madge_Overhouse_0001.jpg,ok,0.1043
Madonna_0001.jpg,ok,0.9695
Madonna_0002.jpg,ok,0.7486
Madonna_0003.jpg,ok,0.3544
Madonna_0004.jpg,ok,0.7169
Madonna_0005.jpg,ok,0.1427
Mae_Jemison_0001.jpg,ok,0.3696
Magda_Kertasz_0001.jpg,ok,0.8311
Magdalena_Maleeva_0001.jpg,ok,0.0778
Magdalena_Maleeva_0002.jpg,ok,0.1465
Magdalena_Maleeva_0003.jpg,ok,0.4908
Maggie_Cheung_0001.jpg,ok,0.0197
Maggie_Smith_0001.jpg,ok,0.2483
Maggie_Smith_0002.jpg,ok,0.3989
Magui_Serna_0001.jpg,ok,0.8050
Magui_Serna_0002.jpg,ok,0.4131
Maha_Habib_0001.jpg,ok,0.0874
Mahathir_Mohamad_0001.jpg,ok,0.0034
Mahathir_Mohamad_0002.jpg,ok,0.0159
Mahathir_Mohamad_0003.jpg,ok,0.6666
Mahathir_Mohamad_0004.jpg,ok,0.8768
Mahathir_Mohamad_0005.jpg,ok,0.0853
Mahathir_Mohamad_0006.jpg,ok,0.0822
Mahathir_Mohamad_0007.jpg,ok,0.3569
Mahathir_Mohamad_0008.jpg,ok,0.9212
Mahathir_Mohamad_0009.jpg,ok,0.0027
Mahathir_Mohamad_0010.jpg,ok,0.0118
Mahathir_Mohamad_0011.jpg,ok,0.1598
Mahathir_Mohamad_0012.jpg,ok,0.2386
Mahathir_Mohamad_0013.jpg,ok,0.4568
Mahathir_Mohamad_0014.jpg,ok,0.7060
Mahdi_Al_Bassam_0001.jpg,ok,0.2628
Mahendra_Chaudhry_0001.jpg,ok,0.3070
Mahima_Chaudhari_0001.jpg,ok,0.0012
Mahmoud_Abbas_0001.jpg,ok,0.4485
Mahmoud_Abbas_0002.jpg,ok,0.3988
Mahmoud_Abbas_0003.jpg,ok,0.1724
Mahmoud_Abbas_0004.jpg,ok,0.2222
Mahmoud_Abbas_0005.jpg,ok,0.8233
Mahmoud_Abbas_0006.jpg,ok,0.2325
Mahmoud_Abbas_0007.jpg,ok,0.0135
Mahmoud_Abbas_0008.jpg,ok,0.8360
Mahmoud_Abbas_0009.jpg,ok,0.8515
Mahmoud_Abbas_0010.jpg,ok,0.1523
Mahmoud_Abbas_0011.jpg,ok,0.7832
Mahmoud_Abbas_0012.jpg,ok,0.5870
Mahmoud_Abbas_0013.jpg,ok,0.3176
Mahmoud_Abbas_0014.jpg,ok,0.4140
Mahmoud_Abbas_0015.jpg,ok,0.6907
Mahmoud_Abbas_0016.jpg,ok,0.9587
Mahmoud_Abbas_0017.jpg,ok,0.1577
Mahmoud_Abbas_0018.jpg,ok,0.8109
Mahmoud_Abbas_0019.jpg,ok,0.7033
Mahmoud_Abbas_0020.jpg,ok,0.9923
Mahmoud_Abbas_0021.jpg,ok,0.8241
Mahmoud_Abbas_0022.jpg,ok,0.6753
Mahmoud_Abbas_0023.jpg,ok,0.0019
Mahmoud_Abbas_0024.jpg,ok,0.4957
Mahmoud_Abbas_0025.jpg,ok,0.2566
Mahmoud_Abbas_0026.jpg,ok,0.4619
Mahmoud_Abbas_0027.jpg,ok,0.1746
Mahmoud_Abbas_0028.jpg,ok,0.1291
Mahmoud_Abbas_0029.jpg,ok,0.6998
Mahmoud_Al_Zhar_0001.jpg,ok,0.0344
Mahmoud_Diyab_al-Ahmed_0001.jpg,ok,0.4359
Makhdoom_Amin_Fahim_0001.jpg,ok,0.0522
Makhdoom_Amin_Fahim_0002.jpg,ok,0.0820
Makhdoom_Amin_Fahim_0003.jpg,ok,0.1501
Makiko_Tanaka_0001.jpg,ok,0.0027
Makiya_Ali_Hassan_0001.jpg,ok,0.3303
Malak_Habbak_0001.jpg,ok,0.2049
Malcolm_Glazer_0001.jpg,ok,0.5318
Malcolm_Jamal_Warner_0001.jpg,ok,0.0514
Malcolm_Wild_0001.jpg,ok,0.5319
Malik_Mahmud_0001.jpg,ok,0.2418
Mamdouh_Habib_0001.jpg,ok,0.0612
Manfred_Reyes_Villa_0001.jpg,ok,0.0547
Manfred_Stolpe_0001.jpg,ok,0.1385
Manfred_Stolpe_0002.jpg,ok,0.9258
Manijeh_Hekmat_0001.jpg,ok,0.0278
Manuel_Gehring_0001.jpg,ok,0.0618
Manuel_Jesus_0001.jpg,ok,0.1823
Manuel_Llorente_0001.jpg,ok,0.7399
Manuel_Pellegrini_0001.jpg,ok,0.0296
Manuel_Poggiali_0001.jpg,ok,0.7936
Manuel_Poggiali_0002.jpg,ok,0.4851
Manuel_Rosendo_0001.jpg,ok,0.1311
Manuela_Montebrun_0001.jpg,ok,0.2247
Mara_Georges_0001.jpg,ok,0.6357
Marat_Safin_0001.jpg,ok,0.0005
Marat_Safin_0002.jpg,ok,0.0689
Marat_Safin_0003.jpg,ok,0.0423
Marc-Andre_Fleury_0001.jpg,ok,0.2003
Marc-Andre_Fleury_0002.jpg,ok,0.1205
Marc_Anthony_0001.jpg,ok,0.5333
Marc_Bulger_0001.jpg,ok,0.9005
Marc_Gold_0001.jpg,ok,0.4723
Marc_Grossman_0001.jpg,ok,0.5022
Marc_Grossman_0002.jpg,ok,0.0016
Marc_Grossman_0003.jpg,ok,0.0259
Marc_Grossman_0004.jpg,ok,0.4960
Marc_Leger_0001.jpg,ok,0.5637
Marc_Racicot_0001.jpg,ok,0.3429
Marc_Shaiman_0001.jpg,ok,0.6451
Marcella_Anderson_0001.jpg,ok,0.8327
Marcelo_Bielsa_0001.jpg,ok,0.2250
Marcelo_Ebrard_0001.jpg,ok,0.6312
Marcelo_Ebrard_0002.jpg,ok,0.6802
Marcelo_Ebrard_0003.jpg,ok,0.8602
Marcelo_Rios_0001.jpg,ok,0.0138
Marcelo_Rios_0002.jpg,ok,0.0386
Marcelo_Rios_0003.jpg,ok,0.3769
Marcelo_Rios_0004.jpg,ok,0.6563
Marcelo_Rios_0005.jpg,ok,0.7429
Marcelo_Salas_0001.jpg,ok,0.5957
Marcelo_Salas_0002.jpg,ok,0.5194
Marcelo_Salas_0003.jpg,ok,0.0172
Marcio_de_Souza_0001.jpg,ok,0.7668
Marco_Antonio_Barrera_0001.jpg,ok,0.8072
Marco_Antonio_Barrera_0002.jpg,ok,0.2074
Marco_Antonio_Barrera_0003.jpg,ok,0.1429
Marco_Antonio_Barrera_0004.jpg,ok,0.0195
Marco_Antonio_Barrera_0005.jpg,ok,0.8670
Marco_Antonio_Barrera_0006.jpg,ok,0.0853
Marco_Archer_Cardoso_Moreira_0001.jpg,ok,0.0728
Marco_Irizarry_0001.jpg,ok,0.3822
Marco_Pantani_0001.jpg,ok,0.2716
Marcos_Cafu_0001.jpg,ok,0.1249
Marcos_Daniel_Jimenez_0001.jpg,ok,0.0103
Marcos_Milinkovic_0001.jpg,ok,0.3420
Marcus_Allen_0001.jpg,ok,0.1122
Marcus_Garrettson_0001.jpg,ok,0.2081
Marcus_Gronholm_0001.jpg,ok,0.2396
Marcus_Gronholm_0002.jpg,ok,0.0221
Margaret_Caruso_0001.jpg,ok,0.8664
Margaret_Hasley_0001.jpg,ok,0.0370
Margaret_Hoelzer_0001.jpg,ok,0.8484
Margaret_Okayo_0001.jpg,ok,0.0596
Margaret_Thatcher_0001.jpg,ok,0.7282
Margaret_Thatcher_0002.jpg,ok,0.5334
Margerry_Bakley_0001.jpg,ok,0.9738
Margie_Puente_0001.jpg,ok,0.2322
Maria_Bello_0001.jpg,ok,0.0733
Maria_Burks_0001.jpg,ok,0.6633
Maria_Callas_0001.jpg,ok,0.4541
Maria_Conchita_Alonso_0001.jpg,ok,0.0788
Maria_Garcia_0001.jpg,ok,0.0381
Maria_Guida_0001.jpg,ok,0.3718
Maria_Luisa_Mendonca_0001.jpg,ok,0.0273
Maria_Luisa_Mendonca_0002.jpg,ok,0.0052
Maria_Sanchez_Lorenzo_0001.jpg,ok,0.4136
Maria_Shkolnikova_0001.jpg,ok,0.0289
Maria_Shriver_0001.jpg,ok,0.5142
Maria_Shriver_0002.jpg,ok,0.5928
Maria_Shriver_0003.jpg,ok,0.9060
Maria_Shriver_0004.jpg,ok,0.5678
Maria_Shriver_0005.jpg,ok,0.4638
Maria_Shriver_0006.jpg,ok,0.5435
Maria_Shriver_0007.jpg,ok,0.5246
Maria_Shriver_0008.jpg,ok,0.9862
Maria_Simon_0001.jpg,ok,0.8398
Maria_Soledad_Alvear_Valenzuela_0001.jpg,ok,0.4002
Maria_Soledad_Alvear_Valenzuela_0002.jpg,ok,0.3587
Maria_Soledad_Alvear_Valenzuela_0003.jpg,ok,0.0193
Maria_Soledad_Alvear_Valenzuela_0004.jpg,ok,0.0124
Maria_Soledad_Alvear_Valenzuela_0005.jpg,ok,0.2590
Maria_Wetterstrand_0001.jpg,ok,0.1546
Mariah_Carey_0001.jpg,ok,0.3605
Mariah_Carey_0002.jpg,ok,0.7744
Mariah_Carey_0003.jpg,ok,0.0442
Mariah_Carey_0004.jpg,ok,0.6197
Mariah_Carey_0005.jpg,ok,0.5620
Mariah_Carey_0006.jpg,ok,0.0920
Mariah_Carey_0007.jpg,ok,0.5671
Mariam_Ali_Hassan_0001.jpg,ok,0.0078
Marian_Dolan_0001.jpg,ok,0.8257
Mariana_Gonzalez_0001.jpg,ok,0.6881
Mariana_Ohata_0001.jpg,ok,0.8524
Mariana_Pollack_0001.jpg,ok,0.0004
Mariana_Pollack_0002.jpg,ok,0.0010
Mariana_Pollack_0003.jpg,ok,0.2123
Mariangel_Ruiz_Torrealba_0001.jpg,ok,0.9461
Mariangel_Ruiz_Torrealba_0002.jpg,ok,0.0492
Mariangel_Ruiz_Torrealba_0003.jpg,ok,0.0430
Marianne_Stanley_0001.jpg,ok,0.0587
Mariano_Zabaleta_0001.jpg,ok,0.0049
Maribel_Dominguez_0001.jpg,ok,0.2471
Marie-Josee_Croze_0001.jpg,ok,0.0174
Marie-Reine_Le_Gougne_0001.jpg,ok,0.5725
Marie-Reine_Le_Gougne_0002.jpg,ok,0.3835
Marie_Haghal_0001.jpg,ok,0.3216
Marieta_Chrousala_0001.jpg,ok,0.2018
Marieta_Chrousala_0002.jpg,ok,0.2090
Marieta_Chrousala_0003.jpg,ok,0.3182
Marilyn_Monroe_0001.jpg,ok,0.9940
Marilyn_Monroe_0002.jpg,ok,0.9509
Marina_Anissina_0001.jpg,ok,0.4781
Marina_Anissina_0002.jpg,ok,0.4937
Marina_Canetti_0001.jpg,ok,0.0271
Marina_Hands_0001.jpg,ok,0.0030
Marina_Kuptsova_0001.jpg,ok,0.4287
Marina_Silva_0001.jpg,ok,0.7852
Mario_Alfaro-Lopez_0001.jpg,ok,0.0697
Mario_Austin_0001.jpg,ok,0.0855
Mario_Cipollini_0001.jpg,ok,0.0384
Mario_Cipollini_0002.jpg,ok,0.1065
Mario_Dominguez_0001.jpg,ok,0.0142
Mario_Dumont_0001.jpg,ok,0.9790
Mario_Dumont_0002.jpg,ok,0.5397
Mario_Gallegos_0001.jpg,ok,0.2924
Mario_Jardel_0001.jpg,ok,0.3685
Mario_Kreutzberger_0001.jpg,ok,0.8175
Mario_Kreutzberger_0002.jpg,ok,0.7195
Mario_Lemieux_0001.jpg,ok,0.0005
Mario_Lobo_Zagallo_0001.jpg,ok,0.0032
Mario_Puzo_0001.jpg,ok,0.6406
Mario_Vasquez_Rana_0001.jpg,ok,0.1302
Marion_Barry_0001.jpg,ok,0.5970
Marion_Fahnestock_0001.jpg,ok,0.9662
Marisa_Tomei_0001.jpg,ok,0.0008
Marisa_Tomei_0002.jpg,ok,0.0303
Marisol_Breton_0001.jpg,ok,0.6351
Marisol_Martinez_Sambran_0001.jpg,ok,0.0503
Marissa_Jaret_Winokur_0001.jpg,ok,0.0799
Marissa_Jaret_Winokur_0002.jpg,ok,0.0028
Maritza_Macias_Furano_0001.jpg,ok,0.5321
Mark_Andrew_0001.jpg,ok,0.5343
Mark_Bellhorn_0001.jpg,ok,0.2072
Mark_Broxmeyer_0001.jpg,ok,0.9214
Mark_Butcher_0001.jpg,ok,0.5063
Mark_Cuban_0001.jpg,ok,0.1073
Mark_Cuban_0002.jpg,ok,0.0839
Mark_Dacey_0001.jpg,ok,0.5718
Mark_Dacey_0002.jpg,ok,0.4859
Mark_Everson_0001.jpg,ok,0.5465
Mark_Foley_0001.jpg,ok,0.4184
Mark_Gangloff_0001.jpg,ok,0.0712
Mark_Geragos_0001.jpg,ok,0.8297
Mark_Geragos_0002.jpg,ok,0.8780
Mark_Gottfried_0001.jpg,ok,0.0055
Mark_Gottfried_0002.jpg,ok,0.0072
Mark_Gottfried_0003.jpg,ok,0.7502
Mark_Hamister_0001.jpg,ok,0.2405
Mark_Hamister_0002.jpg,ok,0.0183
Mark_Hanson_0001.jpg,ok,0.6147
Mark_Heller_0001.jpg,ok,0.8890
Mark_Heller_0002.jpg,ok,0.0800
Mark_Hogan_0001.jpg,ok,0.2626
Mark_Hurlbert_0001.jpg,ok,0.1184
Mark_Hurlbert_0002.jpg,ok,0.1994
Mark_Hurlbert_0003.jpg,ok,0.0664
Mark_Hurlbert_0004.jpg,ok,0.5652
Mark_Hurlbert_0005.jpg,ok,0.4103
Mark_Kelly_0001.jpg,ok,0.0067
Mark_Komara_0001.jpg,ok,0.0678
Mark_Lazarus_0001.jpg,ok,0.3046
Mark_Leno_0001.jpg,ok,0.9790
Mark_Mariscal_0001.jpg,ok,0.9456
Mark_Martin_0001.jpg,ok,0.2245
Mark_McClellan_0001.jpg,ok,0.1107
Mark_Mishkin_0001.jpg,ok,0.7727
Mark_Mulder_0001.jpg,ok,0.7221
Mark_Philippoussis_0001.jpg,ok,0.0966
Mark_Philippoussis_0002.jpg,ok,0.0439
Mark_Philippoussis_0003.jpg,ok,0.2456
Mark_Philippoussis_0004.jpg,ok,0.4945
Mark_Philippoussis_0005.jpg,ok,0.1022
Mark_Philippoussis_0006.jpg,ok,0.0628
Mark_Philippoussis_0007.jpg,ok,0.0845
Mark_Philippoussis_0008.jpg,ok,0.1250
Mark_Philippoussis_0009.jpg,ok,0.0071
Mark_Philippoussis_0010.jpg,ok,0.0681
Mark_Philippoussis_0011.jpg,ok,0.0220
Mark_Podlesny_0001.jpg,ok,0.3628
Mark_Polansky_0001.jpg,ok,0.0033
Mark_Redman_0001.jpg,ok,0.8713
Mark_Richt_0001.jpg,ok,0.4209
Mark_Richt_0002.jpg,ok,0.0011
Mark_Richt_0003.jpg,ok,0.0887
Mark_Rosenbaum_0001.jpg,ok,0.8474
Mark_Sacco_0001.jpg,ok,0.3965
Mark_Salter_0001.jpg,ok,0.8389
Mark_Schweiker_0001.jpg,ok,0.2878
Mark_Schweiker_0002.jpg,ok,0.0288
Mark_Shapiro_0001.jpg,ok,0.9523
Mark_Sisk_0001.jpg,ok,0.8208
Mark_Stuart_0001.jpg,ok,0.1660
Mark_Swartz_0001.jpg,ok,0.0069
Mark_Wahlberg_0001.jpg,ok,0.7114
Mark_Wahlberg_0002.jpg,ok,0.2902
Mark_Wahlberg_0003.jpg,ok,0.2299
Mark_Wahlberg_0004.jpg,ok,0.0709
Mark_Warner_0001.jpg,ok,0.7921
Mark_Warner_0002.jpg,ok,0.4455
Markus_Beyer_0001.jpg,ok,0.2537
Markus_Naslund_0001.jpg,ok,0.6423
Markus_Naslund_0002.jpg,ok,0.1296
Marlene_Weingartner_0001.jpg,ok,0.7326
Marlene_Weingartner_0002.jpg,ok,0.0078
Marlon_Devonish_0001.jpg,ok,0.2482
Marquier_Montano_Contreras_0001.jpg,ok,0.0196
Marquis_Estill_0001.jpg,ok,0.3332
Marricia_Tate_0001.jpg,ok,0.6428
Marsah_Ambrosius_0001.jpg,ok,0.2730
Marsha_Sharp_0001.jpg,ok,0.0234
Marsha_Thomason_0001.jpg,ok,0.1039
Marta_Dominguz_0001.jpg,ok,0.3858
Martha_Beatriz_Roque_0001.jpg,ok,0.4458
Martha_Beatriz_Roque_0002.jpg,ok,0.9619
Martha_Bowen_0001.jpg,ok,0.0083
Martha_Bowen_0002.jpg,ok,0.4562
Martha_Burk_0001.jpg,ok,0.0239
Martha_Burk_0002.jpg,ok,0.3670
Martha_Burk_0003.jpg,ok,0.5349
Martha_Burk_0004.jpg,ok,0.3480
Martha_Lucia_Ramirez_0001.jpg,ok,0.2836
Martha_Lucia_Ramirez_0002.jpg,ok,0.0952
Martha_Lucia_Ramirez_0003.jpg,ok,0.9154
Martha_Lucia_Ramirez_0004.jpg,ok,0.0469
Martha_Martinez_Flores_0001.jpg,ok,0.4527
Martha_Sahagun_de_Fox_0001.jpg,ok,0.0574
Martha_Smith_0001.jpg,ok,0.7542
Martha_Stewart_0001.jpg,ok,0.8008
Martha_Stewart_0002.jpg,ok,0.2908
Martha_Stewart_0003.jpg,ok,0.4517
Martha_Stewart_0004.jpg,ok,0.4554
Martha_Stewart_0005.jpg,ok,0.9934
Martie_Maguire_0001.jpg,ok,0.4101
Martin_Bandier_0001.jpg,ok,0.4176
Martin_Boryczewski_0001.jpg,ok,0.9901
Martin_Brodeur_0001.jpg,ok,0.0201
Martin_Brodeur_0002.jpg,ok,0.0197
Martin_Brooke_0001.jpg,ok,0.0146
Martin_Burnham_0001.jpg,ok,0.9283
Martin_Cauchon_0001.jpg,ok,0.4541
Martin_Cauchon_0002.jpg,ok,0.5228
Martin_Frost_0001.jpg,ok,0.0037
Martin_Gecht_0001.jpg,ok,0.2234
Martin_Hoellwarth_0001.jpg,ok,0.5321
Martin_Hoellwarth_0002.jpg,ok,0.5649
Martin_Howard_0001.jpg,ok,0.3658
Martin_Keown_0001.jpg,ok,0.4180
Martin_Kristof_0001.jpg,ok,0.8797
Martin_Landau_0001.jpg,ok,0.2527
Martin_Lawrence_0001.jpg,ok,0.6580
Martin_Luther_King_III_0001.jpg,ok,0.3829
Martin_McCauley_0001.jpg,ok,0.8109
Martin_McCauley_0002.jpg,ok,0.3587
Martin_McGuinness_0001.jpg,ok,0.4343
Martin_McGuinness_0002.jpg,ok,0.0740
Martin_McGuinness_0003.jpg,ok,0.3528
Martin_McGuinness_0004.jpg,ok,0.4423
Martin_McGuinness_0005.jpg,ok,0.8117
Martin_ONeill_0001.jpg,ok,0.0581
Martin_Rodriguez_0001.jpg,ok,0.0337
Martin_Scorsese_0001.jpg,ok,0.3864
Martin_Scorsese_0002.jpg,ok,0.4794
Martin_Scorsese_0003.jpg,ok,0.1301
Martin_Scorsese_0004.jpg,ok,0.0530
Martin_Scorsese_0005.jpg,ok,0.0039
Martin_Scorsese_0006.jpg,ok,0.8474
Martin_Scorsese_0007.jpg,ok,0.0463
Martin_Sheen_0001.jpg,ok,0.0052
Martin_Sheen_0002.jpg,ok,0.0601
Martin_Short_0001.jpg,ok,0.1583
Martin_Torrijos_0001.jpg,ok,0.2748
Martin_Verkerk_0001.jpg,ok,0.3247
Martin_Verkerk_0002.jpg,ok,0.8361
Martin_Verkerk_0003.jpg,ok,0.0024
Martina_Hingis_0001.jpg,ok,0.3396
Martina_Hingis_0002.jpg,ok,0.8165
Martina_Hingis_0003.jpg,ok,0.7753
Martina_McBride_0001.jpg,ok,0.0031
Martina_McBride_0002.jpg,ok,0.2659
Martina_McBride_0003.jpg,ok,0.1138
Martina_McBride_0004.jpg,ok,0.0193
Martina_McBride_0005.jpg,ok,0.0695
Marty_Mornhinweg_0001.jpg,ok,0.0768
Marty_Mornhinweg_0002.jpg,ok,0.0036
Marty_Mornhinweg_0003.jpg,ok,0.1556
Marvan_Atapattu_0001.jpg,ok,0.3291
Marwan_Barghouthi_0001.jpg,ok,0.4071
Marwan_Barghouthi_0002.jpg,ok,0.2695
Marwan_Muasher_0001.jpg,ok,0.1311
Mary-Kate_Olsen_0001.jpg,ok,0.0687
Mary-Kate_Olsen_0002.jpg,ok,0.4572
Mary-Kate_Olsen_0003.jpg,ok,0.2134
Mary_Anne_Souza_0001.jpg,ok,0.1053
Mary_Blige_0001.jpg,ok,0.2595
Mary_Bono_0001.jpg,ok,0.4850
Mary_Carey_0001.jpg,ok,0.8577
Mary_Carey_0002.jpg,ok,0.3901
Mary_Carey_0003.jpg,ok,0.4482
Mary_Carey_0004.jpg,ok,0.6297
Mary_Catherine_Correll_0001.jpg,ok,0.9897
Mary_Descenza_0001.jpg,ok,0.4827
Mary_Elizabeth_Mastrantonio_0001.jpg,ok,0.0979
Mary_Frances_Seiter_0001.jpg,ok,0.0006
Mary_Hill_0001.jpg,ok,0.5051
Mary_Jo_Myers_0001.jpg,ok,0.1717
Mary_Katherine_Smart_0001.jpg,ok,0.5303
Mary_Landrieu_0001.jpg,ok,0.8838
Mary_Landrieu_0002.jpg,ok,0.4916
Mary_Landrieu_0003.jpg,ok,0.2938
Mary_Lou_Markakis_0001.jpg,ok,0.4113
Mary_Lou_Retton_0001.jpg,ok,0.0006
Mary_Maddux_0001.jpg,ok,0.8668
Mary_Matalin_0001.jpg,ok,0.0705
Mary_McCarty_0001.jpg,ok,0.5250
Mary_Robinson_0001.jpg,ok,0.0152
Mary_Steenburgen_0001.jpg,ok,0.2014
Mary_Steenburgen_0002.jpg,ok,0.1772
Mary_Steenburgen_0003.jpg,ok,0.0260
Mary_Sue_Coleman_0001.jpg,ok,0.2784
Mary_Tyler_Moore_0001.jpg,ok,0.1242
Mary_Tyler_Moore_0002.jpg,ok,0.0300
Mary_Zorn_0001.jpg,ok,0.0111
Maryn_McKenna_0001.jpg,ok,0.0065
Masahiko_Nagasawa_0001.jpg,ok,0.2240
Masahiko_Nagasawa_0002.jpg,ok,0.2458
Masamori_Tokuyama_0001.jpg,ok,0.6982
Masao_Azuma_0001.jpg,ok,0.9109
Masaru_Hayami_0001.jpg,ok,0.6060
Masatoshi_Koshiba_0001.jpg,ok,0.1644
Masja_Juel_0001.jpg,ok,0.4892
Massoud_Barzani_0001.jpg,ok,0.0012
Masum_Turker_0001.jpg,ok,0.9781
Masum_Turker_0002.jpg,ok,0.7205
Masum_Turker_0003.jpg,ok,0.6086
Mathias_Reichhold_0001.jpg,ok,0.1812
Mathias_Reichhold_0002.jpg,ok,0.4456
Mathias_Reichhold_0003.jpg,ok,0.0091
Mathilda_Karel_Spak_0001.jpg,ok,0.2590
Matt_Anderson_0001.jpg,ok,0.5351
Matt_Braker_0001.jpg,ok,0.6333
Matt_Damon_0001.jpg,ok,0.0564
Matt_Damon_0002.jpg,ok,0.8174
Matt_Damon_0003.jpg,ok,0.6309
Matt_Damon_0004.jpg,ok,0.0166
Matt_Dillon_0001.jpg,ok,0.0068
Matt_Dillon_0002.jpg,ok,0.1955
Matt_Dillon_0003.jpg,ok,0.6178
Matt_Doherty_0001.jpg,ok,0.9375
Matt_Doherty_0002.jpg,ok,0.8061
Matt_Doherty_0003.jpg,ok,0.5884
Matt_Herden_0001.jpg,ok,0.8849
Matt_LeBlanc_0001.jpg,ok,0.6161
Matt_Morris_0001.jpg,ok,0.3360
Matt_Roney_0001.jpg,ok,0.8547
Matt_Siebrandt_0001.jpg,ok,0.6508
Matt_Walters_0001.jpg,ok,0.0104
Matt_Welsh_0001.jpg,ok,0.2017
Matthew_Broderick_0001.jpg,ok,0.5852
Matthew_Broderick_0002.jpg,ok,0.3252
Matthew_Broderick_0003.jpg,ok,0.5140
Matthew_Broderick_0004.jpg,ok,0.7311
Matthew_During_0001.jpg,ok,0.2763
Matthew_McConaughey_0001.jpg,ok,0.1319
Matthew_Ouimet_0001.jpg,ok,0.4208
Matthew_Perry_0001.jpg,ok,0.2138
Matthew_Perry_0002.jpg,ok,0.0516
Matthew_Perry_0003.jpg,ok,0.1748
Matthew_Perry_0004.jpg,ok,0.0503
Matthew_Perry_0005.jpg,ok,0.3076
Matthew_Perry_0006.jpg,ok,0.0065
Matthew_Perry_0007.jpg,ok,0.2770
Matthew_Vaughan_0001.jpg,ok,0.3057
Matthias_Sammer_0001.jpg,ok,0.1319
Maura_Tierney_0001.jpg,ok,0.0436
Maureen_Fanning_0001.jpg,ok,0.4919
Maureen_Fanning_0002.jpg,ok,0.4837
Maureen_Kanka_0001.jpg,ok,0.0050
Maurice_Cheeks_0001.jpg,ok,0.1004
Maurice_Papon_0001.jpg,ok,0.0494
Maurice_Strong_0001.jpg,ok,0.4917
Mauricio_Macri_0001.jpg,ok,0.0569
Mauricio_Pochetino_0001.jpg,ok,0.7450
Mauro_Viza_0001.jpg,ok,0.0676
Max_Baucus_0001.jpg,ok,0.1016
Max_Biaggi_0001.jpg,ok,0.9207
Max_Mayfield_0001.jpg,ok,0.1930
Max_Mayfield_0002.jpg,ok,0.0006
Max_Mosley_0001.jpg,ok,0.0197
Max_von_Sydow_0001.jpg,ok,0.3862
Maxim_Afinogenov_0001.jpg,ok,0.2076
Mayumi_Moriyama_0001.jpg,ok,0.1522
McGuire_Gibson_0001.jpg,ok,0.9763
Meg_Mallon_0001.jpg,ok,0.7566
Meg_Wakeman_0001.jpg,ok,0.2390
Megan_Mullally_0001.jpg,ok,0.3199
Megan_Mullally_0002.jpg,ok,0.0095
Megan_Mullally_0003.jpg,ok,0.5263
Megawati_Sukarnoputri_0001.jpg,ok,0.0152
Megawati_Sukarnoputri_0002.jpg,ok,0.4930
Megawati_Sukarnoputri_0003.jpg,ok,0.0197
Megawati_Sukarnoputri_0004.jpg,ok,0.0362
Megawati_Sukarnoputri_0005.jpg,ok,0.0136
Megawati_Sukarnoputri_0006.jpg,ok,0.0076
Megawati_Sukarnoputri_0007.jpg,ok,0.0154
Megawati_Sukarnoputri_0008.jpg,ok,0.0006
Megawati_Sukarnoputri_0009.jpg,ok,0.0110
Megawati_Sukarnoputri_0010.jpg,ok,0.0111
Megawati_Sukarnoputri_0011.jpg,ok,0.0513
Megawati_Sukarnoputri_0012.jpg,ok,0.7289
Megawati_Sukarnoputri_0013.jpg,ok,0.1329
Megawati_Sukarnoputri_0014.jpg,ok,0.0166
Megawati_Sukarnoputri_0015.jpg,ok,0.4156
Megawati_Sukarnoputri_0016.jpg,ok,0.5370
Megawati_Sukarnoputri_0017.jpg,ok,0.0147
Megawati_Sukarnoputri_0018.jpg,ok,0.3043
Megawati_Sukarnoputri_0019.jpg,ok,0.0010
Megawati_Sukarnoputri_0020.jpg,ok,0.0010
Megawati_Sukarnoputri_0021.jpg,ok,0.0188
Megawati_Sukarnoputri_0022.jpg,ok,0.0028
Megawati_Sukarnoputri_0023.jpg,ok,0.0128
Megawati_Sukarnoputri_0024.jpg,ok,0.0178
Megawati_Sukarnoputri_0025.jpg,ok,0.0042
Megawati_Sukarnoputri_0026.jpg,ok,0.0702
Megawati_Sukarnoputri_0027.jpg,ok,0.0178
Megawati_Sukarnoputri_0028.jpg,ok,0.4217
Megawati_Sukarnoputri_0029.jpg,ok,0.8239
Megawati_Sukarnoputri_0030.jpg,ok,0.0457
Megawati_Sukarnoputri_0031.jpg,ok,0.0078
Megawati_Sukarnoputri_0032.jpg,ok,0.0188
Megawati_Sukarnoputri_0033.jpg,ok,0.0612
Meghann_Shaughnessy_0001.jpg,ok,0.8507
Meghann_Shaughnessy_0002.jpg,ok,0.4607
Mehdi_Baala_0001.jpg,ok,0.3680
Mehmet_Ali_Sahin_0001.jpg,ok,0.2453
Mehmet_Okur_0001.jpg,ok,0.3578
Meirion_Evans_0001.jpg,ok,0.0122
Mekhi_Phifer_0001.jpg,ok,0.4181
Mel_Brooks_0001.jpg,ok,0.5216
Mel_Brooks_0002.jpg,ok,0.8148
Mel_Gibson_0001.jpg,ok,0.0547
Mel_Gibson_0002.jpg,ok,0.0166
Mel_Karmazin_0001.jpg,ok,0.0653
Melana_Scantlin_0001.jpg,ok,0.1281
Melanie_Griffith_0001.jpg,ok,0.7524
Melanie_Griffith_0002.jpg,ok,0.2510
Melanie_Griffith_0003.jpg,ok,0.9976
Melchor_Cob_Castro_0001.jpg,ok,0.1644
Meles_Zenawi_0001.jpg,ok,0.1856
Melina_Kanakaredes_0001.jpg,ok,0.1745
Melinda_Czink_0001.jpg,ok,0.0086
Melissa_Etheridge_0001.jpg,ok,0.9959
Melissa_Etheridge_0002.jpg,ok,0.6361
Melissa_Gilbert_0001.jpg,ok,0.8678
Melissa_Joan_Hart_0001.jpg,ok,0.6089
Melissa_Manchester_0001.jpg,ok,0.5371
Melissa_Mulloy_0001.jpg,ok,0.4211
Melissa_Stark_0001.jpg,ok,0.5534
Melvin_Talbert_0001.jpg,ok,0.1804
Mercedes_Amor_0001.jpg,ok,0.9847
Meryl_Streep_0001.jpg,ok,0.0459
Meryl_Streep_0002.jpg,ok,0.5395
Meryl_Streep_0003.jpg,ok,0.6558
Meryl_Streep_0004.jpg,ok,0.7968
Meryl_Streep_0005.jpg,ok,0.4019
Meryl_Streep_0006.jpg,ok,0.0160
Meryl_Streep_0007.jpg,ok,0.2233
Meryl_Streep_0008.jpg,ok,0.4325
Meryl_Streep_0009.jpg,ok,0.5816
Meryl_Streep_0010.jpg,ok,0.9866
Meryl_Streep_0011.jpg,ok,0.4490
Meryl_Streep_0012.jpg,ok,0.2515
Meryl_Streep_0013.jpg,ok,0.9927
Meryl_Streep_0014.jpg,ok,0.0637
Meryl_Streep_0015.jpg,ok,0.7582
Mesut_Yilmaz_0001.jpg,ok,0.1860
Mesut_Yilmaz_0002.jpg,ok,0.3392
Mia_Mottley_0001.jpg,ok,0.5218
Mian_Khursheed_Mehmood_Kasuri_0001.jpg,ok,0.7486
Mian_Khursheed_Mehmood_Kasuri_0002.jpg,ok,0.8927
Mian_Khursheed_Mehmood_Kasuri_0003.jpg,ok,0.3371
Mian_Khursheed_Mehmood_Kasuri_0004.jpg,ok,0.3084
Micah_Knorr_0001.jpg,ok,0.8098
Michael_Adams_0001.jpg,ok,0.8418
Michael_Andretti_0001.jpg,ok,0.1911
Michael_Arif_0001.jpg,ok,0.8981
Michael_Ballack_0001.jpg,ok,0.0273
Michael_Ballack_0002.jpg,ok,0.0611
Michael_Ballack_0003.jpg,ok,0.0443
Michael_Bloomberg_0001.jpg,ok,0.0971
Michael_Bloomberg_0002.jpg,ok,0.3720
Michael_Bloomberg_0003.jpg,ok,0.2147
Michael_Bloomberg_0004.jpg,ok,0.0236
Michael_Bloomberg_0005.jpg,ok,0.9933
Michael_Bloomberg_0006.jpg,ok,0.7210
Michael_Bloomberg_0007.jpg,ok,0.9072
Michael_Bloomberg_0008.jpg,ok,0.5964
Michael_Bloomberg_0009.jpg,ok,0.0209
Michael_Bloomberg_0010.jpg,ok,0.0073
Michael_Bloomberg_0011.jpg,ok,0.6173
Michael_Bloomberg_0012.jpg,ok,0.9705
Michael_Bloomberg_0013.jpg,ok,0.2036
Michael_Bloomberg_0014.jpg,ok,0.4890
Michael_Bloomberg_0015.jpg,ok,0.0873
Michael_Bloomberg_0016.jpg,ok,0.0283
Michael_Bloomberg_0017.jpg,ok,0.5351
Michael_Bloomberg_0018.jpg,ok,0.8996
Michael_Bloomberg_0019.jpg,ok,0.0286
Michael_Bloomberg_0020.jpg,ok,0.8745
Michael_Bolton_0001.jpg,ok,0.7439
Michael_Bouchard_0001.jpg,ok,0.3617
Michael_Boyce_0001.jpg,ok,0.8491
Michael_Brandon_0001.jpg,ok,0.0221
Michael_Broad_0001.jpg,ok,0.6816
Michael_Caine_0001.jpg,ok,0.5893
Michael_Caine_0002.jpg,ok,0.0019
Michael_Caine_0003.jpg,ok,0.9855
Michael_Caine_0004.jpg,ok,0.6488
Michael_Capellas_0001.jpg,ok,0.0054
Michael_Capellas_0002.jpg,ok,0.0780
Michael_Chang_0001.jpg,ok,0.0478
Michael_Chang_0002.jpg,ok,0.0950
Michael_Chang_0003.jpg,ok,0.0252
Michael_Chang_0004.jpg,ok,0.2323
Michael_Chang_0005.jpg,ok,0.0711
Michael_Chang_0006.jpg,ok,0.0043
Michael_Chang_0007.jpg,ok,0.0245
Michael_Chang_0008.jpg,ok,0.0463
Michael_Chertoff_0001.jpg,ok,0.0227
Michael_Chiklis_0001.jpg,ok,0.4065
Michael_Chiklis_0002.jpg,ok,0.5606
Michael_Chiklis_0003.jpg,ok,0.1960
Michael_Chiklis_0004.jpg,ok,0.5374
Michael_Chiklis_0005.jpg,ok,0.3528
Michael_Clarke_Duncan_0001.jpg,ok,0.1144
Michael_DeMinico_0001.jpg,ok,0.4666
Michael_Dell_0001.jpg,ok,0.1533
Michael_Denzel_0001.jpg,ok,0.0176
Michael_Deutsch_0001.jpg,ok,0.0893
Michael_Diekmann_0001.jpg,ok,0.0248
Michael_Doleac_0001.jpg,ok,0.2864
Michael_Donovan_0001.jpg,ok,0.6843
Michael_Douglas_0001.jpg,ok,0.4832
Michael_Douglas_0002.jpg,ok,0.0304
Michael_Douglas_0003.jpg,ok,0.2565
Michael_Douglas_0004.jpg,ok,0.0698
Michael_Douglas_0005.jpg,ok,0.1744
Michael_Douglas_0006.jpg,ok,0.9558
Michael_Fitzgerald_0001.jpg,ok,0.3100
Michael_Frayn_0001.jpg,ok,0.4370
Michael_Friedman_0001.jpg,ok,0.9589
Michael_Goldrich_0001.jpg,ok,0.0104
Michael_Guiler_0001.jpg,ok,0.8481
Michael_Hagee_0001.jpg,ok,0.0117
Michael_Haneke_0001.jpg,ok,0.9949
Michael_Hoffa_0001.jpg,ok,0.1514
Michael_J_Fox_0001.jpg,ok,0.2293
Michael_J_Sheehan_0001.jpg,ok,0.8931
Michael_J_Sheehan_0002.jpg,ok,0.8279
Michael_Jackson_0001.jpg,ok,0.5598
Michael_Jackson_0002.jpg,ok,0.9784
Michael_Jackson_0003.jpg,ok,0.5546
Michael_Jackson_0004.jpg,ok,0.0169
Michael_Jackson_0005.jpg,ok,0.0138
Michael_Jackson_0006.jpg,ok,0.0138
Michael_Jackson_0007.jpg,ok,0.0032
Michael_Jackson_0008.jpg,ok,0.0935
Michael_Jackson_0009.jpg,ok,0.9462
Michael_Jackson_0010.jpg,ok,0.8884
Michael_Jackson_0011.jpg,ok,0.0070
Michael_Jackson_0012.jpg,ok,0.0022
Michael_Jasny_0001.jpg,ok,0.1314
Michael_Jordan_0001.jpg,ok,0.0016
Michael_Jordan_0002.jpg,ok,0.8724
Michael_Jordan_0003.jpg,ok,0.0317
Michael_Jordan_0004.jpg,ok,0.1897
Michael_Kahn_0001.jpg,ok,0.2647
Michael_Keaton_0001.jpg,ok,0.0172
Michael_Keaton_0002.jpg,ok,0.2067
Michael_Killeen_0001.jpg,ok,0.4797
Michael_Kirby_0001.jpg,ok,0.9712
Michael_Kors_0001.jpg,ok,0.2458
Michael_Kostelnik_0001.jpg,ok,0.9673
Michael_Kostelnik_0002.jpg,ok,0.4234
Michael_Leavitt_0001.jpg,ok,0.9397
Michael_Leavitt_0002.jpg,ok,0.9296
Michael_Lechner_0001.jpg,ok,0.9233
Michael_Linscott_0001.jpg,ok,0.5545
Michael_Lopez-Alegria_0001.jpg,ok,0.0972
Michael_McNeely_0001.jpg,ok,0.9788
Michael_Michele_0001.jpg,ok,0.7862
Michael_Milton_0001.jpg,ok,0.0697
Michael_Moore_0001.jpg,ok,0.2643
Michael_Moore_0002.jpg,ok,0.0177
Michael_Moore_0003.jpg,ok,0.6819
Michael_Munoz_0001.jpg,ok,0.0970
Michael_Olowokandi_0001.jpg,ok,0.2564
Michael_Patrick_King_0001.jpg,ok,0.7620
Michael_Patrick_King_0002.jpg,ok,0.5202
Michael_Peat_0001.jpg,ok,0.9487
Michael_Pfleger_0001.jpg,ok,0.4918
Michael_Phelps_0001.jpg,ok,0.6820
Michael_Phelps_0002.jpg,ok,0.1530
Michael_Phelps_0003.jpg,ok,0.3388
Michael_Phelps_0004.jpg,ok,0.3733
Michael_Phelps_0005.jpg,ok,0.9225
Michael_Piuze_0001.jpg,ok,0.9863
Michael_Powell_0001.jpg,ok,0.3331
Michael_Powell_0002.jpg,ok,0.4518
Michael_Powell_0003.jpg,ok,0.1484
Michael_Powell_0004.jpg,ok,0.1136
Michael_Powell_0005.jpg,ok,0.2090
Michael_Richards_0001.jpg,ok,0.6321
Michael_Rolinee_0001.jpg,ok,0.4880
Michael_Schumacher_0001.jpg,ok,0.3447
Michael_Schumacher_0002.jpg,ok,0.4721
Michael_Schumacher_0003.jpg,ok,0.1679
Michael_Schumacher_0004.jpg,ok,0.1183
Michael_Schumacher_0005.jpg,ok,0.0900
Michael_Schumacher_0006.jpg,ok,0.2731
Michael_Schumacher_0007.jpg,ok,0.3642
Michael_Schumacher_0008.jpg,ok,0.5010
Michael_Schumacher_0009.jpg,ok,0.5483
Michael_Schumacher_0010.jpg,ok,0.2278
Michael_Schumacher_0011.jpg,ok,0.1434
Michael_Schumacher_0012.jpg,ok,0.2370
Michael_Schumacher_0013.jpg,ok,0.4431
Michael_Schumacher_0014.jpg,ok,0.1400
Michael_Schumacher_0015.jpg,ok,0.6624
Michael_Schumacher_0016.jpg,ok,0.0067
Michael_Schumacher_0017.jpg,ok,0.1512
Michael_Schumacher_0018.jpg,ok,0.5560
Michael_Shane_Jolly_0001.jpg,ok,0.9663
Michael_Sheehan_0001.jpg,ok,0.0928
Michael_Shelby_0001.jpg,ok,0.0344
Michael_Smith_Foster_0001.jpg,ok,0.0757
Michael_Stark_0001.jpg,ok,0.4903
Michael_Sullivan_0001.jpg,ok,0.2662
Michael_Sullivan_0002.jpg,ok,0.5031
Michael_Taylor_0001.jpg,ok,0.1870
Michael_Wayne_0001.jpg,ok,0.4537
Michael_Weiss_0001.jpg,ok,0.1635
Michael_Winterbottom_0001.jpg,ok,0.5204
Michael_Winterbottom_0002.jpg,ok,0.9879
Michael_Winterbottom_0003.jpg,ok,0.9939
Michalis_Chrisohoides_0001.jpg,ok,0.3873
Micheal_Jourdain_Jr_0001.jpg,ok,0.0199
Michel_Charles_Chretien_0001.jpg,ok,0.0020
Michel_Duclos_0001.jpg,ok,0.5826
Michel_Duclos_0002.jpg,ok,0.4068
Michel_Kratochvil_0001.jpg,ok,0.9713
Michel_Minard_0001.jpg,ok,0.3329
Michel_Temer_0001.jpg,ok,0.9706
Michel_Temer_0002.jpg,ok,0.2464
Michel_Therrien_0001.jpg,ok,0.6840
Michel_Therrien_0002.jpg,ok,0.4100
Michelangelo_Antonioni_0001.jpg,ok,0.7623
Michele_Placido_0001.jpg,ok,0.6605
Michelle_Bachelet_0001.jpg,ok,0.9968
Michelle_Branch_0001.jpg,ok,0.1122
Michelle_Branch_0002.jpg,ok,0.0934
Michelle_Chiklis_0001.jpg,ok,0.4195
Michelle_Collins_0001.jpg,ok,0.0372
Michelle_Collins_0002.jpg,ok,0.0123
Michelle_Hofland_0001.jpg,ok,0.3635
Michelle_Kwan_0001.jpg,ok,0.0576
Michelle_Kwan_0002.jpg,ok,0.0700
Michelle_Kwan_0003.jpg,ok,0.0521
Michelle_Kwan_0004.jpg,ok,0.0692
Michelle_Kwan_0005.jpg,ok,0.1636
Michelle_Kwan_0006.jpg,ok,0.1786
Michelle_Kwan_0007.jpg,ok,0.4444
Michelle_Kwan_0008.jpg,ok,0.0500
Michelle_Lecky_0001.jpg,ok,0.0111
Michelle_Pfeiffer_0001.jpg,ok,0.2947
Michelle_Pfeiffer_0002.jpg,ok,0.4643
Michelle_Pfeiffer_0003.jpg,ok,0.9877
Michelle_Rodriguez_0001.jpg,ok,0.0012
Michelle_Rodriguez_0002.jpg,ok,0.1325
Michelle_Yeoh_0001.jpg,ok,0.2613
Michelle_Yeoh_0002.jpg,ok,0.7191
Michelle_Yeoh_0003.jpg,ok,0.0539
Michelle_Yeoh_0004.jpg,ok,0.0034
Michelle_Yeoh_0005.jpg,ok,0.0887
Mick_Jagger_0001.jpg,ok,0.0186
Mick_Jagger_0002.jpg,ok,0.6160
Mick_Jagger_0003.jpg,ok,0.0525
Mick_Jagger_0004.jpg,ok,0.0617
Mick_Jagger_0005.jpg,ok,0.0537
Mick_McCarthy_0001.jpg,ok,0.5229
Mickey_Gilley_0001.jpg,ok,0.5979
Mickey_Loomis_0001.jpg,ok,0.7011
Mickey_Rooney_0001.jpg,ok,0.9552
Mickey_Sherman_0001.jpg,ok,0.0003
Micky_Arison_0001.jpg,ok,0.0036
Micky_Ward_0001.jpg,ok,0.6918
Miguel_Aldana_Ibarra_0001.jpg,ok,0.1117
Miguel_Angel_Rodriguez_0001.jpg,ok,0.0021
Miguel_Contreras_0001.jpg,ok,0.0197
Miguel_Contreras_0002.jpg,ok,0.6753
Miguel_Cotto_0001.jpg,ok,0.2744
Miguel_Estrada_0001.jpg,ok,0.0286
Miguel_Estrada_0002.jpg,ok,0.0172
Miguel_Hakim_0001.jpg,ok,0.4258
Miguel_Jimenez_0001.jpg,ok,0.8043
Miguel_Juarez_Perez_0001.jpg,ok,0.1922
Miguel_Rosseto_0001.jpg,ok,0.1569
Mika_Hakkinen_0001.jpg,ok,0.2716
Mike_Alden_0001.jpg,ok,0.3824
Mike_Babcock_0001.jpg,ok,0.0349
Mike_Babcock_0002.jpg,ok,0.3596
Mike_Bair_0001.jpg,ok,0.4032
Mike_Brey_0001.jpg,ok,0.8136
Mike_Brey_0002.jpg,ok,0.1026
Mike_Bryan_0001.jpg,ok,0.0007
Mike_Carona_0001.jpg,ok,0.6775
Mike_Cunning_0001.jpg,ok,0.7352
Mike_Davis_0001.jpg,ok,0.6404
Mike_Duke_0001.jpg,ok,0.9423
Mike_Easley_0001.jpg,ok,0.7498
Mike_Eskew_0001.jpg,ok,0.0142
Mike_Farrar_0001.jpg,ok,0.7989
Mike_Fisher_0001.jpg,ok,0.9110
Mike_Flanagan_0001.jpg,ok,0.2700
Mike_Gable_0001.jpg,ok,0.4632
Mike_Helton_0001.jpg,ok,0.0093
Mike_Helton_0002.jpg,ok,0.0136
Mike_Holmgren_0001.jpg,ok,0.0785
Mike_Holmgren_0002.jpg,ok,0.8098
Mike_Johanns_0001.jpg,ok,0.7702
Mike_Krzyzewski_0001.jpg,ok,0.7085
Mike_Krzyzewski_0002.jpg,ok,0.2309
Mike_Krzyzewski_0003.jpg,ok,0.0436
Mike_Krzyzewski_0004.jpg,ok,0.0326
Mike_Krzyzewski_0005.jpg,ok,0.3787
Mike_Krzyzewski_0006.jpg,ok,0.6589
Mike_Leach_0001.jpg,ok,0.1741
Mike_Maroth_0001.jpg,ok,0.4100
Mike_Martz_0001.jpg,ok,0.5022
Mike_Martz_0002.jpg,ok,0.9233
Mike_Martz_0003.jpg,ok,0.0085
Mike_Martz_0004.jpg,ok,0.2275
Mike_Martz_0005.jpg,ok,0.3076
Mike_Martz_0006.jpg,ok,0.0070
Mike_Martz_0007.jpg,ok,0.5272
Mike_Matheny_0001.jpg,ok,0.4372
Mike_Matthews_0001.jpg,ok,0.5967
Mike_Miller_0001.jpg,ok,0.5490
Mike_Miller_0002.jpg,ok,0.0024
Mike_Montgomery_0001.jpg,ok,0.0036
Mike_Montgomery_0002.jpg,ok,0.0710
Mike_Myers_0001.jpg,ok,0.2077
Mike_Myers_0002.jpg,ok,0.4042
Mike_Myers_0003.jpg,ok,0.1670
Mike_Myers_0004.jpg,ok,0.2012
Mike_Myers_0005.jpg,ok,0.0061
Mike_Myers_0006.jpg,ok,0.0070
Mike_Myers_0007.jpg,ok,0.6807
Mike_OConnell_0001.jpg,ok,0.8291
Mike_Price_0001.jpg,ok,0.0178
Mike_Price_0002.jpg,ok,0.0619
Mike_Richter_0001.jpg,ok,0.1830
Mike_Samp_0001.jpg,ok,0.4653
Mike_Scioscia_0001.jpg,ok,0.9171
Mike_Scioscia_0002.jpg,ok,0.2315
Mike_Sherman_0001.jpg,ok,0.6873
Mike_Slive_0001.jpg,ok,0.0433
Mike_Smith_0001.jpg,ok,0.5268
Mike_Stefanik_0001.jpg,ok,0.0049
Mike_Sweeney_0001.jpg,ok,0.8726
Mike_Szymanczyk_0001.jpg,ok,0.8459
Mike_Thibault_0001.jpg,ok,0.0153
Mike_Tice_0001.jpg,ok,0.3919
Mike_Tyson_0001.jpg,ok,0.2518
Mike_Tyson_0002.jpg,ok,0.7529
Mike_Tyson_0003.jpg,ok,0.1410
Mike_Tyson_0004.jpg,ok,0.4526
Mike_Webster_0001.jpg,ok,0.9015
Mike_Weir_0001.jpg,ok,0.5459
Mike_Weir_0002.jpg,ok,0.8630
Mike_Weir_0003.jpg,ok,0.6248
Mike_Weir_0004.jpg,ok,0.6386
Mike_Weir_0005.jpg,ok,0.5827
Mike_Weir_0006.jpg,ok,0.2222
Mike_Weir_0007.jpg,ok,0.8039
Mike_Weir_0008.jpg,ok,0.3153
Mike_Weir_0009.jpg,ok,0.2287
Mike_Weir_0010.jpg,ok,0.2419
Mike_Weir_0011.jpg,ok,0.2381
Mikhail_Gorbachev_0001.jpg,ok,0.0449
Mikhail_Gorbachev_0002.jpg,ok,0.0066
Mikhail_Kalashnikov_0001.jpg,ok,0.8022
Mikhail_Kasyanov_0001.jpg,ok,0.1027
Mikhail_Kasyanov_0002.jpg,ok,0.9079
Mikhail_Kasyanov_0003.jpg,ok,0.0464
Mikhail_Kasyanov_0004.jpg,ok,0.0241
Mikhail_Khodorkovsky_0001.jpg,ok,0.6966
Mikhail_Shvydkoi_0001.jpg,ok,0.5313
Mikhail_Wehbe_0001.jpg,ok,0.3359
Mikhail_Wehbe_0002.jpg,ok,0.4847
Mikhail_Wehbe_0003.jpg,ok,0.5681
Mikhail_Wehbe_0004.jpg,ok,0.5425
Mikhail_Youzhny_0001.jpg,ok,0.1938
Mikhail_Youzhny_0002.jpg,ok,0.0009
Mikhail_Youzhny_0003.jpg,ok,0.0007
Mikulas_Dzurinda_0001.jpg,ok,0.4031
Mikulas_Dzurinda_0002.jpg,ok,0.9358
Milan_Kucan_0001.jpg,ok,0.6162
Milan_Milutinovic_0001.jpg,ok,0.7046
Mile_Mrksic_0001.jpg,ok,0.9083
Miles_Stewart_0001.jpg,ok,0.0211
Millicent_Martin_0001.jpg,ok,0.5007
Milo_Djukanovic_0001.jpg,ok,0.6270
Milo_Djukanovic_0002.jpg,ok,0.2230
Milo_Djukanovic_0003.jpg,ok,0.3163
Milo_Maestrecampo_0001.jpg,ok,0.2124
Milo_Maestrecampo_0002.jpg,ok,0.3938
Milo_Maestrecampo_0003.jpg,ok,0.4851
Milt_Heflin_0001.jpg,ok,0.8290
Milt_Palacio_0001.jpg,ok,0.0279
Milton_Berle_0001.jpg,ok,0.2366
Milton_Wynants_0001.jpg,ok,0.4203
Minnie_Driver_0001.jpg,ok,0.0770
Minnie_Driver_0002.jpg,ok,0.0157
Minnie_Mendoza_0001.jpg,ok,0.4450
Mira_Sorvino_0001.jpg,ok,0.4308
Miranda_Gaddis_0001.jpg,ok,0.1149
Miranda_Otto_0001.jpg,ok,0.4510
Mireille_Jospin-Dandieu_0001.jpg,ok,0.6804
Mirela_Manjani_0001.jpg,ok,0.8410
Mireya_Elisa_Moscoso_Rodriguez_0001.jpg,ok,0.4023
Mireya_Moscoso_0001.jpg,ok,0.2472
Mireya_Moscoso_0002.jpg,ok,0.1004
Mireya_Moscoso_0003.jpg,ok,0.3481
Mireya_Moscoso_0004.jpg,ok,0.0556
Mireya_Moscoso_0005.jpg,ok,0.2708
Miroljub_0001.jpg,ok,0.8206
Miroljub_0002.jpg,ok,0.8672
Missy_Crider_0001.jpg,ok,0.6578
Misty_Dawn_Clymer_0001.jpg,ok,0.7204
Mitar_Rasevic_0001.jpg,ok,0.1898
Mitch_Kupchak_0001.jpg,ok,0.3593
Mitchell_Crooks_0001.jpg,ok,0.1596
Mitchell_Daniels_0001.jpg,ok,0.7074
Mitchell_Daniels_0002.jpg,ok,0.0511
Mitchell_Daniels_0003.jpg,ok,0.6780
Mitchell_Daniels_0004.jpg,ok,0.1787
Mitchell_Garabedian_0001.jpg,ok,0.8119
Mitchell_McLaughlin_0001.jpg,ok,0.5669
Mitchell_Potter_0001.jpg,ok,0.3313
Mitchell_Swartz_0001.jpg,ok,0.8359
Mitoji_Yabunaka_0001.jpg,ok,0.4119
Mitoji_Yabunaka_0002.jpg,ok,0.9592
Mitsou_Gelinas_0001.jpg,ok,0.5124
Mitt_Romney_0001.jpg,ok,0.0012
Mitzi_Gaynor_0001.jpg,ok,0.4369
Miyako_Miyazaki_0001.jpg,ok,0.4140
Miyako_Miyazaki_0002.jpg,ok,0.2138
Mladen_Naletilic_0001.jpg,ok,0.8203
Mo_Elleithee_0001.jpg,ok,0.1650
Moby_0001.jpg,ok,0.3740
Mohamed_Benaissa_0001.jpg,ok,0.3268
Mohamed_Benaissa_0002.jpg,ok,0.7041
Mohamed_ElBaradei_0001.jpg,ok,0.7999
Mohamed_ElBaradei_0002.jpg,ok,0.0344
Mohamed_ElBaradei_0003.jpg,ok,0.4796
Mohamed_ElBaradei_0004.jpg,ok,0.0006
Mohamed_ElBaradei_0005.jpg,ok,0.4945
Mohamed_ElBaradei_0006.jpg,ok,0.3379
Mohamed_ElBaradei_0007.jpg,ok,0.5979
Mohamed_ElBaradei_0008.jpg,ok,0.9548
Mohamed_Hammam_0001.jpg,ok,0.3208
Mohamed_Seineldin_0001.jpg,ok,0.4812
Mohammad_Aktar_0001.jpg,ok,0.4675
Mohammad_Al-Sharief_0001.jpg,ok,0.2056
Mohammad_Fares_0001.jpg,ok,0.5297
Mohammad_Hasanein_0001.jpg,ok,0.0058
Mohammad_Khatami_0001.jpg,ok,0.0058
Mohammad_Khatami_0002.jpg,ok,0.7727
Mohammad_Khatami_0003.jpg,ok,0.4641
Mohammad_Khatami_0004.jpg,ok,0.0051
Mohammad_Khatami_0005.jpg,ok,0.9820
Mohammad_Khatami_0006.jpg,ok,0.0247
Mohammad_Khatami_0007.jpg,ok,0.7577
Mohammad_Khatami_0008.jpg,ok,0.6888
Mohammad_Khatami_0009.jpg,ok,0.0815
Mohammad_Khatami_0010.jpg,ok,0.0719
Mohammad_Mustapha_Miro_0001.jpg,ok,0.7594
Mohammaed_Ahmad_Al_Jarallah_0001.jpg,ok,0.3010
Mohammed_Abu_Sharia_0001.jpg,ok,0.9990
Mohammed_Abulhasan_0001.jpg,ok,0.3146
Mohammed_Al-Douri_0001.jpg,ok,0.3431
Mohammed_Al-Douri_0002.jpg,ok,0.0042
Mohammed_Al-Douri_0003.jpg,ok,0.1163
Mohammed_Al-Douri_0004.jpg,ok,0.1084
Mohammed_Al-Douri_0005.jpg,ok,0.3966
Mohammed_Al-Douri_0006.jpg,ok,0.1617
Mohammed_Al-Douri_0007.jpg,ok,0.0086
Mohammed_Al-Douri_0008.jpg,ok,0.5581
Mohammed_Al-Douri_0009.jpg,ok,0.0065
Mohammed_Al-Douri_0010.jpg,ok,0.0703
Mohammed_Al-Douri_0011.jpg,ok,0.9702
Mohammed_Al-Douri_0012.jpg,ok,0.9311
Mohammed_Al-Douri_0013.jpg,ok,0.3456
Mohammed_Al-Douri_0014.jpg,ok,0.3002
Mohammed_Al-Douri_0015.jpg,ok,0.1231
Mohammed_Al_Hindi_0001.jpg,ok,0.3510
Mohammed_Ashraf_Hafiz_0001.jpg,ok,0.3451
Mohammed_Baqir_al-Hakim_0001.jpg,ok,0.2709
Mohammed_Baqir_al-Hakim_0002.jpg,ok,0.7133
Mohammed_Baqir_al-Hakim_0003.jpg,ok,0.2169
Mohammed_Dahlan_0001.jpg,ok,0.1545
Mohammed_Mehdi_Saleh_0001.jpg,ok,0.6882
Mohammed_Salmane_0001.jpg,ok,0.6969
Molly_Sims_0001.jpg,ok,0.2307
Momcilo_Perisic_0001.jpg,ok,0.4452
Momir_Nikolic_0001.jpg,ok,0.1672
Mona_Ayoub_0001.jpg,ok,0.0503
Mona_Locke_0001.jpg,ok,0.4389
Mona_Rishmawi_0001.jpg,ok,0.0414
Monica_Bellucci_0001.jpg,ok,0.5246
Monica_Bellucci_0002.jpg,ok,0.0763
Monica_Bellucci_0003.jpg,ok,0.0680
Monica_Bellucci_0004.jpg,ok,0.0180
Monica_Gabrielle_0001.jpg,ok,0.3986
Monica_Lewinsky_0001.jpg,ok,0.7353
Monica_Lewinsky_0002.jpg,ok,0.0207
Monica_Lewinsky_0003.jpg,ok,0.0138
Monica_Seles_0001.jpg,ok,0.3200
Monica_Seles_0002.jpg,ok,0.0133
Monica_Seles_0003.jpg,ok,0.1684
Monica_Seles_0004.jpg,ok,0.0873
Monica_Seles_0005.jpg,ok,0.1442
Monica_Seles_0006.jpg,ok,0.2862
Monica_Serra_0001.jpg,ok,0.0167
Monica_Vergara_0001.jpg,ok,0.9123
Monique_Ferreira_0001.jpg,ok,0.0263
Monique_Gagnon-Tremblay_0001.jpg,ok,0.6348
Monique_Garbrecht-Enfeldt_0001.jpg,ok,0.0004
Monique_Garbrecht-Enfeldt_0002.jpg,ok,0.5513
Monique_Garbrecht-Enfeldt_0003.jpg,ok,0.7163
Monte_Kiffin_0001.jpg,ok,0.8390
Moon-So-ri_0001.jpg,ok,0.1101
Morgan_Fairchild_0001.jpg,ok,0.8068
Morgan_Freeman_0001.jpg,ok,0.0302
Morgan_Freeman_0002.jpg,ok,0.5008
Morgan_Hentzen_0001.jpg,ok,0.8886
Morris_Dees_0001.jpg,ok,0.0980
Morris_Watts_0001.jpg,ok,0.2742
Moshe_Katsav_0001.jpg,ok,0.5036
Moshe_Katsav_0002.jpg,ok,0.4763
Moshe_Katsav_0003.jpg,ok,0.6413
Moshe_Katsav_0004.jpg,ok,0.9827
Mother_Teresa_0001.jpg,ok,0.6989
Ms_Dynamite_0001.jpg,ok,0.0074
Mstislav_Rostropovich_0001.jpg,ok,0.0021
Muammar_Gaddafi_0001.jpg,ok,0.2246
Muammar_Gaddafi_0002.jpg,ok,0.0677
Muffet_McGraw_0001.jpg,ok,0.0505
Mufti_Mohammad_Syed_0001.jpg,ok,0.8920
Muhammad_Ali_0001.jpg,ok,0.2547
Muhammad_Ali_0002.jpg,ok,0.4932
Muhammad_Ali_0003.jpg,ok,0.3149
Muhammad_Ali_0004.jpg,ok,0.6360
Muhammad_Ali_0005.jpg,ok,0.0903
Muhammad_Ali_0006.jpg,ok,0.6906
Muhammad_Ali_0007.jpg,ok,0.4638
Muhammad_Ali_0008.jpg,ok,0.1723
Muhammad_Ali_0009.jpg,ok,0.3374
Muhammad_Ali_0010.jpg,ok,0.8270
Muhammad_Ibrahim_Bilal_0001.jpg,ok,0.0050
Muhammad_Saeed_al-Sahhaf_0001.jpg,ok,0.0069
Muhammad_Saeed_al-Sahhaf_0002.jpg,ok,0.0632
Muhammad_Saeed_al-Sahhaf_0003.jpg,ok,0.4458
Muhammad_Saeed_al-Sahhaf_0004.jpg,ok,0.6597
Muhammad_Saeed_al-Sahhaf_0005.jpg,ok,0.2416
Mukesh_Ambani_0001.jpg,ok,0.1357
Mukesh_Ambani_0002.jpg,ok,0.0474
Mukesh_Ambani_0003.jpg,ok,0.0468
Mukhtar_Alytnbayev_0001.jpg,ok,0.5269
Munir_Akram_0001.jpg,ok,0.1060
Munir_Akram_0002.jpg,ok,0.1666
Muwafak_al-Ani_0001.jpg,ok,0.1597
Myung_Yang_0001.jpg,ok,0.0197
Na_Na_Keum_0001.jpg,ok,0.9215
Nabil_Shaath_0001.jpg,ok,0.7418
Nabil_Shaath_0002.jpg,ok,0.8561
Nabil_Shaath_0003.jpg,ok,0.0319
Nadia_Forte_0001.jpg,ok,0.2065
Nadia_Petrova_0001.jpg,ok,0.0772
Nadia_Petrova_0002.jpg,ok,0.5345
Nadia_Petrova_0003.jpg,ok,0.0039
Nadia_Petrova_0004.jpg,ok,0.0366
Nadia_Petrova_0005.jpg,ok,0.0101
Nadine_Vinzens_0001.jpg,ok,0.0327
Nadine_Vinzens_0002.jpg,ok,0.2397
Naji_Sabri_0001.jpg,ok,0.0578
Naji_Sabri_0002.jpg,ok,0.5850
Naji_Sabri_0003.jpg,ok,0.0049
Naji_Sabri_0004.jpg,ok,0.8523
Naji_Sabri_0005.jpg,ok,0.0474
Naji_Sabri_0006.jpg,ok,0.7390
Naji_Sabri_0007.jpg,ok,0.3570
Naji_Sabri_0008.jpg,ok,0.4161
Najib_al-Salhi_0001.jpg,ok,0.8784
Namuddu_Florence_0001.jpg,ok,0.8025
Nan_Wang_0001.jpg,ok,0.4250
Nan_Wang_0002.jpg,ok,0.3008
Nan_Wang_0003.jpg,ok,0.6263
Nan_Wang_0004.jpg,ok,0.1826
Nancy_Demme_0001.jpg,ok,0.9937
Nancy_Demme_0002.jpg,ok,0.1689
Nancy_Greenlaw_0001.jpg,ok,0.3113
Nancy_Humbert_0001.jpg,ok,0.4120
Nancy_Kerrigan_0001.jpg,ok,0.0587
Nancy_Pelosi_0001.jpg,ok,0.1845
Nancy_Pelosi_0002.jpg,ok,0.7743
Nancy_Pelosi_0003.jpg,ok,0.0173
Nancy_Pelosi_0004.jpg,ok,0.0200
Nancy_Pelosi_0005.jpg,ok,0.0167
Nancy_Pelosi_0006.jpg,ok,0.0571
Nancy_Pelosi_0007.jpg,ok,0.5066
Nancy_Pelosi_0008.jpg,ok,0.6902
Nancy_Pelosi_0009.jpg,ok,0.1561
Nancy_Pelosi_0010.jpg,ok,0.0595
Nancy_Pelosi_0011.jpg,ok,0.2014
Nancy_Pelosi_0012.jpg,ok,0.0396
Nancy_Pelosi_0013.jpg,ok,0.3581
Nancy_Pelosi_0014.jpg,ok,0.3416
Nancy_Pelosi_0015.jpg,ok,0.2097
Nancy_Powell_0001.jpg,ok,0.1005
Nancy_Reagan_0001.jpg,ok,0.7678
Nancy_Reagan_0002.jpg,ok,0.8430
Nancy_Sinatra_0001.jpg,ok,0.8897
Nancy_Sinatra_0002.jpg,ok,0.2875
Nancy_Smith_0001.jpg,ok,0.2427
Nanni_Moretti_0001.jpg,ok,0.5351
Nanni_Moretti_0002.jpg,ok,0.4788
Naomi_Bronstein_0001.jpg,ok,0.6278
Naomi_Campbell_0001.jpg,ok,0.0168
Naomi_Campbell_0002.jpg,ok,0.0228
Naomi_Hayashi_0001.jpg,ok,0.7591
Naomi_Watts_0001.jpg,ok,0.9019
Naomi_Watts_0002.jpg,ok,0.6505
Naomi_Watts_0003.jpg,ok,0.9384
Naomi_Watts_0004.jpg,ok,0.6696
Naomi_Watts_0005.jpg,ok,0.3592
Naomi_Watts_0006.jpg,ok,0.1671
Naomi_Watts_0007.jpg,ok,0.0085
Naomi_Watts_0008.jpg,ok,0.3696
Naomi_Watts_0009.jpg,ok,0.0215
Naomi_Watts_0010.jpg,ok,0.2911
Naomi_Watts_0011.jpg,ok,0.2422
Naomi_Watts_0012.jpg,ok,0.3657
Naomi_Watts_0013.jpg,ok,0.5015
Naomi_Watts_0014.jpg,ok,0.2591
Naomi_Watts_0015.jpg,ok,0.1523
Naomi_Watts_0016.jpg,ok,0.7347
Naomi_Watts_0017.jpg,ok,0.1024
Naomi_Watts_0018.jpg,ok,0.1093
Naomi_Watts_0019.jpg,ok,0.2920
Naomi_Watts_0020.jpg,ok,0.2232
Naomi_Watts_0021.jpg,ok,0.4961
Naomi_Watts_0022.jpg,ok,0.6259
Naoto_Kan_0001.jpg,ok,0.0505
Naoto_Kan_0002.jpg,ok,0.0569
Naoto_Kan_0003.jpg,ok,0.0156
Naoto_Kan_0004.jpg,ok,0.0336
Narayan_Singh_Pun_0001.jpg,ok,0.8766
Narendra_Modi_0001.jpg,ok,0.9719
Nasser_al-Kidwa_0001.jpg,ok,0.5710
Nasser_al-Kidwa_0002.jpg,ok,0.1718
Nastassia_Kinski_0001.jpg,ok,0.5696
Nastassia_Kinski_0002.jpg,ok,0.6031
Nastia_Liukin_0001.jpg,ok,0.6758
Natalia_Dmitrieva_0001.jpg,ok,0.1003
Natalia_Motuziuk_0001.jpg,ok,0.1756
Natalia_Verbeke_0001.jpg,ok,0.5458
Natalia_Vodonova_0001.jpg,ok,0.2633
Natalie_Cole_0001.jpg,ok,0.0100
Natalie_Cole_0002.jpg,ok,0.1254
Natalie_Cole_0003.jpg,ok,0.0111
Natalie_Coughlin_0001.jpg,ok,0.4910
Natalie_Coughlin_0002.jpg,ok,0.4873
Natalie_Coughlin_0003.jpg,ok,0.7924
Natalie_Coughlin_0004.jpg,ok,0.2618
Natalie_Coughlin_0005.jpg,ok,0.6371
Natalie_Coughlin_0006.jpg,ok,0.3202
Natalie_Imbruglia_0001.jpg,ok,0.1819
Natalie_Juniardi_0001.jpg,ok,0.8862
Natalie_Maines_0001.jpg,ok,0.4614
Natalie_Maines_0002.jpg,ok,0.3835
Natalie_Maines_0003.jpg,ok,0.4254
Natalie_Maines_0004.jpg,ok,0.1588
Natalie_Maines_0005.jpg,ok,0.0380
Natalie_Stewart_0001.jpg,ok,0.7983
Natalie_Williams_0001.jpg,ok,0.3019
Natalya_Sazanovich_0001.jpg,ok,0.6117
Natanaela_Barnova_0001.jpg,ok,0.2955
Natasa_Micic_0001.jpg,ok,0.1711
Natasha_Henstridge_0001.jpg,ok,0.2439
Natasha_Lyonne_0001.jpg,ok,0.6995
Natasha_McElhone_0001.jpg,ok,0.9256
Natasha_McElhone_0002.jpg,ok,0.0265
Natasha_McElhone_0003.jpg,ok,0.7180
Nate_Blackwell_0001.jpg,ok,0.2752
Nate_Huffman_0001.jpg,ok,0.0044
Nate_Hybl_0001.jpg,ok,0.4715
Nathalia_Gillot_0001.jpg,ok,0.0279
Nathalie_Baye_0001.jpg,ok,0.5296
Nathalie_Baye_0002.jpg,ok,0.5170
Nathalie_Baye_0003.jpg,ok,0.3158
Nathalie_Baye_0004.jpg,ok,0.2232
Nathalie_Dechy_0001.jpg,ok,0.0044
Nathalie_Gagnon_0001.jpg,ok,0.3790
Nathan_Doudney_0001.jpg,ok,0.4331
Nathan_Lane_0001.jpg,ok,0.5139
Nathan_Lane_0002.jpg,ok,0.0076
Nathan_Powell_0001.jpg,ok,0.9947
Nathan_Smith_0001.jpg,ok,0.4446
Nathirah_Hussein_0001.jpg,ok,0.4912
Nawabzada_Nasrullah_Khan_0001.jpg,ok,0.9891
Nebojsa_Pavkovic_0001.jpg,ok,0.9672
Nebojsa_Pavkovic_0002.jpg,ok,0.3143
Neil_Goldman_0001.jpg,ok,0.4165
Neil_Moritz_0001.jpg,ok,0.4420
Nelson_Acosta_0001.jpg,ok,0.5082
Nelson_Mandela_0001.jpg,ok,0.3536
Nelson_Mandela_0002.jpg,ok,0.0143
Nelson_Mandela_0003.jpg,ok,0.9035
Nelson_Mandela_0004.jpg,ok,0.6188
Nelson_Shanks_0001.jpg,ok,0.4552
Neri_Marcore_0001.jpg,ok,0.4447
Neri_Marcore_0002.jpg,ok,0.8983
Nestor_Gonzalez_0001.jpg,ok,0.8570
Nestor_Kirchner_0001.jpg,ok,0.5150
Nestor_Kirchner_0002.jpg,ok,0.0008
Nestor_Kirchner_0003.jpg,ok,0.4695
Nestor_Kirchner_0004.jpg,ok,0.2385
Nestor_Kirchner_0005.jpg,ok,0.1021
Nestor_Kirchner_0006.jpg,ok,0.9701
Nestor_Kirchner_0007.jpg,ok,0.2703
Nestor_Kirchner_0008.jpg,ok,0.2937
Nestor_Kirchner_0009.jpg,ok,0.9197
Nestor_Kirchner_0010.jpg,ok,0.0091
Nestor_Kirchner_0011.jpg,ok,0.1856
Nestor_Kirchner_0012.jpg,ok,0.4714
Nestor_Kirchner_0013.jpg,ok,0.9264
Nestor_Kirchner_0014.jpg,ok,0.0883
Nestor_Kirchner_0015.jpg,ok,0.3743
Nestor_Kirchner_0016.jpg,ok,0.5508
Nestor_Kirchner_0017.jpg,ok,0.5132
Nestor_Kirchner_0018.jpg,ok,0.9449
Nestor_Kirchner_0019.jpg,ok,0.8254
Nestor_Kirchner_0020.jpg,ok,0.5624
Nestor_Kirchner_0021.jpg,ok,0.5143
Nestor_Kirchner_0022.jpg,ok,0.3507
Nestor_Kirchner_0023.jpg,ok,0.0202
Nestor_Kirchner_0024.jpg,ok,0.6420
Nestor_Kirchner_0025.jpg,ok,0.0428
Nestor_Kirchner_0026.jpg,ok,0.5064
Nestor_Kirchner_0027.jpg,ok,0.0003
Nestor_Kirchner_0028.jpg,ok,0.7505
Nestor_Kirchner_0029.jpg,ok,0.1156
Nestor_Kirchner_0030.jpg,ok,0.0385
Nestor_Kirchner_0031.jpg,ok,0.1898
Nestor_Kirchner_0032.jpg,ok,0.0737
Nestor_Kirchner_0033.jpg,ok,0.5670
Nestor_Kirchner_0034.jpg,ok,0.0023
Nestor_Kirchner_0035.jpg,ok,0.3071
Nestor_Kirchner_0036.jpg,ok,0.5534
Nestor_Kirchner_0037.jpg,ok,0.3095
Nestor_Santillan_0001.jpg,ok,0.1316
Newt_Gingrich_0001.jpg,ok,0.0338
Newton_Carlton_Slawson_0001.jpg,ok,0.0224
Nia_Vardalos_0001.jpg,ok,0.1554
Nia_Vardalos_0002.jpg,ok,0.0897
Nia_Vardalos_0003.jpg,ok,0.0062
Nia_Vardalos_0004.jpg,ok,0.7165
Nia_Vardalos_0005.jpg,ok,0.0254
Niall_Connolly_0001.jpg,ok,0.3740
Nicanor_Duarte_Frutos_0001.jpg,ok,0.6999
Nicanor_Duarte_Frutos_0002.jpg,ok,0.0286
Nicanor_Duarte_Frutos_0003.jpg,ok,0.1969
Nicanor_Duarte_Frutos_0004.jpg,ok,0.6794
Nicanor_Duarte_Frutos_0005.jpg,ok,0.1368
Nicanor_Duarte_Frutos_0006.jpg,ok,0.4637
Nicanor_Duarte_Frutos_0007.jpg,ok,0.5343
Nicanor_Duarte_Frutos_0008.jpg,ok,0.0787
Nicanor_Duarte_Frutos_0009.jpg,ok,0.2377
Nicanor_Duarte_Frutos_0010.jpg,ok,0.0572
Nicanor_Duarte_Frutos_0011.jpg,ok,0.0049
Nicholas_Byron_0001.jpg,ok,0.7833
Nicholas_Byron_0002.jpg,ok,0.9966
Nicholas_Tse_0001.jpg,ok,0.0207
Nicholas_Tse_0002.jpg,ok,0.0597
Nicholoas_DiMarzio_0001.jpg,ok,0.9121
Nick_Cassavetes_0001.jpg,ok,0.7506
Nick_Markakis_0001.jpg,ok,0.6458
Nick_Nolte_0001.jpg,ok,0.1153
Nick_Nolte_0002.jpg,ok,0.7246
Nick_Nolte_0003.jpg,ok,0.5502
Nick_Nolte_0004.jpg,ok,0.9741
Nick_Nolte_0005.jpg,ok,0.3287
Nick_Price_0001.jpg,ok,0.7431
Nick_Rahall_0001.jpg,ok,0.8752
Nick_Reilly_0001.jpg,ok,0.0037
Nick_Rimando_0001.jpg,ok,0.3727
Nick_Turner_0001.jpg,ok,0.0408
Nicklas_Lidstrom_0001.jpg,ok,0.6428
Nicola_Bono_0001.jpg,ok,0.2211
Nicola_Wells_0001.jpg,ok,0.0611
Nicolas_Cage_0001.jpg,ok,0.1560
Nicolas_Cage_0002.jpg,ok,0.8266
Nicolas_Cage_0003.jpg,ok,0.0020
Nicolas_Cage_0004.jpg,ok,0.6319
Nicolas_Escude_0001.jpg,ok,0.1142
Nicolas_Escude_0002.jpg,ok,0.1725
Nicolas_Eyzaguirre_0001.jpg,ok,0.3924
Nicolas_Kiefer_0001.jpg,ok,0.0091
Nicolas_Lapentti_0001.jpg,ok,0.0407
Nicolas_Lapentti_0002.jpg,ok,0.0078
Nicolas_Latorre_0001.jpg,ok,0.6270
Nicolas_Macrozonaris_0001.jpg,ok,0.0388
Nicolas_Massu_0001.jpg,ok,0.0487
Nicolas_Sarkozy_0001.jpg,ok,0.1391
Nicole_0001.jpg,ok,0.9112
Nicole_Hiltz_0001.jpg,ok,0.2828
Nicole_Kidman_0001.jpg,ok,0.9747
Nicole_Kidman_0002.jpg,ok,0.8413
Nicole_Kidman_0003.jpg,ok,0.2763
Nicole_Kidman_0004.jpg,ok,0.5150
Nicole_Kidman_0005.jpg,ok,0.7440
Nicole_Kidman_0006.jpg,ok,0.0255
Nicole_Kidman_0007.jpg,ok,0.0060
Nicole_Kidman_0008.jpg,ok,0.9017
Nicole_Kidman_0009.jpg,ok,0.7936
Nicole_Kidman_0010.jpg,ok,0.0151
Nicole_Kidman_0011.jpg,ok,0.5590
Nicole_Kidman_0012.jpg,ok,0.8716
Nicole_Kidman_0013.jpg,ok,0.6178
Nicole_Kidman_0014.jpg,ok,0.9452
Nicole_Kidman_0015.jpg,ok,0.4476
Nicole_Kidman_0016.jpg,ok,0.0013
Nicole_Kidman_0017.jpg,ok,0.4210
Nicole_Kidman_0018.jpg,ok,0.2180
Nicole_Kidman_0019.jpg,ok,0.1411
Nicole_Parker_0001.jpg,ok,0.0202
Nicoletta_Braschi_0001.jpg,ok,0.0082
Nida_Blanca_0001.jpg,ok,0.0253
Nigel_Redden_0001.jpg,ok,0.8111
Nikki_Cascone_0001.jpg,ok,0.1348
Nikki_McKibbin_0001.jpg,ok,0.2539
Nikki_Reed_0001.jpg,ok,0.3069
Nikki_Reed_0002.jpg,ok,0.2233
Nikki_Teasley_0001.jpg,ok,0.3070
Nikolay_Davydenko_0001.jpg,ok,0.0162
Nila_Ferran_0001.jpg,ok,0.7057
Nina_Jacobson_0001.jpg,ok,0.4813
Nina_Pecari_0001.jpg,ok,0.1584
Nino_DAngelo_0001.jpg,ok,0.8783
Nizar_Trabelsi_0001.jpg,ok,0.0114
Noah_Wyle_0001.jpg,ok,0.9036
Noah_Wyle_0002.jpg,ok,0.1127
Noah_Wyle_0003.jpg,ok,0.0093
Nobuyuki_Idei_0001.jpg,ok,0.7969
Noel_Forgeard_0001.jpg,ok,0.8269
Noel_Niell_0001.jpg,ok,0.6816
Noelle_Bush_0001.jpg,ok,0.2618
Noelle_Bush_0002.jpg,ok,0.7671
Noelle_Bush_0003.jpg,ok,0.0205
Noelle_Bush_0004.jpg,ok,0.0491
Noer_Moeis_0001.jpg,ok,0.4402
Noer_Muis_0001.jpg,ok,0.3213
Nona_Gaye_0001.jpg,ok,0.1530
Nong_Duc_Manh_0001.jpg,ok,0.8397
Noor_Mohammed_0001.jpg,ok,0.7238
Nora_Bendijo_0001.jpg,ok,0.2379
Nora_Bendijo_0002.jpg,ok,0.5872
Nora_Ephron_0001.jpg,ok,0.9756
Norah_Jones_0001.jpg,ok,0.0674
Norah_Jones_0002.jpg,ok,0.0447
Norah_Jones_0003.jpg,ok,0.2080
Norah_Jones_0004.jpg,ok,0.0128
Norah_Jones_0005.jpg,ok,0.4677
Norah_Jones_0006.jpg,ok,0.1816
Norah_Jones_0007.jpg,ok,0.0023
Norah_Jones_0008.jpg,ok,0.1013
Norah_Jones_0009.jpg,ok,0.1130
Norah_Jones_0010.jpg,ok,0.0044
Norah_Jones_0011.jpg,ok,0.0109
Norah_Jones_0012.jpg,ok,0.2525
Norah_Jones_0013.jpg,ok,0.2959
Norah_Jones_0014.jpg,ok,0.2576
Norah_Jones_0015.jpg,ok,0.0172
Norbert_van_Heyst_0001.jpg,ok,0.9332
Norio_Ohga_0001.jpg,ok,0.1512
Norm_Coleman_0001.jpg,ok,0.1338
Norm_Coleman_0002.jpg,ok,0.0044
Norm_Coleman_0003.jpg,ok,0.0815
Norm_Coleman_0004.jpg,ok,0.4151
Norm_Coleman_0005.jpg,ok,0.6054
Norm_Coleman_0006.jpg,ok,0.0270
Norm_Coleman_0007.jpg,ok,0.2444
Norm_Macdonald_0001.jpg,ok,0.6749
Norman_Jewison_0001.jpg,ok,0.0440
Norman_Jewison_0002.jpg,ok,0.1355
Norman_Mailer_0001.jpg,ok,0.9640
Norman_Mineta_0001.jpg,ok,0.1454
Normand_Legault_0001.jpg,ok,0.7319
Norodom_Chakrapong_0001.jpg,ok,0.7603
Norodom_Sihanouk_0001.jpg,ok,0.0697
Norodom_Sihanouk_0002.jpg,ok,0.7464
Norodom_Sihanouk_0003.jpg,ok,0.7597
Nova_Esther_Guthrie_0001.jpg,ok,0.9155
Nuon_Chea_0001.jpg,ok,0.0741
Nur_Jaafar_0001.jpg,ok,0.1897
Nursultan_Nazarbayev_0001.jpg,ok,0.5945
Nursultan_Nazarbayev_0002.jpg,ok,0.6310
OJ_Simpson_0001.jpg,ok,0.0449
OJ_Simpson_0002.jpg,ok,0.9991
Octavio_Lara_0001.jpg,ok,0.3503
Odai_Hussein_0001.jpg,ok,0.7794
Odilia_Collazo_0001.jpg,ok,0.0494
Oleg_Romantsev_0001.jpg,ok,0.8463
Oleksandr_Moroz_0001.jpg,ok,0.2067
Oleksandr_Moroz_0002.jpg,ok,0.7336
Olene_Walker_0001.jpg,ok,0.6536
Olesya_Bonabarenko_0001.jpg,ok,0.4389
Olesya_Bonabarenko_0002.jpg,ok,0.0014
Oliver_Neuville_0001.jpg,ok,0.0448
Oliver_Phelps_0001.jpg,ok,0.4603
Oliver_Stone_0001.jpg,ok,0.9111
Olivera_Labus_0001.jpg,ok,0.3163
Olivia_Newton-John_0001.jpg,ok,0.8910
Olivia_Newton-John_0002.jpg,ok,0.7479
Olivier_Boulay_0001.jpg,ok,0.5407
Olivier_Rochus_0001.jpg,ok,0.2209
Olympia_Dukakis_0001.jpg,ok,0.9642
Omar_Khan_Sharif_0001.jpg,ok,0.9837
Omar_Sharif_0001.jpg,ok,0.7489
Omar_Sharif_0002.jpg,ok,0.2100
Omar_Sharif_0003.jpg,ok,0.3403
Omar_Sharif_0004.jpg,ok,0.4912
Omar_Vizquel_0001.jpg,ok,0.0151
Omar_el-Heib_0001.jpg,ok,0.5041
Ontario_Lett_0001.jpg,ok,0.4103
Oprah_Winfrey_0001.jpg,ok,0.1644
Oprah_Winfrey_0002.jpg,ok,0.0518
Oprah_Winfrey_0003.jpg,ok,0.1980
Oprah_Winfrey_0004.jpg,ok,0.2310
Oracene_Williams_0001.jpg,ok,0.5015
Orlando_Bloom_0001.jpg,ok,0.0770
Orlando_Bloom_0002.jpg,ok,0.6168
Orlando_Bloom_0003.jpg,ok,0.0189
Ornella_Muti_0001.jpg,ok,0.0117
Orrin_Hatch_0001.jpg,ok,0.6752
Orrin_Hatch_0002.jpg,ok,0.0019
Osama_Al_Baz_0001.jpg,ok,0.4789
Osama_bin_Laden_0001.jpg,ok,0.1368
Osama_bin_Laden_0002.jpg,ok,0.2451
Osama_bin_Laden_0003.jpg,ok,0.5047
Osama_bin_Laden_0004.jpg,ok,0.1231
Oscar_Bolanos_0001.jpg,ok,0.1908
Oscar_DLeon_0001.jpg,ok,0.3669
Oscar_De_La_Hoya_0001.jpg,ok,0.1092
Oscar_De_La_Hoya_0002.jpg,ok,0.0024
Oscar_De_La_Hoya_0003.jpg,ok,0.4254
Oscar_De_La_Hoya_0004.jpg,ok,0.0084
Oscar_De_La_Hoya_0005.jpg,ok,0.0913
Oscar_De_La_Hoya_0006.jpg,ok,0.1720
Oscar_De_La_Hoya_0007.jpg,ok,0.0236
Oscar_Elias_Biscet_0001.jpg,ok,0.2585
Oscar_Elias_Biscet_0002.jpg,ok,0.0788
Oscar_de_la_Renta_0001.jpg,ok,0.5230
Osmond_Smith_0001.jpg,ok,0.6913
Osrat_Iosef_0001.jpg,ok,0.7766
Oswald_Gruebel_0001.jpg,ok,0.0406
Oswaldo_Paya_0001.jpg,ok,0.1017
Oswaldo_Paya_0002.jpg,ok,0.5052
Oswaldo_Paya_0003.jpg,ok,0.2610
Oswaldo_Paya_0004.jpg,ok,0.1237
Oswaldo_Paya_0005.jpg,ok,0.0793
Otto_Reich_0001.jpg,ok,0.8010
Otto_Schily_0001.jpg,ok,0.7448
Owen_Nolan_0001.jpg,ok,0.0673
Owen_Wilson_0001.jpg,ok,0.1798
Owen_Wilson_0002.jpg,ok,0.4548
Oxana_Fedorova_0001.jpg,ok,0.1361
Oxana_Fedorova_0002.jpg,ok,0.4827
Oxana_Fedorova_0003.jpg,ok,0.0094
Oxana_Fedorova_0004.jpg,ok,0.9965
Ozzie_Smith_0001.jpg,ok,0.0306
Ozzy_Osbourne_0001.jpg,ok,0.0664
Ozzy_Osbourne_0002.jpg,ok,0.3609
Ozzy_Osbourne_0003.jpg,ok,0.1405
Pa_Kou_Hang_0001.jpg,ok,0.0095
Pablo_Khulental_0001.jpg,ok,0.3386
Pablo_Latras_0001.jpg,ok,0.6404
Paddy_Long_0001.jpg,ok,0.3567
Paddy_Torsney_0001.jpg,ok,0.4108
Padraig_Harrington_0001.jpg,ok,0.1667
Padraig_Harrington_0002.jpg,ok,0.2739
Padraig_Harrington_0003.jpg,ok,0.3528
Padraig_Harrington_0004.jpg,ok,0.5697
Paek_Nam_Sun_0001.jpg,ok,0.3936
Paige_Fitzgerald_0001.jpg,ok,0.5440
Pak_Gil_Yon_0001.jpg,ok,0.0017
Pamela_Anderson_0001.jpg,ok,0.4090
Pamela_Anderson_0002.jpg,ok,0.9522
Pamela_Anderson_0003.jpg,ok,0.2667
Pamela_Anderson_0004.jpg,ok,0.3159
Pamela_Anderson_0005.jpg,ok,0.3501
Pamela_Melroy_0001.jpg,ok,0.0712
Paola_Espinoza_0001.jpg,ok,0.5501
Paradorn_Srichaphan_0001.jpg,ok,0.1789
Paradorn_Srichaphan_0002.jpg,ok,0.0444
Paradorn_Srichaphan_0003.jpg,ok,0.0943
Paradorn_Srichaphan_0004.jpg,ok,0.3799
Paradorn_Srichaphan_0005.jpg,ok,0.2051
Paradorn_Srichaphan_0006.jpg,ok,0.0140
Paradorn_Srichaphan_0007.jpg,ok,0.0696
Paradorn_Srichaphan_0008.jpg,ok,0.3282
Paradorn_Srichaphan_0009.jpg,ok,0.5101
Paradorn_Srichaphan_0010.jpg,ok,0.1573
Paris_Hilton_0001.jpg,ok,0.5785
Paris_Hilton_0002.jpg,ok,0.6702
Park_Jie-won_0001.jpg,ok,0.1005
Park_Jung_Sung_0001.jpg,ok,0.1633
Park_Na-kyong_0001.jpg,ok,0.5730
Parris_Glendening_0001.jpg,ok,0.4816
Parris_Glendening_0002.jpg,ok,0.8307
Parthiv_Patel_0001.jpg,ok,0.3272
Pascal_Affi_Nguessan_0001.jpg,ok,0.0796
Pascal_Lamy_0001.jpg,ok,0.8353
Pascal_Lamy_0002.jpg,ok,0.3996
Pascal_Quignard_0001.jpg,ok,0.0419
Pascal_Quignard_0002.jpg,ok,0.1389
Pascal_Quignard_0003.jpg,ok,0.8913
Pascal_Rheaume_0001.jpg,ok,0.4284
Pat_Burns_0001.jpg,ok,0.3201
Pat_Burns_0002.jpg,ok,0.4053
Pat_Cox_0001.jpg,ok,0.0582
Pat_Cox_0002.jpg,ok,0.9669
Pat_DAmuro_0001.jpg,ok,0.0301
Pat_Riley_0001.jpg,ok,0.4217
Pat_Rochester_0001.jpg,ok,0.5195
Pat_Summerall_0001.jpg,ok,0.0715
Pat_Summitt_0001.jpg,ok,0.1558
Pat_Wharton_0001.jpg,ok,0.2480
Patrice_Chereau_0001.jpg,ok,0.9960
Patrice_Chereau_0002.jpg,ok,0.1919
Patricia_Clarkson_0001.jpg,ok,0.9903
Patricia_Clarkson_0002.jpg,ok,0.4106
Patricia_Clarkson_0003.jpg,ok,0.8922
Patricia_Clarkson_0004.jpg,ok,0.5325
Patricia_Garone_0001.jpg,ok,0.0042
Patricia_Hearst_0001.jpg,ok,0.3427
Patricia_Heaton_0001.jpg,ok,0.0040
Patricia_Heaton_0002.jpg,ok,0.0532
Patricia_Johnson_0001.jpg,ok,0.9852
Patricia_Medina_0001.jpg,ok,0.9823
Patricia_Phillips_0001.jpg,ok,0.2163
Patricia_Russo_0001.jpg,ok,0.2007
Patricia_Wartusch_0001.jpg,ok,0.2396
Patrick_Bourrat_0001.jpg,ok,0.3969
Patrick_Clawsen_0001.jpg,ok,0.0119
Patrick_Coleman_0001.jpg,ok,0.1328
Patrick_Dennehy_0001.jpg,ok,0.9983
Patrick_Eaves_0001.jpg,ok,0.0054
Patrick_Ewing_0001.jpg,ok,0.3387
Patrick_Ewing_0002.jpg,ok,0.0080
Patrick_Kron_0001.jpg,ok,0.5835
Patrick_Leahy_0001.jpg,ok,0.4885
Patrick_Leahy_0002.jpg,ok,0.9982
Patrick_McEnroe_0001.jpg,ok,0.0934
Patrick_McEnroe_0002.jpg,ok,0.4416
Patrick_Rafter_0001.jpg,ok,0.3627
Patrick_Roy_0001.jpg,ok,0.8704
Patrick_Roy_0002.jpg,ok,0.2552
Patrick_Stewart_0001.jpg,ok,0.7144
Patrick_Stewart_0002.jpg,ok,0.6817
Patrik_Kristiansson_0001.jpg,ok,0.0188
Patsy_Hardy_0001.jpg,ok,0.3877
Patsy_Kensit_0001.jpg,ok,0.0294
Patsy_Mink_0001.jpg,ok,0.9679
Patti_Balgojevich_0001.jpg,ok,0.4474
Patti_Labelle_0001.jpg,ok,0.1235
Patti_Labelle_0002.jpg,ok,0.0191
Patti_Labelle_0003.jpg,ok,0.0559
Patti_Lank_0001.jpg,ok,0.5746
Patti_Smith_0001.jpg,ok,0.4837
Patty_Duke_0001.jpg,ok,0.8912
Patty_Schnyder_0001.jpg,ok,0.2609
Patty_Schnyder_0002.jpg,ok,0.2830
Patty_Schnyder_0003.jpg,ok,0.5989
Patty_Schnyder_0004.jpg,ok,0.1097
Patty_Sheehan_0001.jpg,ok,0.0165
Paul-Henri_Mathieu_0001.jpg,ok,0.5172
Paul-Henri_Mathieu_0002.jpg,ok,0.1842
Paul-Henri_Mathieu_0003.jpg,ok,0.7499
Paul_Bettany_0001.jpg,ok,0.9796
Paul_Brandt_0001.jpg,ok,0.2946
Paul_Bremer_0001.jpg,ok,0.1124
Paul_Bremer_0002.jpg,ok,0.3122
Paul_Bremer_0003.jpg,ok,0.4413
Paul_Bremer_0004.jpg,ok,0.2359
Paul_Bremer_0005.jpg,ok,0.0062
Paul_Bremer_0006.jpg,ok,0.2047
Paul_Bremer_0007.jpg,ok,0.1380
Paul_Bremer_0008.jpg,ok,0.3576
Paul_Bremer_0009.jpg,ok,0.4173
Paul_Bremer_0010.jpg,ok,0.7705
Paul_Bremer_0011.jpg,ok,0.1692
Paul_Bremer_0012.jpg,ok,0.2615
Paul_Bremer_0013.jpg,ok,0.4156
Paul_Bremer_0014.jpg,ok,0.2253
Paul_Bremer_0015.jpg,ok,0.4405
Paul_Bremer_0016.jpg,ok,0.2385
Paul_Bremer_0017.jpg,ok,0.4242
Paul_Bremer_0018.jpg,ok,0.1689
Paul_Bremer_0019.jpg,ok,0.7636
Paul_Bremer_0020.jpg,ok,0.4363
Paul_Burrell_0001.jpg,ok,0.7442
Paul_Burrell_0002.jpg,ok,0.9758
Paul_Burrell_0003.jpg,ok,0.4000
Paul_Burrell_0004.jpg,ok,0.3663
Paul_Burrell_0005.jpg,ok,0.6559
Paul_Burrell_0006.jpg,ok,0.5942
Paul_Burrell_0007.jpg,ok,0.0288
Paul_Burrell_0008.jpg,ok,0.5902
Paul_Burrell_0009.jpg,ok,0.2055
Paul_Burrell_0010.jpg,ok,0.7235
Paul_Burrell_0011.jpg,ok,0.3125
Paul_Byrd_0001.jpg,ok,0.0415
Paul_Byrd_0002.jpg,ok,0.5945
Paul_Celluci_0001.jpg,ok,0.8549
Paul_Cerjan_0001.jpg,ok,0.1905
Paul_Clark_0001.jpg,ok,0.3005
Paul_Coppin_0001.jpg,ok,0.0054
Paul_Coppin_0002.jpg,ok,0.0240
Paul_Crake_0001.jpg,ok,0.9195
Paul_Desmarais_0001.jpg,ok,0.7089
Paul_Ebert_0001.jpg,ok,0.5424
Paul_Farley_0001.jpg,ok,0.0437
Paul_Gannon_0001.jpg,ok,0.4476
Paul_Gascoigne_0001.jpg,ok,0.7690
Paul_Gascoigne_0002.jpg,ok,0.5212
Paul_Gascoigne_0003.jpg,ok,0.9634
Paul_Greengrass_0001.jpg,ok,0.5745
Paul_Henderson_0001.jpg,ok,0.2035
Paul_Hogan_0001.jpg,ok,0.6941
Paul_Hogan_0002.jpg,ok,0.4675
Paul_Johnson_0001.jpg,ok,0.6133
Paul_Kagame_0001.jpg,ok,0.0507
Paul_Kagame_0002.jpg,ok,0.1689
Paul_Kariya_0001.jpg,ok,0.0916
Paul_Kelleher_0001.jpg,ok,0.7910
Paul_Krueger_0001.jpg,ok,0.0585
Paul_LeClerc_0001.jpg,ok,0.7039
Paul_Li_Calsi_0001.jpg,ok,0.0017
Paul_Lo_Duca_0001.jpg,ok,0.0208
Paul_Lockhart_0001.jpg,ok,0.3137
Paul_Luvera_0001.jpg,ok,0.0422
Paul_Martin_0001.jpg,ok,0.9785
Paul_Martin_0002.jpg,ok,0.9594
Paul_Martin_0003.jpg,ok,0.5679
Paul_Martin_0004.jpg,ok,0.2131
Paul_Martin_0005.jpg,ok,0.9475
Paul_Martin_0006.jpg,ok,0.3190
Paul_Martin_0007.jpg,ok,0.5603
Paul_Martin_0008.jpg,ok,0.8095
Paul_McCartney_0001.jpg,ok,0.1056
Paul_McCartney_0002.jpg,ok,0.3840
Paul_McCartney_0003.jpg,ok,0.5447
Paul_McCartney_0004.jpg,ok,0.5984
Paul_McCartney_0005.jpg,ok,0.5814
Paul_McCartney_0006.jpg,ok,0.1783
Paul_McCartney_0007.jpg,ok,0.3889
Paul_McNulty_0001.jpg,ok,0.4558
Paul_McNulty_0002.jpg,ok,0.9856
Paul_Michael_Daniels_0001.jpg,ok,0.5289
Paul_Murphy_0001.jpg,ok,0.6988
Paul_Newman_0001.jpg,ok,0.3695
Paul_ONeill_0001.jpg,ok,0.0975
Paul_ONeill_0002.jpg,ok,0.1024
Paul_ONeill_0003.jpg,ok,0.5058
Paul_ONeill_0004.jpg,ok,0.4213
Paul_ONeill_0005.jpg,ok,0.7805
Paul_ONeill_0006.jpg,ok,0.7719
Paul_ONeill_0007.jpg,ok,0.8448
Paul_ONeill_0008.jpg,ok,0.9617
Paul_ONeill_0009.jpg,ok,0.3325
Paul_Otellini_0001.jpg,ok,0.0011
Paul_Patton_0001.jpg,ok,0.9028
Paul_Patton_0002.jpg,ok,0.0022
Paul_Pierce_0001.jpg,ok,0.3171
Paul_Pierce_0002.jpg,ok,0.7394
Paul_Reiser_0001.jpg,ok,0.6151
Paul_Sarbanes_0001.jpg,ok,0.7573
Paul_Sarbanes_0002.jpg,ok,0.6863
Paul_Sarbanes_0003.jpg,ok,0.0618
Paul_Schrader_0001.jpg,ok,0.2250
Paul_Shanley_0001.jpg,ok,0.7293
Paul_Shanley_0002.jpg,ok,0.1933
Paul_Shanley_0003.jpg,ok,0.9211
Paul_Tagliabue_0001.jpg,ok,0.4804
Paul_Tagliabue_0002.jpg,ok,0.0690
Paul_Tagliabue_0003.jpg,ok,0.2480
Paul_Tagliabue_0004.jpg,ok,0.0026
Paul_Tracy_0001.jpg,ok,0.7372
Paul_Vathis_0001.jpg,ok,0.9966
Paul_Walker_0001.jpg,ok,0.3746
Paul_Wals_0001.jpg,ok,0.7415
Paul_Wellstone_0001.jpg,ok,0.0673
Paul_Wellstone_0002.jpg,ok,0.0817
Paul_Wellstone_0003.jpg,ok,0.1401
Paul_William_Hurley_0001.jpg,ok,0.8352
Paul_William_Hurley_0002.jpg,ok,0.3111
Paul_Wilson_0001.jpg,ok,0.0170
Paul_Wolfowitz_0001.jpg,ok,0.0928
Paul_Wolfowitz_0002.jpg,ok,0.0913
Paul_Wolfowitz_0003.jpg,ok,0.5103
Paul_Wolfowitz_0004.jpg,ok,0.7080
Paul_Wolfowitz_0005.jpg,ok,0.9924
Paul_Wolfowitz_0006.jpg,ok,0.3883
Paul_Wolfowitz_0007.jpg,ok,0.6472
Paul_Wolfowitz_0008.jpg,ok,0.2693
Paul_Wolfowitz_0009.jpg,ok,0.7089
Paul_Wolfowitz_0010.jpg,ok,0.2654
Paul_Wollnough_0001.jpg,ok,0.5413
Paula_Abdul_0001.jpg,ok,0.0113
Paula_Dobriansky_0001.jpg,ok,0.9619
Paula_Locke_0001.jpg,ok,0.9875
Paula_Prentiss_0001.jpg,ok,0.9683
Paula_Radcliffe_0001.jpg,ok,0.8182
Paula_Radcliffe_0002.jpg,ok,0.7908
Paula_Radcliffe_0003.jpg,ok,0.8867
Paula_Radcliffe_0004.jpg,ok,0.9107
Paula_Radcliffe_0005.jpg,ok,0.7219
Paula_Radcliffe_0006.jpg,ok,0.2551
Paula_Zahn_0001.jpg,ok,0.8110
Paula_Zahn_0002.jpg,ok,0.1599
Pauley_Perrette_0001.jpg,ok,0.0092
Paulie_Ayala_0001.jpg,ok,0.3993
Paulina_Rodriguez_Davila_0001.jpg,ok,0.9870
Pauline_Landers_0001.jpg,ok,0.0928
Pauline_Phillips_0001.jpg,ok,0.9195
Paulo_Cesar_Pinheiro_0001.jpg,ok,0.7418
Paulo_Cesar_Pinheiro_0002.jpg,ok,0.3230
Pedro_Almodovar_0001.jpg,ok,0.2812
Pedro_Almodovar_0002.jpg,ok,0.1004
Pedro_Almodovar_0003.jpg,ok,0.8930
Pedro_Almodovar_0004.jpg,ok,0.1970
Pedro_Almodovar_0005.jpg,ok,0.5430
Pedro_Almodovar_0006.jpg,ok,0.9869
Pedro_Almodovar_0007.jpg,ok,0.0548
Pedro_Alvarez_0001.jpg,ok,0.8095
Pedro_Duque_0001.jpg,ok,0.3111
Pedro_Mahecha_0001.jpg,ok,0.2798
Pedro_Malan_0001.jpg,ok,0.1242
Pedro_Malan_0002.jpg,ok,0.2976
Pedro_Malan_0003.jpg,ok,0.1507
Pedro_Malan_0004.jpg,ok,0.0078
Pedro_Malan_0005.jpg,ok,0.1614
Pedro_Martinez_0001.jpg,ok,0.0261
Pedro_Pauleta_0001.jpg,ok,0.0015
Pedro_Solbes_0001.jpg,ok,0.1625
Pedro_Solbes_0002.jpg,ok,0.1817
Pedro_Solbes_0003.jpg,ok,0.0863
Pedro_Solbes_0004.jpg,ok,0.0113
Pedro_Velasquez_0001.jpg,ok,0.8622
Peggy_McGuinness_0001.jpg,ok,0.9666
Pele_0001.jpg,ok,0.0716
Penelope_Ann_Miller_0001.jpg,ok,0.3367
Penelope_Ann_Miller_0002.jpg,ok,0.4472
Penelope_Cruz_0001.jpg,ok,0.9928
Penelope_Cruz_0002.jpg,ok,0.5087
Penelope_Cruz_0003.jpg,ok,0.2475
Penelope_Taylor_0001.jpg,ok,0.7420
Penny_Dupuie_0001.jpg,ok,0.5977
Penny_Lancaster_0001.jpg,ok,0.2951
Percy_Gibson_0001.jpg,ok,0.0729
Peri_Gilpin_0001.jpg,ok,0.5332
Pernilla_Bjorn_0001.jpg,ok,0.6219
Perri_Shaw_0001.jpg,ok,0.8823
Perry_Compton_0001.jpg,ok,0.9462
Perry_Farrell_0001.jpg,ok,0.0690
Perry_Gibbs_0001.jpg,ok,0.0506
Pervez_Musharraf_0001.jpg,ok,0.6630
Pervez_Musharraf_0002.jpg,ok,0.1594
Pervez_Musharraf_0003.jpg,ok,0.6803
Pervez_Musharraf_0004.jpg,ok,0.7277
Pervez_Musharraf_0005.jpg,ok,0.9983
Pervez_Musharraf_0006.jpg,ok,0.8722
Pervez_Musharraf_0007.jpg,ok,0.0858
Pervez_Musharraf_0008.jpg,ok,0.2085
Pervez_Musharraf_0009.jpg,ok,0.8700
Pervez_Musharraf_0010.jpg,ok,0.1854
Pervez_Musharraf_0011.jpg,ok,0.0500
Pervez_Musharraf_0012.jpg,ok,0.0432
Pervez_Musharraf_0013.jpg,ok,0.6634
Pervez_Musharraf_0014.jpg,ok,0.9680
Pervez_Musharraf_0015.jpg,ok,0.1089
Pervez_Musharraf_0016.jpg,ok,0.8341
Pervez_Musharraf_0017.jpg,ok,0.4046
Pervez_Musharraf_0018.jpg,ok,0.0502
Pete_Aldridge_0001.jpg,ok,0.2831
Pete_Beaudrault_0001.jpg,ok,0.5622
Pete_Carroll_0001.jpg,ok,0.2091
Pete_Carroll_0002.jpg,ok,0.9139
Pete_Carroll_0003.jpg,ok,0.1266
Pete_Gillen_0001.jpg,ok,0.1612
Pete_Rose_0001.jpg,ok,0.8061
Pete_Rose_0002.jpg,ok,0.4000
Pete_Sampras_0001.jpg,ok,0.1887
Pete_Sampras_0002.jpg,ok,0.2398
Pete_Sampras_0003.jpg,ok,0.2477
Pete_Sampras_0004.jpg,ok,0.4198
Pete_Sampras_0005.jpg,ok,0.0846
Pete_Sampras_0006.jpg,ok,0.2634
Pete_Sampras_0007.jpg,ok,0.0094
Pete_Sampras_0008.jpg,ok,0.4655
Pete_Sampras_0009.jpg,ok,0.0026
Pete_Sampras_0010.jpg,ok,0.2008
Pete_Sampras_0011.jpg,ok,0.3591
Pete_Sampras_0012.jpg,ok,0.0490
Pete_Sampras_0013.jpg,ok,0.0686
Pete_Sampras_0014.jpg,ok,0.0168
Pete_Sampras_0015.jpg,ok,0.2061
Pete_Sampras_0016.jpg,ok,0.0544
Pete_Sampras_0017.jpg,ok,0.7381
Pete_Sampras_0018.jpg,ok,0.1909
Pete_Sampras_0019.jpg,ok,0.0129
Pete_Sampras_0020.jpg,ok,0.0501
Pete_Sampras_0021.jpg,ok,0.0403
Pete_Sampras_0022.jpg,ok,0.0394
Peter_Ahearn_0001.jpg,ok,0.0873
Peter_Albertsen_0001.jpg,ok,0.1241
Peter_Arnett_0001.jpg,ok,0.0546
Peter_Arnett_0002.jpg,ok,0.8312
Peter_Arnett_0003.jpg,ok,0.1408
Peter_Bacanovic_0001.jpg,ok,0.7374
Peter_Bacanovic_0002.jpg,ok,0.0508
Peter_Camejo_0001.jpg,ok,0.8802
Peter_Care_0001.jpg,ok,0.3567
Peter_Caruana_0001.jpg,ok,0.6065
Peter_Chan_0001.jpg,ok,0.0496
Peter_Costello_0001.jpg,ok,0.2382
Peter_Costello_0002.jpg,ok,0.5546
Peter_Fisher_0001.jpg,ok,0.6367
Peter_Fitzgerald_0001.jpg,ok,0.0167
Peter_Fonda_0001.jpg,ok,0.2204
Peter_Gabriel_0001.jpg,ok,0.0218
Peter_Gilmour_0001.jpg,ok,0.2697
Peter_Goldmark_0001.jpg,ok,0.3007
Peter_Greenaway_0001.jpg,ok,0.3453
Peter_Greenaway_0002.jpg,ok,0.5014
Peter_Greenspun_0001.jpg,ok,0.9087
Peter_Harrison_0001.jpg,ok,0.1013
Peter_Harrison_0002.jpg,ok,0.0166
Peter_Hartz_0001.jpg,ok,0.4392
Peter_Harvey_0001.jpg,ok,0.0059
Peter_Hillary_0001.jpg,ok,0.0229
Peter_Hillary_0002.jpg,ok,0.8757
Peter_Hollingworth_0001.jpg,ok,0.1659
Peter_Holmberg_0001.jpg,ok,0.2445
Peter_Hunt_0001.jpg,ok,0.9502
Peter_Lundgren_0001.jpg,ok,0.3447
Peter_Mackay_0001.jpg,ok,0.4808
Peter_Mansbridge_0001.jpg,ok,0.0501
Peter_Max_0001.jpg,ok,0.6969
Peter_Medgyessy_0001.jpg,ok,0.2440
Peter_Mugyeni_0001.jpg,ok,0.7148
Peter_Mullan_0001.jpg,ok,0.1223
Peter_OToole_0001.jpg,ok,0.1089
Peter_Rasch_0001.jpg,ok,0.9292
Peter_Rasmussen_0001.jpg,ok,0.8188
Peter_Schultz_0001.jpg,ok,0.5413
Peter_Sejna_0001.jpg,ok,0.2924
Peter_Shaw_0001.jpg,ok,0.8615
Peter_Struck_0001.jpg,ok,0.6203
Peter_Struck_0002.jpg,ok,0.0782
Peter_Struck_0003.jpg,ok,0.7610
Peter_Struck_0004.jpg,ok,0.9826
Peter_Struck_0005.jpg,ok,0.0467
Peter_Ueberroth_0001.jpg,ok,0.0585
Petria_Thomas_0001.jpg,ok,0.3053
Petria_Thomas_0002.jpg,ok,0.9745
Petria_Thomas_0003.jpg,ok,0.2653
Petro_Symonenko_0001.jpg,ok,0.2390
Petro_Symonenko_0002.jpg,ok,0.0140
Pham_Sy_Chien_0001.jpg,ok,0.0582
Pham_Thi_Mai_Phuong_0001.jpg,ok,0.8782
Phan_Van_Khai_0001.jpg,ok,0.4239
Phan_Van_Khai_0002.jpg,ok,0.0217
Phan_Van_Khai_0003.jpg,ok,0.3573
Pharrell_Williams_0001.jpg,ok,0.0922
Phil_Bennett_0001.jpg,ok,0.0024
Phil_Bredesen_0001.jpg,ok,0.3654
Phil_Cline_0001.jpg,ok,0.7502
Phil_Cullen_0001.jpg,ok,0.3218
Phil_Donahue_0001.jpg,ok,0.4300
Phil_Gramm_0001.jpg,ok,0.0008
Phil_Gramm_0002.jpg,ok,0.9686
Phil_Jackson_0001.jpg,ok,0.3192
Phil_Johnson_0001.jpg,ok,0.0063
Phil_McGraw_0001.jpg,ok,0.0174
Phil_Mickelson_0001.jpg,ok,0.4276
Phil_Mickelson_0002.jpg,ok,0.4806
Phil_Morris_0001.jpg,ok,0.4800
Phil_Vassar_0001.jpg,ok,0.2286
Phil_Vassar_0002.jpg,ok,0.0232
Philip_Cummings_0001.jpg,ok,0.0416
Philip_Murtaugh_0001.jpg,ok,0.8380
Philip_Zalewski_0001.jpg,ok,0.5396
Philippe_Gagnon_0001.jpg,ok,0.6587
Philippe_Noiret_0001.jpg,ok,0.0051
Philippe_Noiret_0002.jpg,ok,0.4308
Phillip_Fulmer_0001.jpg,ok,0.5399
Phillip_Seymor_Hoffmann_0001.jpg,ok,0.1046
Phillipe_Comtois_0001.jpg,ok,0.1062
Phillips_Idowu_0001.jpg,ok,0.8157
Phoenix_Chang_0001.jpg,ok,0.1038
Picabo_Street_0001.jpg,ok,0.8573
Pier_Ferdinando_Casini_0001.jpg,ok,0.1340
Pierce_Brosnan_0001.jpg,ok,0.0055
Pierce_Brosnan_0002.jpg,ok,0.2213
Pierce_Brosnan_0003.jpg,ok,0.5609
Pierce_Brosnan_0004.jpg,ok,0.1213
Pierce_Brosnan_0005.jpg,ok,0.6749
Pierce_Brosnan_0006.jpg,ok,0.5813
Pierce_Brosnan_0007.jpg,ok,0.8235
Pierce_Brosnan_0008.jpg,ok,0.4941
Pierce_Brosnan_0009.jpg,ok,0.4000
Pierce_Brosnan_0010.jpg,ok,0.8517
Pierce_Brosnan_0011.jpg,ok,0.3737
Pierce_Brosnan_0012.jpg,ok,0.9950
Pierce_Brosnan_0013.jpg,ok,0.7193
Pierce_Brosnan_0014.jpg,ok,0.3891
Pierce_Brosnan_0015.jpg,ok,0.3280
Pierre_Boulanger_0001.jpg,ok,0.0497
Pierre_Boulanger_0002.jpg,ok,0.0083
Pierre_Gagnon_0001.jpg,ok,0.1978
Pierre_Lacroix_0001.jpg,ok,0.0490
Pierre_Pettigrew_0001.jpg,ok,0.3679
Pierre_Pettigrew_0002.jpg,ok,0.8029
Pierre_Pettigrew_0003.jpg,ok,0.8552
Pierre_Png_0001.jpg,ok,0.0050
Pierre_Van_Hooijdonk_0001.jpg,ok,0.1435
Piers_Sellers_0001.jpg,ok,0.0028
Pieter_Bouw_0001.jpg,ok,0.8242
Pilar_Montenegro_0001.jpg,ok,0.0305
Pinar_del_Rio_0001.jpg,ok,0.0089
Pio_Laghi_0001.jpg,ok,0.7358
Piotr_Anderszewski_0001.jpg,ok,0.4468
Placido_Domingo_0001.jpg,ok,0.4066
Placido_Domingo_0002.jpg,ok,0.4027
Placido_Domingo_0003.jpg,ok,0.9031
Platon_Lebedev_0001.jpg,ok,0.1821
Poala_Suarez_0001.jpg,ok,0.0008
Polona_Bas_0001.jpg,ok,0.9888
Porter_Goss_0001.jpg,ok,0.5342
Portia_de_Rossi_0001.jpg,ok,0.9654
Prakash_Hinduja_0001.jpg,ok,0.0058
Prem_Kumar_Nair_0001.jpg,ok,0.2603
Prince_Charles_0001.jpg,ok,0.0572
Prince_Charles_0002.jpg,ok,0.9033
Prince_Charles_0003.jpg,ok,0.0722
Prince_Charles_0004.jpg,ok,0.1871
Prince_Charles_0005.jpg,ok,0.0028
Prince_Claus_0001.jpg,ok,0.3827
Prince_Claus_0002.jpg,ok,0.5734
Prince_Claus_0003.jpg,ok,0.0019
Prince_Claus_0004.jpg,ok,0.9856
Prince_Edward_0001.jpg,ok,0.2882
Prince_Edward_0002.jpg,ok,0.7667
Prince_Felipe_0001.jpg,ok,0.8666
Prince_Harry_0001.jpg,ok,0.5254
Prince_Harry_0002.jpg,ok,0.4227
Prince_Harry_0003.jpg,ok,0.9660
Prince_Naruhito_0001.jpg,ok,0.7443
Prince_Naruhito_0002.jpg,ok,0.4714
Prince_Naruhito_0003.jpg,ok,0.3548
Prince_Philippe_0001.jpg,ok,0.0651
Prince_Rainier_III_0001.jpg,ok,0.6243
Prince_Willem-Alexander_0001.jpg,ok,0.4477
Prince_Willem-Alexander_0002.jpg,ok,0.6262
Prince_Willem-Alexander_0003.jpg,ok,0.5584
Prince_William_0001.jpg,ok,0.6948
Prince_William_0002.jpg,ok,0.3943
Princess_Aiko_0001.jpg,ok,0.6730
Princess_Aiko_0002.jpg,ok,0.1609
Princess_Anne_0001.jpg,ok,0.2047
Princess_Anne_0002.jpg,ok,0.7194
Princess_Caroline_0001.jpg,ok,0.0393
Princess_Caroline_0002.jpg,ok,0.2069
Princess_Caroline_0003.jpg,ok,0.1196
Princess_Caroline_0004.jpg,ok,0.0394
Princess_Caroline_0005.jpg,ok,0.2049
Princess_Diana_0001.jpg,ok,0.0083
Princess_Elisabeth_0001.jpg,ok,0.8227
Princess_Elisabeth_0002.jpg,ok,0.9656
Princess_Hisako_0001.jpg,ok,0.0356
Princess_Masako_0001.jpg,ok,0.0047
Princess_Masako_0002.jpg,ok,0.0600
Princess_Maxima_0001.jpg,ok,0.2674
Princess_Stephanie_0001.jpg,ok,0.2837
Princess_Victoria_0001.jpg,ok,0.7886
Pringe_Ernst_August_0001.jpg,ok,0.0353
Priscilla_Owen_0001.jpg,ok,0.6610
Priscilla_Owen_0002.jpg,ok,0.2793
Priscilla_Presley_0001.jpg,ok,0.0506
Priscilla_Presley_0002.jpg,ok,0.8770
Priyanka_Chopra_0001.jpg,ok,0.0809
Prospero_Pichay_0001.jpg,ok,0.1288
Pupi_Avati_0001.jpg,ok,0.6936
Pupi_Avati_0002.jpg,ok,0.4079
Pupi_Avati_0003.jpg,ok,0.2874
Pupi_Avati_0004.jpg,ok,0.2621
Pyar_Jung_Thapa_0001.jpg,ok,0.2175
Qais_al-Kazali_0001.jpg,ok,0.3933
Qazi_Afzal_0001.jpg,ok,0.2384
Qazi_Hussain_Ahmed_0001.jpg,ok,0.3412
Qian_Qichen_0001.jpg,ok,0.4769
Queen_Beatrix_0001.jpg,ok,0.3346
Queen_Beatrix_0002.jpg,ok,0.3105
Queen_Beatrix_0003.jpg,ok,0.3623
Queen_Beatrix_0004.jpg,ok,0.9899
Queen_Elizabeth_II_0001.jpg,ok,0.2228
Queen_Elizabeth_II_0002.jpg,ok,0.4212
Queen_Elizabeth_II_0003.jpg,ok,0.2922
Queen_Elizabeth_II_0004.jpg,ok,0.5279
Queen_Elizabeth_II_0005.jpg,ok,0.8857
Queen_Elizabeth_II_0006.jpg,ok,0.8612
Queen_Elizabeth_II_0007.jpg,ok,0.5265
Queen_Elizabeth_II_0008.jpg,ok,0.0755
Queen_Elizabeth_II_0009.jpg,ok,0.3089
Queen_Elizabeth_II_0010.jpg,ok,0.7674
Queen_Elizabeth_II_0011.jpg,ok,0.4669
Queen_Elizabeth_II_0012.jpg,ok,0.2794
Queen_Elizabeth_II_0013.jpg,ok,0.5500
Queen_Latifah_0001.jpg,ok,0.2427
Queen_Latifah_0002.jpg,ok,0.0217
Queen_Latifah_0003.jpg,ok,0.1013
Queen_Latifah_0004.jpg,ok,0.2055
Queen_Noor_0001.jpg,ok,0.8725
Queen_Rania_0001.jpg,ok,0.4295
Queen_Rania_0002.jpg,ok,0.6370
Queen_Rania_0003.jpg,ok,0.0518
Queen_Rania_0004.jpg,ok,0.2764
Queen_Rania_0005.jpg,ok,0.0459
Queen_Silvia_0001.jpg,ok,0.1500
Queen_Sofia_0001.jpg,ok,0.4551
Quin_Snyder_0001.jpg,ok,0.0269
Quincy_Jones_0001.jpg,ok,0.3560
Qusai_Hussein_0001.jpg,ok,0.0420
Raaf_Schefter_0001.jpg,ok,0.1605
Raag_Singhal_0001.jpg,ok,0.0080
Rachel_Corrie_0001.jpg,ok,0.7009
Rachel_Griffiths_0001.jpg,ok,0.2555
Rachel_Griffiths_0002.jpg,ok,0.0360
Rachel_Griffiths_0003.jpg,ok,0.1794
Rachel_Hunter_0001.jpg,ok,0.5765
Rachel_Hunter_0002.jpg,ok,0.4448
Rachel_Hunter_0003.jpg,ok,0.1830
Rachel_Hunter_0004.jpg,ok,0.7872
Rachel_Kempson_0001.jpg,ok,0.9758
Rachel_Leigh_Cook_0001.jpg,ok,0.6685
Rachel_Roy_0001.jpg,ok,0.0399
Rachel_Wadsworth_0001.jpg,ok,0.0058
Rachel_Wheatley_0001.jpg,ok,0.1410
Radovan_Karadzic_0001.jpg,ok,0.2562
Raf_Vallone_0001.jpg,ok,0.4168
Rafael_Bielsa_0001.jpg,ok,0.0021
Rafael_Ramirez_0001.jpg,ok,0.2039
Rafael_Ramirez_0002.jpg,ok,0.8119
Rafael_Ramirez_0003.jpg,ok,0.8762
Rafael_Ramirez_0004.jpg,ok,0.0066
Rafael_Vinoly_0001.jpg,ok,0.5695
Rafeeuddin_Ahmed_0001.jpg,ok,0.9300
Rafidah_Aziz_0001.jpg,ok,0.3304
Rafiq_Hariri_0001.jpg,ok,0.7382
Raghad_Saddam_Hussein_0001.jpg,ok,0.4563
Raghad_Saddam_Hussein_0002.jpg,ok,0.1462
Rahul_Dravid_0001.jpg,ok,0.0530
Rainer_Geulen_0001.jpg,ok,0.0291
Rainer_Gut_0001.jpg,ok,0.0004
Rainer_Schuettler_0001.jpg,ok,0.8656
Rainer_Schuettler_0002.jpg,ok,0.0039
Rainer_Schuettler_0003.jpg,ok,0.5953
Rainer_Schuettler_0004.jpg,ok,0.5889
Rainer_Schuettler_0005.jpg,ok,0.9305
Raja_Ibrahim_0001.jpg,ok,0.0463
Raja_Qureshi_0001.jpg,ok,0.9172
Raja_Ramani_0001.jpg,ok,0.1018
Raja_Zafar-ul-Haq_0001.jpg,ok,0.3905
Ralf_Schumacher_0001.jpg,ok,0.0900
Ralf_Schumacher_0002.jpg,ok,0.1243
Ralf_Schumacher_0003.jpg,ok,0.5474
Ralf_Schumacher_0004.jpg,ok,0.9839
Ralf_Schumacher_0005.jpg,ok,0.9029
Ralf_Schumacher_0006.jpg,ok,0.5759
Ralf_Schumacher_0007.jpg,ok,0.5413
Ralf_Schumacher_0008.jpg,ok,0.0513
Ralph_Fiennes_0001.jpg,ok,0.9732
Ralph_Firman_0001.jpg,ok,0.4926
Ralph_Firman_0002.jpg,ok,0.5640
Ralph_Friedgen_0001.jpg,ok,0.9942
Ralph_Goodale_0001.jpg,ok,0.8903
Ralph_Klein_0001.jpg,ok,0.9516
Ralph_Klein_0002.jpg,ok,0.2059
Ralph_Lauren_0001.jpg,ok,0.3076
Ralph_Lauren_0002.jpg,ok,0.0024
Ralph_Nader_0001.jpg,ok,0.1653
Ralph_Sampson_0001.jpg,ok,0.6310
Ramiro_Goben_Reducindo_0001.jpg,ok,0.1894
Ramon_Cardenas_0001.jpg,ok,0.3625
Ramon_Delgado_0001.jpg,ok,0.0517
Ramon_Ponce_de_Leon_0001.jpg,ok,0.1888
Ramon_Santana_0001.jpg,ok,0.0142
Ramona_Rispton_0001.jpg,ok,0.8350
Rand_Beers_0001.jpg,ok,0.4389
Rand_Miller_0001.jpg,ok,0.4580
Randall_Terry_0001.jpg,ok,0.1581
Randall_Tobias_0001.jpg,ok,0.4179
Randy_Brown_0001.jpg,ok,0.8582
Randy_Dryer_0001.jpg,ok,0.8536
Randy_Ferbey_0001.jpg,ok,0.4985
Randy_Jackson_0001.jpg,ok,0.3459
Randy_Johnson_0001.jpg,ok,0.0987
Randy_Travis_0001.jpg,ok,0.0030
Rani_Mukherjee_0001.jpg,ok,0.0889
Ranil_Wickremasinghe_0001.jpg,ok,0.4847
Ranil_Wickremasinghe_0002.jpg,ok,0.3838
Ranil_Wickremasinghe_0003.jpg,ok,0.1809
Raoul_Ruiz_0001.jpg,ok,0.9818
Raoul_Ruiz_0002.jpg,ok,0.7714
Raoul_Ruiz_0003.jpg,ok,0.5397
Raoul_Ruiz_0004.jpg,ok,0.7283
Raquel_Welch_0001.jpg,ok,0.7659
Raquel_Welch_0002.jpg,ok,0.7240
Rashid_Qureshi_0001.jpg,ok,0.0390
Ratna_Sari_Dewi_Sukarno_0001.jpg,ok,0.7327
Raul_Castaneda_0001.jpg,ok,0.9363
Raul_Chacon_0001.jpg,ok,0.7653
Raul_Cubas_0001.jpg,ok,0.3081
Raul_Gonzalez_0001.jpg,ok,0.0620
Raul_Ibanez_0001.jpg,ok,0.3556
Raul_Mondesi_0001.jpg,ok,0.4863
Raul_Rivero_0001.jpg,ok,0.0186
Ravan_AG_Farhadi_0001.jpg,ok,0.2856
Ray_Allen_0001.jpg,ok,0.7250
Ray_Allen_0002.jpg,ok,0.0143
Ray_Allen_0003.jpg,ok,0.0240
Ray_Bradbury_0001.jpg,ok,0.1192
Ray_Evernham_0001.jpg,ok,0.8141
Ray_Halbritter_0001.jpg,ok,0.0993
Ray_Lewis_0001.jpg,ok,0.0230
Ray_Liotta_0001.jpg,ok,0.6439
Ray_Lucas_0001.jpg,ok,0.2973
Ray_Morrough_0001.jpg,ok,0.6637
Ray_Nagin_0001.jpg,ok,0.1973
Ray_Nagin_0002.jpg,ok,0.1218
Ray_Price_0001.jpg,ok,0.1849
Ray_Romano_0001.jpg,ok,0.0473
Ray_Romano_0002.jpg,ok,0.3083
Ray_Romano_0003.jpg,ok,0.1597
Ray_Romano_0004.jpg,ok,0.0280
Ray_Romano_0005.jpg,ok,0.1511
Ray_Romano_0006.jpg,ok,0.2452
Ray_Romano_0007.jpg,ok,0.0395
Ray_Romano_0008.jpg,ok,0.5254
Ray_Romano_0009.jpg,ok,0.0324
Ray_Sherman_0001.jpg,ok,0.5827
Ray_Wasden_0001.jpg,ok,0.0007
Ray_Young_0001.jpg,ok,0.7206
Raymond_Arthurs_0001.jpg,ok,0.2915
Raymond_Odierno_0001.jpg,ok,0.5916
Raymond_Odierno_0002.jpg,ok,0.9175
Raza_Rabbani_0001.jpg,ok,0.1738
Razali_Ismail_0001.jpg,ok,0.0695
Rebecca_Romijn-Stamos_0001.jpg,ok,0.8070
Rebecca_Romijn-Stamos_0002.jpg,ok,0.4317
Rebecca_Romijn-Stamos_0003.jpg,ok,0.7579
Rebecca_Romijn-Stamos_0004.jpg,ok,0.5642
Rebekah_Chantay_Revels_0001.jpg,ok,0.1122
Rebekah_Chantay_Revels_0002.jpg,ok,0.4775
Rebekah_Chantay_Revels_0003.jpg,ok,0.5923
Rebekah_Chantay_Revels_0004.jpg,ok,0.2326
Recep_Tayyip_Erdogan_0001.jpg,ok,0.5979
Recep_Tayyip_Erdogan_0002.jpg,ok,0.5524
Recep_Tayyip_Erdogan_0003.jpg,ok,0.8960
Recep_Tayyip_Erdogan_0004.jpg,ok,0.4358
Recep_Tayyip_Erdogan_0005.jpg,ok,0.0547
Recep_Tayyip_Erdogan_0006.jpg,ok,0.4264
Recep_Tayyip_Erdogan_0007.jpg,ok,0.3175
Recep_Tayyip_Erdogan_0008.jpg,ok,0.1946
Recep_Tayyip_Erdogan_0009.jpg,ok,0.5681
Recep_Tayyip_Erdogan_0010.jpg,ok,0.0052
Recep_Tayyip_Erdogan_0011.jpg,ok,0.0562
Recep_Tayyip_Erdogan_0012.jpg,ok,0.6478
Recep_Tayyip_Erdogan_0013.jpg,ok,0.0128
Recep_Tayyip_Erdogan_0014.jpg,ok,0.6415
Recep_Tayyip_Erdogan_0015.jpg,ok,0.6774
Recep_Tayyip_Erdogan_0016.jpg,ok,0.3455
Recep_Tayyip_Erdogan_0017.jpg,ok,0.4796
Recep_Tayyip_Erdogan_0018.jpg,ok,0.1855
Recep_Tayyip_Erdogan_0019.jpg,ok,0.0468
Recep_Tayyip_Erdogan_0020.jpg,ok,0.1768
Recep_Tayyip_Erdogan_0021.jpg,ok,0.0885
Recep_Tayyip_Erdogan_0022.jpg,ok,0.1999
Recep_Tayyip_Erdogan_0023.jpg,ok,0.9762
Recep_Tayyip_Erdogan_0024.jpg,ok,0.0011
Recep_Tayyip_Erdogan_0025.jpg,ok,0.4183
Recep_Tayyip_Erdogan_0026.jpg,ok,0.4205
Recep_Tayyip_Erdogan_0027.jpg,ok,0.0874
Recep_Tayyip_Erdogan_0028.jpg,ok,0.5916
Recep_Tayyip_Erdogan_0029.jpg,ok,0.0458
Recep_Tayyip_Erdogan_0030.jpg,ok,0.5070
Red_Auerbach_0001.jpg,ok,0.0249
Reese_Witherspoon_0001.jpg,ok,0.9840
Reese_Witherspoon_0002.jpg,ok,0.9740
Reese_Witherspoon_0003.jpg,ok,0.4243
Reese_Witherspoon_0004.jpg,ok,0.5193
Reggie_Lewis_0001.jpg,ok,0.0083
Reggie_Miller_0001.jpg,ok,0.2931
Reggie_Miller_0002.jpg,ok,0.0115
Reggie_Sanders_0001.jpg,ok,0.9096
Regina_Ip_0001.jpg,ok,0.0013
Reginald_Hudlin_0001.jpg,ok,0.0394
Reina_Hayes_0001.jpg,ok,0.0013
Reinhard_Buetikofer_0001.jpg,ok,0.1476
Ren_Qingjin_0001.jpg,ok,0.4023
Rena_Sofer_0001.jpg,ok,0.0844
Renato_Soru_0001.jpg,ok,0.2248
Rene_Antonio_Leon_Rodriguez_0001.jpg,ok,0.2926
Rene_Portland_0001.jpg,ok,0.1984
Renee_Zellweger_0001.jpg,ok,0.8650
Renee_Zellweger_0002.jpg,ok,0.8310
Renee_Zellweger_0003.jpg,ok,0.1364
Renee_Zellweger_0004.jpg,ok,0.7699
Renee_Zellweger_0005.jpg,ok,0.8288
Renee_Zellweger_0006.jpg,ok,0.7571
Renee_Zellweger_0007.jpg,ok,0.5299
Renee_Zellweger_0008.jpg,ok,0.9718
Renee_Zellweger_0009.jpg,ok,0.8803
Renee_Zellweger_0010.jpg,ok,0.9326
Renee_Zellweger_0011.jpg,ok,0.6932
Renee_Zellweger_0012.jpg,ok,0.3922
Renee_Zellweger_0013.jpg,ok,0.9088
Renee_Zellweger_0014.jpg,ok,0.2219
Renee_Zellweger_0015.jpg,ok,0.2410
Renee_Zellweger_0016.jpg,ok,0.6462
Renee_Zellweger_0017.jpg,ok,0.5524
Retief_Goosen_0001.jpg,ok,0.9014
Rey_Sanchez_0001.jpg,ok,0.7946
Reyyan_Uzuner_0001.jpg,ok,0.1807
Rhett_Warrener_0001.jpg,ok,0.4486
Rhina_Villatoro_0001.jpg,ok,0.2100
Ricardo_Lagos_0001.jpg,ok,0.6957
Ricardo_Lagos_0002.jpg,ok,0.7309
Ricardo_Lagos_0003.jpg,ok,0.5344
Ricardo_Lagos_0004.jpg,ok,0.0806
Ricardo_Lagos_0005.jpg,ok,0.8294
Ricardo_Lagos_0006.jpg,ok,0.9030
Ricardo_Lagos_0007.jpg,ok,0.0017
Ricardo_Lagos_0008.jpg,ok,0.4106
Ricardo_Lagos_0009.jpg,ok,0.0066
Ricardo_Lagos_0010.jpg,ok,0.4028
Ricardo_Lagos_0011.jpg,ok,0.4301
Ricardo_Lagos_0012.jpg,ok,0.4586
Ricardo_Lagos_0013.jpg,ok,0.5194
Ricardo_Lagos_0014.jpg,ok,0.2849
Ricardo_Lagos_0015.jpg,ok,0.2624
Ricardo_Lagos_0016.jpg,ok,0.7923
Ricardo_Lagos_0017.jpg,ok,0.8669
Ricardo_Lagos_0018.jpg,ok,0.7651
Ricardo_Lagos_0019.jpg,ok,0.2731
Ricardo_Lagos_0020.jpg,ok,0.6784
Ricardo_Lagos_0021.jpg,ok,0.0171
Ricardo_Lagos_0022.jpg,ok,0.0023
Ricardo_Lagos_0023.jpg,ok,0.1913
Ricardo_Lagos_0024.jpg,ok,0.6594
Ricardo_Lagos_0025.jpg,ok,0.9577
Ricardo_Lagos_0026.jpg,ok,0.5968
Ricardo_Lagos_0027.jpg,ok,0.1879
Ricardo_Lopez_Murphy_0001.jpg,ok,0.0281
Ricardo_Lopez_Murphy_0002.jpg,ok,0.9728
Ricardo_Maduro_0001.jpg,ok,0.4630
Ricardo_Maduro_0002.jpg,ok,0.6450
Ricardo_Mayorga_0001.jpg,ok,0.1262
Ricardo_Monasterio_0001.jpg,ok,0.3881
Ricardo_Monasterio_0002.jpg,ok,0.0665
Ricardo_Sanchez_0001.jpg,ok,0.0455
Ricardo_Sanchez_0002.jpg,ok,0.0267
Ricardo_Sanchez_0003.jpg,ok,0.0083
Ricardo_Sanchez_0004.jpg,ok,0.5279
Ricardo_Sanchez_0005.jpg,ok,0.8530
Ricardo_Sanchez_0006.jpg,ok,0.4526
Riccardo_Muti_0001.jpg,ok,0.1969
Rich_Brooks_0001.jpg,ok,0.1581
Rich_Gannon_0001.jpg,ok,0.8129
Rich_Gannon_0002.jpg,ok,0.0141
Richard_Armitage_0001.jpg,ok,0.9311
Richard_Armitage_0002.jpg,ok,0.0111
Richard_Armitage_0003.jpg,ok,0.3898
Richard_Armitage_0004.jpg,ok,0.4337
Richard_Armitage_0005.jpg,ok,0.9846
Richard_Armitage_0006.jpg,ok,0.6193
Richard_Armitage_0007.jpg,ok,0.4083
Richard_Armitage_0008.jpg,ok,0.0752
Richard_Armitage_0009.jpg,ok,0.4839
Richard_Barry_0001.jpg,ok,0.0120
Richard_Branson_0001.jpg,ok,0.8948
Richard_Branson_0002.jpg,ok,0.5584
Richard_Butler_0001.jpg,ok,0.5402
Richard_Butler_0002.jpg,ok,0.8937
Richard_Carl_0001.jpg,ok,0.0056
Richard_Chamberlain_0001.jpg,ok,0.9608
Richard_Cohen_0001.jpg,ok,0.8844
Richard_Crenna_0001.jpg,ok,0.8833
Richard_Crenna_0002.jpg,ok,0.9685
Richard_Daley_0001.jpg,ok,0.7745
Richard_Dreyfuss_0001.jpg,ok,0.1871
Richard_Fine_0001.jpg,ok,0.5882
Richard_Gephardt_0001.jpg,ok,0.2397
Richard_Gephardt_0002.jpg,ok,0.8773
Richard_Gephardt_0003.jpg,ok,0.2392
Richard_Gephardt_0004.jpg,ok,0.3467
Richard_Gephardt_0005.jpg,ok,0.0051
Richard_Gephardt_0006.jpg,ok,0.8135
Richard_Gephardt_0007.jpg,ok,0.7674
Richard_Gephardt_0008.jpg,ok,0.0130
Richard_Gephardt_0009.jpg,ok,0.0730
Richard_Gephardt_0010.jpg,ok,0.0547
Richard_Gephardt_0011.jpg,ok,0.1110
Richard_Gere_0001.jpg,ok,0.4060
Richard_Gere_0002.jpg,ok,0.2116
Richard_Gere_0003.jpg,ok,0.9291
Richard_Gere_0004.jpg,ok,0.6756
Richard_Gere_0005.jpg,ok,0.9735
Richard_Gere_0006.jpg,ok,0.9479
Richard_Gere_0007.jpg,ok,0.9077
Richard_Gere_0008.jpg,ok,0.8220
Richard_Gere_0009.jpg,ok,0.3830
Richard_Gere_0010.jpg,ok,0.3956
Richard_Greenberg_0001.jpg,ok,0.1173
Richard_Haass_0001.jpg,ok,0.6599
Richard_Haass_0002.jpg,ok,0.1602
Richard_Hamilton_0001.jpg,ok,0.1811
Richard_Harris_0001.jpg,ok,0.9974
Richard_Hellfant_0001.jpg,ok,0.3687
Richard_Jefferson_0001.jpg,ok,0.4304
Richard_Jewell_0001.jpg,ok,0.6443
Richard_Krajicek_0001.jpg,ok,0.5226
Richard_Krajicek_0002.jpg,ok,0.0008
Richard_Krajicek_0003.jpg,ok,0.0131
Richard_Langille_0001.jpg,ok,0.8544
Richard_Lennon_0001.jpg,ok,0.0353
Richard_Levin_0001.jpg,ok,0.3403
Richard_Lugar_0001.jpg,ok,0.2959
Richard_Myers_0001.jpg,ok,0.0040
Richard_Myers_0002.jpg,ok,0.3678
Richard_Myers_0003.jpg,ok,0.7036
Richard_Myers_0004.jpg,ok,0.0082
Richard_Myers_0005.jpg,ok,0.4886
Richard_Myers_0006.jpg,ok,0.4023
Richard_Myers_0007.jpg,ok,0.6710
Richard_Myers_0008.jpg,ok,0.1726
Richard_Myers_0009.jpg,ok,0.3582
Richard_Myers_0010.jpg,ok,0.4947
Richard_Myers_0011.jpg,ok,0.0060
Richard_Myers_0012.jpg,ok,0.7449
Richard_Myers_0013.jpg,ok,0.0288
Richard_Myers_0014.jpg,ok,0.6600
Richard_Myers_0015.jpg,ok,0.4513
Richard_Myers_0016.jpg,ok,0.5688
Richard_Myers_0017.jpg,ok,0.2770
Richard_Myers_0018.jpg,ok,0.1117
Richard_Naughton_0001.jpg,ok,0.9765
Richard_Norton-Taylor_0001.jpg,ok,0.6404
Richard_Norton-Taylor_0002.jpg,ok,0.6066
Richard_Palmer_0001.jpg,ok,0.0346
Richard_Parsons_0001.jpg,ok,0.1388
Richard_Paul_Evans_0001.jpg,ok,0.4080
Richard_Penniman_0001.jpg,ok,0.8544
Richard_Pennington_0001.jpg,ok,0.1105
Richard_Perle_0001.jpg,ok,0.6193
Richard_Regenhard_0001.jpg,ok,0.9993
Richard_Reid_0001.jpg,ok,0.7965
Richard_Rodriguez_0001.jpg,ok,0.6196
Richard_Sambrook_0001.jpg,ok,0.0006
Richard_Sambrook_0002.jpg,ok,0.8076
Richard_Shelby_0001.jpg,ok,0.5492
Richard_Shelby_0002.jpg,ok,0.2497
Richard_Sterner_0001.jpg,ok,0.2663
Richard_Tubb_0001.jpg,ok,0.1484
Richard_Virenque_0001.jpg,ok,0.8570
Richard_Virenque_0002.jpg,ok,0.0012
Richard_Virenque_0003.jpg,ok,0.0918
Richard_Virenque_0004.jpg,ok,0.8437
Richard_Virenque_0005.jpg,ok,0.6161
Richard_Virenque_0006.jpg,ok,0.0488
Richard_Virenque_0007.jpg,ok,0.5144
Richard_Virenque_0008.jpg,ok,0.4807
Richard_Ward_0001.jpg,ok,0.2595
Richie_Adubato_0001.jpg,ok,0.0817
Richie_Adubato_0002.jpg,ok,0.0062
Rick_Barnes_0001.jpg,ok,0.5111
Rick_Barnes_0002.jpg,ok,0.0053
Rick_Barnes_0003.jpg,ok,0.0077
Rick_Bland_0001.jpg,ok,0.5314
Rick_Bragg_0001.jpg,ok,0.1743
Rick_Carlisle_0001.jpg,ok,0.2163
Rick_Carlisle_0002.jpg,ok,0.3946
Rick_Carlisle_0003.jpg,ok,0.5183
Rick_Carlisle_0004.jpg,ok,0.0912
Rick_Caruso_0001.jpg,ok,0.6458
Rick_Dinse_0001.jpg,ok,0.8908
Rick_Dinse_0002.jpg,ok,0.9586
Rick_Dinse_0003.jpg,ok,0.7525
Rick_Husband_0001.jpg,ok,0.0287
Rick_Lu_0001.jpg,ok,0.0133
Rick_Perry_0001.jpg,ok,0.8015
Rick_Perry_0002.jpg,ok,0.0652
Rick_Perry_0003.jpg,ok,0.4655
Rick_Perry_0004.jpg,ok,0.4558
Rick_Perry_0005.jpg,ok,0.7256
Rick_Perry_0006.jpg,ok,0.2043
Rick_Pitino_0001.jpg,ok,0.6832
Rick_Pitino_0002.jpg,ok,0.0884
Rick_Pitino_0003.jpg,ok,0.0229
Rick_Pitino_0004.jpg,ok,0.5734
Rick_Reed_0001.jpg,ok,0.8099
Rick_Rickert_0001.jpg,ok,0.7520
Rick_Romley_0001.jpg,ok,0.8911
Rick_Romley_0002.jpg,ok,0.0308
Rick_Romley_0003.jpg,ok,0.4776
Rick_Santorum_0001.jpg,ok,0.1565
Rick_Santorum_0002.jpg,ok,0.1349
Rick_Santorum_0003.jpg,ok,0.0278
Rick_Stansbury_0001.jpg,ok,0.1306
Rick_Stansbury_0002.jpg,ok,0.0012
Rick_Stansbury_0003.jpg,ok,0.1692
Rick_Wagoner_0001.jpg,ok,0.7286
Rick_Wagoner_0002.jpg,ok,0.6739
Ricky_Barnes_0001.jpg,ok,0.0053
Ricky_Barnes_0002.jpg,ok,0.4847
Ricky_Cottrill_0001.jpg,ok,0.2091
Ricky_Martin_0001.jpg,ok,0.5826
Ricky_Martin_0002.jpg,ok,0.0182
Ricky_Ponting_0001.jpg,ok,0.7669
Ricky_Ponting_0002.jpg,ok,0.2172
Ricky_Quick_0001.jpg,ok,0.5289
Ricky_Ray_0001.jpg,ok,0.2973
Ridley_Scott_0001.jpg,ok,0.0036
Riek_Blanjaar_0001.jpg,ok,0.0087
Rien_Long_0001.jpg,ok,0.7904
Rina_Lazo_0001.jpg,ok,0.4728
Ringo_Starr_0001.jpg,ok,0.9788
Rio_Ferdinand_0001.jpg,ok,0.6777
Rio_Ferdinand_0002.jpg,ok,0.6465
Rita_Grande_0001.jpg,ok,0.0012
Rita_Grande_0002.jpg,ok,0.0094
Rita_Grande_0003.jpg,ok,0.0726
Rita_Moreno_0001.jpg,ok,0.0031
Rita_Moreno_0002.jpg,ok,0.2500
Rita_Wilson_0001.jpg,ok,0.1644
Rita_Wilson_0002.jpg,ok,0.6455
Rita_Wilson_0003.jpg,ok,0.7438
Rita_Wilson_0004.jpg,ok,0.2925
Rob_Lowe_0001.jpg,ok,0.2648
Rob_Lowe_0002.jpg,ok,0.0823
Rob_Lowe_0003.jpg,ok,0.2156
Rob_Lowe_0004.jpg,ok,0.1364
Rob_Marshall_0001.jpg,ok,0.0171
Rob_Marshall_0002.jpg,ok,0.0247
Rob_Marshall_0003.jpg,ok,0.5406
Rob_Marshall_0004.jpg,ok,0.0014
Rob_Marshall_0005.jpg,ok,0.0142
Rob_Marshall_0006.jpg,ok,0.4037
Rob_Moore_0001.jpg,ok,0.9121
Rob_Morrow_0001.jpg,ok,0.9557
Rob_Niedermayer_0001.jpg,ok,0.1248
Rob_Ramsay_0001.jpg,ok,0.3884
Rob_Schneider_0001.jpg,ok,0.4175
Rob_Schneider_0002.jpg,ok,0.0214
Robbie_Coltrane_0001.jpg,ok,0.0483
Robbie_Fowler_0001.jpg,ok,0.0855
Robbie_Fowler_0002.jpg,ok,0.2730
Robbie_Mc_Ewen_0001.jpg,ok,0.0749
Robbie_Naish_0001.jpg,ok,0.9900
Robbie_Williams_0001.jpg,ok,0.6468
Robbie_Williams_0002.jpg,ok,0.6162
Robbie_Williams_0003.jpg,ok,0.7289
Robby_Ginepri_0001.jpg,ok,0.3119
Robby_Ginepri_0002.jpg,ok,0.6258
Robert_Altman_0001.jpg,ok,0.6078
Robert_Beck_0001.jpg,ok,0.2931
Robert_Blackwill_0001.jpg,ok,0.0051
Robert_Blackwill_0002.jpg,ok,0.7616
Robert_Blake_0001.jpg,ok,0.8742
Robert_Blake_0002.jpg,ok,0.2816
Robert_Blake_0003.jpg,ok,0.3626
Robert_Blake_0004.jpg,ok,0.1231
Robert_Blake_0005.jpg,ok,0.9134
Robert_Blake_0006.jpg,ok,0.9403
Robert_Blake_0007.jpg,ok,0.0045
Robert_Blake_0008.jpg,ok,0.2905
Robert_Bonner_0001.jpg,ok,0.5289
Robert_Bonner_0002.jpg,ok,0.0077
Robert_Bonner_0003.jpg,ok,0.4641
Robert_Bullock_0001.jpg,ok,0.0070
Robert_Bullock_0002.jpg,ok,0.0530
Robert_DeFraites_0001.jpg,ok,0.2958
Robert_DeFraites_0002.jpg,ok,0.0297
Robert_De_Niro_0001.jpg,ok,0.2256
Robert_De_Niro_0002.jpg,ok,0.5090
Robert_De_Niro_0003.jpg,ok,0.8148
Robert_De_Niro_0004.jpg,ok,0.2379
Robert_De_Niro_0005.jpg,ok,0.5771
Robert_De_Niro_0006.jpg,ok,0.2522
Robert_Douglas_0001.jpg,ok,0.5106
Robert_Downey_Jr_0001.jpg,ok,0.3787
Robert_Durst_0001.jpg,ok,0.4334
Robert_Duvall_0001.jpg,ok,0.0047
Robert_Duvall_0002.jpg,ok,0.0519
Robert_Duvall_0003.jpg,ok,0.9749
Robert_Duvall_0004.jpg,ok,0.0103
Robert_Duvall_0005.jpg,ok,0.8569
Robert_Duvall_0006.jpg,ok,0.2849
Robert_Duvall_0007.jpg,ok,0.1655
Robert_Duvall_0008.jpg,ok,0.0902
Robert_Ehrlich_0001.jpg,ok,0.9984
Robert_Ehrlich_0002.jpg,ok,0.4683
Robert_Evans_0001.jpg,ok,0.9442
Robert_Evans_0002.jpg,ok,0.6081
Robert_Evans_0003.jpg,ok,0.0836
Robert_F_Kennedy_Jr_0001.jpg,ok,0.0591
Robert_Fico_0001.jpg,ok,0.5914
Robert_Fico_0002.jpg,ok,0.6659
Robert_Flodquist_0001.jpg,ok,0.2624
Robert_Gallo_0001.jpg,ok,0.1157
Robert_Gordon_Card_0001.jpg,ok,0.5278
Robert_Hanssen_0001.jpg,ok,0.0120
Robert_Horan_0001.jpg,ok,0.0015
Robert_Horan_0002.jpg,ok,0.5443
Robert_Hyatt_0001.jpg,ok,0.7028
Robert_Kipkoech_Cheruiyot_0001.jpg,ok,0.7403
Robert_Kocharian_0001.jpg,ok,0.0037
Robert_Kocharian_0002.jpg,ok,0.1067
Robert_Kocharian_0003.jpg,ok,0.2904
Robert_Kocharian_0004.jpg,ok,0.7708
Robert_Kocharian_0005.jpg,ok,0.0019
Robert_Korzeniowski_0001.jpg,ok,0.8232
Robert_Lange_0001.jpg,ok,0.0042
Robert_Lee_Yates_Jr_0001.jpg,ok,0.5053
Robert_Marshall_0001.jpg,ok,0.8555
Robert_McKee_0001.jpg,ok,0.8837
Robert_Morvillo_0001.jpg,ok,0.6204
Robert_Mueller_0001.jpg,ok,0.1060
Robert_Mueller_0002.jpg,ok,0.8137
Robert_Mueller_0003.jpg,ok,0.1035
Robert_Mueller_0004.jpg,ok,0.0051
Robert_Mueller_0005.jpg,ok,0.7077
Robert_Mugabe_0001.jpg,ok,0.9071
Robert_Mugabe_0002.jpg,ok,0.9685
Robert_Nardelli_0001.jpg,ok,0.1337
Robert_Nillson_0001.jpg,ok,0.0537
Robert_Pollack_0001.jpg,ok,0.0219
Robert_Redford_0001.jpg,ok,0.3050
Robert_Redford_0002.jpg,ok,0.0005
Robert_Redford_0003.jpg,ok,0.2624
Robert_Redford_0004.jpg,ok,0.1300
Robert_Redford_0005.jpg,ok,0.5059
Robert_Redford_0006.jpg,ok,0.0278
Robert_Redford_0007.jpg,ok,0.3850
Robert_Redford_0008.jpg,ok,0.3659
Robert_Schuller_0001.jpg,ok,0.6798
Robert_Stack_0001.jpg,ok,0.1133
Robert_Stack_0002.jpg,ok,0.2818
Robert_Torricelli_0001.jpg,ok,0.0066
Robert_Torricelli_0002.jpg,ok,0.0043
Robert_Torricelli_0003.jpg,ok,0.0039
Robert_Towne_0001.jpg,ok,0.2278
Robert_Tyrrell_0001.jpg,ok,0.4625
Robert_Vowler_0001.jpg,ok,0.6115
Robert_Wagner_0001.jpg,ok,0.5842
Robert_Weitzel_0001.jpg,ok,0.5101
Robert_Wiener_0001.jpg,ok,0.0037
Robert_Witt_0001.jpg,ok,0.4844
Robert_Witt_0002.jpg,ok,0.5918
Robert_Woody_Johnson_0001.jpg,ok,0.8102
Robert_Zoellick_0001.jpg,ok,0.9085
Robert_Zoellick_0002.jpg,ok,0.0239
Robert_Zoellick_0003.jpg,ok,0.6076
Robert_Zoellick_0004.jpg,ok,0.5058
Robert_Zoellick_0005.jpg,ok,0.6633
Robert_Zoellick_0006.jpg,ok,0.0002
Robert_Zoellick_0007.jpg,ok,0.8555
Roberta_Combs_0001.jpg,ok,0.0039
Roberto_Arguelles_0001.jpg,ok,0.8081
Roberto_Benigni_0001.jpg,ok,0.3885
Roberto_Benigni_0002.jpg,ok,0.1467
Roberto_Canessa_0001.jpg,ok,0.7589
Roberto_Carlos_0001.jpg,ok,0.0654
Roberto_Carlos_0002.jpg,ok,0.4408
Roberto_Carlos_0003.jpg,ok,0.5372
Roberto_Carlos_0004.jpg,ok,0.9782
Roberto_Cavalli_0001.jpg,ok,0.0204
Roberto_Cercelletta_0001.jpg,ok,0.6404
Roberto_Guaterroma_0001.jpg,ok,0.1622
Roberto_Laratro_0001.jpg,ok,0.8590
Roberto_Lavagna_0001.jpg,ok,0.0028
Roberto_Marinho_0001.jpg,ok,0.4124
Roberto_Marinho_0002.jpg,ok,0.5112
Roberto_Marinho_0003.jpg,ok,0.0027
Roberto_Robaina_0001.jpg,ok,0.0858
Roberto_Tovar_0001.jpg,ok,0.0532
Robin_Cook_0001.jpg,ok,0.3257
Robin_Cook_0002.jpg,ok,0.4740
Robin_Johansen_0001.jpg,ok,0.6845
Robin_McGraw_0001.jpg,ok,0.3924
Robin_McLaurin_Williams_0001.jpg,ok,0.7133
Robin_McLaurin_Williams_0002.jpg,ok,0.0041
Robin_Tunney_0001.jpg,ok,0.1734
Robin_Wagner_0001.jpg,ok,0.6505
Robin_Williams_0001.jpg,ok,0.5251
Robin_Wright_Penn_0001.jpg,ok,0.4471
Robinson_Stevenin_0001.jpg,ok,0.7161
Robinson_Stevenin_0002.jpg,ok,0.7551
Rocco_Buttiglione_0001.jpg,ok,0.9195
Rod_Blagojevich_0001.jpg,ok,0.4100
Rod_Blagojevich_0002.jpg,ok,0.0921
Rod_Bryden_0001.jpg,ok,0.2851
Rod_Jong-il_0001.jpg,ok,0.8580
Rod_Paige_0001.jpg,ok,0.5066
Rod_Stewart_0001.jpg,ok,0.0019
Rod_Stewart_0002.jpg,ok,0.0116
Rod_Stewart_0003.jpg,ok,0.2048
Rod_Thorn_0001.jpg,ok,0.2089
Rodney_Dangerfield_0001.jpg,ok,0.3024
Rodney_Rempt_0001.jpg,ok,0.6389
Rodolfo_Abalos_0001.jpg,ok,0.1619
Rodrigo_Borja_0001.jpg,ok,0.0441
Rodrigo_Borja_0002.jpg,ok,0.9674
Rodrigo_Rato_0001.jpg,ok,0.7652
Rodrigo_de_la_Cerna_0001.jpg,ok,0.2997
Roel_Campos_0001.jpg,ok,0.1816
Rogelio_Montemayor_0001.jpg,ok,0.2196
Rogelio_Ramos_0001.jpg,ok,0.6281
Roger_Clemens_0001.jpg,ok,0.5409
Roger_Clemens_0002.jpg,ok,0.3090
Roger_Cook_0001.jpg,ok,0.0563
Roger_Corbett_0001.jpg,ok,0.8532
Roger_Daltrey_0001.jpg,ok,0.0018
Roger_Etchegaray_0001.jpg,ok,0.0081
Roger_Federer_0001.jpg,ok,0.2005
Roger_Federer_0002.jpg,ok,0.0194
Roger_Federer_0003.jpg,ok,0.1450
Roger_Federer_0004.jpg,ok,0.3930
Roger_Federer_0005.jpg,ok,0.0427
Roger_Federer_0006.jpg,ok,0.3095
Roger_Federer_0007.jpg,ok,0.0521
Roger_Federer_0008.jpg,ok,0.4992
Roger_Federer_0009.jpg,ok,0.2598
Roger_Federer_0010.jpg,ok,0.6181
Roger_Federer_0011.jpg,ok,0.0094
Roger_Federer_0012.jpg,ok,0.6288
Roger_Federer_0013.jpg,ok,0.1405
Roger_Federer_0014.jpg,ok,0.0188
Roger_Grimes_0001.jpg,ok,0.4550
Roger_King_0001.jpg,ok,0.6272
Roger_Lyons_0001.jpg,ok,0.7065
Roger_Machado_0001.jpg,ok,0.5019
Roger_Mahony_0001.jpg,ok,0.1409
Roger_Moore_0001.jpg,ok,0.4267
Roger_Moore_0002.jpg,ok,0.0100
Roger_Moore_0003.jpg,ok,0.1119
Roger_Moore_0004.jpg,ok,0.6551
Roger_Moore_0005.jpg,ok,0.5625
Roger_Penske_0001.jpg,ok,0.3434
Roger_Staubach_0001.jpg,ok,0.9886
Roger_Suarez_0001.jpg,ok,0.5542
Roger_Toussaint_0001.jpg,ok,0.0754
Roger_Winter_0001.jpg,ok,0.1307
Rogerio_Romero_0001.jpg,ok,0.2517
Rogerio_Romero_0002.jpg,ok,0.2756
Roh_Moo-hyun_0001.jpg,ok,0.4103
Roh_Moo-hyun_0002.jpg,ok,0.0033
Roh_Moo-hyun_0003.jpg,ok,0.3683
Roh_Moo-hyun_0004.jpg,ok,0.2185
Roh_Moo-hyun_0005.jpg,ok,0.0632
Roh_Moo-hyun_0006.jpg,ok,0.0277
Roh_Moo-hyun_0007.jpg,ok,0.0108
Roh_Moo-hyun_0008.jpg,ok,0.0388
Roh_Moo-hyun_0009.jpg,ok,0.0220
Roh_Moo-hyun_0010.jpg,ok,0.0276
Roh_Moo-hyun_0011.jpg,ok,0.4003
Roh_Moo-hyun_0012.jpg,ok,0.1283
Roh_Moo-hyun_0013.jpg,ok,0.0503
Roh_Moo-hyun_0014.jpg,ok,0.1594
Roh_Moo-hyun_0015.jpg,ok,0.8769
Roh_Moo-hyun_0016.jpg,ok,0.4876
Roh_Moo-hyun_0017.jpg,ok,0.9589
Roh_Moo-hyun_0018.jpg,ok,0.0010
Roh_Moo-hyun_0019.jpg,ok,0.0028
Roh_Moo-hyun_0020.jpg,ok,0.4632
Roh_Moo-hyun_0021.jpg,ok,0.0502
Roh_Moo-hyun_0022.jpg,ok,0.0035
Roh_Moo-hyun_0023.jpg,ok,0.5409
Roh_Moo-hyun_0024.jpg,ok,0.0467
Roh_Moo-hyun_0025.jpg,ok,0.1463
Roh_Moo-hyun_0026.jpg,ok,0.1171
Roh_Moo-hyun_0027.jpg,ok,0.0485
Roh_Moo-hyun_0028.jpg,ok,0.0313
Roh_Moo-hyun_0029.jpg,ok,0.0258
Roh_Moo-hyun_0030.jpg,ok,0.0176
Roh_Moo-hyun_0031.jpg,ok,0.0007
Roh_Moo-hyun_0032.jpg,ok,0.0339
Rohinton_Mistry_0001.jpg,ok,0.2127
Rohman_al-Ghozi_0001.jpg,ok,0.7962
Roland_Koch_0001.jpg,ok,0.0002
Rolandas_Paksas_0001.jpg,ok,0.5630
Rolandas_Paksas_0002.jpg,ok,0.1953
Rolf_Eckrodt_0001.jpg,ok,0.0115
Rolf_Eckrodt_0002.jpg,ok,0.1634
Rolf_Zimmermann_0001.jpg,ok,0.3949
Rollie_Massimino_0001.jpg,ok,0.5488
Romain_Duris_0001.jpg,ok,0.0009
Roman_Abramovich_0001.jpg,ok,0.1370
Roman_Coppola_0001.jpg,ok,0.0010
Roman_Polanski_0001.jpg,ok,0.3263
Roman_Polanski_0002.jpg,ok,0.9063
Roman_Polanski_0003.jpg,ok,0.8454
Roman_Polanski_0004.jpg,ok,0.3726
Roman_Polanski_0005.jpg,ok,0.2873
Roman_Polanski_0006.jpg,ok,0.3888
Roman_Tam_0001.jpg,ok,0.0415
Romano_Prodi_0001.jpg,ok,0.0013
Romano_Prodi_0002.jpg,ok,0.2512
Romano_Prodi_0003.jpg,ok,0.4522
Romano_Prodi_0004.jpg,ok,0.5730
Romano_Prodi_0005.jpg,ok,0.5408
Romano_Prodi_0006.jpg,ok,0.0482
Romano_Prodi_0007.jpg,ok,0.3560
Romario_Farias_0001.jpg,ok,0.7189
Romeo_Gigli_0001.jpg,ok,0.0225
Ron_Dittemore_0001.jpg,ok,0.3476
Ron_Dittemore_0002.jpg,ok,0.3036
Ron_Dittemore_0003.jpg,ok,0.2029
Ron_Dittemore_0004.jpg,ok,0.2225
Ron_Dittemore_0005.jpg,ok,0.5296
Ron_Dittemore_0006.jpg,ok,0.4413
Ron_Dittemore_0007.jpg,ok,0.6534
Ron_Dittemore_0008.jpg,ok,0.0524
Ron_Gonzales_0001.jpg,ok,0.8740
Ron_Howard_0001.jpg,ok,0.9292
Ron_Howard_0002.jpg,ok,0.8511
Ron_Kirk_0001.jpg,ok,0.3171
Ron_Lantz_0001.jpg,ok,0.7492
Ron_Zook_0001.jpg,ok,0.4199
Ronald_Brower_0001.jpg,ok,0.8917
Ronald_Harwood_0001.jpg,ok,0.8850
Ronald_Ito_0001.jpg,ok,0.4200
Ronald_Kadish_0001.jpg,ok,0.4753
Ronald_Kessler_0001.jpg,ok,0.0334
Ronald_Perelman_0001.jpg,ok,0.9853
Ronald_Post_0001.jpg,ok,0.0122
Ronald_Reagan_0001.jpg,ok,0.1602
Ronald_Reagan_0002.jpg,ok,0.9303
Ronald_Reagan_0003.jpg,ok,0.0365
Ronald_White_0001.jpg,ok,0.9818
Ronald_Young_Jr_0001.jpg,ok,0.0030
Ronaldo_Luis_Nazario_de_Lima_0001.jpg,ok,0.5317
Ronaldo_Luis_Nazario_de_Lima_0002.jpg,ok,0.5931
Ronaldo_Luis_Nazario_de_Lima_0003.jpg,ok,0.1467
Ronaldo_Luis_Nazario_de_Lima_0004.jpg,ok,0.0161
Ronde_Barber_0001.jpg,ok,0.3533
Ronnie_Jagday_0001.jpg,ok,0.3347
Ronnie_Musgrove_0001.jpg,ok,0.4891
Rosa_Haywa_de_Condori_0001.jpg,ok,0.0299
Rosalie_Perkov_0001.jpg,ok,0.2901
Rosalyn_Carter_0001.jpg,ok,0.9352
Rosario_Dawson_0001.jpg,ok,0.0097
Rose_Linkins_0001.jpg,ok,0.3618
Rose_Marie_0001.jpg,ok,0.0652
Roseanne_Barr_0001.jpg,ok,0.6737
Roseanne_Barr_0002.jpg,ok,0.4633
Roseanne_Barr_0003.jpg,ok,0.1584
Rosemarie_Stack_0001.jpg,ok,0.3204
Rosemarie_Stack_0002.jpg,ok,0.5390
Rosie_Perez_0001.jpg,ok,0.1641
Rosny_Desroches_0001.jpg,ok,0.1428
Ross_Verba_0001.jpg,ok,0.5631
Rowan_Williams_0001.jpg,ok,0.6665
Roy_Blunt_0001.jpg,ok,0.0490
Roy_Chaderton_0001.jpg,ok,0.0130
Roy_Halladay_0001.jpg,ok,0.6856
Roy_Jones_Jr_0001.jpg,ok,0.3832
Roy_Jones_Jr_0002.jpg,ok,0.1114
Roy_Moore_0001.jpg,ok,0.4846
Roy_Moore_0002.jpg,ok,0.5760
Roy_Moore_0003.jpg,ok,0.2089
Roy_Moore_0004.jpg,ok,0.1817
Roy_Moore_0005.jpg,ok,0.5281
Roy_Moore_0006.jpg,ok,0.4551
Roy_Rogers_0001.jpg,ok,0.6534
Roy_Romanow_0001.jpg,ok,0.7054
Roy_Williams_0001.jpg,ok,0.6229
Roy_Williams_0002.jpg,ok,0.1293
Roy_Williams_0003.jpg,ok,0.4694
Roy_Williams_0004.jpg,ok,0.4156
Ruano_Pascual_0001.jpg,ok,0.6124
Ruben_Sierra_0001.jpg,ok,0.3848
Ruben_Studdard_0001.jpg,ok,0.0436
Ruben_Studdard_0002.jpg,ok,0.1101
Ruben_Wolkowyski_0001.jpg,ok,0.3180
Rubens_Barrichello_0001.jpg,ok,0.8458
Rubens_Barrichello_0002.jpg,ok,0.0227
Rubens_Barrichello_0003.jpg,ok,0.6427
Rubens_Barrichello_0004.jpg,ok,0.4045
Rubens_Barrichello_0005.jpg,ok,0.0199
Rubens_Barrichello_0006.jpg,ok,0.5700
Rubens_Barrichello_0007.jpg,ok,0.4417
Rubens_Barrichello_0008.jpg,ok,0.6631
Rubens_Barrichello_0009.jpg,ok,0.0350
Rubens_Barrichello_0010.jpg,ok,0.1133
Rubens_Barrichello_0011.jpg,ok,0.9821
Rubens_Barrichello_0012.jpg,ok,0.2748
Rudi_Voeller_0001.jpg,ok,0.6449
Rudolf_Schuster_0001.jpg,ok,0.9171
Rudolph_Giuliani_0001.jpg,ok,0.1172
Rudolph_Giuliani_0002.jpg,ok,0.9428
Rudolph_Giuliani_0003.jpg,ok,0.7189
Rudolph_Giuliani_0004.jpg,ok,0.2227
Rudolph_Giuliani_0005.jpg,ok,0.9755
Rudolph_Giuliani_0006.jpg,ok,0.3992
Rudolph_Giuliani_0007.jpg,ok,0.6272
Rudolph_Giuliani_0008.jpg,ok,0.0779
Rudolph_Giuliani_0009.jpg,ok,0.1919
Rudolph_Giuliani_0010.jpg,ok,0.0257
Rudolph_Giuliani_0011.jpg,ok,0.5314
Rudolph_Giuliani_0012.jpg,ok,0.8610
Rudolph_Giuliani_0013.jpg,ok,0.0539
Rudolph_Giuliani_0014.jpg,ok,0.6284
Rudolph_Giuliani_0015.jpg,ok,0.7415
Rudolph_Giuliani_0016.jpg,ok,0.1961
Rudolph_Giuliani_0017.jpg,ok,0.5638
Rudolph_Giuliani_0018.jpg,ok,0.6116
Rudolph_Giuliani_0019.jpg,ok,0.7995
Rudolph_Giuliani_0020.jpg,ok,0.7776
Rudolph_Giuliani_0021.jpg,ok,0.0118
Rudolph_Giuliani_0022.jpg,ok,0.7979
Rudolph_Giuliani_0023.jpg,ok,0.8852
Rudolph_Giuliani_0024.jpg,ok,0.3669
Rudolph_Giuliani_0025.jpg,ok,0.8596
Rudolph_Giuliani_0026.jpg,ok,0.0035
Rudolph_Holton_0001.jpg,ok,0.1690
Rudy_Tomjanovich_0001.jpg,ok,0.0282
Rulon_Gardner_0001.jpg,ok,0.8331
Rupert_Grint_0001.jpg,ok,0.3675
Rupert_Grint_0002.jpg,ok,0.7671
Rupert_Grint_0003.jpg,ok,0.7204
Rupert_Murdoch_0001.jpg,ok,0.6945
Rupert_Murdoch_0002.jpg,ok,0.3262
Russ_Ortiz_0001.jpg,ok,0.0068
Russell_Coutts_0001.jpg,ok,0.2415
Russell_Coutts_0002.jpg,ok,0.5130
Russell_Crowe_0001.jpg,ok,0.1207
Russell_Crowe_0002.jpg,ok,0.1388
Russell_Simmons_0001.jpg,ok,0.0017
Russell_Simmons_0002.jpg,ok,0.1194
Russell_Simmons_0003.jpg,ok,0.0256
Russell_Simmons_0004.jpg,ok,0.5376
Russell_Simmons_0005.jpg,ok,0.0893
Rustu_Recber_0001.jpg,ok,0.0407
Ruth_Bader_Ginsburg_0001.jpg,ok,0.5196
Ruth_Christofferson_0001.jpg,ok,0.0139
Ruth_Dreifuss_0001.jpg,ok,0.0092
Ruth_Dreifuss_0002.jpg,ok,0.0635
Ruth_Harlow_0001.jpg,ok,0.4740
Ruth_Harlow_0002.jpg,ok,0.5263
Ruth_Pearce_0001.jpg,ok,0.9089
Ruth_Stubbs_0001.jpg,ok,0.9185
Ryan_Drese_0001.jpg,ok,0.9853
Ryan_Goodman_0001.jpg,ok,0.7592
Ryan_Leaf_0001.jpg,ok,0.1582
Ryan_Newman_0001.jpg,ok,0.8271
Ryan_Nyquist_0001.jpg,ok,0.0962
SJ_Twu_0001.jpg,ok,0.0510
S_Jayakumar_0001.jpg,ok,0.2893
S_Jayakumar_0002.jpg,ok,0.4264
Saadi_Gadhafi_0001.jpg,ok,0.4459
Sabah_Al-Ahmad_Al-Jaber_Al-Sabah_0001.jpg,ok,0.1047
Saburo_Kawabuchi_0001.jpg,ok,0.3912
Saburo_Kawabuchi_0002.jpg,ok,0.2062
Sachiko_Yamada_0001.jpg,ok,0.1984
Sachiko_Yamada_0002.jpg,ok,0.0293
Sachiko_Yamada_0003.jpg,ok,0.0152
Sachiko_Yamada_0004.jpg,ok,0.3526
Sachin_Tendulkar_0001.jpg,ok,0.3744
Sada_Jacobson_0001.jpg,ok,0.3330
Sadam_Hassan_0001.jpg,ok,0.4125
Saddam_Hussein_0001.jpg,ok,0.9751
Saddam_Hussein_0002.jpg,ok,0.0574
Saddam_Hussein_0003.jpg,ok,0.1330
Saddam_Hussein_0004.jpg,ok,0.0239
Saddam_Hussein_0005.jpg,ok,0.0330
Saddam_Hussein_0006.jpg,ok,0.0728
Saddam_Hussein_0007.jpg,ok,0.0086
Saddam_Hussein_0008.jpg,ok,0.8841
Saddam_Hussein_0009.jpg,ok,0.0124
Saddam_Hussein_0010.jpg,ok,0.4341
Saddam_Hussein_0011.jpg,ok,0.0477
Saddam_Hussein_0012.jpg,ok,0.0692
Saddam_Hussein_0013.jpg,ok,0.7415
Saddam_Hussein_0014.jpg,ok,0.0716
Saddam_Hussein_0015.jpg,ok,0.0221
Saddam_Hussein_0016.jpg,ok,0.0564
Saddam_Hussein_0017.jpg,ok,0.0390
Saddam_Hussein_0018.jpg,ok,0.0629
Saddam_Hussein_0019.jpg,ok,0.5921
Saddam_Hussein_0020.jpg,ok,0.4880
Saddam_Hussein_0021.jpg,ok,0.0156
Saddam_Hussein_0022.jpg,ok,0.0145
Saddam_Hussein_0023.jpg,ok,0.0522
Sadie_Frost_0001.jpg,ok,0.8734
Sadie_Frost_0002.jpg,ok,0.5919
Sadie_Frost_0003.jpg,ok,0.2630
Saeb_Erekat_0001.jpg,ok,0.9803
Saeb_Erekat_0002.jpg,ok,0.1123
Saeed_Anwar_0001.jpg,ok,0.1027
Saeed_Mortazavi_0001.jpg,ok,0.0550
Sahim_Alwan_0001.jpg,ok,0.3088
Saied_Hadi_al_Mudarissi_0001.jpg,ok,0.0035
Sally_Clark_0001.jpg,ok,0.9270
Sally_Field_0001.jpg,ok,0.0048
Sally_Field_0002.jpg,ok,0.1290
Sally_Field_0003.jpg,ok,0.0020
Sally_Field_0004.jpg,ok,0.0798
Sally_Kirkland_0001.jpg,ok,0.3230
Sally_Kirkland_0002.jpg,ok,0.3490
Sally_Kirkland_0003.jpg,ok,0.9439
Sally_Kirkland_0004.jpg,ok,0.8204
Sally_Ride_0001.jpg,ok,0.7295
Sally_Ride_0002.jpg,ok,0.0106
Salma_Hayek_0001.jpg,ok,0.3627
Salma_Hayek_0002.jpg,ok,0.0044
Salma_Hayek_0003.jpg,ok,0.0485
Salma_Hayek_0004.jpg,ok,0.1286
Salma_Hayek_0005.jpg,ok,0.0204
Salma_Hayek_0006.jpg,ok,0.1505
Salma_Hayek_0007.jpg,ok,0.0721
Salma_Hayek_0008.jpg,ok,0.6972
Salma_Hayek_0009.jpg,ok,0.4855
Salma_Hayek_0010.jpg,ok,0.0014
Salma_Hayek_0011.jpg,ok,0.0310
Salma_Hayek_0012.jpg,ok,0.1514
Salma_Hayek_0013.jpg,ok,0.0586
Salman_Khan_0001.jpg,ok,0.0158
Salman_Rushdie_0001.jpg,ok,0.8975
Salman_Rushdie_0002.jpg,ok,0.3238
Salman_Rushdie_0003.jpg,ok,0.2158
Sam_Bith_0001.jpg,ok,0.0220
Sam_Bith_0002.jpg,ok,0.6438
Sam_Bith_0003.jpg,ok,0.7396
Sam_Brownback_0001.jpg,ok,0.6026
Sam_Gerald_0001.jpg,ok,0.9928
Sam_Mendes_0001.jpg,ok,0.0547
Sam_Mendes_0002.jpg,ok,0.0874
Sam_Rockwell_0001.jpg,ok,0.5061
Sam_Torrance_0001.jpg,ok,0.0256
Sam_Torrance_0002.jpg,ok,0.0631
Sam_Torrance_0003.jpg,ok,0.3498
Saman_Shali_0001.jpg,ok,0.8124
Samantha_Daniels_0001.jpg,ok,0.5228
Samantha_Ledster_0001.jpg,ok,0.0008
Sami_Al-Arian_0001.jpg,ok,0.6437
Samira_Makhmalbaf_0001.jpg,ok,0.0233
Samira_Makhmalbaf_0002.jpg,ok,0.0702
Sammy_Knight_0001.jpg,ok,0.1917
Sammy_Sosa_0001.jpg,ok,0.2280
Sammy_Sosa_0002.jpg,ok,0.7475
Samuel_Waksal_0001.jpg,ok,0.2816
Samuel_Waksal_0002.jpg,ok,0.8396
Samuel_Waksal_0003.jpg,ok,0.6012
Samuel_Waksal_0004.jpg,ok,0.3957
San_Lan_0001.jpg,ok,0.1868
Sananda_Maitreya_0001.jpg,ok,0.1081
Sandra_Banning_0001.jpg,ok,0.3079
Sandra_Bullock_0001.jpg,ok,0.0424
Sandra_Bullock_0002.jpg,ok,0.0091
Sandra_Bullock_0003.jpg,ok,0.1049
Sandra_Bullock_0004.jpg,ok,0.2784
Sandra_Ceccarelli_0001.jpg,ok,0.0405
Sandra_Day_OConner_0001.jpg,ok,0.9789
Sandra_Milo_0001.jpg,ok,0.4960
Sandra_Shamas_0001.jpg,ok,0.7907
Sandy_Smith_0001.jpg,ok,0.1120
Sandy_Wise_0001.jpg,ok,0.9716
Sanja_Papic_0001.jpg,ok,0.8146
Sanjay_Chawla_0001.jpg,ok,0.2364
Sanjay_Gupta_0001.jpg,ok,0.4172
Santiago_Botero_0001.jpg,ok,0.4100
Saoud_Al_Faisal_0001.jpg,ok,0.7350
Saparmurat_Niyazov_0001.jpg,ok,0.4602
Saparmurat_Niyazov_0002.jpg,ok,0.0379
Sara_Elisabeth_Ahmad_0001.jpg,ok,0.1931
Sara_Silverman_0001.jpg,ok,0.4385
Sarah_Canale_0001.jpg,ok,0.6268
Sarah_Hughes_0001.jpg,ok,0.0633
Sarah_Hughes_0002.jpg,ok,0.3251
Sarah_Hughes_0003.jpg,ok,0.2520
Sarah_Hughes_0004.jpg,ok,0.4597
Sarah_Hughes_0005.jpg,ok,0.5002
Sarah_Hughes_0006.jpg,ok,0.0964
Sarah_Jessica_Parker_0001.jpg,ok,0.8287
Sarah_Jessica_Parker_0002.jpg,ok,0.9967
Sarah_Jessica_Parker_0003.jpg,ok,0.3735
Sarah_Jessica_Parker_0004.jpg,ok,0.8903
Sarah_Jessica_Parker_0005.jpg,ok,0.5973
Sarah_Jessica_Parker_0006.jpg,ok,0.5939
Sarah_Michelle_Gellar_0001.jpg,ok,0.2909
Sarah_Michelle_Gellar_0002.jpg,ok,0.3383
Sarah_Michelle_Gellar_0003.jpg,ok,0.4005
Sarah_Price_0001.jpg,ok,0.4867
Sarah_Weddington_0001.jpg,ok,0.6033
Sarah_Wynter_0001.jpg,ok,0.4380
Sargis_Sargsian_0001.jpg,ok,0.5993
Sasha_Alexander_0001.jpg,ok,0.0644
Sasha_Cohen_0001.jpg,ok,0.1440
Satnarine_Sharma_0001.jpg,ok,0.8135
Scott_Blum_0001.jpg,ok,0.0690
Scott_Dalton_0001.jpg,ok,0.0679
Scott_Dickson_0001.jpg,ok,0.9625
Scott_Fawell_0001.jpg,ok,0.6676
Scott_Gorelick_0001.jpg,ok,0.9677
Scott_Hamilton_0001.jpg,ok,0.4871
Scott_Hoch_0001.jpg,ok,0.8221
Scott_Hubbard_0001.jpg,ok,0.0150
Scott_McClellan_0001.jpg,ok,0.0431
Scott_McClellan_0002.jpg,ok,0.4521
Scott_McClellan_0003.jpg,ok,0.2620
Scott_McClellan_0004.jpg,ok,0.7485
Scott_McClellan_0005.jpg,ok,0.0007
Scott_McNealy_0001.jpg,ok,0.4264
Scott_McNealy_0002.jpg,ok,0.0102
Scott_OGrady_0001.jpg,ok,0.7663
Scott_Peterson_0001.jpg,ok,0.2785
Scott_Peterson_0002.jpg,ok,0.9183
Scott_Peterson_0003.jpg,ok,0.3095
Scott_Peterson_0004.jpg,ok,0.5252
Scott_Peterson_0005.jpg,ok,0.6322
Scott_Ritter_0001.jpg,ok,0.0010
Scott_Ritter_0002.jpg,ok,0.3852
Scott_Rolen_0001.jpg,ok,0.4512
Scott_Rudin_0001.jpg,ok,0.3234
Scott_Rudin_0002.jpg,ok,0.0774
Scott_Sullivan_0001.jpg,ok,0.7769
Scott_Sullivan_0002.jpg,ok,0.4534
Scott_Verplank_0001.jpg,ok,0.0020
Scott_Wallach_0001.jpg,ok,0.0688
Scott_Weiland_0001.jpg,ok,0.3291
Scott_Wittman_0001.jpg,ok,0.5453
Scott_Wolf_0001.jpg,ok,0.0167
Scott_Wolf_0002.jpg,ok,0.2017
Scott_Yates_0001.jpg,ok,0.9390
Se_Hyuk_Joo_0001.jpg,ok,0.0752
Sean_Astin_0001.jpg,ok,0.0291
Sean_Astin_0002.jpg,ok,0.2307
Sean_Astin_0003.jpg,ok,0.9946
Sean_Combs_0001.jpg,ok,0.0568
Sean_Hayes_0001.jpg,ok,0.1235
Sean_Hayes_0002.jpg,ok,0.6964
Sean_OKeefe_0001.jpg,ok,0.0590
Sean_OKeefe_0002.jpg,ok,0.0016
Sean_OKeefe_0003.jpg,ok,0.8218
Sean_OKeefe_0004.jpg,ok,0.0024
Sean_OKeefe_0005.jpg,ok,0.8079
Sean_Patrick_OMalley_0001.jpg,ok,0.4972
Sean_Patrick_OMalley_0002.jpg,ok,0.3299
Sean_Patrick_OMalley_0003.jpg,ok,0.2920
Sean_Patrick_Thomas_0001.jpg,ok,0.8134
Sean_Penn_0001.jpg,ok,0.3637
Sean_Penn_0002.jpg,ok,0.4813
Sean_Penn_0003.jpg,ok,0.9319
Sean_Townsend_0001.jpg,ok,0.2225
Sebastian_Cuattrin_0001.jpg,ok,0.9350
Sebastian_Porto_0001.jpg,ok,0.5873
Sebastian_Saja_0001.jpg,ok,0.0235
Sebastian_Saja_0002.jpg,ok,0.5182
Sebastian_Saja_0003.jpg,ok,0.6043
Sebastien_Grosjean_0001.jpg,ok,0.0039
Sebastien_Grosjean_0002.jpg,ok,0.4361
Sebastien_Grosjean_0003.jpg,ok,0.3338
Sebastien_Grosjean_0004.jpg,ok,0.0332
Sedigh_Barmak_0001.jpg,ok,0.0065
Selma_Phoenix_0001.jpg,ok,0.4123
Sepp_Blatter_0001.jpg,ok,0.8371
Sepp_Blatter_0002.jpg,ok,0.6165
Sepp_Blatter_0003.jpg,ok,0.0387
Sepp_Blatter_0004.jpg,ok,0.0340
Serena_Karlan_0001.jpg,ok,0.3894
Serena_Williams_0001.jpg,ok,0.1292
Serena_Williams_0002.jpg,ok,0.2734
Serena_Williams_0003.jpg,ok,0.6637
Serena_Williams_0004.jpg,ok,0.1435
Serena_Williams_0005.jpg,ok,0.4145
Serena_Williams_0006.jpg,ok,0.0096
Serena_Williams_0007.jpg,ok,0.7168
Serena_Williams_0008.jpg,ok,0.5484
Serena_Williams_0009.jpg,ok,0.5812
Serena_Williams_0010.jpg,ok,0.2210
Serena_Williams_0011.jpg,ok,0.3428
Serena_Williams_0012.jpg,ok,0.0338
Serena_Williams_0013.jpg,ok,0.8080
Serena_Williams_0014.jpg,ok,0.8740
Serena_Williams_0015.jpg,ok,0.3911
Serena_Williams_0016.jpg,ok,0.2463
Serena_Williams_0017.jpg,ok,0.0332
Serena_Williams_0018.jpg,ok,0.0167
Serena_Williams_0019.jpg,ok,0.4751
Serena_Williams_0020.jpg,ok,0.7142
Serena_Williams_0021.jpg,ok,0.0080
Serena_Williams_0022.jpg,ok,0.0058
Serena_Williams_0023.jpg,ok,0.7995
Serena_Williams_0024.jpg,ok,0.0676
Serena_Williams_0025.jpg,ok,0.0524
Serena_Williams_0026.jpg,ok,0.3017
Serena_Williams_0027.jpg,ok,0.2063
Serena_Williams_0028.jpg,ok,0.0264
Serena_Williams_0029.jpg,ok,0.0077
Serena_Williams_0030.jpg,ok,0.2080
Serena_Williams_0031.jpg,ok,0.0128
Serena_Williams_0032.jpg,ok,0.2137
Serena_Williams_0033.jpg,ok,0.0358
Serena_Williams_0034.jpg,ok,0.1086
Serena_Williams_0035.jpg,ok,0.0183
Serena_Williams_0036.jpg,ok,0.0612
Serena_Williams_0037.jpg,ok,0.0961
Serena_Williams_0038.jpg,ok,0.8259
Serena_Williams_0039.jpg,ok,0.1831
Serena_Williams_0040.jpg,ok,0.8817
Serena_Williams_0041.jpg,ok,0.8255
Serena_Williams_0042.jpg,ok,0.5307
Serena_Williams_0043.jpg,ok,0.0127
Serena_Williams_0044.jpg,ok,0.4476
Serena_Williams_0045.jpg,ok,0.0576
Serena_Williams_0046.jpg,ok,0.0352
Serena_Williams_0047.jpg,ok,0.2831
Serena_Williams_0048.jpg,ok,0.3116
Serena_Williams_0049.jpg,ok,0.0173
Serena_Williams_0050.jpg,ok,0.1751
Serena_Williams_0051.jpg,ok,0.0212
Serena_Williams_0052.jpg,ok,0.6252
Sereyvuth_Kem_0001.jpg,ok,0.3170
Serge_Klarsfeld_0001.jpg,ok,0.5773
Serge_Melac_0001.jpg,ok,0.3116
Serge_Tchuruk_0001.jpg,ok,0.0571
Sergei_Alexandrovitch_Ordzhonikidze_0001.jpg,ok,0.6758
Sergei_Ivanov_0001.jpg,ok,0.5137
Sergei_Ivanov_0002.jpg,ok,0.0147
Sergei_Ivanov_0003.jpg,ok,0.5105
Sergei_Ivanov_0004.jpg,ok,0.8954
Sergei_Ivanov_0005.jpg,ok,0.9954
Sergei_Yastrzhembsky_0001.jpg,ok,0.7702
Sergei_Yushenkov_0001.jpg,ok,0.0007
Sergey_Lavrov_0001.jpg,ok,0.0550
Sergey_Lavrov_0002.jpg,ok,0.1452
Sergey_Lavrov_0003.jpg,ok,0.2798
Sergey_Lavrov_0004.jpg,ok,0.0419
Sergey_Lavrov_0005.jpg,ok,0.0305
Sergey_Lavrov_0006.jpg,ok,0.2163
Sergey_Lavrov_0007.jpg,ok,0.2989
Sergey_Lavrov_0008.jpg,ok,0.0265
Sergey_Lavrov_0009.jpg,ok,0.4462
Sergey_Lavrov_0010.jpg,ok,0.0158
Sergey_Lavrov_0011.jpg,ok,0.1997
Sergio_Castellitto_0001.jpg,ok,0.1309
Sergio_Garcia_0001.jpg,ok,0.2981
Sergio_Garcia_0002.jpg,ok,0.5061
Sergio_Vieira_De_Mello_0001.jpg,ok,0.1256
Sergio_Vieira_De_Mello_0002.jpg,ok,0.1988
Sergio_Vieira_De_Mello_0003.jpg,ok,0.0181
Sergio_Vieira_De_Mello_0004.jpg,ok,0.0096
Sergio_Vieira_De_Mello_0005.jpg,ok,0.2831
Sergio_Vieira_De_Mello_0006.jpg,ok,0.2768
Sergio_Vieira_De_Mello_0007.jpg,ok,0.4492
Sergio_Vieira_De_Mello_0008.jpg,ok,0.0884
Sergio_Vieira_De_Mello_0009.jpg,ok,0.1255
Sergio_Vieira_De_Mello_0010.jpg,ok,0.1117
Sergio_Vieira_De_Mello_0011.jpg,ok,0.2704
Seth_Gorney_0001.jpg,ok,0.1048
Severino_Antinori_0001.jpg,ok,0.9933
Seydou_Diarra_0001.jpg,ok,0.1296
Seymour_Cassell_0001.jpg,ok,0.8535
Shae-Lynn_Bourne_0001.jpg,ok,0.9980
Shafal_Mosed_0001.jpg,ok,0.7911
Shamai_Leibowitz_0001.jpg,ok,0.0228
Shane_Hmiel_0001.jpg,ok,0.9621
Shane_Loux_0001.jpg,ok,0.8438
Shane_Mosley_0001.jpg,ok,0.0182
Shane_Mosley_0002.jpg,ok,0.1154
Shane_Phillips_0001.jpg,ok,0.4780
Shane_Reynolds_0001.jpg,ok,0.3396
Shane_Warne_0001.jpg,ok,0.5611
Shane_Warne_0002.jpg,ok,0.9662
Shania_Twain_0001.jpg,ok,0.4366
Shanna_Zolman_0001.jpg,ok,0.0080
Shannon_OBrien_0001.jpg,ok,0.4888
Shannon_OBrien_0002.jpg,ok,0.5918
Shannyn_Sossamon_0001.jpg,ok,0.0062
Sharess_Harrell_0001.jpg,ok,0.7276
Sharon_Davis_0001.jpg,ok,0.9692
Sharon_Davis_0002.jpg,ok,0.0066
Sharon_Frey_0001.jpg,ok,0.6669
Sharon_Frey_0002.jpg,ok,0.2835
Sharon_Osbourne_0001.jpg,ok,0.0067
Sharon_Osbourne_0002.jpg,ok,0.0015
Sharon_Osbourne_0003.jpg,ok,0.1491
Sharon_Robinson_0001.jpg,ok,0.6198
Sharon_Stone_0001.jpg,ok,0.4190
Sharon_Stone_0002.jpg,ok,0.5387
Sharon_Stone_0003.jpg,ok,0.6739
Sharon_Stone_0004.jpg,ok,0.3477
Sharon_Stone_0005.jpg,ok,0.4396
Shaukat_Aziz_0001.jpg,ok,0.3305
Shaukat_Aziz_0002.jpg,ok,0.3016
Shaul_Mofaz_0001.jpg,ok,0.6086
Shaul_Mofaz_0002.jpg,ok,0.3646
Shaul_Mofaz_0003.jpg,ok,0.8969
Shaun_Pollock_0001.jpg,ok,0.2395
Shaun_Rusling_0001.jpg,ok,0.1929
Shavon_Earp_0001.jpg,ok,0.6797
Shawn_Bradley_0001.jpg,ok,0.0031
Shawn_Kemp_0001.jpg,ok,0.1544
Shawn_Marion_0001.jpg,ok,0.4017
Sheikh_Ahmed_Yassin_0001.jpg,ok,0.0761
Sheila_Copps_0001.jpg,ok,0.2161
Sheila_Copps_0002.jpg,ok,0.3761
Sheila_Copps_0003.jpg,ok,0.2834
Sheila_Copps_0004.jpg,ok,0.2353
Sheila_Fraser_0001.jpg,ok,0.6612
Sheila_Fraser_0002.jpg,ok,0.8243
Sheila_Taormina_0001.jpg,ok,0.0723
Sheila_Wellstone_0001.jpg,ok,0.4188
Sheila_Wellstone_0002.jpg,ok,0.1978
Sheldon_Silver_0001.jpg,ok,0.0021
Sherri_Coale_0001.jpg,ok,0.3849
Sherry_Fisher_0001.jpg,ok,0.2141
Sherry_Irving_0001.jpg,ok,0.0960
Sheryl_Crow_0001.jpg,ok,0.6456
Sheryl_Crow_0002.jpg,ok,0.2837
Sheryl_Crow_0003.jpg,ok,0.2267
Sheryl_Crow_0004.jpg,ok,0.4455
Sheryl_Crow_0005.jpg,ok,0.9313
Sheryl_Crow_0006.jpg,ok,0.4312
Sheryl_Crow_0007.jpg,ok,0.6317
Sheryl_Crow_0008.jpg,ok,0.3034
Shi_Guangsheng_0001.jpg,ok,0.8856
Shia_LaBeouf_0001.jpg,ok,0.8780
Shia_LaBeouf_0002.jpg,ok,0.2505
Shigeo_Nagashima_0001.jpg,ok,0.6296
Shigeru_Ishiba_0001.jpg,ok,0.3879
Shimon_Peres_0001.jpg,ok,0.0416
Shimon_Peres_0002.jpg,ok,0.8923
Shimon_Peres_0003.jpg,ok,0.4770
Shimon_Peres_0004.jpg,ok,0.9929
Shimon_Peres_0005.jpg,ok,0.7510
Shimon_Peres_0006.jpg,ok,0.9827
Shimon_Peres_0007.jpg,ok,0.9829
Shimon_Peres_0008.jpg,ok,0.6932
Shingo_Katayama_0001.jpg,ok,0.7795
Shingo_Suetsugu_0001.jpg,ok,0.1790
Shinya_Taniguchi_0001.jpg,ok,0.0975
Shinzo_Abe_0001.jpg,ok,0.0315
Shireen_Amir_Begum_0001.jpg,ok,0.3670
Shirley_Jones_0001.jpg,ok,0.9012
Shobha_De_0001.jpg,ok,0.1028
Shoshana_Johnson_0001.jpg,ok,0.4043
Shoshannah_Stern_0001.jpg,ok,0.0478
Sid_Caesar_0001.jpg,ok,0.0168
Sidney_Kimmel_0001.jpg,ok,0.3405
Sidney_Poitier_0001.jpg,ok,0.0777
Sigourney_Weaver_0001.jpg,ok,0.3887
Sila_Calderon_0001.jpg,ok,0.9972
Sila_Calderon_0002.jpg,ok,0.0829
Sila_Calderon_0003.jpg,ok,0.0025
Sila_Calderon_0004.jpg,ok,0.2321
Silvan_Shalom_0001.jpg,ok,0.8834
Silvan_Shalom_0002.jpg,ok,0.4396
Silvan_Shalom_0003.jpg,ok,0.8007
Silvan_Shalom_0004.jpg,ok,0.9885
Silvan_Shalom_0005.jpg,ok,0.7511
Silvan_Shalom_0006.jpg,ok,0.5501
Silvia_Farina_Elia_0001.jpg,ok,0.3470
Silvia_Farina_Elia_0002.jpg,ok,0.0185
Silvia_Farina_Elia_0003.jpg,ok,0.4967
Silvie_Cabero_0001.jpg,ok,0.9660
Silvio_Berlusconi_0001.jpg,ok,0.0114
Silvio_Berlusconi_0002.jpg,ok,0.8796
Silvio_Berlusconi_0003.jpg,ok,0.0587
Silvio_Berlusconi_0004.jpg,ok,0.4811
Silvio_Berlusconi_0005.jpg,ok,0.1134
Silvio_Berlusconi_0006.jpg,ok,0.1134
Silvio_Berlusconi_0007.jpg,ok,0.0823
Silvio_Berlusconi_0008.jpg,ok,0.9034
Silvio_Berlusconi_0009.jpg,ok,0.9179
Silvio_Berlusconi_0010.jpg,ok,0.2445
Silvio_Berlusconi_0011.jpg,ok,0.2496
Silvio_Berlusconi_0012.jpg,ok,0.2394
Silvio_Berlusconi_0013.jpg,ok,0.3197
Silvio_Berlusconi_0014.jpg,ok,0.0485
Silvio_Berlusconi_0015.jpg,ok,0.0009
Silvio_Berlusconi_0016.jpg,ok,0.5379
Silvio_Berlusconi_0017.jpg,ok,0.3757
Silvio_Berlusconi_0018.jpg,ok,0.5833
Silvio_Berlusconi_0019.jpg,ok,0.0820
Silvio_Berlusconi_0020.jpg,ok,0.4008
Silvio_Berlusconi_0021.jpg,ok,0.4478
Silvio_Berlusconi_0022.jpg,ok,0.0658
Silvio_Berlusconi_0023.jpg,ok,0.0484
Silvio_Berlusconi_0024.jpg,ok,0.3766
Silvio_Berlusconi_0025.jpg,ok,0.0495
Silvio_Berlusconi_0026.jpg,ok,0.1008
Silvio_Berlusconi_0027.jpg,ok,0.5432
Silvio_Berlusconi_0028.jpg,ok,0.0079
Silvio_Berlusconi_0029.jpg,ok,0.1910
Silvio_Berlusconi_0030.jpg,ok,0.4757
Silvio_Berlusconi_0031.jpg,ok,0.0139
Silvio_Berlusconi_0032.jpg,ok,0.6053
Silvio_Berlusconi_0033.jpg,ok,0.0094
Silvio_Fernandez_0001.jpg,ok,0.0522
Silvio_Fernandez_0002.jpg,ok,0.0573
Sim_Yong_0001.jpg,ok,0.0309
Simon_Chalk_0001.jpg,ok,0.8846
Simon_Cowell_0001.jpg,ok,0.1055
Simon_Cowell_0002.jpg,ok,0.7450
Simon_Larose_0001.jpg,ok,0.0294
Simon_Yam_0001.jpg,ok,0.7919
Simona_Hradil_0001.jpg,ok,0.2654
Sinead_OConnor_0001.jpg,ok,0.7252
Sivan_Klein_0001.jpg,ok,0.4608
Skip_Prosser_0001.jpg,ok,0.7349
Slobodan_Milosevic_0001.jpg,ok,0.5946
Slobodan_Milosevic_0002.jpg,ok,0.5066
Slobodan_Milosevic_0003.jpg,ok,0.3972
Slobodan_Milosevic_0004.jpg,ok,0.3453
Soenarno_0001.jpg,ok,0.5946
Sofia_Milos_0001.jpg,ok,0.0424
Sofyan_Dawood_0001.jpg,ok,0.8896
Sohail_Abbas_0001.jpg,ok,0.0790
Sok_An_0001.jpg,ok,0.2266
Solomon_Passy_0001.jpg,ok,0.4340
Sonia_Gandhi_0001.jpg,ok,0.7355
Sonia_Gandhi_0002.jpg,ok,0.2390
Sonia_Gandhi_0003.jpg,ok,0.0180
Sonia_Gandhi_0004.jpg,ok,0.0142
Sonia_Lopez_0001.jpg,ok,0.9293
Sonja_Kesselschlager_0001.jpg,ok,0.2080
Sonya_Walger_0001.jpg,ok,0.3197
Soon_Yi_0001.jpg,ok,0.4953
Sophia_Loren_0001.jpg,ok,0.5804
Sophia_Loren_0002.jpg,ok,0.1339
Sophia_Loren_0003.jpg,ok,0.9364
Sophia_Loren_0004.jpg,ok,0.9347
Sophia_Loren_0005.jpg,ok,0.0706
Sophia_Loren_0006.jpg,ok,0.7006
Sophia_Loren_0007.jpg,ok,0.2324
Sophie_0001.jpg,ok,0.3021
Sourav_Ganguly_0001.jpg,ok,0.8466
Sourav_Ganguly_0002.jpg,ok,0.4542
Sourav_Ganguly_0003.jpg,ok,0.1187
Sourav_Ganguly_0004.jpg,ok,0.5771
Sourav_Ganguly_0005.jpg,ok,0.4569
Spencer_Abraham_0001.jpg,ok,0.0540
Spencer_Abraham_0002.jpg,ok,0.1485
Spencer_Abraham_0003.jpg,ok,0.4781
Spencer_Abraham_0004.jpg,ok,0.0317
Spencer_Abraham_0005.jpg,ok,0.1124
Spencer_Abraham_0006.jpg,ok,0.1906
Spencer_Abraham_0007.jpg,ok,0.0044
Spencer_Abraham_0008.jpg,ok,0.0097
Spencer_Abraham_0009.jpg,ok,0.4351
Spencer_Abraham_0010.jpg,ok,0.0011
Spencer_Abraham_0011.jpg,ok,0.0566
Spencer_Abraham_0012.jpg,ok,0.0934
Spencer_Abraham_0013.jpg,ok,0.2149
Spencer_Abraham_0014.jpg,ok,0.4800
Spencer_Abraham_0015.jpg,ok,0.4265
Spencer_Abraham_0016.jpg,ok,0.2216
Spencer_Abraham_0017.jpg,ok,0.3468
Spike_Helmick_0001.jpg,ok,0.0037
Spike_Jonze_0001.jpg,ok,0.9016
Spike_Lee_0001.jpg,ok,0.4896
Stacey_Dales-Schuman_0001.jpg,ok,0.4121
Stacey_Jones_0001.jpg,ok,0.0140
Stacey_Yamaguchi_0001.jpg,ok,0.0346
Stacy_Dragila_0001.jpg,ok,0.7921
Stacy_Dragila_0002.jpg,ok,0.0028
Stacy_Nelson_0001.jpg,ok,0.8254
Stan_Heath_0001.jpg,ok,0.4944
Stan_Heath_0002.jpg,ok,0.2844
Stan_Kasten_0001.jpg,ok,0.0052
Stan_Kroenke_0001.jpg,ok,0.3277
Stanislas_Wawrinka_0001.jpg,ok,0.2569
Stanley_Ho_0001.jpg,ok,0.2396
Stanley_McChrystal_0001.jpg,ok,0.8325
Stanley_McChrystal_0002.jpg,ok,0.2655
Stanley_McChrystal_0003.jpg,ok,0.0060
Stanley_Nelson_0001.jpg,ok,0.0889
Stanley_Tong_0001.jpg,ok,0.1497
Stanley_Tong_0002.jpg,ok,0.4890
Stefaan_Declerk_0001.jpg,ok,0.0063
Stefan_Holm_0001.jpg,ok,0.0124
Stefan_Koubek_0001.jpg,ok,0.3351
Stefan_Tafrov_0001.jpg,ok,0.1182
Stefanie_De_Roux_0001.jpg,ok,0.9990
Stefano_Accorsi_0001.jpg,ok,0.1002
Stefano_Accorsi_0002.jpg,ok,0.1532
Stefano_Basalini_0001.jpg,ok,0.6950
Stefano_Gabbana_0001.jpg,ok,0.3861
Steffeny_Holtz_0001.jpg,ok,0.0283
Steffi_Graf_0001.jpg,ok,0.0994
Steffi_Graf_0002.jpg,ok,0.1244
Steffi_Graf_0003.jpg,ok,0.3129
Steffi_Graf_0004.jpg,ok,0.5978
Steffi_Graf_0005.jpg,ok,0.4166
Stella_Keitel_0001.jpg,ok,0.1452
Stella_McCartney_0001.jpg,ok,0.6836
Stella_Tennant_0001.jpg,ok,0.0403
Stellan_Skarsgard_0001.jpg,ok,0.9643
Stellan_Skarsgard_0002.jpg,ok,0.9149
Steny_Hoyer_0001.jpg,ok,0.1598
Stepan_Demirchian_0001.jpg,ok,0.4665
Stephan_Eberharter_0001.jpg,ok,0.1533
Stephane_Delajoux_0001.jpg,ok,0.1601
Stephane_Rochon_0001.jpg,ok,0.0397
Stephane_Rousseau_0001.jpg,ok,0.1012
Stephanie_Cohen_Aloro_0001.jpg,ok,0.0004
Stephanie_Moore_0001.jpg,ok,0.7641
Stephanie_Zimbalist_0001.jpg,ok,0.7398
Stephen_Ambrose_0001.jpg,ok,0.8157
Stephen_Ambrose_0002.jpg,ok,0.9386
Stephen_Arigbabu_0001.jpg,ok,0.1274
Stephen_Cooper_0001.jpg,ok,0.0809
Stephen_Covey_0001.jpg,ok,0.9936
Stephen_Crampton_0001.jpg,ok,0.9878
Stephen_Daldry_0001.jpg,ok,0.5302
Stephen_Daldry_0002.jpg,ok,0.1497
Stephen_Ebberharter_0001.jpg,ok,0.8157
Stephen_Frears_0001.jpg,ok,0.0982
Stephen_Friedman_0001.jpg,ok,0.9026
Stephen_Friedman_0002.jpg,ok,0.2351
Stephen_Funk_0001.jpg,ok,0.1615
Stephen_Glassroth_0001.jpg,ok,0.9741
Stephen_Joseph_0001.jpg,ok,0.1103
Stephen_Keener_0001.jpg,ok,0.2958
Stephen_Oake_0001.jpg,ok,0.8840
Stephen_Push_0001.jpg,ok,0.0049
Stephen_Silas_0001.jpg,ok,0.2291
Stephen_Swindal_0001.jpg,ok,0.6422
Stephen_Thompson_0001.jpg,ok,0.0079
Stephen_Webster_0001.jpg,ok,0.0337
Sterling_Hitchcock_0001.jpg,ok,0.1654
Steve-O_0001.jpg,ok,0.3488
Steve_Alford_0001.jpg,ok,0.0127
Steve_Allan_0001.jpg,ok,0.1310
Steve_Allee_0001.jpg,ok,0.0283
Steve_Austin_0001.jpg,ok,0.2494
Steve_Avery_0001.jpg,ok,0.3961
Steve_Backley_0001.jpg,ok,0.1214
Steve_Backley_0002.jpg,ok,0.5853
Steve_Ballmer_0001.jpg,ok,0.5416
Steve_Ballmer_0002.jpg,ok,0.8747
Steve_Ballmer_0003.jpg,ok,0.1265
Steve_Blake_0001.jpg,ok,0.0790
Steve_Blankenship_0001.jpg,ok,0.0126
Steve_Case_0001.jpg,ok,0.0070
Steve_Coogan_0001.jpg,ok,0.1670
Steve_Coterill_0001.jpg,ok,0.4559
Steve_Cox_0001.jpg,ok,0.9461
Steve_Cutler_0001.jpg,ok,0.0719
Steve_Fehr_0001.jpg,ok,0.0010
Steve_Karsay_0001.jpg,ok,0.1436
Steve_Kerr_0001.jpg,ok,0.0160
Steve_Largent_0001.jpg,ok,0.2670
Steve_Lavin_0001.jpg,ok,0.0393
Steve_Lavin_0002.jpg,ok,0.0252
Steve_Lavin_0003.jpg,ok,0.1748
Steve_Lavin_0004.jpg,ok,0.0130
Steve_Lavin_0005.jpg,ok,0.2892
Steve_Lavin_0006.jpg,ok,0.5529
Steve_Lenard_0001.jpg,ok,0.6565
Steve_Mariucci_0001.jpg,ok,0.3166
Steve_Mariucci_0002.jpg,ok,0.7458
Steve_Mariucci_0003.jpg,ok,0.0247
Steve_McManaman_0001.jpg,ok,0.9928
Steve_Nash_0001.jpg,ok,0.4659
Steve_Nash_0002.jpg,ok,0.0365
Steve_Nash_0003.jpg,ok,0.1362
Steve_Nash_0004.jpg,ok,0.2875
Steve_Nash_0005.jpg,ok,0.0229
Steve_Nesbitt_0001.jpg,ok,0.8983
Steve_Pagliuca_0001.jpg,ok,0.2637
Steve_Park_0001.jpg,ok,0.8740
Steve_Park_0002.jpg,ok,0.5385
Steve_Patterson_0001.jpg,ok,0.2225
Steve_Peace_0001.jpg,ok,0.1422
Steve_Phillips_0001.jpg,ok,0.1284
Steve_Redgrave_0001.jpg,ok,0.4512
Steve_Rush_0001.jpg,ok,0.6355
Steve_Shiver_0001.jpg,ok,0.2270
Steve_Spurrier_0001.jpg,ok,0.1289
Steve_Spurrier_0002.jpg,ok,0.4813
Steve_Stirling_0001.jpg,ok,0.6373
Steve_Valentine_0001.jpg,ok,0.1532
Steve_Wariner_0001.jpg,ok,0.0121
Steve_Waugh_0001.jpg,ok,0.0165
Steve_Waugh_0002.jpg,ok,0.3859
Steve_Zahn_0001.jpg,ok,0.9129
Steven_Briggs_0001.jpg,ok,0.1045
Steven_Craig_0001.jpg,ok,0.9923
Steven_Curtis_Chapman_0001.jpg,ok,0.9902
Steven_Feldman_0001.jpg,ok,0.5060
Steven_Hatfill_0001.jpg,ok,0.5646
Steven_Hatfill_0002.jpg,ok,0.0320
Steven_Kinlock_0001.jpg,ok,0.0499
Steven_Seagal_0001.jpg,ok,0.1107
Steven_Seagal_0002.jpg,ok,0.6631
Steven_Spielberg_0001.jpg,ok,0.5497
Steven_Spielberg_0002.jpg,ok,0.9994
Steven_Spielberg_0003.jpg,ok,0.6949
Steven_Spielberg_0004.jpg,ok,0.2383
Steven_Spielberg_0005.jpg,ok,0.3031
Steven_Spielberg_0006.jpg,ok,0.6039
Steven_Spielberg_0007.jpg,ok,0.9498
Steven_Tyler_0001.jpg,ok,0.1016
Steven_Van_Zandt_0001.jpg,ok,0.5424
Stipe_Mesic_0001.jpg,ok,0.3163
Stockard_Channing_0001.jpg,ok,0.4007
Stockard_Channing_0002.jpg,ok,0.2010
Stockard_Channing_0003.jpg,ok,0.3168
Strom_Thurmond_0001.jpg,ok,0.9570
Strom_Thurmond_0002.jpg,ok,0.4636
Strom_Thurmond_0003.jpg,ok,0.5753
Stuart_Knoll_0001.jpg,ok,0.5001
Stuart_Townsend_0001.jpg,ok,0.1149
Stuart_Whitman_0001.jpg,ok,0.0177
Sue_Grafton_0001.jpg,ok,0.3573
Sue_Guevara_0001.jpg,ok,0.1181
Sue_Johnston_0001.jpg,ok,0.6877
Sue_Slavec_0001.jpg,ok,0.8295
Sue_Wicks_0001.jpg,ok,0.0193
Sue_Wicks_0002.jpg,ok,0.4483
Suh_Chung-won_0001.jpg,ok,0.8575
Suh_Young-hoon_0001.jpg,ok,0.2803
Suk_Chung_Hong_0001.jpg,ok,0.5968
Sultan_Qaboos_0001.jpg,ok,0.7741
Sun_Myung_Moon_0001.jpg,ok,0.0186
Sung_Hong_Choi_0001.jpg,ok,0.4101
Supachai_Panitchpakdi_0001.jpg,ok,0.3900
Surakait_Sathirathai_0001.jpg,ok,0.0845
Surakait_Sathirathai_0002.jpg,ok,0.0430
Sureyya_Ayhan_0001.jpg,ok,0.0814
Surya_Bahadur_Thapa_0001.jpg,ok,0.3988
Susan_Collins_0001.jpg,ok,0.0025
Susan_Collins_0002.jpg,ok,0.0125
Susan_Sarandon_0001.jpg,ok,0.3305
Susan_Sarandon_0002.jpg,ok,0.9017
Susan_Sarandon_0003.jpg,ok,0.1571
Susan_Sarandon_0004.jpg,ok,0.9891
Susan_Sarandon_0005.jpg,ok,0.3672
Susan_Sarandon_0006.jpg,ok,0.7605
Susan_Walvius_0001.jpg,ok,0.5112
Susan_Whelan_0001.jpg,ok,0.0499
Sushma_Swaraj_0001.jpg,ok,0.7816
Susie_Castillo_0001.jpg,ok,0.0473
Susie_Castillo_0002.jpg,ok,0.0504
Susilo_Bambang_Yudhoyono_0001.jpg,ok,0.1281
Susilo_Bambang_Yudhoyono_0002.jpg,ok,0.0691
Susilo_Bambang_Yudhoyono_0003.jpg,ok,0.0589
Susilo_Bambang_Yudhoyono_0004.jpg,ok,0.1751
Suzanne_Fox_0001.jpg,ok,0.3256
Suzanne_Gaudet_0001.jpg,ok,0.3320
Suzanne_Gaudet_0002.jpg,ok,0.1165
Suzanne_Haik_Terrell_0001.jpg,ok,0.0050
Suzanne_Mubarak_0001.jpg,ok,0.2636
Suzanne_Somers_0001.jpg,ok,0.2401
Suzanne_Torrance_0001.jpg,ok,0.3309
Suzie_McConnell_Serio_0001.jpg,ok,0.2191
Sven_Goran_Eriksson_0001.jpg,ok,0.9718
Sven_Ottke_0001.jpg,ok,0.0151
Svend_Aage_Jensby_0001.jpg,ok,0.9184
Svend_Robinson_0001.jpg,ok,0.0572
Svetislav_Pesic_0001.jpg,ok,0.2046
Svetlana_Belousova_0001.jpg,ok,0.0143
Svetlana_Koroleva_0001.jpg,ok,0.5665
Svetlana_Koroleva_0002.jpg,ok,0.4485
Svetoslav_Todorov_0001.jpg,ok,0.0864
Sybille_Schmid_0001.jpg,ok,0.4708
Syed_Abdul_Rahman_Geelani_0001.jpg,ok,0.3953
Syed_Ibrahim_0001.jpg,ok,0.9919
Sylvester_Stallone_0001.jpg,ok,0.2040
Sylvester_Stallone_0002.jpg,ok,0.0003
Sylvester_Stallone_0003.jpg,ok,0.1517
Sylvester_Stallone_0004.jpg,ok,0.6499
Sylvester_Stallone_0005.jpg,ok,0.6716
Sylvester_Stallone_0006.jpg,ok,0.0009
Sylvester_Stallone_0007.jpg,ok,0.2638
Sylvester_Stallone_0008.jpg,ok,0.0343
Sylvester_Stallone_0009.jpg,ok,0.0664
Sylvia_Plachy_0001.jpg,ok,0.4074
Sylvie_Guillem_0001.jpg,ok,0.0042
Szu_Yu_Chen_0001.jpg,ok,0.0178
TA_McLendon_0001.jpg,ok,0.3925
TJ_Ford_0001.jpg,ok,0.4615
T_Boone_Pickens_0001.jpg,ok,0.4138
Tab_Baldwin_0001.jpg,ok,0.7442
Tab_Turner_0001.jpg,ok,0.9933
Tabare_Vazquez_0001.jpg,ok,0.1933
Taha_Yassin_Ramadan_0001.jpg,ok,0.9506
Taha_Yassin_Ramadan_0002.jpg,ok,0.2327
Taha_Yassin_Ramadan_0003.jpg,ok,0.2173
Taha_Yassin_Ramadan_0004.jpg,ok,0.5847
Taha_Yassin_Ramadan_0005.jpg,ok,0.7047
Taha_Yassin_Ramadan_0006.jpg,ok,0.5439
Taha_Yassin_Ramadan_0007.jpg,ok,0.4887
Taha_Yassin_Ramadan_0008.jpg,ok,0.4714
Taha_Yassin_Ramadan_0009.jpg,ok,0.9434
Taha_Yassin_Ramadan_0010.jpg,ok,0.0663
Taha_Yassin_Ramadan_0011.jpg,ok,0.1882
Taha_Yassin_Ramadan_0012.jpg,ok,0.2208
Taha_Yassin_Ramadan_0013.jpg,ok,0.6694
Taha_Yassin_Ramadan_0014.jpg,ok,0.2801
Taha_Yassin_Ramadan_0015.jpg,ok,0.0012
Taia_Balk_0001.jpg,ok,0.1487
Takahiro_Mori_0001.jpg,ok,0.0475
Takaloo_0001.jpg,ok,0.7366
Takashi_Sorimachi_0001.jpg,ok,0.2380
Takashi_Sorimachi_0002.jpg,ok,0.3657
Takashi_Yamamoto_0001.jpg,ok,0.1014
Takenori_Kanzaki_0001.jpg,ok,0.3920
Takeo_Fukui_0001.jpg,ok,0.0632
Takeo_Hiranuma_0001.jpg,ok,0.7203
Takeshi_Kitano_0001.jpg,ok,0.1922
Taku_Yamasaki_0001.jpg,ok,0.5410
Takuma_Sato_0001.jpg,ok,0.0440
Talal_Keenaan_0001.jpg,ok,0.0100
Tali_Imani_0001.jpg,ok,0.1553
Talisa_Bratt_0001.jpg,ok,0.0156
Talisa_Soto_0001.jpg,ok,0.0140
Tamara_Brooks_0001.jpg,ok,0.6301
Tamara_Brooks_0002.jpg,ok,0.0767
Tamara_Mowry_0001.jpg,ok,0.4885
Tamara_Stokes_0001.jpg,ok,0.2752
Tamika_Catchings_0001.jpg,ok,0.0844
Tammy_Helm_0001.jpg,ok,0.7100
Tammy_Lynn_Michaels_0001.jpg,ok,0.9964
Tammy_Lynn_Michaels_0002.jpg,ok,0.9520
Tang_Jiaxuan_0001.jpg,ok,0.0296
Tang_Jiaxuan_0002.jpg,ok,0.1425
Tang_Jiaxuan_0003.jpg,ok,0.5532
Tang_Jiaxuan_0004.jpg,ok,0.6710
Tang_Jiaxuan_0005.jpg,ok,0.0723
Tang_Jiaxuan_0006.jpg,ok,0.2708
Tang_Jiaxuan_0007.jpg,ok,0.0303
Tang_Jiaxuan_0008.jpg,ok,0.3567
Tang_Jiaxuan_0009.jpg,ok,0.0187
Tang_Jiaxuan_0010.jpg,ok,0.3091
Tang_Jiaxuan_0011.jpg,ok,0.6583
Tangra_Riggle_0001.jpg,ok,0.8728
Tanya_Holyk_0001.jpg,ok,0.1018
Tanya_Lindenmuth_0001.jpg,ok,0.8304
Taoufik_Mathlouthi_0001.jpg,ok,0.5488
Tara_Dawn_Christensen_0001.jpg,ok,0.6191
Tara_Kirk_0001.jpg,ok,0.0062
Tara_Reid_0001.jpg,ok,0.0128
Tara_VanDerveer_0001.jpg,ok,0.1557
Tariq_Aziz_0001.jpg,ok,0.7470
Tariq_Aziz_0002.jpg,ok,0.8494
Tariq_Aziz_0003.jpg,ok,0.1866
Tariq_Aziz_0004.jpg,ok,0.6499
Tariq_Aziz_0005.jpg,ok,0.0041
Tariq_Aziz_0006.jpg,ok,0.7959
Tassos_Papadopoulos_0001.jpg,ok,0.9897
Tassos_Papadopoulos_0002.jpg,ok,0.3582
Tassos_Papadopoulos_0003.jpg,ok,0.8663
Tatiana_Gratcheva_0001.jpg,ok,0.1170
Tatiana_Kennedy_Schlossberg_0001.jpg,ok,0.1871
Tatiana_Panova_0001.jpg,ok,0.1750
Tatiana_Paus_0001.jpg,ok,0.1624
Tatiana_Shchegoleva_0001.jpg,ok,0.0038
Tatjana_Gsell_0001.jpg,ok,0.1409
Tatsuya_Fuji_0001.jpg,ok,0.0167
Tatyana_Tomashova_0001.jpg,ok,0.2548
Taufik_Hidayat_0001.jpg,ok,0.0341
Taufik_Hidayat_0002.jpg,ok,0.0065
Taufik_Hidayat_0003.jpg,ok,0.0185
Taufik_Kiemas_0001.jpg,ok,0.0164
Tavis_Smiley_0001.jpg,ok,0.0887
Taylor_Twellman_0001.jpg,ok,0.3412
Taylyn_Solomon_0001.jpg,ok,0.2987
Tayshaun_Prince_0001.jpg,ok,0.6586
Tayyeb_Abdel_Rahim_0001.jpg,ok,0.0112
Ted_Christopher_0001.jpg,ok,0.1912
Ted_Costa_0001.jpg,ok,0.1326
Ted_Maher_0001.jpg,ok,0.6775
Ted_Maher_0002.jpg,ok,0.5012
Ted_Nolan_0001.jpg,ok,0.1236
Ted_Turner_0001.jpg,ok,0.6605
Ted_Washington_0001.jpg,ok,0.6066
Ted_Williams_0001.jpg,ok,0.5656
Teddy_Kollek_0001.jpg,ok,0.9467
Terence_Newman_0001.jpg,ok,0.6181
Teresa_Graves_0001.jpg,ok,0.5397
Teresa_Heinz_Kerry_0001.jpg,ok,0.3249
Teresa_Williams_0001.jpg,ok,0.3407
Teresa_Worbis_0001.jpg,ok,0.2287
Teri_Files_0001.jpg,ok,0.1704
Teri_Garr_0001.jpg,ok,0.1189
Teri_ORourke_0001.jpg,ok,0.9962
Terje_Roed-Larsen_0001.jpg,ok,0.1342
Terje_Roed-Larsen_0002.jpg,ok,0.1399
Terrell_Suggs_0001.jpg,ok,0.7236
Terrell_Suggs_0002.jpg,ok,0.0725
Terrence_Kiel_0001.jpg,ok,0.3936
Terrence_Trammell_0001.jpg,ok,0.2317
Terri_Clark_0001.jpg,ok,0.0942
Terry_Bradshaw_0001.jpg,ok,0.8214
Terry_Gilliam_0001.jpg,ok,0.1436
Terry_Hoeppner_0001.jpg,ok,0.3760
Terry_Lynn_Barton_0001.jpg,ok,0.2399
Terry_McAuliffe_0001.jpg,ok,0.8652
Terry_McAuliffe_0002.jpg,ok,0.1671
Terry_McAuliffe_0003.jpg,ok,0.0052
Terry_Semel_0001.jpg,ok,0.0013
Terry_Stotts_0001.jpg,ok,0.4394
Terry_Stotts_0002.jpg,ok,0.2744
Teruaki_Masumoto_0001.jpg,ok,0.1272
Terunobu_Maeda_0001.jpg,ok,0.3019
Tessa_Jowell_0001.jpg,ok,0.2570
Tex_Ritter_0001.jpg,ok,0.9924
Thabo_Mbeki_0001.jpg,ok,0.6422
Thabo_Mbeki_0002.jpg,ok,0.8193
Thabo_Mbeki_0003.jpg,ok,0.0434
Thabo_Mbeki_0004.jpg,ok,0.0912
Thabo_Mbeki_0005.jpg,ok,0.1501
Thad_Matta_0001.jpg,ok,0.3225
Thaksin_Shinawatra_0001.jpg,ok,0.8841
Thaksin_Shinawatra_0002.jpg,ok,0.6325
Thaksin_Shinawatra_0003.jpg,ok,0.2825
Thaksin_Shinawatra_0004.jpg,ok,0.8188
Thaksin_Shinawatra_0005.jpg,ok,0.9068
Thaksin_Shinawatra_0006.jpg,ok,0.9705
Thalia_0001.jpg,ok,0.8444
Thanongsak_Tuvinan_0001.jpg,ok,0.1669
Theo_Angelopoulos_0001.jpg,ok,0.4566
Theo_Epstein_0001.jpg,ok,0.1364
Theo_Epstein_0002.jpg,ok,0.6979
Theodore_Tweed_Roosevelt_0001.jpg,ok,0.3983
Theodore_Tweed_Roosevelt_0002.jpg,ok,0.9121
Theodore_Tweed_Roosevelt_0003.jpg,ok,0.6233
Theresa_Gattung_0001.jpg,ok,0.2841
Theresa_May_0001.jpg,ok,0.0316
Theresa_May_0002.jpg,ok,0.1670
Theresa_May_0003.jpg,ok,0.2460
Thierry_Falise_0001.jpg,ok,0.2240
Thierry_Falise_0002.jpg,ok,0.4521
Thierry_Falise_0003.jpg,ok,0.4931
Thierry_Mariani_0001.jpg,ok,0.3817
Thomas_Birmingham_0001.jpg,ok,0.5214
Thomas_Birmingham_0002.jpg,ok,0.1134
Thomas_Bjorn_0001.jpg,ok,0.4378
Thomas_Bjorn_0002.jpg,ok,0.0152
Thomas_Cloyd_0001.jpg,ok,0.2545
Thomas_Daily_0001.jpg,ok,0.9478
Thomas_Day_0001.jpg,ok,0.0962
Thomas_Enqvist_0001.jpg,ok,0.0026
Thomas_Fargo_0001.jpg,ok,0.0004
Thomas_Fargo_0002.jpg,ok,0.0283
Thomas_Fargo_0003.jpg,ok,0.1182
Thomas_Fargo_0004.jpg,ok,0.6875
Thomas_Ferguson_0001.jpg,ok,0.5472
Thomas_Franklin_0001.jpg,ok,0.0190
Thomas_Gottschalk_0001.jpg,ok,0.5679
Thomas_Haeggstroem_0001.jpg,ok,0.0935
Thomas_Kelly_0001.jpg,ok,0.3891
Thomas_Klestil_0001.jpg,ok,0.5213
Thomas_Malchow_0001.jpg,ok,0.1186
Thomas_Malchow_0002.jpg,ok,0.2038
Thomas_Manger_0001.jpg,ok,0.9485
Thomas_Mesereau_Jr_0001.jpg,ok,0.5030
Thomas_OBrien_0001.jpg,ok,0.4914
Thomas_OBrien_0002.jpg,ok,0.5280
Thomas_OBrien_0003.jpg,ok,0.3523
Thomas_OBrien_0004.jpg,ok,0.8535
Thomas_OBrien_0005.jpg,ok,0.8210
Thomas_OBrien_0006.jpg,ok,0.8249
Thomas_OBrien_0007.jpg,ok,0.8767
Thomas_OBrien_0008.jpg,ok,0.1076
Thomas_OBrien_0009.jpg,ok,0.6717
Thomas_Rupprath_0001.jpg,ok,0.3409
Thomas_Rupprath_0002.jpg,ok,0.6296
Thomas_Rupprath_0003.jpg,ok,0.7317
Thomas_Scavone_0001.jpg,ok,0.0003
Thomas_Stewart_0001.jpg,ok,0.9435
Thomas_Ulrich_0001.jpg,ok,0.6541
Thomas_Van_Essen_0001.jpg,ok,0.5710
Thomas_Watjen_0001.jpg,ok,0.5091
Thomas_Weston_0001.jpg,ok,0.6721
Thomas_Wilkens_0001.jpg,ok,0.8964
Thomas_Wyman_0001.jpg,ok,0.8876
Thomas_Wyman_0002.jpg,ok,0.9937
Thor_Pedersen_0001.jpg,ok,0.1348
Tia_Mowry_0001.jpg,ok,0.2664
Tiago_Splitter_0001.jpg,ok,0.0574
Tian_Liang_0001.jpg,ok,0.1017
Tian_Zhuang_Zhuang_0001.jpg,ok,0.0650
Tiffany_Limos_0001.jpg,ok,0.3458
Tiger_Woods_0001.jpg,ok,0.5203
Tiger_Woods_0002.jpg,ok,0.0755
Tiger_Woods_0003.jpg,ok,0.4782
Tiger_Woods_0004.jpg,ok,0.2477
Tiger_Woods_0005.jpg,ok,0.0017
Tiger_Woods_0006.jpg,ok,0.1018
Tiger_Woods_0007.jpg,ok,0.1201
Tiger_Woods_0008.jpg,ok,0.0842
Tiger_Woods_0009.jpg,ok,0.0753
Tiger_Woods_0010.jpg,ok,0.4414
Tiger_Woods_0011.jpg,ok,0.1039
Tiger_Woods_0012.jpg,ok,0.3459
Tiger_Woods_0013.jpg,ok,0.3260
Tiger_Woods_0014.jpg,ok,0.5734
Tiger_Woods_0015.jpg,ok,0.4565
Tiger_Woods_0016.jpg,ok,0.6987
Tiger_Woods_0017.jpg,ok,0.6210
Tiger_Woods_0018.jpg,ok,0.4154
Tiger_Woods_0019.jpg,ok,0.6273
Tiger_Woods_0020.jpg,ok,0.3602
Tiger_Woods_0021.jpg,ok,0.0326
Tiger_Woods_0022.jpg,ok,0.4166
Tiger_Woods_0023.jpg,ok,0.5663
Tim_Allen_0001.jpg,ok,0.4957
Tim_Allen_0002.jpg,ok,0.7459
Tim_Allen_0003.jpg,ok,0.9701
Tim_Allen_0004.jpg,ok,0.9065
Tim_Blake_Nelson_0001.jpg,ok,0.3208
Tim_Chapman_0001.jpg,ok,0.4028
Tim_Chapman_0002.jpg,ok,0.2674
Tim_Conway_0001.jpg,ok,0.5589
Tim_Conway_0002.jpg,ok,0.7000
Tim_Conway_0003.jpg,ok,0.0031
Tim_Curley_0001.jpg,ok,0.5082
Tim_Curry_0001.jpg,ok,0.1160
Tim_Curry_0002.jpg,ok,0.0038
Tim_Duncan_0001.jpg,ok,0.0021
Tim_Duncan_0002.jpg,ok,0.3085
Tim_Duncan_0003.jpg,ok,0.0154
Tim_Duncan_0004.jpg,ok,0.0560
Tim_Floyd_0001.jpg,ok,0.1712
Tim_Floyd_0002.jpg,ok,0.4379
Tim_Henman_0001.jpg,ok,0.0355
Tim_Henman_0002.jpg,ok,0.1481
Tim_Henman_0003.jpg,ok,0.1248
Tim_Henman_0004.jpg,ok,0.0192
Tim_Henman_0005.jpg,ok,0.4816
Tim_Henman_0006.jpg,ok,0.0049
Tim_Henman_0007.jpg,ok,0.0950
Tim_Henman_0008.jpg,ok,0.1951
Tim_Henman_0009.jpg,ok,0.0593
Tim_Henman_0010.jpg,ok,0.1741
Tim_Henman_0011.jpg,ok,0.8555
Tim_Henman_0012.jpg,ok,0.5225
Tim_Henman_0013.jpg,ok,0.0390
Tim_Henman_0014.jpg,ok,0.0051
Tim_Henman_0015.jpg,ok,0.4052
Tim_Henman_0016.jpg,ok,0.1921
Tim_Henman_0017.jpg,ok,0.1422
Tim_Henman_0018.jpg,ok,0.1558
Tim_Henman_0019.jpg,ok,0.0111
Tim_Howard_0001.jpg,ok,0.5208
Tim_Jones_0001.jpg,ok,0.6715
Tim_Lobinger_0001.jpg,ok,0.6816
Tim_Lopes_0001.jpg,ok,0.8360
Tim_Matheson_0001.jpg,ok,0.5535
Tim_Norbeck_0001.jpg,ok,0.3119
Tim_Pawlenty_0001.jpg,ok,0.5882
Tim_Robbins_0001.jpg,ok,0.8236
Tim_Robbins_0002.jpg,ok,0.3854
Tim_Robbins_0003.jpg,ok,0.0292
Tim_Robbins_0004.jpg,ok,0.2279
Tim_Robbins_0005.jpg,ok,0.7380
Tim_Salmon_0001.jpg,ok,0.2515
Tim_Welsh_0001.jpg,ok,0.3765
Timbul_Silaen_0001.jpg,ok,0.4187
Timothy_Coughlin_0001.jpg,ok,0.4624
Timothy_Goebel_0001.jpg,ok,0.2879
Timothy_McVeigh_0001.jpg,ok,0.5245
Timothy_Rigas_0001.jpg,ok,0.0425
Timothy_Wirth_0001.jpg,ok,0.0231
Tina_Andrews_0001.jpg,ok,0.0344
Tina_Brown_0001.jpg,ok,0.9441
Tina_Conner_0001.jpg,ok,0.3367
Tina_Fey_0001.jpg,ok,0.2587
Tina_Pisnik_0001.jpg,ok,0.0058
Tina_Sinatra_0001.jpg,ok,0.0050
Tino_Martinez_0001.jpg,ok,0.1694
Tippi_Hedren_0001.jpg,ok,0.8201
Tippi_Hedren_0002.jpg,ok,0.9931
Tirunesh_Dibaba_0001.jpg,ok,0.1919
Toby_Keith_0001.jpg,ok,0.3184
Tocker_Pudwill_0001.jpg,ok,0.0558
Todd_Haynes_0001.jpg,ok,0.1097
Todd_Haynes_0002.jpg,ok,0.1585
Todd_Haynes_0003.jpg,ok,0.2294
Todd_Haynes_0004.jpg,ok,0.1120
Todd_MacCulloch_0001.jpg,ok,0.0408
Todd_Parrott_0001.jpg,ok,0.0036
Todd_Petit_0001.jpg,ok,0.9724
Todd_Reid_0001.jpg,ok,0.5773
Todd_Robbins_0001.jpg,ok,0.9383
Todd_Wike_0001.jpg,ok,0.1077
Tom_Amstutz_0001.jpg,ok,0.0764
Tom_Brady_0001.jpg,ok,0.7715
Tom_Brady_0002.jpg,ok,0.0360
Tom_Brennan_0001.jpg,ok,0.2002
Tom_Christerson_0001.jpg,ok,0.4251
Tom_Coughlin_0001.jpg,ok,0.9086
Tom_Coverdale_0001.jpg,ok,0.4962
Tom_Coverdale_0002.jpg,ok,0.2218
Tom_Craddick_0001.jpg,ok,0.0619
Tom_Craddick_0002.jpg,ok,0.2298
Tom_Craddick_0003.jpg,ok,0.8031
Tom_Craddick_0004.jpg,ok,0.6974
Tom_Crean_0001.jpg,ok,0.0022
Tom_Crean_0002.jpg,ok,0.0529
Tom_Crean_0003.jpg,ok,0.7538
Tom_Crean_0004.jpg,ok,0.2564
Tom_Crean_0005.jpg,ok,0.0124
Tom_Cruise_0001.jpg,ok,0.1053
Tom_Cruise_0002.jpg,ok,0.4323
Tom_Cruise_0003.jpg,ok,0.4067
Tom_Cruise_0004.jpg,ok,0.0950
Tom_Cruise_0005.jpg,ok,0.0644
Tom_Cruise_0006.jpg,ok,0.4598
Tom_Cruise_0007.jpg,ok,0.0372
Tom_Cruise_0008.jpg,ok,0.4844
Tom_Cruise_0009.jpg,ok,0.1204
Tom_Cruise_0010.jpg,ok,0.0111
Tom_Curley_0001.jpg,ok,0.0918
Tom_Daschle_0001.jpg,ok,0.4067
Tom_Daschle_0002.jpg,ok,0.0499
Tom_Daschle_0003.jpg,ok,0.3783
Tom_Daschle_0004.jpg,ok,0.7126
Tom_Daschle_0005.jpg,ok,0.3590
Tom_Daschle_0006.jpg,ok,0.3753
Tom_Daschle_0007.jpg,ok,0.1569
Tom_Daschle_0008.jpg,ok,0.1832
Tom_Daschle_0009.jpg,ok,0.9120
Tom_Daschle_0010.jpg,ok,0.1204
Tom_Daschle_0011.jpg,ok,0.1611
Tom_Daschle_0012.jpg,ok,0.6617
Tom_Daschle_0013.jpg,ok,0.7600
Tom_Daschle_0014.jpg,ok,0.6140
Tom_Daschle_0015.jpg,ok,0.4416
Tom_Daschle_0016.jpg,ok,0.3389
Tom_Daschle_0017.jpg,ok,0.5419
Tom_Daschle_0018.jpg,ok,0.0152
Tom_Daschle_0019.jpg,ok,0.9971
Tom_Daschle_0020.jpg,ok,0.1083
Tom_Daschle_0021.jpg,ok,0.9375
Tom_Daschle_0022.jpg,ok,0.5267
Tom_Daschle_0023.jpg,ok,0.0027
Tom_Daschle_0024.jpg,ok,0.0789
Tom_Daschle_0025.jpg,ok,0.0793
Tom_DeLay_0001.jpg,ok,0.8118
Tom_Foy_0001.jpg,ok,0.7362
Tom_Gamboa_0001.jpg,ok,0.0133
Tom_Glavine_0001.jpg,ok,0.6438
Tom_Glavine_0002.jpg,ok,0.0633
Tom_Hanks_0001.jpg,ok,0.1543
Tom_Hanks_0002.jpg,ok,0.4697
Tom_Hanks_0003.jpg,ok,0.2807
Tom_Hanks_0004.jpg,ok,0.5023
Tom_Hanks_0005.jpg,ok,0.0506
Tom_Hanks_0006.jpg,ok,0.4178
Tom_Hanks_0007.jpg,ok,0.1985
Tom_Hanks_0008.jpg,ok,0.0728
Tom_Hanks_0009.jpg,ok,0.3485
Tom_Hanks_0010.jpg,ok,0.0444
Tom_Hanusik_0001.jpg,ok,0.8823
Tom_Harkin_0001.jpg,ok,0.0017
Tom_Harkin_0002.jpg,ok,0.8851
Tom_Harkin_0003.jpg,ok,0.0776
Tom_Harkin_0004.jpg,ok,0.1841
Tom_Harkin_0005.jpg,ok,0.9250
Tom_Izzo_0001.jpg,ok,0.1850
Tom_Jones_0001.jpg,ok,0.3832
Tom_Jones_0002.jpg,ok,0.0004
Tom_Kelly_0001.jpg,ok,0.1608
Tom_Koenigs_0001.jpg,ok,0.5633
Tom_Lantos_0001.jpg,ok,0.4702
Tom_McClintock_0001.jpg,ok,0.0093
Tom_Miller_0001.jpg,ok,0.7105
Tom_Moss_0001.jpg,ok,0.9799
Tom_OBrien_0001.jpg,ok,0.4899
Tom_Osborne_0001.jpg,ok,0.2829
Tom_Poston_0001.jpg,ok,0.0033
Tom_Reilly_0001.jpg,ok,0.2392
Tom_Reilly_0002.jpg,ok,0.5176
Tom_Reilly_0003.jpg,ok,0.2550
Tom_Ridge_0001.jpg,ok,0.2476
Tom_Ridge_0002.jpg,ok,0.0032
Tom_Ridge_0003.jpg,ok,0.7770
Tom_Ridge_0004.jpg,ok,0.8606
Tom_Ridge_0005.jpg,ok,0.0098
Tom_Ridge_0006.jpg,ok,0.2982
Tom_Ridge_0007.jpg,ok,0.3691
Tom_Ridge_0008.jpg,ok,0.0872
Tom_Ridge_0009.jpg,ok,0.9944
Tom_Ridge_0010.jpg,ok,0.0121
Tom_Ridge_0011.jpg,ok,0.1291
Tom_Ridge_0012.jpg,ok,0.3229
Tom_Ridge_0013.jpg,ok,0.0750
Tom_Ridge_0014.jpg,ok,0.5701
Tom_Ridge_0015.jpg,ok,0.0638
Tom_Ridge_0016.jpg,ok,0.8094
Tom_Ridge_0017.jpg,ok,0.0049
Tom_Ridge_0018.jpg,ok,0.8494
Tom_Ridge_0019.jpg,ok,0.9217
Tom_Ridge_0020.jpg,ok,0.8503
Tom_Ridge_0021.jpg,ok,0.3685
Tom_Ridge_0022.jpg,ok,0.4816
Tom_Ridge_0023.jpg,ok,0.9491
Tom_Ridge_0024.jpg,ok,0.0870
Tom_Ridge_0025.jpg,ok,0.0372
Tom_Ridge_0026.jpg,ok,0.1203
Tom_Ridge_0027.jpg,ok,0.0471
Tom_Ridge_0028.jpg,ok,0.2867
Tom_Ridge_0029.jpg,ok,0.0818
Tom_Ridge_0030.jpg,ok,0.0008
Tom_Ridge_0031.jpg,ok,0.0937
Tom_Ridge_0032.jpg,ok,0.7383
Tom_Ridge_0033.jpg,ok,0.0006
Tom_Rouen_0001.jpg,ok,0.9765
Tom_Schnackenberg_0001.jpg,ok,0.1392
Tom_Scully_0001.jpg,ok,0.3412
Tom_Sizemore_0001.jpg,ok,0.1468
Tom_Smothers_0001.jpg,ok,0.0558
Tom_Tunney_0001.jpg,ok,0.8718
Tom_Vilsack_0001.jpg,ok,0.2301
Tom_Watson_0001.jpg,ok,0.9058
Tom_Watson_0002.jpg,ok,0.0632
Tom_Watson_0003.jpg,ok,0.6395
Tom_Welch_0001.jpg,ok,0.6569
Tomas_Enge_0001.jpg,ok,0.4795
Tomas_Malik_0001.jpg,ok,0.2363
Tommy_Amaker_0001.jpg,ok,0.7700
Tommy_Franks_0001.jpg,ok,0.9146
Tommy_Franks_0002.jpg,ok,0.3386
Tommy_Franks_0003.jpg,ok,0.0005
Tommy_Franks_0004.jpg,ok,0.7794
Tommy_Franks_0005.jpg,ok,0.0015
Tommy_Franks_0006.jpg,ok,0.0022
Tommy_Franks_0007.jpg,ok,0.7366
Tommy_Franks_0008.jpg,ok,0.0090
Tommy_Franks_0009.jpg,ok,0.7847
Tommy_Franks_0010.jpg,ok,0.8706
Tommy_Franks_0011.jpg,ok,0.8573
Tommy_Franks_0012.jpg,ok,0.6583
Tommy_Franks_0013.jpg,ok,0.1019
Tommy_Franks_0014.jpg,ok,0.4814
Tommy_Franks_0015.jpg,ok,0.0173
Tommy_Franks_0016.jpg,ok,0.7552
Tommy_Haas_0001.jpg,ok,0.6014
Tommy_Haas_0002.jpg,ok,0.1304
Tommy_Haas_0003.jpg,ok,0.1664
Tommy_Haas_0004.jpg,ok,0.8135
Tommy_Haas_0005.jpg,ok,0.0554
Tommy_Haas_0006.jpg,ok,0.2524
Tommy_Lasorda_0001.jpg,ok,0.0693
Tommy_Lewis_0001.jpg,ok,0.1584
Tommy_Maddox_0001.jpg,ok,0.1561
Tommy_Robredo_0001.jpg,ok,0.1110
Tommy_Robredo_0002.jpg,ok,0.0257
Tommy_Robredo_0003.jpg,ok,0.0007
Tommy_Shane_Steiner_0001.jpg,ok,0.0291
Tommy_Thompson_0001.jpg,ok,0.9927
Tommy_Thompson_0002.jpg,ok,0.9493
Tommy_Thompson_0003.jpg,ok,0.3293
Tommy_Thompson_0004.jpg,ok,0.0094
Tommy_Thompson_0005.jpg,ok,0.5079
Tommy_Thompson_0006.jpg,ok,0.4560
Tommy_Thompson_0007.jpg,ok,0.0188
Tommy_Thompson_0008.jpg,ok,0.0005
Tommy_Thompson_0009.jpg,ok,0.0051
Tommy_Thompson_0010.jpg,ok,0.8930
Tommy_Tubberville_0001.jpg,ok,0.1804
Tomoko_Hagiwara_0001.jpg,ok,0.0474
Tomoko_Hagiwara_0002.jpg,ok,0.9159
Tomomi_Morita_0001.jpg,ok,0.2019
Tonga_0001.jpg,ok,0.1882
Toni_Braxton_0001.jpg,ok,0.2607
Toni_Braxton_0002.jpg,ok,0.1159
Toni_Braxton_0003.jpg,ok,0.0984
Toni_Jennings_0001.jpg,ok,0.0249
Tonino_Guerra_0001.jpg,ok,0.2908
Tono_Suratman_0001.jpg,ok,0.5297
Tony_Bennett_0001.jpg,ok,0.2336
Tony_Bennett_0002.jpg,ok,0.4124
Tony_Bennett_0003.jpg,ok,0.0152
Tony_Bennett_0004.jpg,ok,0.0089
Tony_Blair_0001.jpg,ok,0.2366
Tony_Blair_0002.jpg,ok,0.7175
Tony_Blair_0003.jpg,ok,0.0166
Tony_Blair_0004.jpg,ok,0.5225
Tony_Blair_0005.jpg,ok,0.2022
Tony_Blair_0006.jpg,ok,0.0019
Tony_Blair_0007.jpg,ok,0.0135
Tony_Blair_0008.jpg,ok,0.0019
Tony_Blair_0009.jpg,ok,0.1035
Tony_Blair_0010.jpg,ok,0.8610
Tony_Blair_0011.jpg,ok,0.0019
Tony_Blair_0012.jpg,ok,0.8555
Tony_Blair_0013.jpg,ok,0.1211
Tony_Blair_0014.jpg,ok,0.0095
Tony_Blair_0015.jpg,ok,0.7505
Tony_Blair_0016.jpg,ok,0.2473
Tony_Blair_0017.jpg,ok,0.9941
Tony_Blair_0018.jpg,ok,0.3050
Tony_Blair_0019.jpg,ok,0.3081
Tony_Blair_0020.jpg,ok,0.1886
Tony_Blair_0021.jpg,ok,0.4783
Tony_Blair_0022.jpg,ok,0.2943
Tony_Blair_0023.jpg,ok,0.5849
Tony_Blair_0024.jpg,ok,0.6210
Tony_Blair_0025.jpg,ok,0.1783
Tony_Blair_0026.jpg,ok,0.1232
Tony_Blair_0027.jpg,ok,0.4777
Tony_Blair_0028.jpg,ok,0.6250
Tony_Blair_0029.jpg,ok,0.4185
Tony_Blair_0030.jpg,ok,0.1812
Tony_Blair_0031.jpg,ok,0.0134
Tony_Blair_0032.jpg,ok,0.3571
Tony_Blair_0033.jpg,ok,0.6328
Tony_Blair_0034.jpg,ok,0.0233
Tony_Blair_0035.jpg,ok,0.5713
Tony_Blair_0036.jpg,ok,0.8243
Tony_Blair_0037.jpg,ok,0.0633
Tony_Blair_0038.jpg,ok,0.4552
Tony_Blair_0039.jpg,ok,0.0665
Tony_Blair_0040.jpg,ok,0.1763
Tony_Blair_0041.jpg,ok,0.3152
Tony_Blair_0042.jpg,ok,0.1337
Tony_Blair_0043.jpg,ok,0.0752
Tony_Blair_0044.jpg,ok,0.4559
Tony_Blair_0045.jpg,ok,0.4499
Tony_Blair_0046.jpg,ok,0.4786
Tony_Blair_0047.jpg,ok,0.3911
Tony_Blair_0048.jpg,ok,0.4756
Tony_Blair_0049.jpg,ok,0.5729
Tony_Blair_0050.jpg,ok,0.0046
Tony_Blair_0051.jpg,ok,0.2871
Tony_Blair_0052.jpg,ok,0.0595
Tony_Blair_0053.jpg,ok,0.6269
Tony_Blair_0054.jpg,ok,0.0080
Tony_Blair_0055.jpg,ok,0.6958
Tony_Blair_0056.jpg,ok,0.6805
Tony_Blair_0057.jpg,ok,0.6779
Tony_Blair_0058.jpg,ok,0.1729
Tony_Blair_0059.jpg,ok,0.8131
Tony_Blair_0060.jpg,ok,0.3317
Tony_Blair_0061.jpg,ok,0.1887
Tony_Blair_0062.jpg,ok,0.0022
Tony_Blair_0063.jpg,ok,0.7446
Tony_Blair_0064.jpg,ok,0.8268
Tony_Blair_0065.jpg,ok,0.3223
Tony_Blair_0066.jpg,ok,0.3886
Tony_Blair_0067.jpg,ok,0.0198
Tony_Blair_0068.jpg,ok,0.0066
Tony_Blair_0069.jpg,ok,0.6495
Tony_Blair_0070.jpg,ok,0.1579
Tony_Blair_0071.jpg,ok,0.2919
Tony_Blair_0072.jpg,ok,0.7061
Tony_Blair_0073.jpg,ok,0.7948
Tony_Blair_0074.jpg,ok,0.3406
Tony_Blair_0075.jpg,ok,0.2573
Tony_Blair_0076.jpg,ok,0.3195
Tony_Blair_0077.jpg,ok,0.6866
Tony_Blair_0078.jpg,ok,0.1579
Tony_Blair_0079.jpg,ok,0.4221
Tony_Blair_0080.jpg,ok,0.1109
Tony_Blair_0081.jpg,ok,0.4944
Tony_Blair_0082.jpg,ok,0.4405
Tony_Blair_0083.jpg,ok,0.0166
Tony_Blair_0084.jpg,ok,0.2816
Tony_Blair_0085.jpg,ok,0.0961
Tony_Blair_0086.jpg,ok,0.5561
Tony_Blair_0087.jpg,ok,0.1142
Tony_Blair_0088.jpg,ok,0.4130
Tony_Blair_0089.jpg,ok,0.7057
Tony_Blair_0090.jpg,ok,0.4342
Tony_Blair_0091.jpg,ok,0.2319
Tony_Blair_0092.jpg,ok,0.7755
Tony_Blair_0093.jpg,ok,0.3531
Tony_Blair_0094.jpg,ok,0.3007
Tony_Blair_0095.jpg,ok,0.3064
Tony_Blair_0096.jpg,ok,0.4728
Tony_Blair_0097.jpg,ok,0.3575
Tony_Blair_0098.jpg,ok,0.3462
Tony_Blair_0099.jpg,ok,0.5668
Tony_Blair_0100.jpg,ok,0.0907
Tony_Blair_0101.jpg,ok,0.7790
Tony_Blair_0102.jpg,ok,0.3427
Tony_Blair_0103.jpg,ok,0.0032
Tony_Blair_0104.jpg,ok,0.6568
Tony_Blair_0105.jpg,ok,0.1340
Tony_Blair_0106.jpg,ok,0.6779
Tony_Blair_0107.jpg,ok,0.9671
Tony_Blair_0108.jpg,ok,0.0030
Tony_Blair_0109.jpg,ok,0.4065
Tony_Blair_0110.jpg,ok,0.0857
Tony_Blair_0111.jpg,ok,0.0577
Tony_Blair_0112.jpg,ok,0.8844
Tony_Blair_0113.jpg,ok,0.0029
Tony_Blair_0114.jpg,ok,0.3588
Tony_Blair_0115.jpg,ok,0.1573
Tony_Blair_0116.jpg,ok,0.2974
Tony_Blair_0117.jpg,ok,0.0735
Tony_Blair_0118.jpg,ok,0.0493
Tony_Blair_0119.jpg,ok,0.6267
Tony_Blair_0120.jpg,ok,0.7111
Tony_Blair_0121.jpg,ok,0.8466
Tony_Blair_0122.jpg,ok,0.2294
Tony_Blair_0123.jpg,ok,0.0351
Tony_Blair_0124.jpg,ok,0.9295
Tony_Blair_0125.jpg,ok,0.9491
Tony_Blair_0126.jpg,ok,0.7892
Tony_Blair_0127.jpg,ok,0.7407
Tony_Blair_0128.jpg,ok,0.2977
Tony_Blair_0129.jpg,ok,0.5276
Tony_Blair_0130.jpg,ok,0.6771
Tony_Blair_0131.jpg,ok,0.0809
Tony_Blair_0132.jpg,ok,0.2383
Tony_Blair_0133.jpg,ok,0.7224
Tony_Blair_0134.jpg,ok,0.3897
Tony_Blair_0135.jpg,ok,0.8952
Tony_Blair_0136.jpg,ok,0.0637
Tony_Blair_0137.jpg,ok,0.2288
Tony_Blair_0138.jpg,ok,0.4398
Tony_Blair_0139.jpg,ok,0.9806
Tony_Blair_0140.jpg,ok,0.5600
Tony_Blair_0141.jpg,ok,0.6204
Tony_Blair_0142.jpg,ok,0.1547
Tony_Blair_0143.jpg,ok,0.8126
Tony_Blair_0144.jpg,ok,0.4683
Tony_Clement_0001.jpg,ok,0.9181
Tony_Cummo_0001.jpg,ok,0.0875
Tony_Curtis_0001.jpg,ok,0.0351
Tony_Curtis_0002.jpg,ok,0.0501
Tony_Elias_0001.jpg,ok,0.2997
Tony_Fernandes_0001.jpg,ok,0.3233
Tony_LaRussa_0001.jpg,ok,0.0180
Tony_Parker_0001.jpg,ok,0.0601
Tony_Parker_0002.jpg,ok,0.2534
Tony_Shalhoub_0001.jpg,ok,0.9442
Tony_Shalhoub_0002.jpg,ok,0.0016
Tony_Shalhoub_0003.jpg,ok,0.1031
Tony_Shalhoub_0004.jpg,ok,0.0248
Tony_Stewart_0001.jpg,ok,0.4374
Tony_Stewart_0002.jpg,ok,0.9912
Tony_Stewart_0003.jpg,ok,0.2985
Tony_Stewart_0004.jpg,ok,0.4336
Tony_Stewart_0005.jpg,ok,0.0429
Tony_Stewart_0006.jpg,ok,0.5564
Tonya_Payne_0001.jpg,ok,0.0675
Tora_Takagi_0001.jpg,ok,0.8211
Tori_Amos_0001.jpg,ok,0.7081
Torri_Edwards_0001.jpg,ok,0.0301
Torri_Edwards_0002.jpg,ok,0.3728
Toshi_Izawa_0001.jpg,ok,0.0709
Toshihiko_Fukui_0001.jpg,ok,0.9498
Toshihiko_Fukui_0002.jpg,ok,0.7593
Toshihiko_Fukui_0003.jpg,ok,0.8720
Toshimitsu_Motegi_0001.jpg,ok,0.0961
Toutai_Kefu_0001.jpg,ok,0.0966
Tracee_Ellis_Ross_0001.jpg,ok,0.2227
Tracee_Ellis_Ross_0002.jpg,ok,0.1561
Tracee_Treadwell_0001.jpg,ok,0.2486
Tracy_McGrady_0001.jpg,ok,0.4058
Tracy_McGrady_0002.jpg,ok,0.1351
Tracy_Wyle_0001.jpg,ok,0.2500
Travis_Rudolph_0001.jpg,ok,0.0553
Trent_Lott_0001.jpg,ok,0.2338
Trent_Lott_0002.jpg,ok,0.1866
Trent_Lott_0003.jpg,ok,0.4172
Trent_Lott_0004.jpg,ok,0.0790
Trent_Lott_0005.jpg,ok,0.1633
Trent_Lott_0006.jpg,ok,0.0215
Trent_Lott_0007.jpg,ok,0.1104
Trent_Lott_0008.jpg,ok,0.4095
Trent_Lott_0009.jpg,ok,0.3128
Trent_Lott_0010.jpg,ok,0.7784
Trent_Lott_0011.jpg,ok,0.0248
Trent_Lott_0012.jpg,ok,0.0151
Trent_Lott_0013.jpg,ok,0.0970
Trent_Lott_0014.jpg,ok,0.3839
Trent_Lott_0015.jpg,ok,0.2559
Trent_Lott_0016.jpg,ok,0.1289
Trevor_McDonald_0001.jpg,ok,0.3558
Trevor_Watson_0001.jpg,ok,0.3029
Trisha_Meili_0001.jpg,ok,0.8914
Trista_Rehn_0001.jpg,ok,0.4525
Tristan_Gretzky_0001.jpg,ok,0.9787
Troy_Aikman_0001.jpg,ok,0.6353
Troy_Garity_0001.jpg,ok,0.3593
Troy_Hudson_0001.jpg,ok,0.0258
Troy_Jenkins_0001.jpg,ok,0.9959
Troy_Polamalu_0001.jpg,ok,0.0300
Trudi_Lacey_0001.jpg,ok,0.0122
Tsutomu_Takebe_0001.jpg,ok,0.6997
Tsutomu_Takebe_0002.jpg,ok,0.5049
Tubby_Smith_0001.jpg,ok,0.5054
Tubby_Smith_0002.jpg,ok,0.7170
Tubby_Smith_0003.jpg,ok,0.6496
Tuncay_Sanli_0001.jpg,ok,0.8459
Tung_Chee-hwa_0001.jpg,ok,0.9715
Tung_Chee-hwa_0002.jpg,ok,0.8915
Tung_Chee-hwa_0003.jpg,ok,0.3645
Tung_Chee-hwa_0004.jpg,ok,0.3894
Tung_Chee-hwa_0005.jpg,ok,0.4678
Tung_Chee-hwa_0006.jpg,ok,0.9399
Tung_Chee-hwa_0007.jpg,ok,0.2294
Tung_Chee-hwa_0008.jpg,ok,0.8892
Tung_Chee-hwa_0009.jpg,ok,0.7594
Turner_Gill_0001.jpg,ok,0.1835
Turner_Stevenson_0001.jpg,ok,0.8055
Ty_Votaw_0001.jpg,ok,0.5862
Tyler_Grillo_0001.jpg,ok,0.4908
Tyler_Hamilton_0001.jpg,ok,0.1212
Tyler_Hamilton_0002.jpg,ok,0.1932
Tyra_Banks_0001.jpg,ok,0.0414
Tyra_Banks_0002.jpg,ok,0.0581
Tyron_Garner_0001.jpg,ok,0.9503
Tyron_Garner_0002.jpg,ok,0.3199
Tyrone_Medley_0001.jpg,ok,0.8298
Tzipora_Obziler_0001.jpg,ok,0.0111
Uday_Hussein_0001.jpg,ok,0.0137
Ulrich_Kueperkoch_0001.jpg,ok,0.7470
Uma_Thurman_0001.jpg,ok,0.0265
Uma_Thurman_0002.jpg,ok,0.8434
Uma_Thurman_0003.jpg,ok,0.4652
Uri_Lopolianski_0001.jpg,ok,0.3237
Urmila_Matondkar_0001.jpg,ok,0.0255
Uthai_Pimchaichon_0001.jpg,ok,0.0926
Uzi_Even_0001.jpg,ok,0.8646
Uzi_Landau_0001.jpg,ok,0.4143
Vaclav_Havel_0001.jpg,ok,0.5622
Vaclav_Havel_0002.jpg,ok,0.1382
Vaclav_Havel_0003.jpg,ok,0.3318
Vaclav_Havel_0004.jpg,ok,0.6182
Vaclav_Havel_0005.jpg,ok,0.5385
Vaclav_Havel_0006.jpg,ok,0.7641
Vaclav_Havel_0007.jpg,ok,0.9817
Vaclav_Havel_0008.jpg,ok,0.9896
Vaclav_Havel_0009.jpg,ok,0.2506
Vaclav_Klaus_0001.jpg,ok,0.8845
Vaclav_Klaus_0002.jpg,ok,0.7857
Vadim_Devyatovskiy_0001.jpg,ok,0.5197
Vadim_Strogalev_0001.jpg,ok,0.3341
Vagit_Alekperov_0001.jpg,ok,0.1116
Val_Ackerman_0001.jpg,ok,0.7253
Valdas_Adamkus_0001.jpg,ok,0.7977
Valdas_Adamkus_0002.jpg,ok,0.7817
Valentina_Cervi_0001.jpg,ok,0.2741
Valentina_Tereshkova_0001.jpg,ok,0.5452
Valentino_Rossi_0001.jpg,ok,0.5321
Valentino_Rossi_0002.jpg,ok,0.2021
Valentino_Rossi_0003.jpg,ok,0.2736
Valentino_Rossi_0004.jpg,ok,0.4173
Valentino_Rossi_0005.jpg,ok,0.1091
Valentino_Rossi_0006.jpg,ok,0.4380
Valeri_Bure_0001.jpg,ok,0.7309
Valerie_Harper_0001.jpg,ok,0.3360
Valerie_Harper_0002.jpg,ok,0.5096
Valerie_Thwaites_0001.jpg,ok,0.4239
Valery_Giscard_dEstaing_0001.jpg,ok,0.7811
Valery_Giscard_dEstaing_0002.jpg,ok,0.0491
Valery_Giscard_dEstaing_0003.jpg,ok,0.0043
Valery_Giscard_dEstaing_0004.jpg,ok,0.0960
Valery_Giscard_dEstaing_0005.jpg,ok,0.1266
Valery_Giscard_dEstaing_0006.jpg,ok,0.5631
Valorie_Brabazon_0001.jpg,ok,0.3768
Van_Hilley_0001.jpg,ok,0.4008
Vanessa_Incontrada_0001.jpg,ok,0.5636
Vanessa_Incontrada_0002.jpg,ok,0.7080
Vanessa_Incontrada_0003.jpg,ok,0.6530
Vanessa_Incontrada_0004.jpg,ok,0.4795
Vanessa_Laine_0001.jpg,ok,0.6038
Vanessa_Redgrave_0001.jpg,ok,0.9986
Vanessa_Redgrave_0002.jpg,ok,0.6663
Vanessa_Redgrave_0003.jpg,ok,0.9977
Vanessa_Redgrave_0004.jpg,ok,0.3512
Vanessa_Redgrave_0005.jpg,ok,0.9955
Vanessa_Williams_0001.jpg,ok,0.9980
Vanessa_Williams_0002.jpg,ok,0.1215
Vanessa_Williams_0003.jpg,ok,0.0993
Vassilis_Xiros_0001.jpg,ok,0.0094
Vecdi_Gonul_0001.jpg,ok,0.4885
Venus_Williams_0001.jpg,ok,0.2165
Venus_Williams_0002.jpg,ok,0.0107
Venus_Williams_0003.jpg,ok,0.7188
Venus_Williams_0004.jpg,ok,0.3432
Venus_Williams_0005.jpg,ok,0.0021
Venus_Williams_0006.jpg,ok,0.4955
Venus_Williams_0007.jpg,ok,0.7095
Venus_Williams_0008.jpg,ok,0.0189
Venus_Williams_0009.jpg,ok,0.0069
Venus_Williams_0010.jpg,ok,0.1303
Venus_Williams_0011.jpg,ok,0.0874
Venus_Williams_0012.jpg,ok,0.0311
Venus_Williams_0013.jpg,ok,0.0070
Venus_Williams_0014.jpg,ok,0.0123
Venus_Williams_0015.jpg,ok,0.0112
Venus_Williams_0016.jpg,ok,0.0269
Venus_Williams_0017.jpg,ok,0.3356
Vernon_Forrest_0001.jpg,ok,0.2507
Veronica_Lake_0001.jpg,ok,0.9763
Viara_Vike-Freiberga_0001.jpg,ok,0.4197
Vicente_Fernandez_0001.jpg,ok,0.6195
Vicente_Fernandez_0002.jpg,ok,0.0049
Vicente_Fernandez_0003.jpg,ok,0.4018
Vicente_Fernandez_0004.jpg,ok,0.0309
Vicente_Fernandez_0005.jpg,ok,0.2228
Vicente_Fox_0001.jpg,ok,0.8540
Vicente_Fox_0002.jpg,ok,0.1850
Vicente_Fox_0003.jpg,ok,0.7739
Vicente_Fox_0004.jpg,ok,0.8082
Vicente_Fox_0005.jpg,ok,0.2121
Vicente_Fox_0006.jpg,ok,0.0071
Vicente_Fox_0007.jpg,ok,0.1420
Vicente_Fox_0008.jpg,ok,0.9785
Vicente_Fox_0009.jpg,ok,0.2997
Vicente_Fox_0010.jpg,ok,0.0127
Vicente_Fox_0011.jpg,ok,0.9943
Vicente_Fox_0012.jpg,ok,0.5950
Vicente_Fox_0013.jpg,ok,0.0081
Vicente_Fox_0014.jpg,ok,0.2169
Vicente_Fox_0015.jpg,ok,0.0536
Vicente_Fox_0016.jpg,ok,0.0043
Vicente_Fox_0017.jpg,ok,0.4100
Vicente_Fox_0018.jpg,ok,0.7128
Vicente_Fox_0019.jpg,ok,0.0496
Vicente_Fox_0020.jpg,ok,0.2782
Vicente_Fox_0021.jpg,ok,0.1304
Vicente_Fox_0022.jpg,ok,0.5542
Vicente_Fox_0023.jpg,ok,0.2203
Vicente_Fox_0024.jpg,ok,0.8617
Vicente_Fox_0025.jpg,ok,0.0807
Vicente_Fox_0026.jpg,ok,0.2740
Vicente_Fox_0027.jpg,ok,0.8911
Vicente_Fox_0028.jpg,ok,0.0038
Vicente_Fox_0029.jpg,ok,0.0327
Vicente_Fox_0030.jpg,ok,0.3102
Vicente_Fox_0031.jpg,ok,0.1781
Vicente_Fox_0032.jpg,ok,0.0916
Vicente_Fox_de_la_Concha_0001.jpg,ok,0.6375
Vicki_Zhao_Wei_0001.jpg,ok,0.4270
Vicki_Zhao_Wei_0002.jpg,ok,0.1250
Victor_Garber_0001.jpg,ok,0.8052
Victor_Hanescu_0001.jpg,ok,0.0099
Victor_Kraatz_0001.jpg,ok,0.4990
Victoria_Beckham_0001.jpg,ok,0.9730
Victoria_Beckham_0002.jpg,ok,0.5794
Victoria_Beckham_0003.jpg,ok,0.0963
Victoria_Clarke_0001.jpg,ok,0.1838
Victoria_Clarke_0002.jpg,ok,0.0091
Victoria_Clarke_0003.jpg,ok,0.1488
Victoria_Clarke_0004.jpg,ok,0.2921
Victoria_Clarke_0005.jpg,ok,0.1793
Vidar_Helgesen_0001.jpg,ok,0.1388
Vidar_Helgesen_0002.jpg,ok,0.0520
Vijay_Nambiar_0001.jpg,ok,0.2848
Viktor_Yushchenko_0001.jpg,ok,0.5822
Vin_Diesel_0001.jpg,ok,0.8092
Vin_Diesel_0002.jpg,ok,0.6423
Vince_Carter_0001.jpg,ok,0.0685
Vince_Carter_0002.jpg,ok,0.3212
Vince_Carter_0003.jpg,ok,0.8282
Vince_Carter_0004.jpg,ok,0.0704
Vince_Dooley_0001.jpg,ok,0.7767
Vince_Gill_0001.jpg,ok,0.0039
Vince_Gill_0002.jpg,ok,0.0376
Vince_Vaughan_0001.jpg,ok,0.0008
Vincent_Brooks_0001.jpg,ok,0.5405
Vincent_Brooks_0002.jpg,ok,0.0320
Vincent_Brooks_0003.jpg,ok,0.5295
Vincent_Brooks_0004.jpg,ok,0.4294
Vincent_Brooks_0005.jpg,ok,0.2849
Vincent_Brooks_0006.jpg,ok,0.6922
Vincent_Brooks_0007.jpg,ok,0.0200
Vincent_Cianci_Jr_0001.jpg,ok,0.5571
Vincent_Gallo_0001.jpg,ok,0.4239
Vincent_Gallo_0002.jpg,ok,0.0397
Vincent_Gallo_0003.jpg,ok,0.7247
Vincent_Sombrotto_0001.jpg,ok,0.1743
Vincent_Spadea_0001.jpg,ok,0.8919
Vinnie_Jones_0001.jpg,ok,0.4513
Viola_Davis_0001.jpg,ok,0.0276
Virgina_Ruano_Pascal_0001.jpg,ok,0.0082
Vitali_Klitschko_0001.jpg,ok,0.9948
Vitali_Klitschko_0002.jpg,ok,0.0148
Vitali_Klitschko_0003.jpg,ok,0.9747
Vitali_Klitschko_0004.jpg,ok,0.9892
Vivica_Fox_0001.jpg,ok,0.0215
Vivica_Fox_0002.jpg,ok,0.4471
Vladimir_Golovlyov_0001.jpg,ok,0.2780
Vladimir_Meciar_0001.jpg,ok,0.8869
Vladimir_Putin_0001.jpg,ok,0.2928
Vladimir_Putin_0002.jpg,ok,0.5060
Vladimir_Putin_0003.jpg,ok,0.4305
Vladimir_Putin_0004.jpg,ok,0.7365
Vladimir_Putin_0005.jpg,ok,0.8805
Vladimir_Putin_0006.jpg,ok,0.1016
Vladimir_Putin_0007.jpg,ok,0.8233
Vladimir_Putin_0008.jpg,ok,0.9479
Vladimir_Putin_0009.jpg,ok,0.9743
Vladimir_Putin_0010.jpg,ok,0.8200
Vladimir_Putin_0011.jpg,ok,0.5118
Vladimir_Putin_0012.jpg,ok,0.5353
Vladimir_Putin_0013.jpg,ok,0.5420
Vladimir_Putin_0014.jpg,ok,0.8281
Vladimir_Putin_0015.jpg,ok,0.0001
Vladimir_Putin_0016.jpg,ok,0.8916
Vladimir_Putin_0017.jpg,ok,0.4366
Vladimir_Putin_0018.jpg,ok,0.2744
Vladimir_Putin_0019.jpg,ok,0.7319
Vladimir_Putin_0020.jpg,ok,0.6884
Vladimir_Putin_0021.jpg,ok,0.7125
Vladimir_Putin_0022.jpg,ok,0.4592
Vladimir_Putin_0023.jpg,ok,0.1210
Vladimir_Putin_0024.jpg,ok,0.9954
Vladimir_Putin_0025.jpg,ok,0.3842
Vladimir_Putin_0026.jpg,ok,0.1585
Vladimir_Putin_0027.jpg,ok,0.6750
Vladimir_Putin_0028.jpg,ok,0.6923
Vladimir_Putin_0029.jpg,ok,0.6623
Vladimir_Putin_0030.jpg,ok,0.8492
Vladimir_Putin_0031.jpg,ok,0.3329
Vladimir_Putin_0032.jpg,ok,0.9769
Vladimir_Putin_0033.jpg,ok,0.4666
Vladimir_Putin_0034.jpg,ok,0.4118
Vladimir_Putin_0035.jpg,ok,0.6188
Vladimir_Putin_0036.jpg,ok,0.5841
Vladimir_Putin_0037.jpg,ok,0.2310
Vladimir_Putin_0038.jpg,ok,0.4998
Vladimir_Putin_0039.jpg,ok,0.8457
Vladimir_Putin_0040.jpg,ok,0.6917
Vladimir_Putin_0041.jpg,ok,0.9522
Vladimir_Putin_0042.jpg,ok,0.8518
Vladimir_Putin_0043.jpg,ok,0.5817
Vladimir_Putin_0044.jpg,ok,0.2557
Vladimir_Putin_0045.jpg,ok,0.3896
Vladimir_Putin_0046.jpg,ok,0.4847
Vladimir_Putin_0047.jpg,ok,0.9494
Vladimir_Putin_0048.jpg,ok,0.8270
Vladimir_Putin_0049.jpg,ok,0.0196
Vladimir_Spidla_0001.jpg,ok,0.6273
Vladimir_Spidla_0002.jpg,ok,0.9172
Vladimir_Spidla_0003.jpg,ok,0.7747
Vladimir_Ustinov_0001.jpg,ok,0.9376
Vladimir_Voltchkov_0001.jpg,ok,0.8613
Vladimir_Voltchkov_0002.jpg,ok,0.2139
Vladimiro_Montesinos_0001.jpg,ok,0.0141
Vladimiro_Montesinos_0002.jpg,ok,0.8317
Vladimiro_Montesinos_0003.jpg,ok,0.9635
Vojislav_Kostunica_0001.jpg,ok,0.0522
Vojislav_Kostunica_0002.jpg,ok,0.2206
Vojislav_Kostunica_0003.jpg,ok,0.1805
Vojislav_Kostunica_0004.jpg,ok,0.1602
Vojislav_Kostunica_0005.jpg,ok,0.2452
Vojislav_Kostunica_0006.jpg,ok,0.3496
Vojislav_Kostunica_0007.jpg,ok,0.1817
Vojislav_Seselj_0001.jpg,ok,0.0429
Vyacheslav_Fetisov_0001.jpg,ok,0.2176
Vytas_Danelius_0001.jpg,ok,0.6208
Walid_Al-Awadi_0001.jpg,ok,0.4348
Wallace_Capel_0001.jpg,ok,0.8664
Wally_Szczerbiak_0001.jpg,ok,0.4923
Walt_Harris_0001.jpg,ok,0.2269
Walter_Annenberg_0001.jpg,ok,0.9244
Walter_Mondale_0001.jpg,ok,0.9034
Walter_Mondale_0002.jpg,ok,0.0208
Walter_Mondale_0003.jpg,ok,0.0651
Walter_Mondale_0004.jpg,ok,0.2349
Walter_Mondale_0005.jpg,ok,0.0021
Walter_Mondale_0006.jpg,ok,0.0091
Walter_Mondale_0007.jpg,ok,0.8680
Walter_Mondale_0008.jpg,ok,0.6873
Walter_Mondale_0009.jpg,ok,0.8879
Walter_Mondale_0010.jpg,ok,0.9781
Walter_Woods_0001.jpg,ok,0.6891
Wan_Yanhai_0001.jpg,ok,0.0476
Wanda_Ilene_Barzee_0001.jpg,ok,0.1249
Wanda_de_la_Jesus_0001.jpg,ok,0.0047
Wang_Fei_0001.jpg,ok,0.0085
Wang_Hailan_0001.jpg,ok,0.0147
Wang_Nan_0001.jpg,ok,0.0270
Wang_Yi_0001.jpg,ok,0.0461
Wang_Yi_0002.jpg,ok,0.0034
Wang_Yingfan_0001.jpg,ok,0.0646
Wang_Yingfan_0002.jpg,ok,0.0080
Wang_Yingfan_0003.jpg,ok,0.0026
Ward_Cuff_0001.jpg,ok,0.9968
Warren_Beatty_0001.jpg,ok,0.0017
Warren_Beatty_0002.jpg,ok,0.4217
Warren_Buffett_0001.jpg,ok,0.8402
Warren_Buffett_0002.jpg,ok,0.2643
Warren_Buffett_0003.jpg,ok,0.3894
Warren_Granados_0001.jpg,ok,0.9138
Warren_Truss_0001.jpg,ok,0.2081
Wayne_Allard_0001.jpg,ok,0.0008
Wayne_Brady_0001.jpg,ok,0.1355
Wayne_Ferreira_0001.jpg,ok,0.0614
Wayne_Ferreira_0002.jpg,ok,0.0243
Wayne_Ferreira_0003.jpg,ok,0.1688
Wayne_Ferreira_0004.jpg,ok,0.0225
Wayne_Ferreira_0005.jpg,ok,0.2153
Wayne_Gretzky_0001.jpg,ok,0.8662
Wayne_Gretzky_0002.jpg,ok,0.5111
Wayne_Gretzky_0003.jpg,ok,0.4898
Wayne_Gretzky_0004.jpg,ok,0.1445
Wayne_Newton_0001.jpg,ok,0.0335
Wei_Wu_0001.jpg,ok,0.6340
Wen_Ho_Lee_0001.jpg,ok,0.3073
Wen_Jiabao_0001.jpg,ok,0.2143
Wen_Jiabao_0002.jpg,ok,0.1269
Wen_Jiabao_0003.jpg,ok,0.7545
Wen_Jiabao_0004.jpg,ok,0.2105
Wen_Jiabao_0005.jpg,ok,0.0181
Wen_Jiabao_0006.jpg,ok,0.3017
Wen_Jiabao_0007.jpg,ok,0.4761
Wen_Jiabao_0008.jpg,ok,0.0099
Wen_Jiabao_0009.jpg,ok,0.5938
Wen_Jiabao_0010.jpg,ok,0.0131
Wen_Jiabao_0011.jpg,ok,0.1412
Wen_Jiabao_0012.jpg,ok,0.4113
Wen_Jiabao_0013.jpg,ok,0.4534
Wendell_Bryant_0001.jpg,ok,0.0163
Wendy_Kennedy_0001.jpg,ok,0.1715
Wendy_Selig_0001.jpg,ok,0.0127
Werner_Schlager_0001.jpg,ok,0.3199
Wes_Craven_0001.jpg,ok,0.7806
Wesley_Clark_0001.jpg,ok,0.0100
Wesley_Clark_0002.jpg,ok,0.5994
Whoopi_Goldberg_0001.jpg,ok,0.1098
Wilbert_Elki_Meza_Majino_0001.jpg,ok,0.1862
Wilbert_Foy_0001.jpg,ok,0.0216
Wilfredo_Moreno_0001.jpg,ok,0.5343
Will_Ferrell_0001.jpg,ok,0.2964
Will_Ofenheusle_0001.jpg,ok,0.9613
Will_Self_0001.jpg,ok,0.6134
Will_Smith_0001.jpg,ok,0.2314
Will_Smith_0002.jpg,ok,0.2964
Will_Young_0001.jpg,ok,0.3825
William_Bratton_0001.jpg,ok,0.1048
William_Bratton_0002.jpg,ok,0.2230
William_Bratton_0003.jpg,ok,0.1335
William_Bulger_0001.jpg,ok,0.8038
William_Bulger_0002.jpg,ok,0.8009
William_Bulger_0003.jpg,ok,0.1524
William_Bulger_0004.jpg,ok,0.4088
William_Burns_0001.jpg,ok,0.0884
William_Burns_0002.jpg,ok,0.4157
William_Cocksedge_0001.jpg,ok,0.9362
William_Delahunt_0001.jpg,ok,0.9824
William_Donaldson_0001.jpg,ok,0.1371
William_Donaldson_0002.jpg,ok,0.6279
William_Donaldson_0003.jpg,ok,0.8352
William_Donaldson_0004.jpg,ok,0.7670
William_Donaldson_0005.jpg,ok,0.6232
William_Donaldson_0006.jpg,ok,0.0932
William_Donaldson_0007.jpg,ok,0.0118
William_Ford_Jr_0001.jpg,ok,0.0270
William_Ford_Jr_0002.jpg,ok,0.2583
William_Ford_Jr_0003.jpg,ok,0.6106
William_Ford_Jr_0004.jpg,ok,0.2206
William_Ford_Jr_0005.jpg,ok,0.1881
William_Ford_Jr_0006.jpg,ok,0.1770
William_Ford_Jr_0007.jpg,ok,0.0011
William_Genego_0001.jpg,ok,0.9406
William_Harrison_0001.jpg,ok,0.8463
William_Hochul_0001.jpg,ok,0.6220
William_Hochul_0002.jpg,ok,0.7568
William_Hurt_0001.jpg,ok,0.2220
William_Hyde_0001.jpg,ok,0.9847
William_Jackson_0001.jpg,ok,0.6726
William_Joppy_0001.jpg,ok,0.0070
William_Macy_0001.jpg,ok,0.3225
William_Macy_0002.jpg,ok,0.2221
William_Macy_0003.jpg,ok,0.1824
William_Macy_0004.jpg,ok,0.0792
William_Macy_0005.jpg,ok,0.3705
William_Martin_0001.jpg,ok,0.3385
William_Martin_0002.jpg,ok,0.9328
William_McDonough_0001.jpg,ok,0.4781
William_Morrow_0001.jpg,ok,0.5500
William_Murabito_0001.jpg,ok,0.1608
William_Nessen_0001.jpg,ok,0.0054
William_Overlin_0001.jpg,ok,0.1428
William_Perry_0001.jpg,ok,0.3372
William_Pryor_Jr_0001.jpg,ok,0.0016
William_Ragland_0001.jpg,ok,0.2485
William_Rehnquist_0001.jpg,ok,0.7150
William_Rehnquist_0002.jpg,ok,0.3628
William_Rosenberg_0001.jpg,ok,0.6688
William_Shatner_0001.jpg,ok,0.2942
William_Swor_0001.jpg,ok,0.8657
William_Umbach_0001.jpg,ok,0.8844
William_Webster_0001.jpg,ok,0.1418
Willie_Nelson_0001.jpg,ok,0.9984
Willie_Wilson_0001.jpg,ok,0.9148
Willis_Roberts_0001.jpg,ok,0.1392
Wilma_McNabb_0001.jpg,ok,0.4267
Wilson_Alvarez_0001.jpg,ok,0.8828
Wilton_Gregory_0001.jpg,ok,0.3049
Wim_Duisenberg_0001.jpg,ok,0.1622
Win_Aung_0001.jpg,ok,0.0483
Win_Aung_0002.jpg,ok,0.4818
Win_Aung_0003.jpg,ok,0.0018
Win_Aung_0004.jpg,ok,0.3414
Winona_Ryder_0001.jpg,ok,0.7657
Winona_Ryder_0002.jpg,ok,0.0084
Winona_Ryder_0003.jpg,ok,0.8367
Winona_Ryder_0004.jpg,ok,0.3233
Winona_Ryder_0005.jpg,ok,0.9073
Winona_Ryder_0006.jpg,ok,0.3147
Winona_Ryder_0007.jpg,ok,0.9403
Winona_Ryder_0008.jpg,ok,0.2258
Winona_Ryder_0009.jpg,ok,0.0020
Winona_Ryder_0010.jpg,ok,0.2339
Winona_Ryder_0011.jpg,ok,0.0649
Winona_Ryder_0012.jpg,ok,0.2925
Winona_Ryder_0013.jpg,ok,0.4507
Winona_Ryder_0014.jpg,ok,0.3662
Winona_Ryder_0015.jpg,ok,0.0015
Winona_Ryder_0016.jpg,ok,0.9194
Winona_Ryder_0017.jpg,ok,0.0080
Winona_Ryder_0018.jpg,ok,0.0703
Winona_Ryder_0019.jpg,ok,0.6942
Winona_Ryder_0020.jpg,ok,0.0778
Winona_Ryder_0021.jpg,ok,0.4852
Winona_Ryder_0022.jpg,ok,0.0936
Winona_Ryder_0023.jpg,ok,0.1381
Winona_Ryder_0024.jpg,ok,0.6849
Winston_Churchill_0001.jpg,ok,0.9299
Wolfgang_Becker_0001.jpg,ok,0.2111
Wolfgang_Clement_0001.jpg,ok,0.4673
Wolfgang_Schneiderhan_0001.jpg,ok,0.6534
Wolfgang_Schuessel_0001.jpg,ok,0.8338
Wolfgang_Schuessel_0002.jpg,ok,0.0300
Wolfgang_Schuessel_0003.jpg,ok,0.7764
Wolfgang_Schuessel_0004.jpg,ok,0.6131
Wolfgang_Schwarz_0001.jpg,ok,0.7871
Woodrow_Stanley_0001.jpg,ok,0.9579
Woody_Allen_0001.jpg,ok,0.5832
Woody_Allen_0002.jpg,ok,0.0551
Woody_Allen_0003.jpg,ok,0.8448
Woody_Allen_0004.jpg,ok,0.2798
Woody_Allen_0005.jpg,ok,0.0007
Wu_Peng_0001.jpg,ok,0.9577
Wu_Yi_0001.jpg,ok,0.3653
Wu_Yi_0002.jpg,ok,0.3291
Wu_Yi_0003.jpg,ok,0.9271
Wycliffe_Grousbeck_0001.jpg,ok,0.2360
Xanana_Gusmao_0001.jpg,ok,0.4041
Xanana_Gusmao_0002.jpg,ok,0.9052
Xanana_Gusmao_0003.jpg,ok,0.2904
Xanana_Gusmao_0004.jpg,ok,0.0726
Xanana_Gusmao_0005.jpg,ok,0.4277
Xavier_Malisse_0001.jpg,ok,0.0018
Xavier_Malisse_0002.jpg,ok,0.7439
Xavier_Malisse_0003.jpg,ok,0.4118
Xavier_Malisse_0004.jpg,ok,0.4794
Xavier_Malisse_0005.jpg,ok,0.1490
Xiang_Huaicheng_0001.jpg,ok,0.5202
Xiang_Liu_0001.jpg,ok,0.2187
Xiang_Xu_0001.jpg,ok,0.0169
Ximena_Bohorquez_0001.jpg,ok,0.0291
Yale_Kamisar_0001.jpg,ok,0.8777
Yana_Klochkova_0001.jpg,ok,0.8952
Yang_Hee_Kim_0001.jpg,ok,0.7505
Yang_Jianli_0001.jpg,ok,0.1594
Yang_Pao-yu_0001.jpg,ok,0.8652
Yann_Martel_0001.jpg,ok,0.1922
Yann_Martel_0002.jpg,ok,0.3913
Yannos_Papantoniou_0001.jpg,ok,0.5830
Yao_Ming_0001.jpg,ok,0.9511
Yao_Ming_0002.jpg,ok,0.0959
Yao_Ming_0003.jpg,ok,0.8926
Yao_Ming_0004.jpg,ok,0.0273
Yao_Ming_0005.jpg,ok,0.0228
Yao_Ming_0006.jpg,ok,0.0352
Yao_Ming_0007.jpg,ok,0.0161
Yao_Ming_0008.jpg,ok,0.0101
Yasar_Yakis_0001.jpg,ok,0.0754
Yasar_Yakis_0002.jpg,ok,0.5276
Yasar_Yakis_0003.jpg,ok,0.9727
Yasar_Yakis_0004.jpg,ok,0.0154
Yasein_Taher_0001.jpg,ok,0.3813
Yashwant_Sinha_0001.jpg,ok,0.5096
Yashwant_Sinha_0002.jpg,ok,0.6958
Yashwant_Sinha_0003.jpg,ok,0.4687
Yashwant_Sinha_0004.jpg,ok,0.9296
Yashwant_Sinha_0005.jpg,ok,0.0362
Yashwant_Sinha_0006.jpg,ok,0.7582
Yashwant_Sinha_0007.jpg,ok,0.8375
Yasser_Arafat_0001.jpg,ok,0.9906
Yasser_Arafat_0002.jpg,ok,0.8247
Yasser_Arafat_0003.jpg,ok,0.9269
Yasser_Arafat_0004.jpg,ok,0.0196
Yasser_Arafat_0005.jpg,ok,0.1966
Yasser_Arafat_0006.jpg,ok,0.6467
Yasser_Arafat_0007.jpg,ok,0.6921
Yasser_Arafat_0008.jpg,ok,0.8181
Yasushi_Akashi_0001.jpg,ok,0.2813
Yasushi_Chimura_0001.jpg,ok,0.0309
Yekaterina_Guseva_0001.jpg,ok,0.8032
Yevgeny_Kafelnikov_0001.jpg,ok,0.3336
Yevgeny_Kafelnikov_0002.jpg,ok,0.3690
Yevgeny_Kafelnikov_0003.jpg,ok,0.0006
Yevgeny_Kafelnikov_0004.jpg,ok,0.0629
Yingfan_Wang_0001.jpg,ok,0.0042
Yishan_Zhang_0001.jpg,ok,0.0471
Yoelbi_Quesada_0001.jpg,ok,0.0128
Yogi_Berra_0001.jpg,ok,0.8805
Yoko_Ono_0001.jpg,ok,0.0394
Yoko_Ono_0002.jpg,ok,0.1109
Yoko_Ono_0003.jpg,ok,0.3772
Yoko_Ono_0004.jpg,ok,0.2897
Yoko_Ono_0005.jpg,ok,0.2223
Yoko_Ono_0006.jpg,ok,0.1155
Yolanda_King_0001.jpg,ok,0.0276
Yoo_Jay-Kun_0001.jpg,ok,0.2321
Yoon_Jeong_Cho_0001.jpg,ok,0.0297
Yoon_Jin-Sik_0001.jpg,ok,0.4059
Yoon_Won-Sik_0001.jpg,ok,0.0888
Yoon_Young-kwan_0001.jpg,ok,0.5220
Yoriko_Kawaguchi_0001.jpg,ok,0.0242
Yoriko_Kawaguchi_0002.jpg,ok,0.0040
Yoriko_Kawaguchi_0003.jpg,ok,0.0376
Yoriko_Kawaguchi_0004.jpg,ok,0.0168
Yoriko_Kawaguchi_0005.jpg,ok,0.0218
Yoriko_Kawaguchi_0006.jpg,ok,0.2693
Yoriko_Kawaguchi_0007.jpg,ok,0.9825
Yoriko_Kawaguchi_0008.jpg,ok,0.0252
Yoriko_Kawaguchi_0009.jpg,ok,0.0025
Yoriko_Kawaguchi_0010.jpg,ok,0.1685
Yoriko_Kawaguchi_0011.jpg,ok,0.0046
Yoriko_Kawaguchi_0012.jpg,ok,0.0240
Yoriko_Kawaguchi_0013.jpg,ok,0.0944
Yoriko_Kawaguchi_0014.jpg,ok,0.0176
Yory_Boy_Campas_0001.jpg,ok,0.2121
Yoshiyuki_Kamei_0001.jpg,ok,0.0794
Yossi_Beilin_0001.jpg,ok,0.1048
Yossi_Beilin_0002.jpg,ok,0.3493
Young_Kim_0001.jpg,ok,0.3544
Yu_Shyi-kun_0001.jpg,ok,0.1397
Yu_Shyi-kun_0002.jpg,ok,0.4988
Yu_Shyi-kun_0003.jpg,ok,0.0066
Yu_Shyi-kun_0004.jpg,ok,0.1101
Yukiko_Okudo_0001.jpg,ok,0.2077
Yukiko_Okudo_0002.jpg,ok,0.0674
Yukio_Hatoyama_0001.jpg,ok,0.1514
Yuri_Fedotov_0001.jpg,ok,0.1907
Yuri_Fedotov_0002.jpg,ok,0.5372
Yuri_Luzhkov_0001.jpg,ok,0.6497
Yuri_Malenchenko_0001.jpg,ok,0.6256
Yuri_Malenchenko_0002.jpg,ok,0.0211
Yusaku_Miyazato_0001.jpg,ok,0.0705
Yusuf_Misbac_0001.jpg,ok,0.3549
Yuvraj_Singh_0001.jpg,ok,0.6689
Yves_Brodeur_0001.jpg,ok,0.0083
Zach_Parise_0001.jpg,ok,0.0155
Zach_Pillar_0001.jpg,ok,0.2625
Zach_Safrin_0001.jpg,ok,0.5015
Zafarullah_Khan_Jamali_0001.jpg,ok,0.8451
Zafarullah_Khan_Jamali_0002.jpg,ok,0.6085
Zahir_Shah_0001.jpg,ok,0.9149
Zaini_Abdullah_0001.jpg,ok,0.3274
Zakia_Hakki_0001.jpg,ok,0.5345
Zalmay_Khalilzad_0001.jpg,ok,0.1713
Zara_Akhmadova_0001.jpg,ok,0.0049
Zarai_Toledo_0001.jpg,ok,0.1461
Zarai_Toledo_0002.jpg,ok,0.0986
Zavad_Zarif_0001.jpg,ok,0.0057
Zdravko_Mucic_0001.jpg,ok,0.0915
Zeljko_Rebraca_0001.jpg,ok,0.7787
Zelma_Novelo_0001.jpg,ok,0.1800
Zeng_Qinghong_0001.jpg,ok,0.0284
Zhang_Wenkang_0001.jpg,ok,0.0147
Zhang_Wenkang_0002.jpg,ok,0.0046
Zhang_Yimou_0001.jpg,ok,0.4449
Zhang_Ziyi_0001.jpg,ok,0.2100
Zhang_Ziyi_0002.jpg,ok,0.1773
Zhang_Ziyi_0003.jpg,ok,0.7017
Zhang_Ziyi_0004.jpg,ok,0.1315
Zhong_Nanshan_0001.jpg,ok,0.9618
Zhu_Rongji_0001.jpg,ok,0.9808
Zhu_Rongji_0002.jpg,ok,0.4028
Zhu_Rongji_0003.jpg,ok,0.0373
Zhu_Rongji_0004.jpg,ok,0.3715
Zhu_Rongji_0005.jpg,ok,0.0343
Zhu_Rongji_0006.jpg,ok,0.8624
Zhu_Rongji_0007.jpg,ok,0.2463
Zhu_Rongji_0008.jpg,ok,0.6056
Zhu_Rongji_0009.jpg,ok,0.4866
Zico_0001.jpg,ok,0.3070
Zico_0002.jpg,ok,0.2817
Zico_0003.jpg,ok,0.3878
Zinedine_Zidane_0001.jpg,ok,0.8748
Zinedine_Zidane_0002.jpg,ok,0.4013
Zinedine_Zidane_0003.jpg,ok,0.9774
Zinedine_Zidane_0004.jpg,ok,0.8610
Zinedine_Zidane_0005.jpg,ok,0.3922
Zinedine_Zidane_0006.jpg,ok,0.0979
Ziwang_Xu_0001.jpg,ok,0.0833
Zoe_Ball_0001.jpg,ok,0.9213
Zoran_Djindjic_0001.jpg,ok,0.6771
Zoran_Djindjic_0002.jpg,ok,0.7190
Zoran_Djindjic_0003.jpg,ok,0.0099
Zoran_Djindjic_0004.jpg,ok,0.0060
Zorica_Radovic_0001.jpg,ok,0.0967
Zulfiqar_Ahmed_0001.jpg,ok,0.4212
Zumrati_Juma_0001.jpg,ok,0.0431
Zurab_Tsereteli_0001.jpg,ok,0.4319
Zydrunas_Ilgauskas_0001.jpg,ok,0.0063
