frame,note,p_spoof_tight,p_spoof_m96
AJ_Cook_0001.jpg,ok,0.3402,0.3631
AJ_Lamas_0001.jpg,ok,0.3640,0.5515
Aaron_Eckhart_0001.jpg,ok,0.4254,0.4236
Aaron_Guiel_0001.jpg,ok,0.3637,0.2856
Aaron_Patterson_0001.jpg,ok,0.4374,0.5833
Aaron_Peirsol_0001.jpg,ok,0.4413,0.5034
Aaron_Peirsol_0002.jpg,ok,0.3998,0.4602
Aaron_Peirsol_0003.jpg,ok,0.4313,0.4336
Aaron_Peirsol_0004.jpg,ok,0.4977,0.4686
Aaron_Pena_0001.jpg,ok,0.3796,0.4365
Aaron_Sorkin_0001.jpg,ok,0.4575,0.4382
Aaron_Sorkin_0002.jpg,ok,0.2905,0.2822
Aaron_Tippin_0001.jpg,ok,0.4802,0.4783
Abba_Eban_0001.jpg,ok,0.3756,0.3233
Abbas_Kiarostami_0001.jpg,ok,0.3827,0.2835
Abdel_Aziz_Al-Hakim_0001.jpg,ok,0.5048,0.5488
Abdel_Madi_Shabneh_0001.jpg,ok,0.6257,0.6771
Abdel_Nasser_Assidi_0001.jpg,ok,0.3141,0.3761
Abdel_Nasser_Assidi_0002.jpg,ok,0.4096,0.5093
Abdoulaye_Wade_0001.jpg,ok,0.4689,0.4883
Abdoulaye_Wade_0002.jpg,ok,0.4833,0.4777
Abdoulaye_Wade_0003.jpg,ok,0.4557,0.4432
Abdoulaye_Wade_0004.jpg,ok,0.4692,0.5116
Abdul_Majeed_Shobokshi_0001.jpg,ok,0.4695,0.4946
Abdul_Rahman_0001.jpg,ok,0.3784,0.3419
Abdulaziz_Kamilov_0001.jpg,ok,0.4650,0.4754
Abdullah_0001.jpg,ok,0.4421,0.5256
Abdullah_0002.jpg,ok,0.3260,0.4790
Abdullah_0003.jpg,ok,0.4536,0.4773
Abdullah_0004.jpg,ok,0.4231,0.4800
Abdullah_Ahmad_Badawi_0001.jpg,ok,0.4150,0.4738
Abdullah_Gul_0001.jpg,ok,0.5305,0.5226
Abdullah_Gul_0002.jpg,ok,0.2684,0.5461
Abdullah_Gul_0003.jpg,ok,0.4434,0.4921
Abdullah_Gul_0004.jpg,ok,0.3882,0.5269
Abdullah_Gul_0005.jpg,ok,0.4175,0.4329
Abdullah_Gul_0006.jpg,ok,0.4806,0.5391
Abdullah_Gul_0007.jpg,ok,0.4481,0.4253
Abdullah_Gul_0008.jpg,ok,0.4438,0.5121
Abdullah_Gul_0009.jpg,ok,0.4508,0.4990
Abdullah_Gul_0010.jpg,ok,0.3694,0.3016
Abdullah_Gul_0011.jpg,ok,0.5029,0.5347
Abdullah_Gul_0012.jpg,ok,0.4331,0.4249
Abdullah_Gul_0013.jpg,ok,0.4669,0.4827
Abdullah_Gul_0014.jpg,ok,0.4739,0.5361
Abdullah_Gul_0015.jpg,ok,0.4960,0.4917
Abdullah_Gul_0016.jpg,ok,0.4807,0.5006
Abdullah_Gul_0017.jpg,ok,0.5397,0.5520
Abdullah_Gul_0018.jpg,ok,0.4958,0.4249
Abdullah_Gul_0019.jpg,ok,0.4680,0.4795
Abdullah_Nasseef_0001.jpg,ok,0.4148,0.3563
Abdullah_al-Attiyah_0001.jpg,ok,0.4758,0.5239
Abdullah_al-Attiyah_0002.jpg,ok,0.3350,0.4310
Abdullah_al-Attiyah_0003.jpg,ok,0.4831,0.4823
Abdullatif_Sener_0001.jpg,ok,0.5416,0.5508
Abdullatif_Sener_0002.jpg,ok,0.4608,0.4443
Abel_Aguilar_0001.jpg,ok,0.4841,0.4793
Abel_Pacheco_0001.jpg,ok,0.4274,0.4621
Abel_Pacheco_0002.jpg,ok,0.4265,0.4724
Abel_Pacheco_0003.jpg,ok,0.4954,0.5055
Abel_Pacheco_0004.jpg,ok,0.3847,0.3521
Abid_Hamid_Mahmud_Al-Tikriti_0001.jpg,ok,0.6289,0.5689
Abid_Hamid_Mahmud_Al-Tikriti_0002.jpg,ok,0.5761,0.5426
Abid_Hamid_Mahmud_Al-Tikriti_0003.jpg,ok,0.6229,0.5774
Abner_Martinez_0001.jpg,ok,0.3603,0.4720
Abraham_Foxman_0001.jpg,ok,0.4719,0.4661
Aby_Har-Even_0001.jpg,ok,0.4343,0.5045
Adam_Ant_0001.jpg,ok,0.5214,0.4834
Adam_Freier_0001.jpg,ok,0.5607,0.5149
Adam_Herbert_0001.jpg,ok,0.4644,0.4495
Adam_Kennedy_0001.jpg,ok,0.3563,0.4492
Adam_Mair_0001.jpg,ok,0.4403,0.5083
Adam_Rich_0001.jpg,ok,0.3383,0.3359
Adam_Sandler_0001.jpg,ok,0.5048,0.5196
Adam_Sandler_0002.jpg,ok,0.3975,0.3809
Adam_Sandler_0003.jpg,ok,0.4288,0.4818
Adam_Sandler_0004.jpg,ok,0.4107,0.4885
Adam_Scott_0001.jpg,ok,0.5206,0.5132
Adam_Scott_0002.jpg,ok,0.5402,0.5319
Adel_Al-Jubeir_0001.jpg,ok,0.3330,0.3737
Adel_Al-Jubeir_0002.jpg,ok,0.4785,0.4701
Adel_Al-Jubeir_0003.jpg,ok,0.3627,0.4025
Adelina_Avila_0001.jpg,ok,0.3781,0.3303
Adisai_Bodharamik_0001.jpg,ok,0.5273,0.4349
Adolfo_Aguilar_Zinser_0001.jpg,ok,0.4235,0.3478
Adolfo_Aguilar_Zinser_0002.jpg,ok,0.5058,0.4457
Adolfo_Aguilar_Zinser_0003.jpg,ok,0.4738,0.5255
Adolfo_Rodriguez_Saa_0001.jpg,ok,0.4005,0.3953
Adolfo_Rodriguez_Saa_0002.jpg,ok,0.3444,0.4947
Adoor_Gopalakarishnan_0001.jpg,ok,0.3766,0.2742
Adrian_Annus_0001.jpg,ok,0.4556,0.5054
Adrian_Fernandez_0001.jpg,ok,0.4822,0.4598
Adrian_McPherson_0001.jpg,ok,0.4425,0.4051
Adrian_McPherson_0002.jpg,ok,0.4475,0.3895
Adrian_Murrell_0001.jpg,ok,0.4382,0.4614
Adrian_Nastase_0001.jpg,ok,0.5024,0.5465
Adrian_Nastase_0002.jpg,ok,0.4241,0.4406
Adriana_Lima_0001.jpg,ok,0.4924,0.4845
Adriana_Perez_Navarro_0001.jpg,ok,0.3846,0.4517
Adrianna_Zuzic_0001.jpg,ok,0.4219,0.4640
Adrien_Brody_0001.jpg,ok,0.3174,0.4170
Adrien_Brody_0002.jpg,ok,0.4179,0.4809
Adrien_Brody_0003.jpg,ok,0.5189,0.4320
Adrien_Brody_0004.jpg,ok,0.4644,0.4024
Adrien_Brody_0005.jpg,ok,0.3597,0.3852
Adrien_Brody_0006.jpg,ok,0.4203,0.4059
Adrien_Brody_0007.jpg,ok,0.3677,0.4708
Adrien_Brody_0008.jpg,ok,0.4026,0.4213
Adrien_Brody_0009.jpg,ok,0.4504,0.4806
Adrien_Brody_0010.jpg,ok,0.3348,0.3706
Adrien_Brody_0011.jpg,ok,0.2867,0.3520
Adrien_Brody_0012.jpg,ok,0.5321,0.5317
Afton_Smith_0001.jpg,ok,0.3052,0.3907
Agbani_Darego_0001.jpg,ok,0.3864,0.3762
Agnelo_Queiroz_0001.jpg,ok,0.4100,0.5027
Agnes_Bruckner_0001.jpg,ok,0.3506,0.3729
Ahmad_Jbarah_0001.jpg,ok,0.4194,0.3649
Ahmad_Masood_0001.jpg,ok,0.3904,0.3717
Ahmad_Masood_0002.jpg,ok,0.5824,0.5632
Ahmed_Ahmed_0001.jpg,ok,0.3907,0.3313
Ahmed_Chalabi_0001.jpg,ok,0.4328,0.4811
Ahmed_Chalabi_0002.jpg,ok,0.4981,0.4565
Ahmed_Chalabi_0003.jpg,ok,0.4804,0.4365
Ahmed_Chalabi_0004.jpg,ok,0.4594,0.4520
Ahmed_Chalabi_0005.jpg,ok,0.3157,0.3375
Ahmed_Ghazi_0001.jpg,ok,0.4967,0.5101
Ahmed_Ibrahim_Bilal_0001.jpg,ok,0.4433,0.4466
Ahmed_Lopez_0001.jpg,ok,0.5143,0.4966
Ahmed_Qureia_0001.jpg,ok,0.4210,0.4166
Ahmet_Demir_0001.jpg,ok,0.4346,0.5226
Ahmet_Necdet_Sezer_0001.jpg,ok,0.4819,0.5206
Ahmet_Necdet_Sezer_0002.jpg,ok,0.5061,0.4827
Ai_Sugiyama_0001.jpg,ok,0.3836,0.5379
Ai_Sugiyama_0002.jpg,ok,0.3374,0.4827
Ai_Sugiyama_0003.jpg,ok,0.4508,0.5528
Ai_Sugiyama_0004.jpg,ok,0.4810,0.5275
Ai_Sugiyama_0005.jpg,ok,0.3793,0.5123
Aicha_El_Ouafi_0001.jpg,ok,0.5044,0.4959
Aicha_El_Ouafi_0002.jpg,ok,0.4336,0.4855
Aicha_El_Ouafi_0003.jpg,ok,0.3090,0.3669
Aidan_Quinn_0001.jpg,ok,0.4319,0.4066
Aileen_Riggin_Soule_0001.jpg,ok,0.3694,0.3976
Ain_Seppik_0001.jpg,ok,0.4281,0.3943
Ainsworth_Dyer_0001.jpg,ok,0.4629,0.4510
Aishwarya_Rai_0001.jpg,ok,0.3598,0.4388
Aitor_Gonzalez_0001.jpg,ok,0.5015,0.5541
Aitor_Gonzalez_0002.jpg,ok,0.3890,0.4994
Aiysha_Smith_0001.jpg,ok,0.4563,0.4786
Ajit_Agarkar_0001.jpg,ok,0.4478,0.5436
Akbar_Al_Baker_0001.jpg,ok,0.4053,0.4796
Akbar_Hashemi_Rafsanjani_0001.jpg,ok,0.3967,0.4578
Akbar_Hashemi_Rafsanjani_0002.jpg,ok,0.4568,0.4657
Akbar_Hashemi_Rafsanjani_0003.jpg,ok,0.3912,0.4690
Akhmed_Zakayev_0001.jpg,ok,0.4036,0.4872
Akhmed_Zakayev_0002.jpg,ok,0.5127,0.5297
Akhmed_Zakayev_0003.jpg,ok,0.4790,0.3953
Akiko_Morigami_0001.jpg,ok,0.5505,0.5497
Akmal_Taher_0001.jpg,ok,0.4734,0.3306
Al_Cardenas_0001.jpg,ok,0.4453,0.5043
Al_Davis_0001.jpg,ok,0.3542,0.4587
Al_Davis_0002.jpg,ok,0.3815,0.3566
Al_Gore_0001.jpg,ok,0.3971,0.4444
Al_Gore_0002.jpg,ok,0.4355,0.4705
Al_Gore_0003.jpg,ok,0.4756,0.4858
Al_Gore_0004.jpg,ok,0.4534,0.4904
Al_Gore_0005.jpg,ok,0.3294,0.3953
Al_Gore_0006.jpg,ok,0.4791,0.4630
Al_Gore_0007.jpg,ok,0.4492,0.5450
Al_Gore_0008.jpg,ok,0.4278,0.4655
Al_Leiter_0001.jpg,ok,0.4419,0.4460
Al_Pacino_0001.jpg,ok,0.4308,0.4665
Al_Pacino_0002.jpg,ok,0.3911,0.5488
Al_Pacino_0003.jpg,ok,0.3725,0.4023
Al_Sharpton_0001.jpg,ok,0.2736,0.3821
Al_Sharpton_0002.jpg,ok,0.3935,0.3715
Al_Sharpton_0003.jpg,ok,0.4442,0.4343
Al_Sharpton_0004.jpg,ok,0.3628,0.3545
Al_Sharpton_0005.jpg,ok,0.3575,0.4163
Al_Sharpton_0006.jpg,ok,0.3990,0.4448
Al_Sharpton_0007.jpg,ok,0.4321,0.4178
Alain_Cervantes_0001.jpg,ok,0.4816,0.4941
Alain_Ducasse_0001.jpg,ok,0.3333,0.3578
Alan_Ball_0001.jpg,ok,0.3366,0.3284
Alan_Ball_0002.jpg,ok,0.3885,0.3814
Alan_Dershowitz_0001.jpg,ok,0.4509,0.4693
Alan_Dreher_0001.jpg,ok,0.4633,0.4845
Alan_Greenspan_0001.jpg,ok,0.4013,0.4554
Alan_Greenspan_0002.jpg,ok,0.4542,0.4763
Alan_Greenspan_0003.jpg,ok,0.4528,0.4880
Alan_Greenspan_0004.jpg,ok,0.4607,0.5582
Alan_Greenspan_0005.jpg,ok,0.3943,0.3916
Alan_Greer_0001.jpg,ok,0.4605,0.4487
Alan_Jackson_0001.jpg,ok,0.4645,0.3442
Alan_Mulally_0001.jpg,ok,0.4630,0.3927
Alan_Mulally_0002.jpg,ok,0.3635,0.4269
Alan_Stonecipher_0001.jpg,ok,0.3802,0.4079
Alan_Tang_Kwong-wing_0001.jpg,ok,0.4170,0.4180
Alan_Trammell_0001.jpg,ok,0.4176,0.4796
Alan_Zemaitis_0001.jpg,ok,0.2826,0.4001
Alanis_Morissette_0001.jpg,ok,0.3551,0.3714
Alanna_Ubach_0001.jpg,ok,0.4089,0.4531
Alastair_Campbell_0001.jpg,ok,0.3163,0.4660
Alastair_Campbell_0002.jpg,ok,0.4113,0.4617
Alastair_Campbell_0003.jpg,ok,0.3907,0.5017
Alastair_Campbell_0004.jpg,ok,0.4373,0.4615
Alastair_Campbell_0005.jpg,ok,0.5166,0.5215
Alastair_Johnston_0001.jpg,ok,0.4174,0.4606
Albaro_Recoba_0001.jpg,ok,0.4798,0.5227
Albert_Brooks_0001.jpg,ok,0.2451,0.2548
Albert_Costa_0001.jpg,ok,0.4766,0.4675
Albert_Costa_0002.jpg,ok,0.4661,0.4963
Albert_Costa_0003.jpg,ok,0.5287,0.5119
Albert_Costa_0004.jpg,ok,0.4524,0.5214
Albert_Costa_0005.jpg,ok,0.5106,0.5130
Albert_Costa_0006.jpg,ok,0.4115,0.4605
Albert_Montanes_0001.jpg,ok,0.4655,0.5171
Albert_Pujols_0001.jpg,ok,0.4786,0.4101
Alberta_Lee_0001.jpg,ok,0.4504,0.3258
Alberto_Acosta_0001.jpg,ok,0.5052,0.4727
Alberto_Fujimori_0001.jpg,ok,0.4309,0.4440
Alberto_Fujimori_0002.jpg,ok,0.4857,0.4404
Alberto_Gonzales_0001.jpg,ok,0.4761,0.4624
Alberto_Ruiz_Gallardon_0001.jpg,ok,0.4304,0.4650
Alberto_Ruiz_Gallardon_0002.jpg,ok,0.3785,0.3987
Alberto_Sordi_0001.jpg,ok,0.4499,0.4866
Albrecht_Mentz_0001.jpg,ok,0.4548,0.4485
Albrecht_Mentz_0002.jpg,ok,0.4289,0.4861
Aldo_Paredes_0001.jpg,ok,0.5020,0.5216
Aldo_Paredes_0002.jpg,ok,0.4761,0.5506
Alec_Baldwin_0001.jpg,ok,0.4384,0.4093
Alec_Baldwin_0002.jpg,ok,0.4787,0.4994
Alec_Baldwin_0003.jpg,ok,0.4415,0.3296
Alec_Baldwin_0004.jpg,ok,0.4613,0.3681
Alecos_Markides_0001.jpg,ok,0.4912,0.4701
Alejandro_Atchugarry_0001.jpg,ok,0.3085,0.4343
Alejandro_Atchugarry_0002.jpg,ok,0.3447,0.2764
Alejandro_Avila_0001.jpg,ok,0.5677,0.4846
Alejandro_Avila_0002.jpg,ok,0.6001,0.5708
Alejandro_Avila_0003.jpg,ok,0.4334,0.4325
Alejandro_Fernandez_0001.jpg,ok,0.3255,0.2888
Alejandro_Gonzalez_Inarritu_0001.jpg,ok,0.3469,0.3017
Alejandro_Lembo_0001.jpg,ok,0.4360,0.4230
Alejandro_Lerner_0001.jpg,ok,0.3654,0.4170
Alejandro_Lopez_0001.jpg,ok,0.5677,0.4620
Alejandro_Toledo_0001.jpg,ok,0.4132,0.4656
Alejandro_Toledo_0002.jpg,ok,0.4763,0.4878
Alejandro_Toledo_0003.jpg,ok,0.4727,0.4535
Alejandro_Toledo_0004.jpg,ok,0.4608,0.4592
Alejandro_Toledo_0005.jpg,ok,0.4621,0.4804
Alejandro_Toledo_0006.jpg,ok,0.4945,0.5047
Alejandro_Toledo_0007.jpg,ok,0.4457,0.5323
Alejandro_Toledo_0008.jpg,ok,0.4834,0.5148
Alejandro_Toledo_0009.jpg,ok,0.4624,0.4832
Alejandro_Toledo_0010.jpg,ok,0.4749,0.5096
Alejandro_Toledo_0011.jpg,ok,0.5049,0.5230
Alejandro_Toledo_0012.jpg,ok,0.3002,0.3628
Alejandro_Toledo_0013.jpg,ok,0.3872,0.4804
Alejandro_Toledo_0014.jpg,ok,0.5402,0.5677
Alejandro_Toledo_0015.jpg,ok,0.4853,0.5262
Alejandro_Toledo_0016.jpg,ok,0.4868,0.5143
Alejandro_Toledo_0017.jpg,ok,0.3996,0.4925
Alejandro_Toledo_0018.jpg,ok,0.4436,0.4695
Alejandro_Toledo_0019.jpg,ok,0.4893,0.5080
Alejandro_Toledo_0020.jpg,ok,0.5057,0.4974
Alejandro_Toledo_0021.jpg,ok,0.4015,0.4236
Alejandro_Toledo_0022.jpg,ok,0.5313,0.5517
Alejandro_Toledo_0023.jpg,ok,0.4899,0.5039
Alejandro_Toledo_0024.jpg,ok,0.4397,0.4966
Alejandro_Toledo_0025.jpg,ok,0.4405,0.4861
Alejandro_Toledo_0026.jpg,ok,0.4256,0.4455
Alejandro_Toledo_0027.jpg,ok,0.3619,0.3869
Alejandro_Toledo_0028.jpg,ok,0.3099,0.4755
Alejandro_Toledo_0029.jpg,ok,0.4545,0.5086
Alejandro_Toledo_0030.jpg,ok,0.4417,0.4867
Alejandro_Toledo_0031.jpg,ok,0.4568,0.4850
Alejandro_Toledo_0032.jpg,ok,0.4044,0.4932
Alejandro_Toledo_0033.jpg,ok,0.4817,0.5268
Alejandro_Toledo_0034.jpg,ok,0.4670,0.4832
Alejandro_Toledo_0035.jpg,ok,0.5041,0.5497
Alejandro_Toledo_0036.jpg,ok,0.4765,0.4326
Alejandro_Toledo_0037.jpg,ok,0.4288,0.4393
Alejandro_Toledo_0038.jpg,ok,0.4484,0.4394
Alejandro_Toledo_0039.jpg,ok,0.4039,0.4769
Alek_Wek_0001.jpg,ok,0.3602,0.4289
Aleksander_Kwasniewski_0001.jpg,ok,0.4813,0.4940
Aleksander_Kwasniewski_0002.jpg,ok,0.4831,0.4895
Aleksander_Kwasniewski_0003.jpg,ok,0.4964,0.4860
Aleksander_Kwasniewski_0004.jpg,ok,0.4747,0.4668
Aleksander_Voloshin_0001.jpg,ok,0.4745,0.4833
Alessandra_Cerna_0001.jpg,ok,0.4796,0.4360
Alessandro_Nesta_0001.jpg,ok,0.3803,0.3768
Alex_Barros_0001.jpg,ok,0.5841,0.4909
Alex_Barros_0002.jpg,ok,0.4920,0.4732
Alex_Cabrera_0001.jpg,ok,0.5151,0.4375
Alex_Cejka_0001.jpg,ok,0.3963,0.4201
Alex_Corretja_0001.jpg,ok,0.4134,0.4837
Alex_Ferguson_0001.jpg,ok,0.4309,0.4775
Alex_Gonzalez_0001.jpg,ok,0.4308,0.4504
Alex_Holmes_0001.jpg,ok,0.5790,0.5123
Alex_King_0001.jpg,ok,0.4088,0.4171
Alex_Penelas_0001.jpg,ok,0.4923,0.4483
Alex_Penelas_0002.jpg,ok,0.4137,0.4936
Alex_Popov_0001.jpg,ok,0.4572,0.4783
Alex_Sink_0001.jpg,ok,0.4131,0.4645
Alex_Sink_0002.jpg,ok,0.4636,0.4466
Alex_Sink_0003.jpg,ok,0.4250,0.3997
Alex_Wallau_0001.jpg,ok,0.4162,0.4309
Alex_Zanardi_0001.jpg,ok,0.3020,0.3829
Alexa_Loren_0001.jpg,ok,0.6440,0.5201
Alexa_Vega_0001.jpg,ok,0.4693,0.4371
Alexander_Downer_0001.jpg,ok,0.3919,0.3229
Alexander_Downer_0002.jpg,ok,0.4488,0.4951
Alexander_Downer_0003.jpg,ok,0.4202,0.4008
Alexander_Downer_0004.jpg,ok,0.4635,0.4793
Alexander_Losyukov_0001.jpg,ok,0.4400,0.5212
Alexander_Losyukov_0002.jpg,ok,0.4043,0.4047
Alexander_Losyukov_0003.jpg,ok,0.4230,0.3680
Alexander_Losyukov_0004.jpg,ok,0.3436,0.3478
Alexander_Lukashenko_0001.jpg,ok,0.3657,0.4364
Alexander_Payne_0001.jpg,ok,0.5258,0.5069
Alexander_Rumyantsev_0001.jpg,ok,0.4311,0.3816
Alexander_Rumyantsev_0002.jpg,ok,0.5423,0.5069
Alexandra_Jackson_0001.jpg,ok,0.3895,0.3453
Alexandra_Pelosi_0001.jpg,ok,0.3471,0.4601
Alexandra_Rozovskaya_0001.jpg,ok,0.3469,0.3681
Alexandra_Spann_0001.jpg,ok,0.4013,0.4638
Alexandra_Stevenson_0001.jpg,ok,0.4510,0.5192
Alexandra_Stevenson_0002.jpg,ok,0.4556,0.5284
Alexandra_Stevenson_0003.jpg,ok,0.5019,0.4980
Alexandra_Vodjanikova_0001.jpg,ok,0.4221,0.3255
Alexandra_Vodjanikova_0002.jpg,ok,0.3410,0.3545
Alexandre_Daigle_0001.jpg,ok,0.2681,0.2812
Alexandre_Despatie_0001.jpg,ok,0.4471,0.5027
Alexandre_Herchcovitch_0001.jpg,ok,0.4493,0.4008
Alexandre_Vinokourov_0001.jpg,ok,0.4609,0.5063
Alexis_Bledel_0001.jpg,ok,0.4475,0.4638
Alexis_Dennisoff_0001.jpg,ok,0.3507,0.3576
Alfonso_Cuaron_0001.jpg,ok,0.3651,0.4776
Alfonso_Portillo_0001.jpg,ok,0.5014,0.5171
Alfonso_Soriano_0001.jpg,ok,0.4694,0.4583
Alfred_Ford_0001.jpg,ok,0.4083,0.4514
Alfred_Sant_0001.jpg,ok,0.5027,0.4734
Alfredo_Moreno_0001.jpg,ok,0.4620,0.4713
Alfredo_Pena_0001.jpg,ok,0.4472,0.4389
Alfredo_di_Stefano_0001.jpg,ok,0.4185,0.5229
Ali_Abbas_0001.jpg,ok,0.3636,0.4225
Ali_Abbas_0002.jpg,ok,0.4296,0.5101
Ali_Abdullah_Saleh_0001.jpg,ok,0.5002,0.5383
Ali_Adbul_Karim_Madani_0001.jpg,ok,0.4240,0.3797
Ali_Ahmeti_0001.jpg,ok,0.4831,0.5213
Ali_Bin_Hussein_0001.jpg,ok,0.4661,0.4983
Ali_Fallahian_0001.jpg,ok,0.4427,0.4940
Ali_Hammoud_0001.jpg,ok,0.4392,0.5022
Ali_Khamenei_0001.jpg,ok,0.5055,0.4386
Ali_Khamenei_0002.jpg,ok,0.4716,0.4458
Ali_Khamenei_0003.jpg,ok,0.4932,0.5256
Ali_Mohammed_Maher_0001.jpg,ok,0.3381,0.3848
Ali_Naimi_0001.jpg,ok,0.4661,0.4745
Ali_Naimi_0002.jpg,ok,0.4521,0.4586
Ali_Naimi_0003.jpg,ok,0.4481,0.4896
Ali_Naimi_0004.jpg,ok,0.4510,0.4540
Ali_Naimi_0005.jpg,ok,0.3782,0.4097
Ali_Naimi_0006.jpg,ok,0.4438,0.4225
Ali_Naimi_0007.jpg,ok,0.3592,0.4298
Ali_Naimi_0008.jpg,ok,0.4207,0.4621
Alice_Fisher_0001.jpg,ok,0.4120,0.4209
Alice_Fisher_0002.jpg,ok,0.3593,0.4396
Alicia_Hollowell_0001.jpg,ok,0.4504,0.5144
Alicia_Keys_0001.jpg,ok,0.3657,0.4254
Alicia_Molik_0001.jpg,ok,0.5101,0.5268
Alicia_Silverstone_0001.jpg,ok,0.3852,0.3883
Alicia_Silverstone_0002.jpg,ok,0.4056,0.3284
Alicia_Witt_0001.jpg,ok,0.3941,0.4393
Alimzhan_Tokhtakhounov_0001.jpg,ok,0.3439,0.4074
Alimzhan_Tokhtakhounov_0002.jpg,ok,0.4222,0.4508
Alina_Kabaeva_0001.jpg,ok,0.4872,0.4837
Aline_Chretien_0001.jpg,ok,0.3333,0.3653
Alisha_Richman_0001.jpg,ok,0.3329,0.2842
Alison_Krauss_0001.jpg,ok,0.2291,0.3635
Alison_Lohman_0001.jpg,ok,0.3192,0.4103
Alison_Lohman_0002.jpg,ok,0.4700,0.3917
Alistair_MacDonald_0001.jpg,ok,0.3740,0.3432
Allan_Houston_0001.jpg,ok,0.4721,0.4749
Allan_Kemakeza_0001.jpg,ok,0.3924,0.4208
Allan_Wagner_0001.jpg,ok,0.4734,0.4614
Allen_Iverson_0001.jpg,ok,0.4886,0.4683
Allen_Iverson_0002.jpg,ok,0.4596,0.4781
Allen_Rock_0001.jpg,ok,0.4542,0.4886
Allison_Janney_0001.jpg,ok,0.3653,0.4523
Allison_Janney_0002.jpg,ok,0.3534,0.4425
Allison_Searing_0001.jpg,ok,0.3768,0.4384
Ally_Sheedy_0001.jpg,ok,0.4049,0.4045
Allyson_Felix_0001.jpg,ok,0.4162,0.4048
Allyson_Felix_0002.jpg,ok,0.3887,0.3878
Allyson_Felix_0003.jpg,ok,0.3350,0.3559
Allyson_Felix_0004.jpg,ok,0.3297,0.4025
Allyson_Felix_0005.jpg,ok,0.4455,0.4443
Alma_Powell_0001.jpg,ok,0.3389,0.3765
Almeida_Baptista_0001.jpg,ok,0.4521,0.4838
Alonzo_Mourning_0001.jpg,ok,0.4061,0.3884
Alvaro_Noboa_0001.jpg,ok,0.3169,0.3584
Alvaro_Noboa_0002.jpg,ok,0.2925,0.3992
Alvaro_Noboa_0003.jpg,ok,0.3926,0.4232
Alvaro_Silva_Calderon_0001.jpg,ok,0.4152,0.4755
Alvaro_Silva_Calderon_0002.jpg,ok,0.4208,0.4730
Alvaro_Silva_Calderon_0003.jpg,ok,0.4376,0.4120
Alvaro_Silva_Calderon_0004.jpg,ok,0.4014,0.4176
Alvaro_Uribe_0001.jpg,ok,0.4281,0.4667
Alvaro_Uribe_0002.jpg,ok,0.4547,0.5120
Alvaro_Uribe_0003.jpg,ok,0.4711,0.4950
Alvaro_Uribe_0004.jpg,ok,0.3850,0.4989
Alvaro_Uribe_0005.jpg,ok,0.4377,0.4588
Alvaro_Uribe_0006.jpg,ok,0.4635,0.4544
Alvaro_Uribe_0007.jpg,ok,0.4492,0.4465
Alvaro_Uribe_0008.jpg,ok,0.4299,0.5033
Alvaro_Uribe_0009.jpg,ok,0.4575,0.4774
Alvaro_Uribe_0010.jpg,ok,0.4463,0.5741
Alvaro_Uribe_0011.jpg,ok,0.4417,0.5539
Alvaro_Uribe_0012.jpg,ok,0.4073,0.5177
Alvaro_Uribe_0013.jpg,ok,0.4326,0.3541
Alvaro_Uribe_0014.jpg,ok,0.4439,0.4560
Alvaro_Uribe_0015.jpg,ok,0.3699,0.4801
Alvaro_Uribe_0016.jpg,ok,0.4153,0.4175
Alvaro_Uribe_0017.jpg,ok,0.4574,0.4628
Alvaro_Uribe_0018.jpg,ok,0.4502,0.4776
Alvaro_Uribe_0019.jpg,ok,0.4304,0.4863
Alvaro_Uribe_0020.jpg,ok,0.3371,0.3928
Alvaro_Uribe_0021.jpg,ok,0.4886,0.5015
Alvaro_Uribe_0022.jpg,ok,0.4613,0.4902
Alvaro_Uribe_0023.jpg,ok,0.4385,0.4311
Alvaro_Uribe_0024.jpg,ok,0.4789,0.5099
Alvaro_Uribe_0025.jpg,ok,0.4667,0.5054
Alvaro_Uribe_0026.jpg,ok,0.4410,0.3886
Alvaro_Uribe_0027.jpg,ok,0.4578,0.4576
Alvaro_Uribe_0028.jpg,ok,0.4736,0.4755
Alvaro_Uribe_0029.jpg,ok,0.4348,0.4390
Alvaro_Uribe_0030.jpg,ok,0.4363,0.4597
Alvaro_Uribe_0031.jpg,ok,0.4861,0.4399
Alvaro_Uribe_0032.jpg,ok,0.4563,0.4879
Alvaro_Uribe_0033.jpg,ok,0.4634,0.5075
Alvaro_Uribe_0034.jpg,ok,0.3951,0.4146
Alvaro_Uribe_0035.jpg,ok,0.4691,0.5050
Aly_Wagner_0001.jpg,ok,0.2628,0.3117
Alyse_Beaupre_0001.jpg,ok,0.3377,0.2965
Alyson_Hannigan_0001.jpg,ok,0.4142,0.4666
Amanda_Beard_0001.jpg,ok,0.4210,0.4966
Amanda_Beard_0002.jpg,ok,0.3934,0.3533
Amanda_Bynes_0001.jpg,ok,0.3856,0.4289
Amanda_Bynes_0002.jpg,ok,0.2653,0.3215
Amanda_Bynes_0003.jpg,ok,0.4226,0.4001
Amanda_Bynes_0004.jpg,ok,0.4044,0.3990
Amanda_Coetzer_0001.jpg,ok,0.4418,0.5302
Amanda_Coetzer_0002.jpg,ok,0.5218,0.5182
Amanda_Marsh_0001.jpg,ok,0.2731,0.2945
Amanda_Plumer_0001.jpg,ok,0.2986,0.4607
Amber_Frey_0001.jpg,ok,0.3683,0.3754
Amber_Tamblyn_0001.jpg,ok,0.4201,0.4975
Amber_Tamblyn_0002.jpg,ok,0.4038,0.4398
Ambrose_Lee_0001.jpg,ok,0.3276,0.4060
Amelia_Vega_0001.jpg,ok,0.3728,0.3828
Amelia_Vega_0002.jpg,ok,0.4201,0.3906
Amelia_Vega_0003.jpg,ok,0.3899,0.4709
Amelia_Vega_0004.jpg,ok,0.4294,0.5089
Amelia_Vega_0005.jpg,ok,0.5001,0.4021
Amelia_Vega_0006.jpg,ok,0.3164,0.3996
Amelia_Vega_0007.jpg,ok,0.3211,0.3261
Amelie_Mauresmo_0001.jpg,ok,0.5526,0.5273
Amelie_Mauresmo_0002.jpg,ok,0.5075,0.4844
Amelie_Mauresmo_0003.jpg,ok,0.5039,0.5205
Amelie_Mauresmo_0004.jpg,ok,0.5212,0.5106
Amelie_Mauresmo_0005.jpg,ok,0.5235,0.5157
Amelie_Mauresmo_0006.jpg,ok,0.4958,0.5153
Amelie_Mauresmo_0007.jpg,ok,0.4847,0.4965
Amelie_Mauresmo_0008.jpg,ok,0.4722,0.5023
Amelie_Mauresmo_0009.jpg,ok,0.5299,0.4870
Amelie_Mauresmo_0010.jpg,ok,0.4733,0.5216
Amelie_Mauresmo_0011.jpg,ok,0.4650,0.5208
Amelie_Mauresmo_0012.jpg,ok,0.4195,0.4750
Amelie_Mauresmo_0013.jpg,ok,0.5236,0.5107
Amelie_Mauresmo_0014.jpg,ok,0.4916,0.4911
Amelie_Mauresmo_0015.jpg,ok,0.4900,0.4819
Amelie_Mauresmo_0016.jpg,ok,0.4502,0.4776
Amelie_Mauresmo_0017.jpg,ok,0.4861,0.4862
Amelie_Mauresmo_0018.jpg,ok,0.4836,0.5004
Amelie_Mauresmo_0019.jpg,ok,0.5315,0.5138
Amelie_Mauresmo_0020.jpg,ok,0.4718,0.5048
Amelie_Mauresmo_0021.jpg,ok,0.4088,0.4968
Amer_al-Saadi_0001.jpg,ok,0.4949,0.5286
Amer_al-Saadi_0002.jpg,ok,0.4799,0.5401
Amer_al-Saadi_0003.jpg,ok,0.5146,0.5395
Amer_al-Saadi_0004.jpg,ok,0.4824,0.4704
Amporn_Falise_0001.jpg,ok,0.3829,0.4401
Amr_Moussa_0001.jpg,ok,0.3394,0.4235
Amram_Mitzna_0001.jpg,ok,0.4767,0.3497
Amram_Mitzna_0002.jpg,ok,0.4152,0.5572
Amy_Brenneman_0001.jpg,ok,0.3847,0.3697
Amy_Cotton_0001.jpg,ok,0.4232,0.4504
Amy_Gale_0001.jpg,ok,0.2856,0.2624
Amy_Pascal_0001.jpg,ok,0.3631,0.4673
Amy_Redford_0001.jpg,ok,0.3404,0.3073
Amy_Smart_0001.jpg,ok,0.4415,0.4394
Amy_Yasbeck_0001.jpg,ok,0.3668,0.4185
AnFernce_Negron_0001.jpg,ok,0.4323,0.5331
Ana_Claudia_Talancon_0001.jpg,ok,0.3805,0.4499
Ana_Guevara_0001.jpg,ok,0.3748,0.3569
Ana_Guevara_0002.jpg,ok,0.4108,0.4226
Ana_Guevara_0003.jpg,ok,0.5001,0.4823
Ana_Guevara_0004.jpg,ok,0.4604,0.4819
Ana_Guevara_0005.jpg,ok,0.4159,0.4960
Ana_Guevara_0006.jpg,ok,0.5704,0.4638
Ana_Guevara_0007.jpg,ok,0.4696,0.4803
Ana_Isabel_Sanchez_0001.jpg,ok,0.4057,0.5253
Ana_Palacio_0001.jpg,ok,0.5810,0.5604
Ana_Palacio_0002.jpg,ok,0.5473,0.5781
Ana_Palacio_0003.jpg,ok,0.3337,0.4228
Ana_Palacio_0004.jpg,ok,0.4753,0.4909
Ana_Palacio_0005.jpg,ok,0.4193,0.4447
Ana_Palacio_0006.jpg,ok,0.3973,0.4608
Ana_Palacio_0007.jpg,ok,0.4422,0.4791
Ana_Palacio_0008.jpg,ok,0.4295,0.4027
Ana_Paula_Gerard_0001.jpg,ok,0.5355,0.5125
Ana_Sebastiao_0001.jpg,ok,0.3007,0.4163
Anastasia_Kelesidou_0001.jpg,ok,0.4856,0.4791
Anastasia_Myskina_0001.jpg,ok,0.4697,0.5112
Anastasia_Myskina_0002.jpg,ok,0.4540,0.4746
Anastasia_Myskina_0003.jpg,ok,0.4867,0.5001
Anatoliy_Kinakh_0001.jpg,ok,0.4812,0.4366
Anders_Ebbeson_0001.jpg,ok,0.3836,0.4319
Anders_Ebbeson_0002.jpg,ok,0.3221,0.3978
Anders_Ebbeson_0003.jpg,ok,0.2936,0.2618
Anders_Fogh_Rasmussen_0001.jpg,ok,0.4924,0.4839
Anders_Fogh_Rasmussen_0002.jpg,ok,0.3051,0.3944
Anders_Fogh_Rasmussen_0003.jpg,ok,0.3368,0.4644
Anders_Fogh_Rasmussen_0004.jpg,ok,0.3149,0.4470
Anderson_Varejao_0001.jpg,ok,0.4952,0.4140
Andre_Agassi_0001.jpg,ok,0.4906,0.5360
Andre_Agassi_0002.jpg,ok,0.4986,0.5049
Andre_Agassi_0003.jpg,ok,0.4801,0.4936
Andre_Agassi_0004.jpg,ok,0.4794,0.4894
Andre_Agassi_0005.jpg,ok,0.4488,0.5086
Andre_Agassi_0006.jpg,ok,0.4952,0.4985
Andre_Agassi_0007.jpg,ok,0.4574,0.4408
Andre_Agassi_0008.jpg,ok,0.4322,0.4572
Andre_Agassi_0009.jpg,ok,0.4967,0.4893
Andre_Agassi_0010.jpg,ok,0.4034,0.4500
Andre_Agassi_0011.jpg,ok,0.5032,0.4612
Andre_Agassi_0012.jpg,ok,0.3562,0.4966
Andre_Agassi_0013.jpg,ok,0.4658,0.4739
Andre_Agassi_0014.jpg,ok,0.3649,0.4502
Andre_Agassi_0015.jpg,ok,0.4154,0.4326
Andre_Agassi_0016.jpg,ok,0.4690,0.4317
Andre_Agassi_0017.jpg,ok,0.3771,0.4567
Andre_Agassi_0018.jpg,ok,0.4594,0.4999
Andre_Agassi_0019.jpg,ok,0.4890,0.4850
Andre_Agassi_0020.jpg,ok,0.4987,0.5133
Andre_Agassi_0021.jpg,ok,0.4365,0.5029
Andre_Agassi_0022.jpg,ok,0.4431,0.4537
Andre_Agassi_0023.jpg,ok,0.4298,0.5216
Andre_Agassi_0024.jpg,ok,0.4030,0.4839
Andre_Agassi_0025.jpg,ok,0.4328,0.3978
Andre_Agassi_0026.jpg,ok,0.4572,0.5122
Andre_Agassi_0027.jpg,ok,0.4167,0.5069
Andre_Agassi_0028.jpg,ok,0.4648,0.5042
Andre_Agassi_0029.jpg,ok,0.4222,0.4076
Andre_Agassi_0030.jpg,ok,0.3647,0.3498
Andre_Agassi_0031.jpg,ok,0.4904,0.4713
Andre_Agassi_0032.jpg,ok,0.4529,0.4837
Andre_Agassi_0033.jpg,ok,0.4701,0.4966
Andre_Agassi_0034.jpg,ok,0.4984,0.4620
Andre_Agassi_0035.jpg,ok,0.4749,0.4852
Andre_Agassi_0036.jpg,ok,0.4352,0.4716
Andre_Bucher_0001.jpg,ok,0.4430,0.4774
Andre_Lange_0001.jpg,ok,0.4224,0.3459
Andre_Smith_0001.jpg,ok,0.4710,0.4720
Andre_Techine_0001.jpg,ok,0.4149,0.3943
Andrea_Bocelli_0001.jpg,ok,0.3963,0.4478
Andrea_De_Cruz_0001.jpg,ok,0.2776,0.2427
Andrea_Kiser_0001.jpg,ok,0.4101,0.3078
Andrea_Yates_0001.jpg,ok,0.4033,0.3378
Andreas_Vinciguerra_0001.jpg,ok,0.4960,0.4672
Andrei_Konchalovsky_0001.jpg,ok,0.3644,0.3971
Andrei_Mikhnevich_0001.jpg,ok,0.4762,0.4815
Andrei_Mikhnevich_0002.jpg,ok,0.5343,0.5357
Andrei_Nikolishin_0001.jpg,ok,0.3024,0.3678
Andres_DAlessandro_0001.jpg,ok,0.4304,0.4555
Andres_Manuel_Lopez_Obrador_0001.jpg,ok,0.4864,0.4988
Andres_Pastrana_0001.jpg,ok,0.4698,0.4938
Andrew_Bernard_0001.jpg,ok,0.3133,0.4004
Andrew_Bunner_0001.jpg,ok,0.4320,0.4609
Andrew_Bunner_0002.jpg,ok,0.2692,0.2362
Andrew_Caldecott_0001.jpg,ok,0.4213,0.4613
Andrew_Cuomo_0001.jpg,ok,0.4451,0.4854
Andrew_Cuomo_0002.jpg,ok,0.3364,0.2968
Andrew_Fastow_0001.jpg,ok,0.4783,0.4794
Andrew_Firestone_0001.jpg,ok,0.5191,0.4154
Andrew_Gilligan_0001.jpg,ok,0.4360,0.5155
Andrew_Jarecki_0001.jpg,ok,0.3539,0.3818
Andrew_Luster_0001.jpg,ok,0.3560,0.4853
Andrew_Niccol_0001.jpg,ok,0.4815,0.2951
Andrew_Niccol_0002.jpg,ok,0.4197,0.5160
Andrew_Sabey_0001.jpg,ok,0.4964,0.4790
Andrew_Shutley_0001.jpg,ok,0.3726,0.4030
Andrew_Weissmann_0001.jpg,ok,0.3973,0.4066
Andrew_Weissmann_0002.jpg,ok,0.3684,0.3825
Andrew_Weissmann_0003.jpg,ok,0.4364,0.4985
Andrew_Wetzler_0001.jpg,ok,0.4467,0.4694
Andrzej_Tyszkiewicz_0001.jpg,ok,0.3792,0.4975
Andy_Benes_0001.jpg,ok,0.4684,0.4466
Andy_Bryant_0001.jpg,ok,0.4487,0.4381
Andy_Dick_0001.jpg,ok,0.4121,0.4012
Andy_Garcia_0001.jpg,ok,0.4011,0.3543
Andy_Graves_0001.jpg,ok,0.3014,0.2861
Andy_Griffith_0001.jpg,ok,0.4162,0.3666
Andy_Griggs_0001.jpg,ok,0.3324,0.4228
Andy_Hebb_0001.jpg,ok,0.4629,0.4575
Andy_Hebb_0002.jpg,ok,0.4345,0.4924
Andy_Lau_0001.jpg,ok,0.3904,0.4250
Andy_Madikians_0001.jpg,ok,0.4497,0.4629
Andy_North_0001.jpg,ok,0.4272,0.4638
Andy_Perez_0001.jpg,ok,0.3826,0.3855
Andy_Roddick_0001.jpg,ok,0.4777,0.5175
Andy_Roddick_0002.jpg,ok,0.4889,0.5139
Andy_Roddick_0003.jpg,ok,0.5191,0.5384
Andy_Roddick_0004.jpg,ok,0.5251,0.4914
Andy_Roddick_0005.jpg,ok,0.5033,0.5108
Andy_Roddick_0006.jpg,ok,0.5045,0.5201
Andy_Roddick_0007.jpg,ok,0.4408,0.4062
Andy_Roddick_0008.jpg,ok,0.4629,0.4882
Andy_Roddick_0009.jpg,ok,0.4989,0.4962
Andy_Roddick_0010.jpg,ok,0.5152,0.5063
Andy_Roddick_0011.jpg,ok,0.4717,0.4862
Andy_Roddick_0012.jpg,ok,0.5049,0.5141
Andy_Roddick_0013.jpg,ok,0.3318,0.3837
Andy_Roddick_0014.jpg,ok,0.4789,0.4892
Andy_Roddick_0015.jpg,ok,0.5198,0.4996
Andy_Rooney_0001.jpg,ok,0.3926,0.4016
Andy_Warhol_0001.jpg,ok,0.3081,0.3087
Andy_Wisecarver_0001.jpg,ok,0.4276,0.3642
Anette_Hosoi_0001.jpg,ok,0.3396,0.3377
Angel_Lockward_0001.jpg,ok,0.3180,0.3086
Angel_Maza_0001.jpg,ok,0.3936,0.4930
Angela_Alvarado_Rosa_0001.jpg,ok,0.4019,0.4586
Angela_Bassett_0001.jpg,ok,0.4043,0.4422
Angela_Bassett_0002.jpg,ok,0.4421,0.4049
Angela_Bassett_0003.jpg,ok,0.3236,0.4019
Angela_Bassett_0004.jpg,ok,0.4357,0.4375
Angela_Bassett_0005.jpg,ok,0.4314,0.4523
Angela_Bassett_0006.jpg,ok,0.3653,0.3638
Angela_Lansbury_0001.jpg,ok,0.4069,0.4154
Angela_Lansbury_0002.jpg,ok,0.4276,0.4172
Angela_Mascia-Frye_0001.jpg,ok,0.3433,0.3541
Angela_Merkel_0001.jpg,ok,0.3787,0.4835
Angela_Merkel_0002.jpg,ok,0.4375,0.4524
Angela_Merkel_0003.jpg,ok,0.3814,0.3969
Angela_Merkel_0004.jpg,ok,0.3804,0.4356
Angela_Merkel_0005.jpg,ok,0.3947,0.3389
Angelica_Romero_0001.jpg,ok,0.3918,0.4030
Angelina_Jolie_0001.jpg,ok,0.3835,0.4059
Angelina_Jolie_0002.jpg,ok,0.3963,0.3569
Angelina_Jolie_0003.jpg,ok,0.3795,0.4361
Angelina_Jolie_0004.jpg,ok,0.3942,0.4422
Angelina_Jolie_0005.jpg,ok,0.5258,0.5248
Angelina_Jolie_0006.jpg,ok,0.4418,0.3030
Angelina_Jolie_0007.jpg,ok,0.3626,0.3651
Angelina_Jolie_0008.jpg,ok,0.3582,0.3377
Angelina_Jolie_0009.jpg,ok,0.4105,0.3849
Angelina_Jolie_0010.jpg,ok,0.4009,0.5220
Angelina_Jolie_0011.jpg,ok,0.3094,0.3752
Angelina_Jolie_0012.jpg,ok,0.2356,0.3198
Angelina_Jolie_0013.jpg,ok,0.3077,0.3137
Angelina_Jolie_0014.jpg,ok,0.4804,0.4815
Angelina_Jolie_0015.jpg,ok,0.4481,0.4818
Angelina_Jolie_0016.jpg,ok,0.4689,0.4865
Angelina_Jolie_0017.jpg,ok,0.5096,0.4605
Angelina_Jolie_0018.jpg,ok,0.3273,0.2891
Angelina_Jolie_0019.jpg,ok,0.3182,0.3616
Angelina_Jolie_0020.jpg,ok,0.4467,0.4651
Angelo_Genova_0001.jpg,ok,0.3876,0.4260
Angelo_Reyes_0001.jpg,ok,0.4216,0.4760
Angelo_Reyes_0002.jpg,ok,0.3725,0.4118
Angelo_Reyes_0003.jpg,ok,0.4175,0.4566
Angelo_Reyes_0004.jpg,ok,0.4116,0.2945
Angie_Arzola_0001.jpg,ok,0.3478,0.4759
Angie_Martinez_0001.jpg,ok,0.5086,0.4472
Anibal_Ibarra_0001.jpg,ok,0.2929,0.2658
Anibal_Ibarra_0002.jpg,ok,0.3688,0.3676
Anibal_Ibarra_0003.jpg,ok,0.3610,0.3678
Anil_Ramsook_0001.jpg,ok,0.4625,0.4623
Anita_DeFrantz_0001.jpg,ok,0.3673,0.3515
Anja_Paerson_0001.jpg,ok,0.4564,0.4640
Anjum_Hussain_0001.jpg,ok,0.3958,0.3637
Ann_Godbehere_0001.jpg,ok,0.4384,0.4054
Ann_Landers_0001.jpg,ok,0.6636,0.6750
Ann_Morgan_0001.jpg,ok,0.3576,0.4091
Ann_Veneman_0001.jpg,ok,0.3461,0.3236
Ann_Veneman_0002.jpg,ok,0.3640,0.4568
Ann_Veneman_0003.jpg,ok,0.3218,0.4100
Ann_Veneman_0004.jpg,ok,0.3707,0.4351
Ann_Veneman_0005.jpg,ok,0.4066,0.4430
Ann_Veneman_0006.jpg,ok,0.4790,0.4910
Ann_Veneman_0007.jpg,ok,0.3382,0.4378
Ann_Veneman_0008.jpg,ok,0.3986,0.4265
Ann_Veneman_0009.jpg,ok,0.4043,0.4417
Ann_Veneman_0010.jpg,ok,0.4030,0.4573
Ann_Veneman_0011.jpg,ok,0.3878,0.4389
Anna_Chicherova_0001.jpg,ok,0.4567,0.3720
Anna_Faris_0001.jpg,ok,0.3881,0.3765
Anna_Jones_0001.jpg,ok,0.4788,0.4180
Anna_Kournikova_0001.jpg,ok,0.4454,0.4898
Anna_Kournikova_0002.jpg,ok,0.4708,0.5024
Anna_Kournikova_0003.jpg,ok,0.5591,0.5184
Anna_Kournikova_0004.jpg,ok,0.5317,0.5183
Anna_Kournikova_0005.jpg,ok,0.5367,0.5176
Anna_Kournikova_0006.jpg,ok,0.5373,0.5136
Anna_Kournikova_0007.jpg,ok,0.4994,0.4983
Anna_Kournikova_0008.jpg,ok,0.4727,0.5144
Anna_Kournikova_0009.jpg,ok,0.4926,0.5081
Anna_Kournikova_0010.jpg,ok,0.3139,0.3048
Anna_Kournikova_0011.jpg,ok,0.4631,0.5086
Anna_Kournikova_0012.jpg,ok,0.3597,0.4027
Anna_Nicole_Smith_0001.jpg,ok,0.4457,0.4775
Anna_Nicole_Smith_0002.jpg,ok,0.3829,0.4321
Anne_Cavers_0001.jpg,ok,0.3105,0.2922
Anne_Donovan_0001.jpg,ok,0.4533,0.4539
Anne_Heche_0001.jpg,ok,0.3087,0.3817
Anne_Krueger_0001.jpg,ok,0.4121,0.3995
Anne_Krueger_0002.jpg,ok,0.2844,0.3500
Anne_Krueger_0003.jpg,ok,0.4498,0.5118
Anne_McLellan_0001.jpg,ok,0.3872,0.4692
Anne_McLellan_0002.jpg,ok,0.3721,0.4326
Anne_McLellan_0003.jpg,ok,0.4269,0.4443
Anne_ONeil_0001.jpg,ok,0.3657,0.3584
Anneli_Jaatteenmaki_0001.jpg,ok,0.4580,0.4841
Anneli_Jaatteenmaki_0002.jpg,ok,0.4672,0.4488
Annette_Bening_0001.jpg,ok,0.4058,0.4694
Annette_Bening_0002.jpg,ok,0.3841,0.4374
Annette_Lu_0001.jpg,ok,0.5245,0.5226
Annette_Lu_0002.jpg,ok,0.4229,0.4379
Annette_Lu_0003.jpg,ok,0.3939,0.4075
Annie-Jeanne_Reynaud_0001.jpg,ok,0.2939,0.3470
Annie_Chaplin_0001.jpg,ok,0.3221,0.4106
Annie_Machon_0001.jpg,ok,0.3711,0.4578
Annika_Sorenstam_0001.jpg,ok,0.4659,0.4895
Antanas_Valionis_0001.jpg,ok,0.4311,0.4850
Anthony_Carter_0001.jpg,ok,0.3200,0.4431
Anthony_Corso_0001.jpg,ok,0.3328,0.4815
Anthony_Ervin_0001.jpg,ok,0.3465,0.4763
Anthony_Fauci_0001.jpg,ok,0.4459,0.4720
Anthony_Fauci_0002.jpg,ok,0.3591,0.4489
Anthony_Garotinho_0001.jpg,ok,0.2851,0.4146
Anthony_Hazen_0001.jpg,ok,0.4086,0.4169
Anthony_Hopkins_0001.jpg,ok,0.4217,0.3821
Anthony_Hopkins_0002.jpg,ok,0.4006,0.4594
Anthony_LaPaglia_0001.jpg,ok,0.3803,0.3820
Anthony_LaPaglia_0002.jpg,ok,0.4710,0.4290
Anthony_Lee_Johnson_0001.jpg,ok,0.4436,0.4706
Anthony_Mazur_0001.jpg,ok,0.4353,0.4378
Anthony_Pico_0001.jpg,ok,0.4072,0.4073
Anthony_Pisciotti_0001.jpg,ok,0.5123,0.4445
Anthony_Principi_0001.jpg,ok,0.4750,0.4943
Anthony_Rackauckas_0001.jpg,ok,0.4368,0.4023
Anthony_Scott_Miller_0001.jpg,ok,0.5572,0.4842
Antje_Buschschulte_0001.jpg,ok,0.3121,0.3387
Anton_Balasingham_0001.jpg,ok,0.5298,0.5251
Antonio_Banderas_0001.jpg,ok,0.3668,0.2607
Antonio_Banderas_0002.jpg,ok,0.4390,0.3984
Antonio_Banderas_0003.jpg,ok,0.4646,0.4911
Antonio_Banderas_0004.jpg,ok,0.4088,0.3417
Antonio_Banderas_0005.jpg,ok,0.4433,0.3828
Antonio_Bernardo_0001.jpg,ok,0.4675,0.4286
Antonio_Cassano_0001.jpg,ok,0.4948,0.4938
Antonio_Catania_0001.jpg,ok,0.2201,0.3239
Antonio_Elias_Saca_0001.jpg,ok,0.4216,0.5370
Antonio_Palocci_0001.jpg,ok,0.3056,0.4170
Antonio_Palocci_0002.jpg,ok,0.4631,0.5222
Antonio_Palocci_0003.jpg,ok,0.4715,0.4648
Antonio_Palocci_0004.jpg,ok,0.3533,0.5062
Antonio_Palocci_0005.jpg,ok,0.4237,0.4855
Antonio_Palocci_0006.jpg,ok,0.3530,0.3807
Antonio_Palocci_0007.jpg,ok,0.3200,0.3769
Antonio_Palocci_0008.jpg,ok,0.4651,0.4595
Antonio_Trillanes_0001.jpg,ok,0.3881,0.5216
Antonio_Trillanes_0002.jpg,ok,0.5281,0.5741
Antonio_Trillanes_0003.jpg,ok,0.4281,0.4920
Antony_Leung_0001.jpg,ok,0.4251,0.5178
Antony_Leung_0002.jpg,ok,0.3681,0.3632
Antony_Leung_0003.jpg,ok,0.4760,0.4401
Antony_Leung_0004.jpg,ok,0.4780,0.4828
Antwun_Echols_0001.jpg,ok,0.3781,0.3976
Anwar_Ibrahim_0001.jpg,ok,0.4692,0.4809
Anwar_Ibrahim_0002.jpg,ok,0.4535,0.5277
Anzori_Kikalishvili_0001.jpg,ok,0.4805,0.5437
Aparna_Pillai_0001.jpg,ok,0.3990,0.2916
Aram_Adler_0001.jpg,ok,0.5051,0.4159
Arantxa_Sanchez-Vicario_0001.jpg,ok,0.5146,0.5160
Arantxa_Sanchez-Vicario_0002.jpg,ok,0.4295,0.4876
Aretha_Franklin_0001.jpg,ok,0.3923,0.4383
Ari_Bousbib_0001.jpg,ok,0.4874,0.4961
Ari_Fleischer_0001.jpg,ok,0.4057,0.4581
Ari_Fleischer_0002.jpg,ok,0.3304,0.4573
Ari_Fleischer_0003.jpg,ok,0.3467,0.4218
Ari_Fleischer_0004.jpg,ok,0.2712,0.4369
Ari_Fleischer_0005.jpg,ok,0.3782,0.3527
Ari_Fleischer_0006.jpg,ok,0.2822,0.4583
Ari_Fleischer_0007.jpg,ok,0.4237,0.4299
Ari_Fleischer_0008.jpg,ok,0.3790,0.4521
Ari_Fleischer_0009.jpg,ok,0.4270,0.4858
Ari_Fleischer_0010.jpg,ok,0.3402,0.3681
Ari_Fleischer_0011.jpg,ok,0.2793,0.4778
Ari_Fleischer_0012.jpg,ok,0.3841,0.4671
Ari_Fleischer_0013.jpg,ok,0.3737,0.4188
Arianna_Huffington_0001.jpg,ok,0.4264,0.4842
Arianna_Huffington_0002.jpg,ok,0.4814,0.4335
Arianna_Huffington_0003.jpg,ok,0.4334,0.4226
Arianna_Huffington_0004.jpg,ok,0.2910,0.3985
Arie_Haan_0001.jpg,ok,0.5492,0.5556
Ariel_Sharon_0001.jpg,ok,0.4513,0.5191
Ariel_Sharon_0002.jpg,ok,0.4971,0.4829
Ariel_Sharon_0003.jpg,ok,0.3824,0.4804
Ariel_Sharon_0004.jpg,ok,0.4131,0.3749
Ariel_Sharon_0005.jpg,ok,0.4590,0.4568
Ariel_Sharon_0006.jpg,ok,0.3762,0.4763
Ariel_Sharon_0007.jpg,ok,0.4310,0.4914
Ariel_Sharon_0008.jpg,ok,0.4697,0.5279
Ariel_Sharon_0009.jpg,ok,0.4678,0.4417
Ariel_Sharon_0010.jpg,ok,0.3007,0.4049
Ariel_Sharon_0011.jpg,ok,0.4222,0.5318
Ariel_Sharon_0012.jpg,ok,0.4055,0.5126
Ariel_Sharon_0013.jpg,ok,0.4890,0.5060
Ariel_Sharon_0014.jpg,ok,0.4589,0.5107
Ariel_Sharon_0015.jpg,ok,0.4216,0.4443
Ariel_Sharon_0016.jpg,ok,0.3997,0.5074
Ariel_Sharon_0017.jpg,ok,0.2934,0.3480
Ariel_Sharon_0018.jpg,ok,0.3853,0.3868
Ariel_Sharon_0019.jpg,ok,0.3634,0.4992
Ariel_Sharon_0020.jpg,ok,0.4599,0.3878
Ariel_Sharon_0021.jpg,ok,0.4906,0.4703
Ariel_Sharon_0022.jpg,ok,0.4634,0.4958
Ariel_Sharon_0023.jpg,ok,0.4423,0.4552
Ariel_Sharon_0024.jpg,ok,0.3860,0.3966
Ariel_Sharon_0025.jpg,ok,0.5221,0.4940
Ariel_Sharon_0026.jpg,ok,0.4273,0.4141
Ariel_Sharon_0027.jpg,ok,0.4129,0.4987
Ariel_Sharon_0028.jpg,ok,0.3835,0.4285
Ariel_Sharon_0029.jpg,ok,0.4564,0.4970
Ariel_Sharon_0030.jpg,ok,0.4750,0.4717
Ariel_Sharon_0031.jpg,ok,0.4596,0.5012
Ariel_Sharon_0032.jpg,ok,0.3858,0.4607
Ariel_Sharon_0033.jpg,ok,0.4064,0.5062
Ariel_Sharon_0034.jpg,ok,0.4733,0.5192
Ariel_Sharon_0035.jpg,ok,0.4924,0.5104
Ariel_Sharon_0036.jpg,ok,0.3989,0.4960
Ariel_Sharon_0037.jpg,ok,0.4305,0.4805
Ariel_Sharon_0038.jpg,ok,0.4763,0.4304
Ariel_Sharon_0039.jpg,ok,0.4449,0.4548
Ariel_Sharon_0040.jpg,ok,0.4598,0.4993
Ariel_Sharon_0041.jpg,ok,0.3819,0.4083
Ariel_Sharon_0042.jpg,ok,0.4462,0.4591
Ariel_Sharon_0043.jpg,ok,0.4149,0.5019
Ariel_Sharon_0044.jpg,ok,0.4316,0.4790
Ariel_Sharon_0045.jpg,ok,0.4648,0.4721
Ariel_Sharon_0046.jpg,ok,0.4544,0.4917
Ariel_Sharon_0047.jpg,ok,0.4535,0.4834
Ariel_Sharon_0048.jpg,ok,0.4851,0.5434
Ariel_Sharon_0049.jpg,ok,0.4653,0.4350
Ariel_Sharon_0050.jpg,ok,0.4402,0.4896
Ariel_Sharon_0051.jpg,ok,0.3880,0.2973
Ariel_Sharon_0052.jpg,ok,0.4418,0.3586
Ariel_Sharon_0053.jpg,ok,0.4094,0.4351
Ariel_Sharon_0054.jpg,ok,0.4519,0.4650
Ariel_Sharon_0055.jpg,ok,0.4615,0.3706
Ariel_Sharon_0056.jpg,ok,0.4020,0.4530
Ariel_Sharon_0057.jpg,ok,0.4537,0.4672
Ariel_Sharon_0058.jpg,ok,0.3394,0.3745
Ariel_Sharon_0059.jpg,ok,0.4318,0.4389
Ariel_Sharon_0060.jpg,ok,0.3594,0.4282
Ariel_Sharon_0061.jpg,ok,0.4208,0.4544
Ariel_Sharon_0062.jpg,ok,0.4368,0.4827
Ariel_Sharon_0063.jpg,ok,0.3779,0.4890
Ariel_Sharon_0064.jpg,ok,0.4536,0.4914
Ariel_Sharon_0065.jpg,ok,0.3162,0.4884
Ariel_Sharon_0066.jpg,ok,0.3416,0.4502
Ariel_Sharon_0067.jpg,ok,0.3727,0.4596
Ariel_Sharon_0068.jpg,ok,0.4258,0.4926
Ariel_Sharon_0069.jpg,ok,0.4488,0.4794
Ariel_Sharon_0070.jpg,ok,0.4879,0.5201
Ariel_Sharon_0071.jpg,ok,0.4996,0.4683
Ariel_Sharon_0072.jpg,ok,0.4550,0.4632
Ariel_Sharon_0073.jpg,ok,0.4110,0.4833
Ariel_Sharon_0074.jpg,ok,0.3863,0.4716
Ariel_Sharon_0075.jpg,ok,0.3973,0.5122
Ariel_Sharon_0076.jpg,ok,0.4694,0.4925
Ariel_Sharon_0077.jpg,ok,0.3697,0.4152
Arif_Mardin_0001.jpg,ok,0.4512,0.4230
Arlen_Specter_0001.jpg,ok,0.4520,0.4764
Arlen_Specter_0002.jpg,ok,0.4341,0.5098
Arlen_Specter_0003.jpg,ok,0.4559,0.4762
Armand_Sargen_0001.jpg,ok,0.4260,0.4369
Armando_Avila_Panchame_0001.jpg,ok,0.3643,0.3714
Armando_Calderon_Sol_0001.jpg,ok,0.3927,0.3557
Armando_Carrillo_0001.jpg,ok,0.6485,0.6201
Arminio_Fraga_0001.jpg,ok,0.3762,0.4667
Arminio_Fraga_0002.jpg,ok,0.4313,0.4805
Arminio_Fraga_0003.jpg,ok,0.4174,0.4126
Arminio_Fraga_0004.jpg,ok,0.4012,0.4426
Arminio_Fraga_0005.jpg,ok,0.3132,0.4870
Arminio_Fraga_0006.jpg,ok,0.2932,0.3629
Arnaud_Clement_0001.jpg,ok,0.4331,0.5102
Arnaud_Clement_0002.jpg,ok,0.3040,0.4670
Arnaud_Lagardere_0001.jpg,ok,0.3491,0.4822
Arnie_Boehm_0001.jpg,ok,0.4223,0.4587
Arnold_Palmer_0001.jpg,ok,0.4138,0.4126
Arnold_Palmer_0002.jpg,ok,0.4143,0.4471
Arnold_Palmer_0003.jpg,ok,0.4417,0.4489
Arnold_Schwarzenegger_0001.jpg,ok,0.4700,0.4499
Arnold_Schwarzenegger_0002.jpg,ok,0.4420,0.4572
Arnold_Schwarzenegger_0003.jpg,ok,0.3882,0.4427
Arnold_Schwarzenegger_0004.jpg,ok,0.4738,0.4498
Arnold_Schwarzenegger_0005.jpg,ok,0.3595,0.3691
Arnold_Schwarzenegger_0006.jpg,ok,0.4210,0.4348
Arnold_Schwarzenegger_0007.jpg,ok,0.4063,0.3702
Arnold_Schwarzenegger_0008.jpg,ok,0.5690,0.5100
Arnold_Schwarzenegger_0009.jpg,ok,0.5067,0.5023
Arnold_Schwarzenegger_0010.jpg,ok,0.3752,0.3158
Arnold_Schwarzenegger_0011.jpg,ok,0.3804,0.4122
Arnold_Schwarzenegger_0012.jpg,ok,0.3307,0.4299
Arnold_Schwarzenegger_0013.jpg,ok,0.3611,0.3457
Arnold_Schwarzenegger_0014.jpg,ok,0.3488,0.3694
Arnold_Schwarzenegger_0015.jpg,ok,0.4290,0.4325
Arnold_Schwarzenegger_0016.jpg,ok,0.4609,0.4770
Arnold_Schwarzenegger_0017.jpg,ok,0.3682,0.4351
Arnold_Schwarzenegger_0018.jpg,ok,0.4643,0.4442
Arnold_Schwarzenegger_0019.jpg,ok,0.4756,0.4506
Arnold_Schwarzenegger_0020.jpg,ok,0.4709,0.4942
Arnold_Schwarzenegger_0021.jpg,ok,0.4775,0.5184
Arnold_Schwarzenegger_0022.jpg,ok,0.4156,0.4661
Arnold_Schwarzenegger_0023.jpg,ok,0.4733,0.4236
Arnold_Schwarzenegger_0024.jpg,ok,0.4785,0.3985
Arnold_Schwarzenegger_0025.jpg,ok,0.6787,0.5774
Arnold_Schwarzenegger_0026.jpg,ok,0.3539,0.4134
Arnold_Schwarzenegger_0027.jpg,ok,0.4143,0.4591
Arnold_Schwarzenegger_0028.jpg,ok,0.4030,0.4622
Arnold_Schwarzenegger_0029.jpg,ok,0.4444,0.4525
Arnold_Schwarzenegger_0030.jpg,ok,0.4135,0.4419
Arnold_Schwarzenegger_0031.jpg,ok,0.4366,0.4806
Arnold_Schwarzenegger_0032.jpg,ok,0.3880,0.4181
Arnold_Schwarzenegger_0033.jpg,ok,0.4669,0.4573
Arnold_Schwarzenegger_0034.jpg,ok,0.5014,0.4856
Arnold_Schwarzenegger_0035.jpg,ok,0.3993,0.4133
Arnold_Schwarzenegger_0036.jpg,ok,0.4577,0.4283
Arnold_Schwarzenegger_0037.jpg,ok,0.5656,0.4887
Arnold_Schwarzenegger_0038.jpg,ok,0.4745,0.4550
Arnold_Schwarzenegger_0039.jpg,ok,0.3294,0.3599
Arnold_Schwarzenegger_0040.jpg,ok,0.5362,0.4199
Arnold_Schwarzenegger_0041.jpg,ok,0.3598,0.3968
Arnold_Schwarzenegger_0042.jpg,ok,0.3516,0.4300
Arnold_Scott_0001.jpg,ok,0.4667,0.4120
Arnoldo_Aleman_0001.jpg,ok,0.4004,0.5023
Arnoldo_Aleman_0002.jpg,ok,0.3137,0.3657
Arnoldo_Aleman_0003.jpg,ok,0.4146,0.4499
Arnoldo_Aleman_0004.jpg,ok,0.4858,0.4202
Arnoldo_Aleman_0005.jpg,ok,0.3609,0.4065
Aron_Ralston_0001.jpg,ok,0.4866,0.5114
Aron_Ralston_0002.jpg,ok,0.3180,0.3181
Arsinee_Khanjian_0001.jpg,ok,0.4440,0.4127
Arsinee_Khanjian_0002.jpg,ok,0.4429,0.4753
Art_Cooper_0001.jpg,ok,0.3462,0.4008
Art_Hoffmann_0001.jpg,ok,0.4267,0.4311
Art_Hoffmann_0002.jpg,ok,0.3922,0.4513
Art_Howe_0001.jpg,ok,0.4067,0.4707
Art_Howe_0002.jpg,ok,0.4500,0.4874
Art_Howe_0003.jpg,ok,0.4489,0.5125
Art_Howe_0004.jpg,ok,0.2862,0.3477
Art_Lopez_0001.jpg,ok,0.3199,0.2330
Arthur_Johnson_0001.jpg,ok,0.4452,0.4462
Arthur_Martinez_0001.jpg,ok,0.4155,0.3845
Artieas_Shanks_0001.jpg,ok,0.3830,0.3833
Arturo_Gatti_0001.jpg,ok,0.4354,0.4667
Arturo_Gatti_0002.jpg,ok,0.4790,0.5251
Arturo_Gatti_0003.jpg,ok,0.4579,0.4878
Arye_Mekel_0001.jpg,ok,0.3923,0.4219
Arye_Mekel_0002.jpg,ok,0.4658,0.5423
Asa_Hutchinson_0001.jpg,ok,0.4744,0.4981
Asa_Hutchinson_0002.jpg,ok,0.3896,0.4592
Ascencion_Barajas_0001.jpg,ok,0.3859,0.4009
Ashanti_0001.jpg,ok,0.3612,0.4361
Ashanti_0002.jpg,ok,0.3688,0.4662
Ashanti_0003.jpg,ok,0.3308,0.3179
Ashanti_0004.jpg,ok,0.3555,0.3697
Ashanti_0005.jpg,ok,0.3794,0.4629
Ashlea_Talbot_0001.jpg,ok,0.2996,0.3270
Ashley_Judd_0001.jpg,ok,0.4242,0.4490
Ashley_Olsen_0001.jpg,ok,0.4207,0.4500
Ashley_Postell_0001.jpg,ok,0.4327,0.4843
Ashraf_Alasmar_0001.jpg,ok,0.6132,0.6988
Ashraf_Ghani_0001.jpg,ok,0.4490,0.4749
Ashton_Kutcher_0001.jpg,ok,0.3592,0.4071
Ashton_Kutcher_0002.jpg,ok,0.5869,0.5355
Ashton_Kutcher_0003.jpg,ok,0.4510,0.4379
Asif_Ali_Zardari_0001.jpg,ok,0.4193,0.4571
Asif_Hanif_0001.jpg,ok,0.5367,0.7096
Askar_Akayev_0001.jpg,ok,0.4674,0.5309
Asmaa_Assad_0001.jpg,ok,0.3692,0.4825
Assad_Ahmadi_0001.jpg,ok,0.3769,0.4554
Astou_Ndiaye-Diatta_0001.jpg,ok,0.3740,0.3787
Astrid_Betancourt_0001.jpg,ok,0.3160,0.2838
Astrid_Eyzaguirre_0001.jpg,ok,0.3327,0.3125
Atal_Bihari_Vajpayee_0001.jpg,ok,0.3883,0.4510
Atal_Bihari_Vajpayee_0002.jpg,ok,0.4244,0.2977
Atal_Bihari_Vajpayee_0003.jpg,ok,0.4077,0.4654
Atal_Bihari_Vajpayee_0004.jpg,ok,0.4498,0.4544
Atal_Bihari_Vajpayee_0005.jpg,ok,0.4111,0.4179
Atal_Bihari_Vajpayee_0006.jpg,ok,0.4138,0.4764
Atal_Bihari_Vajpayee_0007.jpg,ok,0.4576,0.5003
Atal_Bihari_Vajpayee_0008.jpg,ok,0.3518,0.4130
Atal_Bihari_Vajpayee_0009.jpg,ok,0.4234,0.3964
Atal_Bihari_Vajpayee_0010.jpg,ok,0.4124,0.4241
Atal_Bihari_Vajpayee_0011.jpg,ok,0.3954,0.3862
Atal_Bihari_Vajpayee_0012.jpg,ok,0.4238,0.5254
Atal_Bihari_Vajpayee_0013.jpg,ok,0.4630,0.5096
Atal_Bihari_Vajpayee_0014.jpg,ok,0.4095,0.4395
Atal_Bihari_Vajpayee_0015.jpg,ok,0.3561,0.4273
Atal_Bihari_Vajpayee_0016.jpg,ok,0.3925,0.4688
Atal_Bihari_Vajpayee_0017.jpg,ok,0.4750,0.4999
Atal_Bihari_Vajpayee_0018.jpg,ok,0.4492,0.4269
Atal_Bihari_Vajpayee_0019.jpg,ok,0.3260,0.4582
Atal_Bihari_Vajpayee_0020.jpg,ok,0.4034,0.4201
Atal_Bihari_Vajpayee_0021.jpg,ok,0.4641,0.4974
Atal_Bihari_Vajpayee_0022.jpg,ok,0.3574,0.3541
Atal_Bihari_Vajpayee_0023.jpg,ok,0.4168,0.4431
Atal_Bihari_Vajpayee_0024.jpg,ok,0.4038,0.4225
Ataollah_Mohajerani_0001.jpg,ok,0.4002,0.3846
Atiabet_Ijan_Amabel_0001.jpg,ok,0.3527,0.3387
Atom_Egoyan_0001.jpg,ok,0.4319,0.4602
Atsushi_Sato_0001.jpg,ok,0.4611,0.4412
Audrey_Lacroix_0001.jpg,ok,0.4532,0.4694
Audrey_Sauret_0001.jpg,ok,0.4394,0.4681
Augustin_Calleri_0001.jpg,ok,0.5212,0.5585
Augustin_Calleri_0002.jpg,ok,0.4487,0.4853
Augustin_Calleri_0003.jpg,ok,0.4636,0.4906
Augustin_Calleri_0004.jpg,ok,0.4977,0.4950
Augusto_Pinochet_0001.jpg,ok,0.4038,0.4307
Augusto_Pinochet_0002.jpg,ok,0.3999,0.3968
Augusto_Roa_Bastos_0001.jpg,ok,0.4767,0.4942
Augusto_Roa_Bastos_0002.jpg,ok,0.3451,0.3932
Aung_San_Suu_Kyi_0001.jpg,ok,0.4813,0.4988
Aung_San_Suu_Kyi_0002.jpg,ok,0.4979,0.5308
Austin_Kearns_0001.jpg,ok,0.4772,0.5107
Avril_Lavigne_0001.jpg,ok,0.2590,0.2114
Azmi_Bishara_0001.jpg,ok,0.3102,0.2959
Azra_Akin_0001.jpg,ok,0.3758,0.4178
Azra_Akin_0002.jpg,ok,0.4092,0.4920
Azra_Akin_0003.jpg,ok,0.4479,0.4942
Azra_Akin_0004.jpg,ok,0.4190,0.3986
BB_King_0001.jpg,ok,0.4205,0.4066
BJ_Habibie_0001.jpg,ok,0.3631,0.4693
Babe_Ruth_0001.jpg,ok,0.4171,0.4633
Baburam_Bhattari_0001.jpg,ok,0.3859,0.5157
Bak_Chang-Ryun_0001.jpg,ok,0.4030,0.4656
Barbara_Bach_0001.jpg,ok,0.3626,0.3774
Barbara_Becker_0001.jpg,ok,0.4053,0.4012
Barbara_Bodine_0001.jpg,ok,0.3774,0.4414
Barbara_Boxer_0001.jpg,ok,0.4701,0.4556
Barbara_Brezigar_0001.jpg,ok,0.4748,0.3722
Barbara_Brezigar_0002.jpg,ok,0.3997,0.4324
Barbara_De_Brun_0001.jpg,ok,0.4152,0.4656
Barbara_Esbin_0001.jpg,ok,0.4299,0.4454
Barbara_Felt-Miller_0001.jpg,ok,0.2993,0.4154
Barbara_Roberts_0001.jpg,ok,0.4233,0.3498
Barbara_Walters_0001.jpg,ok,0.4016,0.3113
Barbara_Walters_0002.jpg,ok,0.4159,0.3836
Barbara_Walters_0003.jpg,ok,0.4143,0.4262
Barbara_Walters_0004.jpg,ok,0.3147,0.3810
Barbora_Strycova_0001.jpg,ok,0.4763,0.5251
Barbra_Streisand_0001.jpg,ok,0.4178,0.4398
Barbra_Streisand_0002.jpg,ok,0.3076,0.3316
Barbra_Streisand_0003.jpg,ok,0.4422,0.4209
Barrett_Jackman_0001.jpg,ok,0.4567,0.4999
Barrett_Jackman_0002.jpg,ok,0.4539,0.5318
Barry_Alvarez_0001.jpg,ok,0.3718,0.3413
Barry_Alvarez_0002.jpg,ok,0.4017,0.4112
Barry_Bonds_0001.jpg,ok,0.4321,0.4377
Barry_Collier_0001.jpg,ok,0.4692,0.4040
Barry_Diller_0001.jpg,ok,0.5048,0.4815
Barry_Ford_0001.jpg,ok,0.3820,0.4306
Barry_Hinson_0001.jpg,ok,0.4605,0.4545
Barry_Nakell_0001.jpg,ok,0.5043,0.5417
Barry_Switzer_0001.jpg,ok,0.3303,0.5273
Barry_Williams_0001.jpg,ok,0.3836,0.3456
Barry_Zito_0001.jpg,ok,0.3289,0.3438
Barry_Zito_0002.jpg,ok,0.5275,0.4772
Bart_Freundlich_0001.jpg,ok,0.3594,0.4254
Bart_Hendricks_0001.jpg,ok,0.5172,0.4703
Bartosz_Kizierowski_0001.jpg,ok,0.4941,0.5282
Barzan_al-Tikriti_0001.jpg,ok,0.4959,0.5277
Basdeo_Panday_0001.jpg,ok,0.3593,0.3837
Bashar_Assad_0001.jpg,ok,0.4525,0.4022
Bashar_Assad_0002.jpg,ok,0.4869,0.5300
Bashar_Assad_0003.jpg,ok,0.3394,0.3220
Bashar_Assad_0004.jpg,ok,0.4352,0.3787
Baz_Luhrmann_0001.jpg,ok,0.3186,0.3702
Beatrice_Dalle_0001.jpg,ok,0.3781,0.4399
Beatriz_Merino_0001.jpg,ok,0.4035,0.3693
Beecher_Ray_Kirby_0001.jpg,ok,0.4140,0.4060
Begum_Khaleda_Zia_0001.jpg,ok,0.4069,0.4114
Begum_Khaleda_Zia_0002.jpg,ok,0.4928,0.4865
Bela_Karolyi_0001.jpg,ok,0.4738,0.4464
Ben_Affleck_0001.jpg,ok,0.5120,0.5227
Ben_Affleck_0002.jpg,ok,0.5252,0.4743
Ben_Affleck_0003.jpg,ok,0.4710,0.3733
Ben_Affleck_0004.jpg,ok,0.3330,0.3030
Ben_Affleck_0005.jpg,ok,0.3302,0.4527
Ben_Affleck_0006.jpg,ok,0.4425,0.4845
Ben_Affleck_0007.jpg,ok,0.4211,0.4030
Ben_Betts_0001.jpg,ok,0.3506,0.3451
Ben_Braun_0001.jpg,ok,0.4381,0.4207
Ben_Broussard_0001.jpg,ok,0.5245,0.5110
Ben_Cahoon_0001.jpg,ok,0.4323,0.4329
Ben_Chandler_0001.jpg,ok,0.3752,0.4457
Ben_Cohen_0001.jpg,ok,0.5740,0.5148
Ben_Curtis_0001.jpg,ok,0.4932,0.4550
Ben_Curtis_0002.jpg,ok,0.5307,0.5315
Ben_Curtis_0003.jpg,ok,0.5337,0.5492
Ben_Davis_0001.jpg,ok,0.4661,0.4841
Ben_Glisan_0001.jpg,ok,0.4646,0.4161
Ben_Glisan_0002.jpg,ok,0.5037,0.3716
Ben_Howland_0001.jpg,ok,0.4303,0.4138
Ben_Howland_0002.jpg,ok,0.4465,0.3722
Ben_Howland_0003.jpg,ok,0.4734,0.4582
Ben_Howland_0004.jpg,ok,0.4715,0.4378
Ben_Kingsley_0001.jpg,ok,0.4469,0.4453
Ben_Lee_0001.jpg,ok,0.4769,0.4821
Ben_Stein_0001.jpg,ok,0.4776,0.5245
Ben_Wallace_0001.jpg,ok,0.4160,0.3777
Benazir_Bhutto_0001.jpg,ok,0.2674,0.5088
Benazir_Bhutto_0002.jpg,ok,0.2884,0.4224
Benazir_Bhutto_0003.jpg,ok,0.3910,0.5165
Benazir_Bhutto_0004.jpg,ok,0.4600,0.5503
Benazir_Bhutto_0005.jpg,ok,0.6193,0.5712
Benedita_da_Silva_0001.jpg,ok,0.3547,0.3430
Benicio_Del_Toro_0001.jpg,ok,0.3199,0.3460
Benito_Santiago_0001.jpg,ok,0.4912,0.4502
Benjamin_Bratt_0001.jpg,ok,0.4278,0.4774
Benjamin_Franklin_0001.jpg,ok,0.4922,0.5174
Benjamin_Martinez_0001.jpg,ok,0.4902,0.4455
Benjamin_McKenzie_0001.jpg,ok,0.4411,0.4157
Benjamin_Netanyahu_0001.jpg,ok,0.4608,0.4810
Benjamin_Netanyahu_0002.jpg,ok,0.4825,0.5061
Benjamin_Netanyahu_0003.jpg,ok,0.4716,0.4329
Benjamin_Netanyahu_0004.jpg,ok,0.4943,0.5321
Benjamin_Netanyahu_0005.jpg,ok,0.4224,0.4065
Benjamin_Neulander_0001.jpg,ok,0.4465,0.4638
Bernadette_Peters_0001.jpg,ok,0.4261,0.3919
Bernard_Ebbers_0001.jpg,ok,0.4156,0.4501
Bernard_Giraudeau_0001.jpg,ok,0.3719,0.3301
Bernard_Kerik_0001.jpg,ok,0.4385,0.4132
Bernard_Landry_0001.jpg,ok,0.4179,0.4376
Bernard_Landry_0002.jpg,ok,0.4463,0.4421
Bernard_Landry_0003.jpg,ok,0.4318,0.3458
Bernard_Landry_0004.jpg,ok,0.4539,0.4691
Bernard_Law_0001.jpg,ok,0.3254,0.4268
Bernard_Law_0002.jpg,ok,0.3888,0.4155
Bernard_Law_0003.jpg,ok,0.3639,0.4225
Bernard_Law_0004.jpg,ok,0.4381,0.4376
Bernard_Law_0005.jpg,ok,0.3595,0.4729
Bernard_Lord_0001.jpg,ok,0.4553,0.4992
Bernard_Lord_0002.jpg,ok,0.5192,0.4881
Bernard_Siegel_0001.jpg,ok,0.3958,0.3770
Bernardo_Segura_0001.jpg,ok,0.5173,0.4904
Bernardo_Segura_0002.jpg,ok,0.5363,0.4811
Bernice_Wong_0001.jpg,ok,0.3818,0.3730
Bertie_Ahern_0001.jpg,ok,0.4844,0.4720
Bertie_Ahern_0002.jpg,ok,0.3882,0.4853
Bertie_Ahern_0003.jpg,ok,0.3853,0.4701
Bertie_Ahern_0004.jpg,ok,0.3641,0.3542
Bertie_Ahern_0005.jpg,ok,0.4699,0.4194
Bertrand_Bonello_0001.jpg,ok,0.3252,0.3756
Bertrand_Bonello_0002.jpg,ok,0.4105,0.4121
Bertrand_Delanoe_0001.jpg,ok,0.3731,0.4216
Beth_Blough_0001.jpg,ok,0.4763,0.4738
Beth_Jones_0001.jpg,ok,0.3995,0.3427
Beth_Jones_0002.jpg,ok,0.4364,0.4669
Betsy_Coffin_0001.jpg,ok,0.3969,0.4112
Betsy_Smith_0001.jpg,ok,0.3884,0.4630
Betsy_Smith_0002.jpg,ok,0.3843,0.4169
Bettina_Rheims_0001.jpg,ok,0.3588,0.3680
Betty_Garrison_0001.jpg,ok,0.4677,0.4352
Betty_Williams_0001.jpg,ok,0.4026,0.4194
Beyonce_Knowles_0001.jpg,ok,0.4566,0.4586
Bianca_Jagger_0001.jpg,ok,0.4725,0.4350
Bijan_Darvish_0001.jpg,ok,0.3875,0.4647
Bijan_Darvish_0002.jpg,ok,0.4884,0.4785
Bijan_Darvish_0003.jpg,ok,0.4720,0.4546
Bijan_Namdar_Zangeneh_0001.jpg,ok,0.4516,0.5346
Bijan_Namdar_Zangeneh_0002.jpg,ok,0.4015,0.3766
Bilal_Erdogan_0001.jpg,ok,0.5262,0.4586
Biljana_Plavsic_0001.jpg,ok,0.4667,0.5170
Biljana_Plavsic_0002.jpg,ok,0.4809,0.4724
Biljana_Plavsic_0003.jpg,ok,0.3670,0.4469
Bill_Belichick_0001.jpg,ok,0.3716,0.3750
Bill_Belichick_0002.jpg,ok,0.2932,0.3189
Bill_Bradley_0001.jpg,ok,0.4267,0.4681
Bill_Butler_0001.jpg,ok,0.3907,0.4786
Bill_Byrne_0001.jpg,ok,0.4224,0.3533
Bill_Callahan_0001.jpg,ok,0.4264,0.4159
Bill_Callahan_0002.jpg,ok,0.4933,0.4355
Bill_Callahan_0003.jpg,ok,0.4636,0.4537
Bill_Carmody_0001.jpg,ok,0.4378,0.3895
Bill_Cartwright_0001.jpg,ok,0.4115,0.4162
Bill_Clancy_0001.jpg,ok,0.5139,0.5000
Bill_Clinton_0001.jpg,ok,0.4303,0.4669
Bill_Clinton_0002.jpg,ok,0.4171,0.3638
Bill_Clinton_0003.jpg,ok,0.4854,0.4790
Bill_Clinton_0004.jpg,ok,0.4380,0.4917
Bill_Clinton_0005.jpg,ok,0.4190,0.4789
Bill_Clinton_0006.jpg,ok,0.4750,0.4964
Bill_Clinton_0007.jpg,ok,0.4038,0.4135
Bill_Clinton_0008.jpg,ok,0.5121,0.5215
Bill_Clinton_0009.jpg,ok,0.4788,0.5226
Bill_Clinton_0010.jpg,ok,0.4477,0.4419
Bill_Clinton_0011.jpg,ok,0.4546,0.4648
Bill_Clinton_0012.jpg,ok,0.4327,0.4381
Bill_Clinton_0013.jpg,ok,0.4675,0.4447
Bill_Clinton_0014.jpg,ok,0.4748,0.4981
Bill_Clinton_0015.jpg,ok,0.4121,0.4812
Bill_Clinton_0016.jpg,ok,0.4136,0.4793
Bill_Clinton_0017.jpg,ok,0.4987,0.4763
Bill_Clinton_0018.jpg,ok,0.4286,0.4147
Bill_Clinton_0019.jpg,ok,0.4801,0.4818
Bill_Clinton_0020.jpg,ok,0.4450,0.4793
Bill_Clinton_0021.jpg,ok,0.4480,0.4834
Bill_Clinton_0022.jpg,ok,0.5305,0.5606
Bill_Clinton_0023.jpg,ok,0.4314,0.4273
Bill_Clinton_0024.jpg,ok,0.4388,0.4267
Bill_Clinton_0025.jpg,ok,0.4155,0.4686
Bill_Clinton_0026.jpg,ok,0.4301,0.3948
Bill_Clinton_0027.jpg,ok,0.4522,0.5016
Bill_Clinton_0028.jpg,ok,0.3760,0.4679
Bill_Clinton_0029.jpg,ok,0.4370,0.4875
Bill_Curry_0001.jpg,ok,0.4367,0.4456
Bill_Doba_0001.jpg,ok,0.4348,0.4129
Bill_Duffey_0001.jpg,ok,0.4616,0.4808
Bill_Elliott_0001.jpg,ok,0.4131,0.4213
Bill_Fennelly_0001.jpg,ok,0.3221,0.4602
Bill_Frist_0001.jpg,ok,0.4620,0.4672
Bill_Frist_0002.jpg,ok,0.4108,0.4608
Bill_Frist_0003.jpg,ok,0.4592,0.4080
Bill_Frist_0004.jpg,ok,0.4063,0.3886
Bill_Frist_0005.jpg,ok,0.4306,0.4545
Bill_Frist_0006.jpg,ok,0.3172,0.4356
Bill_Frist_0007.jpg,ok,0.4406,0.4818
Bill_Frist_0008.jpg,ok,0.3825,0.4227
Bill_Frist_0009.jpg,ok,0.4587,0.4237
Bill_Gates_0001.jpg,ok,0.3936,0.3114
Bill_Gates_0002.jpg,ok,0.2812,0.3891
Bill_Gates_0003.jpg,ok,0.3764,0.3980
Bill_Gates_0004.jpg,ok,0.3949,0.4497
Bill_Gates_0005.jpg,ok,0.3744,0.3998
Bill_Gates_0006.jpg,ok,0.3278,0.4336
Bill_Gates_0007.jpg,ok,0.4071,0.4108
Bill_Gates_0008.jpg,ok,0.3626,0.3420
Bill_Gates_0009.jpg,ok,0.3164,0.3890
Bill_Gates_0010.jpg,ok,0.3023,0.4056
Bill_Gates_0011.jpg,ok,0.3415,0.4718
Bill_Gates_0012.jpg,ok,0.4251,0.4419
Bill_Gates_0013.jpg,ok,0.2640,0.4482
Bill_Gates_0014.jpg,ok,0.4070,0.3461
Bill_Gates_0015.jpg,ok,0.3661,0.4272
Bill_Gates_0016.jpg,ok,0.3810,0.4451
Bill_Gates_0017.jpg,ok,0.3665,0.2600
Bill_Graham_0001.jpg,ok,0.4563,0.5002
Bill_Graham_0002.jpg,ok,0.4303,0.4382
Bill_Graham_0003.jpg,ok,0.3768,0.4056
Bill_Graham_0004.jpg,ok,0.4498,0.4667
Bill_Graham_0005.jpg,ok,0.4235,0.4647
Bill_Graham_0006.jpg,ok,0.4387,0.4612
Bill_Graham_0007.jpg,ok,0.4069,0.4295
Bill_Graham_0008.jpg,ok,0.4438,0.4317
Bill_Graham_0009.jpg,ok,0.4407,0.4433
Bill_Guerin_0001.jpg,ok,0.3307,0.4100
Bill_Herrion_0001.jpg,ok,0.3861,0.4410
Bill_Hughes_0001.jpg,ok,0.4061,0.3993
Bill_King_0001.jpg,ok,0.4396,0.3770
Bill_Kollar_0001.jpg,ok,0.3112,0.3275
Bill_Kong_0001.jpg,ok,0.4750,0.4926
Bill_Lerach_0001.jpg,ok,0.4498,0.3870
Bill_Maher_0001.jpg,ok,0.4237,0.4292
Bill_Mauldin_0001.jpg,ok,0.3545,0.4178
Bill_McBride_0001.jpg,ok,0.4233,0.4108
Bill_McBride_0002.jpg,ok,0.3544,0.2992
Bill_McBride_0003.jpg,ok,0.3833,0.4730
Bill_McBride_0004.jpg,ok,0.3700,0.4056
Bill_McBride_0005.jpg,ok,0.4135,0.4135
Bill_McBride_0006.jpg,ok,0.3920,0.3535
Bill_McBride_0007.jpg,ok,0.4015,0.4349
Bill_McBride_0008.jpg,ok,0.4061,0.3577
Bill_McBride_0009.jpg,ok,0.4508,0.4847
Bill_McBride_0010.jpg,ok,0.4506,0.4403
Bill_Nelson_0001.jpg,ok,0.3535,0.4057
Bill_Nelson_0002.jpg,ok,0.4141,0.4501
Bill_OReilly_0001.jpg,ok,0.3631,0.4181
Bill_Parcells_0001.jpg,ok,0.3730,0.4185
Bill_Parcells_0002.jpg,ok,0.3052,0.2592
Bill_Parsons_0001.jpg,ok,0.4464,0.4558
Bill_Paxton_0001.jpg,ok,0.3603,0.3524
Bill_Paxton_0002.jpg,ok,0.3864,0.4702
Bill_Paxton_0003.jpg,ok,0.3618,0.4398
Bill_Paxton_0004.jpg,ok,0.2994,0.4013
Bill_Pryor_0001.jpg,ok,0.4334,0.3370
Bill_Rainer_0001.jpg,ok,0.4221,0.3916
Bill_Readdy_0001.jpg,ok,0.5188,0.4914
Bill_Richardson_0001.jpg,ok,0.4550,0.4609
Bill_Self_0001.jpg,ok,0.4097,0.3822
Bill_Simon_0001.jpg,ok,0.3987,0.4417
Bill_Simon_0002.jpg,ok,0.4227,0.4443
Bill_Simon_0003.jpg,ok,0.4615,0.4819
Bill_Simon_0004.jpg,ok,0.4289,0.4411
Bill_Simon_0005.jpg,ok,0.4012,0.4159
Bill_Simon_0006.jpg,ok,0.4646,0.4920
Bill_Simon_0007.jpg,ok,0.2583,0.2103
Bill_Simon_0008.jpg,ok,0.2586,0.4851
Bill_Simon_0009.jpg,ok,0.3947,0.4631
Bill_Simon_0010.jpg,ok,0.4498,0.4033
Bill_Simon_0011.jpg,ok,0.3894,0.4175
Bill_Simon_0012.jpg,ok,0.4123,0.4637
Bill_Simon_0013.jpg,ok,0.4427,0.3904
Bill_Simon_0014.jpg,ok,0.4508,0.4568
Bill_Simon_0015.jpg,ok,0.4135,0.4623
Bill_Sizemore_0001.jpg,ok,0.4223,0.4558
Bill_Sizemore_0002.jpg,ok,0.3752,0.3389
Bill_Stapleton_0001.jpg,ok,0.4238,0.4422
Bill_Stein_0001.jpg,ok,0.4337,0.4306
Bill_Walton_0001.jpg,ok,0.3161,0.4908
Billy_Andrade_0001.jpg,ok,0.5432,0.4824
Billy_Beane_0001.jpg,ok,0.3762,0.4123
Billy_Bob_Thornton_0001.jpg,ok,0.3117,0.3423
Billy_Boyd_0001.jpg,ok,0.4460,0.4499
Billy_Crawford_0001.jpg,ok,0.4870,0.3741
Billy_Crystal_0001.jpg,ok,0.3634,0.3854
Billy_Crystal_0002.jpg,ok,0.3606,0.4889
Billy_Crystal_0003.jpg,ok,0.3867,0.4291
Billy_Crystal_0004.jpg,ok,0.3799,0.4904
Billy_Crystal_0005.jpg,ok,0.3668,0.4023
Billy_Crystal_0006.jpg,ok,0.3671,0.3319
Billy_Donovan_0001.jpg,ok,0.4782,0.3784
Billy_Edelin_0001.jpg,ok,0.4537,0.4814
Billy_Gilman_0001.jpg,ok,0.4375,0.4860
Billy_Graham_0001.jpg,ok,0.3852,0.4097
Billy_Graham_0002.jpg,ok,0.4422,0.4531
Billy_Joel_0001.jpg,ok,0.3871,0.4604
Billy_Rork_0001.jpg,ok,0.4203,0.3551
Billy_Sollie_0001.jpg,ok,0.3592,0.4061
Billy_Sollie_0002.jpg,ok,0.4565,0.4821
Billy_Tibbets_0001.jpg,ok,0.4320,0.4227
Bing_Crosby_0001.jpg,ok,0.4688,0.5050
Binyamin_Ben-Eliezer_0001.jpg,ok,0.4744,0.5282
Binyamin_Ben-Eliezer_0002.jpg,ok,0.4111,0.4595
Binyamin_Ben-Eliezer_0003.jpg,ok,0.3634,0.4494
Binyamin_Ben-Eliezer_0004.jpg,ok,0.3367,0.4062
Binyamin_Ben-Eliezer_0005.jpg,ok,0.4103,0.4050
Binyamin_Ben-Eliezer_0006.jpg,ok,0.3244,0.4200
Binyamin_Ben-Eliezer_0007.jpg,ok,0.5258,0.5275
Bison_Dele_0001.jpg,ok,0.3648,0.3602
Bixente_LIzarazu_0001.jpg,ok,0.4729,0.4619
Blas_Ople_0001.jpg,ok,0.4314,0.4856
Blythe_Danner_0001.jpg,ok,0.3551,0.4278
Blythe_Danner_0002.jpg,ok,0.3594,0.3586
Blythe_Hartley_0001.jpg,ok,0.3151,0.4056
Blythe_Hartley_0002.jpg,ok,0.4467,0.4484
Bo_Pelini_0001.jpg,ok,0.3546,0.3210
Bo_Pelini_0002.jpg,ok,0.3430,0.3025
Bo_Ryan_0001.jpg,ok,0.3895,0.3983
Bo_Ryan_0002.jpg,ok,0.4383,0.4063
Bob_Alper_0001.jpg,ok,0.3770,0.4208
Bob_Beauprez_0001.jpg,ok,0.4462,0.4607
Bob_Beauprez_0002.jpg,ok,0.4384,0.3979
Bob_Bowlsby_0001.jpg,ok,0.4200,0.3999
Bob_Cantrell_0001.jpg,ok,0.4516,0.4884
Bob_Colvin_0001.jpg,ok,0.4555,0.4663
Bob_Colvin_0002.jpg,ok,0.4952,0.4544
Bob_Crippen_0001.jpg,ok,0.4745,0.4710
Bob_Curtis_0001.jpg,ok,0.3912,0.4469
Bob_Dole_0001.jpg,ok,0.3900,0.4595
Bob_Dole_0002.jpg,ok,0.2990,0.2897
Bob_Dole_0003.jpg,ok,0.4313,0.3691
Bob_Eskridge_0001.jpg,ok,0.4128,0.4353
Bob_Ferguson_0001.jpg,ok,0.3927,0.3585
Bob_Geldof_0001.jpg,ok,0.3143,0.4073
Bob_Geldof_0002.jpg,ok,0.4237,0.4725
Bob_Goldman_0001.jpg,ok,0.4290,0.4560
Bob_Graham_0001.jpg,ok,0.4160,0.5079
Bob_Graham_0002.jpg,ok,0.4686,0.4921
Bob_Graham_0003.jpg,ok,0.4916,0.4940
Bob_Graham_0004.jpg,ok,0.4566,0.4303
Bob_Graham_0005.jpg,ok,0.4175,0.4450
Bob_Graham_0006.jpg,ok,0.3849,0.4337
Bob_Guccione_0001.jpg,ok,0.3808,0.4336
Bob_Hartley_0001.jpg,ok,0.3768,0.4052
Bob_Hayes_0001.jpg,ok,0.3099,0.3391
Bob_Herz_0001.jpg,ok,0.3768,0.4911
Bob_Holden_0001.jpg,ok,0.3569,0.4825
Bob_Hope_0001.jpg,ok,0.4756,0.4975
Bob_Hope_0002.jpg,ok,0.4844,0.3986
Bob_Hope_0003.jpg,ok,0.4347,0.4146
Bob_Hope_0004.jpg,ok,0.3514,0.5215
Bob_Hope_0005.jpg,ok,0.4584,0.3985
Bob_Hope_0006.jpg,ok,0.3906,0.4153
Bob_Hope_0007.jpg,ok,0.5912,0.5563
Bob_Hope_0008.jpg,ok,0.4131,0.4279
Bob_Huggins_0001.jpg,ok,0.3164,0.4349
Bob_Huggins_0002.jpg,ok,0.4425,0.4472
Bob_Huggins_0003.jpg,ok,0.4881,0.4689
Bob_Huggins_0004.jpg,ok,0.3649,0.4178
Bob_Iger_0001.jpg,ok,0.3980,0.3443
Bob_Krueger_0001.jpg,ok,0.4125,0.3033
Bob_Melvin_0001.jpg,ok,0.3648,0.4363
Bob_Menendez_0001.jpg,ok,0.3865,0.4664
Bob_Newhart_0001.jpg,ok,0.4930,0.5232
Bob_Petrino_0001.jpg,ok,0.3473,0.3749
Bob_Riley_0001.jpg,ok,0.4409,0.4445
Bob_Stoops_0001.jpg,ok,0.4753,0.4896
Bob_Stoops_0002.jpg,ok,0.3183,0.4125
Bob_Stoops_0003.jpg,ok,0.3337,0.3129
Bob_Stoops_0004.jpg,ok,0.3853,0.4030
Bob_Stoops_0005.jpg,ok,0.3528,0.4072
Bob_Stoops_0006.jpg,ok,0.3674,0.2932
Bob_Stoops_0007.jpg,ok,0.3616,0.3951
Bob_Sulkin_0001.jpg,ok,0.3879,0.4672
Bob_Taft_0001.jpg,ok,0.4119,0.4600
Bob_Wright_0001.jpg,ok,0.4230,0.4465
Bobby_Bowden_0001.jpg,ok,0.3555,0.3944
Bobby_Goldwater_0001.jpg,ok,0.4318,0.4360
Bobby_Goldwater_0002.jpg,ok,0.3826,0.4812
Bobby_Jackson_0001.jpg,ok,0.4019,0.4011
Bobby_Kielty_0001.jpg,ok,0.3526,0.5009
Bobby_Robson_0001.jpg,ok,0.4151,0.4798
Bobby_Robson_0002.jpg,ok,0.5217,0.5435
Bobo_Balde_0001.jpg,ok,0.4365,0.4853
Bode_Miller_0001.jpg,ok,0.4471,0.4380
Bode_Miller_0002.jpg,ok,0.3968,0.3789
Bonnie_Fuller_0001.jpg,ok,0.4133,0.4255
Bonnie_Hunt_0001.jpg,ok,0.4318,0.3637
Bono_0001.jpg,ok,0.3922,0.3811
Bono_0002.jpg,ok,0.4325,0.3557
Bono_0003.jpg,ok,0.4375,0.4050
Boris_Becker_0001.jpg,ok,0.4075,0.4781
Boris_Becker_0002.jpg,ok,0.4842,0.4738
Boris_Becker_0003.jpg,ok,0.4186,0.4189
Boris_Becker_0004.jpg,ok,0.3928,0.4414
Boris_Becker_0005.jpg,ok,0.4268,0.4953
Boris_Becker_0006.jpg,ok,0.3725,0.4075
Boris_Berezovsky_0001.jpg,ok,0.4740,0.4829
Boris_Berezovsky_0002.jpg,ok,0.4699,0.4361
Boris_Henry_0001.jpg,ok,0.4753,0.3415
Boris_Jordan_0001.jpg,ok,0.4027,0.3452
Boris_Trajkovski_0001.jpg,ok,0.4058,0.4530
Boris_Yeltsin_0001.jpg,ok,0.4234,0.5175
Boris_Yeltsin_0002.jpg,ok,0.4149,0.4426
Boutros_Boutros_Ghali_0001.jpg,ok,0.4544,0.4488
Brad_Alexander_Smith_0001.jpg,ok,0.4480,0.4650
Brad_Banks_0001.jpg,ok,0.3275,0.3557
Brad_Brownell_0001.jpg,ok,0.3844,0.3566
Brad_Garrett_0001.jpg,ok,0.4223,0.3487
Brad_Garrett_0002.jpg,ok,0.4767,0.4950
Brad_Garrett_0003.jpg,ok,0.4734,0.5532
Brad_Garrett_0004.jpg,ok,0.3060,0.2974
Brad_Gushue_0001.jpg,ok,0.3554,0.4131
Brad_Johnson_0001.jpg,ok,0.3919,0.4440
Brad_Johnson_0002.jpg,ok,0.5208,0.5264
Brad_Johnson_0003.jpg,ok,0.3557,0.2920
Brad_Johnson_0004.jpg,ok,0.5308,0.4891
Brad_Johnson_0005.jpg,ok,0.5017,0.4400
Brad_Miller_0001.jpg,ok,0.4864,0.3934
Brad_Pitt_0001.jpg,ok,0.4634,0.4869
Brad_Russ_0001.jpg,ok,0.4168,0.4213
Brad_Smith_0001.jpg,ok,0.4488,0.4681
Brad_Wilk_0001.jpg,ok,0.5292,0.4715
Brady_Rodgers_0001.jpg,ok,0.3557,0.4075
Brajesh_Mishra_0001.jpg,ok,0.4197,0.5368
Brandon_Boyd_0001.jpg,ok,0.3419,0.4178
Brandon_Fails_0001.jpg,ok,0.3883,0.3853
Brandon_Hammond_0001.jpg,ok,0.3848,0.4432
Brandon_Inge_0001.jpg,ok,0.3907,0.4214
Brandon_Jones_0001.jpg,ok,0.4563,0.4483
Brandon_Knight_0001.jpg,ok,0.4814,0.4648
Brandon_Larson_0001.jpg,ok,0.4909,0.4678
Brandon_Lloyd_0001.jpg,ok,0.3914,0.4385
Brandon_Robinson_0001.jpg,ok,0.4211,0.4256
Brandon_Spann_0001.jpg,ok,0.4334,0.4873
Brandon_Webb_0001.jpg,ok,0.5401,0.5206
Branko_Crvenkovski_0001.jpg,ok,0.4437,0.4911
Branko_Crvenkovski_0002.jpg,ok,0.4729,0.4709
Branko_Crvenkovski_0003.jpg,ok,0.5071,0.4634
Brawley_King_0001.jpg,ok,0.4574,0.4645
Brenda_Magana_0001.jpg,ok,0.4761,0.4502
Brenda_Wilson_0001.jpg,ok,0.3888,0.3541
Brenda_van_Dam_0001.jpg,ok,0.4041,0.3583
Brendan_Fraser_0001.jpg,ok,0.4404,0.4189
Brendan_Gaughan_0001.jpg,ok,0.4121,0.4001
Brendan_Hansen_0001.jpg,ok,0.4558,0.4921
Brendan_Hansen_0002.jpg,ok,0.4849,0.4886
Brendan_Stai_0001.jpg,ok,0.3164,0.3958
Brennon_Leighton_0001.jpg,ok,0.4338,0.4345
Brent_Coles_0001.jpg,ok,0.4507,0.4828
Brett_Boone_0001.jpg,ok,0.4870,0.4768
Brett_Hawke_0001.jpg,ok,0.3550,0.4490
Brett_Hull_0001.jpg,ok,0.3013,0.3330
Brett_Perry_0001.jpg,ok,0.5187,0.5506
Brian_Billick_0001.jpg,ok,0.3988,0.3539
Brian_Campbell_0001.jpg,ok,0.3412,0.3894
Brian_Cashman_0001.jpg,ok,0.4301,0.4802
Brian_Clemens_0001.jpg,ok,0.6643,0.6714
Brian_Cook_0001.jpg,ok,0.4580,0.4054
Brian_Cowen_0001.jpg,ok,0.5117,0.5350
Brian_Cowen_0002.jpg,ok,0.4276,0.3659
Brian_De_Palma_0001.jpg,ok,0.4273,0.3940
Brian_Florence_0001.jpg,ok,0.4222,0.4108
Brian_Grazier_0001.jpg,ok,0.3879,0.4066
Brian_Gregory_0001.jpg,ok,0.4007,0.4216
Brian_Griese_0001.jpg,ok,0.4583,0.4227
Brian_Griese_0002.jpg,ok,0.4445,0.4316
Brian_Heidik_0001.jpg,ok,0.3386,0.3320
Brian_Heidik_0002.jpg,ok,0.4265,0.3325
Brian_Henson_0001.jpg,ok,0.4021,0.3023
Brian_Jordan_0001.jpg,ok,0.4722,0.4367
Brian_Kerr_0001.jpg,ok,0.4135,0.3813
Brian_Lara_0001.jpg,ok,0.4372,0.4385
Brian_McIntyre_0001.jpg,ok,0.3695,0.3760
Brian_Meadors_0001.jpg,ok,0.3854,0.3391
Brian_Mulroney_0001.jpg,ok,0.5112,0.4679
Brian_Mulroney_0002.jpg,ok,0.4472,0.4595
Brian_Olson_0001.jpg,ok,0.4661,0.4890
Brian_Pavlich_0001.jpg,ok,0.5191,0.5197
Brian_Scalabrine_0001.jpg,ok,0.4354,0.4711
Brian_Schneider_0001.jpg,ok,0.4819,0.4888
Brian_StPierre_0001.jpg,ok,0.4863,0.5034
Brian_Van_Dusen_0001.jpg,ok,0.3993,0.4172
Brian_Weaver_0001.jpg,ok,0.3991,0.4192
Brian_Wells_0001.jpg,ok,0.4549,0.5205
Brian_Wells_0002.jpg,ok,0.3492,0.3572
Brian_Williams_0001.jpg,ok,0.5273,0.6075
Bridget_Fonda_0001.jpg,ok,0.3578,0.3969
Bridget_Fonda_0002.jpg,ok,0.3521,0.4038
Bridget_Fonda_0003.jpg,ok,0.3817,0.4816
Bridgette_Wilson-Sampras_0001.jpg,ok,0.3258,0.4385
Bridgette_Wilson-Sampras_0002.jpg,ok,0.3665,0.4800
Bridgette_Wilson-Sampras_0003.jpg,ok,0.4531,0.4224
Brigitte_Boisselier_0001.jpg,ok,0.3890,0.4082
Brigitte_Boisselier_0002.jpg,ok,0.2351,0.2081
Britney_Spears_0001.jpg,ok,0.3448,0.3906
Britney_Spears_0002.jpg,ok,0.3363,0.3593
Britney_Spears_0003.jpg,ok,0.3412,0.2832
Britney_Spears_0004.jpg,ok,0.3854,0.4009
Britney_Spears_0005.jpg,ok,0.3627,0.3232
Britney_Spears_0006.jpg,ok,0.4452,0.4396
Britney_Spears_0007.jpg,ok,0.3739,0.4762
Britney_Spears_0008.jpg,ok,0.4130,0.4197
Britney_Spears_0009.jpg,ok,0.4284,0.4817
Britney_Spears_0010.jpg,ok,0.3451,0.3760
Britney_Spears_0011.jpg,ok,0.4616,0.4890
Britney_Spears_0012.jpg,ok,0.3635,0.3372
Britney_Spears_0013.jpg,ok,0.4687,0.5361
Britney_Spears_0014.jpg,ok,0.3443,0.2982
Brittany_Snow_0001.jpg,ok,0.3541,0.3004
Brock_Berlin_0001.jpg,ok,0.4661,0.3328
Bronson_Arroyo_0001.jpg,ok,0.5312,0.5041
Brook_Robinson_0001.jpg,ok,0.3227,0.3871
Brooke_Adams_0001.jpg,ok,0.3990,0.4720
Brooke_Gordon_0001.jpg,ok,0.4071,0.3430
Brooke_Shields_0001.jpg,ok,0.4699,0.4407
Brooke_Shields_0002.jpg,ok,0.4232,0.5219
Bruce_Arena_0001.jpg,ok,0.4325,0.4530
Bruce_Gebhardt_0001.jpg,ok,0.3650,0.5244
Bruce_Lunsford_0001.jpg,ok,0.3270,0.4335
Bruce_Paltrow_0001.jpg,ok,0.3579,0.3596
Bruce_Springsteen_0001.jpg,ok,0.4814,0.4198
Bruce_Springsteen_0002.jpg,ok,0.5307,0.4461
Bruce_Springsteen_0003.jpg,ok,0.5238,0.4291
Bruce_Springsteen_0004.jpg,ok,0.4628,0.3894
Bruce_Van_De_Velde_0001.jpg,ok,0.3859,0.4608
Bruce_Van_De_Velde_0002.jpg,ok,0.4170,0.3249
Bruce_Weber_0001.jpg,ok,0.3930,0.4041
Bruce_Weber_0002.jpg,ok,0.4247,0.3303
Bruce_Willis_0001.jpg,ok,0.4645,0.4686
Bruna_Colosio_0001.jpg,ok,0.5105,0.5036
Bruno_Junquiera_0001.jpg,ok,0.4734,0.4552
Bryan_Adams_0001.jpg,ok,0.3220,0.4091
Bryan_Chui_0001.jpg,ok,0.3400,0.4644
Bryan_Cooley_0001.jpg,ok,0.4305,0.3498
Bryan_Murray_0001.jpg,ok,0.3370,0.2842
Bryan_Thomas_0001.jpg,ok,0.3638,0.3609
Bryant_Young_0001.jpg,ok,0.4651,0.4413
Bryce_Carmine_0001.jpg,ok,0.4134,0.4539
Buck_Rodgers_0001.jpg,ok,0.4868,0.4813
Bud_Selig_0001.jpg,ok,0.4722,0.4798
Bud_Selig_0002.jpg,ok,0.3516,0.4522
Bud_Selig_0003.jpg,ok,0.4279,0.4296
Bud_Selig_0004.jpg,ok,0.3732,0.4833
Budd_Schulberg_0001.jpg,ok,0.4389,0.4787
Buddy_Ryan_0001.jpg,ok,0.4233,0.4269
Buford_Blount_0001.jpg,ok,0.3411,0.3841
Bulent_Ecevit_0001.jpg,ok,0.4830,0.5000
Bulent_Ecevit_0002.jpg,ok,0.4773,0.5403
Bulent_Ecevit_0003.jpg,ok,0.4732,0.4480
Bulent_Ecevit_0004.jpg,ok,0.5202,0.5429
Bulent_Ecevit_0005.jpg,ok,0.4880,0.5148
Bulent_Ecevit_0006.jpg,ok,0.4045,0.4407
Bustam_A_Zedan_Aljanabi_0001.jpg,ok,0.4892,0.4780
Butch_Davis_0001.jpg,ok,0.4292,0.3819
Butch_Davis_0002.jpg,ok,0.4339,0.4092
Buzz_Hargrove_0001.jpg,ok,0.3951,0.3422
Byron_Scott_0001.jpg,ok,0.4613,0.4433
Byron_Scott_0002.jpg,ok,0.4045,0.3972
Cabas_0001.jpg,ok,0.4853,0.5860
Caio_Blat_0001.jpg,ok,0.2660,0.3286
Calbert_Cheaney_0001.jpg,ok,0.3453,0.4178
Calista_Flockhart_0001.jpg,ok,0.3469,0.4093
Calista_Flockhart_0002.jpg,ok,0.3939,0.4306
Calista_Flockhart_0003.jpg,ok,0.4913,0.4814
Calista_Flockhart_0004.jpg,ok,0.3392,0.4522
Calista_Flockhart_0005.jpg,ok,0.4645,0.4232
Calista_Flockhart_0006.jpg,ok,0.4667,0.4600
Calvin_Harrison_0001.jpg,ok,0.4007,0.4152
Calvin_Joseph_Coleman_0001.jpg,ok,0.4131,0.4421
Cameron_Diaz_0001.jpg,ok,0.3751,0.3710
Cameron_Diaz_0002.jpg,ok,0.3689,0.4218
Cameron_Diaz_0003.jpg,ok,0.3086,0.3830
Cameron_Diaz_0004.jpg,ok,0.3859,0.4226
Cameron_Diaz_0005.jpg,ok,0.4157,0.4458
Cameron_Diaz_0006.jpg,ok,0.3857,0.3991
Camilla_Parker_Bowles_0001.jpg,ok,0.4462,0.4182
Camilla_Parker_Bowles_0002.jpg,ok,0.3859,0.3827
Camille_Colvin_0001.jpg,ok,0.3906,0.3721
Camille_Lewis_0001.jpg,ok,0.4535,0.3656
Camryn_Manheim_0001.jpg,ok,0.3603,0.3820
Candace_Sutton_0001.jpg,ok,0.5095,0.4876
Candice_Beatty_0001.jpg,ok,0.4299,0.4337
Candice_Bergen_0001.jpg,ok,0.3507,0.3016
Candice_Bergen_0002.jpg,ok,0.3447,0.3604
Candice_Bergen_0003.jpg,ok,0.3599,0.2743
Candie_Kung_0001.jpg,ok,0.5191,0.5603
Candie_Kung_0002.jpg,ok,0.4323,0.3830
Candie_Kung_0003.jpg,ok,0.3704,0.3262
Candie_Kung_0004.jpg,ok,0.3781,0.5183
Carey_Lowell_0001.jpg,ok,0.4985,0.4485
Cari_Davis_0001.jpg,ok,0.3030,0.2466
Carin_Koch_0001.jpg,ok,0.4689,0.4901
Carina_Lau_Ka-ling_0001.jpg,ok,0.6032,0.5050
Carl_Levin_0001.jpg,ok,0.4460,0.4572
Carl_Pope_0001.jpg,ok,0.4105,0.4516
Carl_Reiner_0001.jpg,ok,0.4050,0.4178
Carl_Reiner_0002.jpg,ok,0.4461,0.4223
Carla_Del_Ponte_0001.jpg,ok,0.3513,0.4846
Carla_Del_Ponte_0002.jpg,ok,0.4036,0.4885
Carla_Del_Ponte_0003.jpg,ok,0.4154,0.4338
Carla_Del_Ponte_0004.jpg,ok,0.4133,0.4482
Carla_Del_Ponte_0005.jpg,ok,0.3881,0.3744
Carla_Gay_Balingit_0001.jpg,ok,0.3764,0.4664
Carla_Gugino_0001.jpg,ok,0.4020,0.4246
Carla_Moreno_0001.jpg,ok,0.4479,0.4888
Carla_Myers_0001.jpg,ok,0.4202,0.4601
Carla_Myers_0002.jpg,ok,0.3649,0.4314
Carla_Sullivan_0001.jpg,ok,0.4287,0.4098
Carla_Tricoli_0001.jpg,ok,0.4072,0.4090
Carlo_Ancelotti_0001.jpg,ok,0.4448,0.5095
Carlo_Ancelotti_0002.jpg,ok,0.4630,0.5013
Carlo_Ancelotti_0003.jpg,ok,0.4092,0.4319
Carlo_Azeglio_Ciampi_0001.jpg,ok,0.4385,0.5040
Carlos_Alberto_0001.jpg,ok,0.4553,0.4779
Carlos_Alberto_Parreira_0001.jpg,ok,0.4856,0.4736
Carlos_Arroyo_0001.jpg,ok,0.4767,0.4256
Carlos_Barra_0001.jpg,ok,0.4605,0.3225
Carlos_Barragan_0001.jpg,ok,0.6386,0.5796
Carlos_Beltran_0001.jpg,ok,0.4676,0.4681
Carlos_Bianchi_0001.jpg,ok,0.3948,0.4846
Carlos_Bianchi_0002.jpg,ok,0.4309,0.3967
Carlos_De_Abreu_0001.jpg,ok,0.4297,0.3584
Carlos_Fasciolo_0001.jpg,ok,0.4555,0.5465
Carlos_Ghosn_0001.jpg,ok,0.3805,0.4194
Carlos_Ghosn_0002.jpg,ok,0.4356,0.4572
Carlos_Iturgaitz_0001.jpg,ok,0.3190,0.3994
Carlos_Juarez_0001.jpg,ok,0.5616,0.5729
Carlos_Lordkipanitse_0001.jpg,ok,0.2808,0.4196
Carlos_Manuel_Pruneda_0001.jpg,ok,0.4380,0.3876
Carlos_Manuel_Pruneda_0002.jpg,ok,0.4489,0.4743
Carlos_Manuel_Pruneda_0003.jpg,ok,0.2846,0.4906
Carlos_Menem_0001.jpg,ok,0.4230,0.4794
Carlos_Menem_0002.jpg,ok,0.4083,0.3406
Carlos_Menem_0003.jpg,ok,0.3945,0.3431
Carlos_Menem_0004.jpg,ok,0.3619,0.4839
Carlos_Menem_0005.jpg,ok,0.4191,0.4170
Carlos_Menem_0006.jpg,ok,0.5432,0.5060
Carlos_Menem_0007.jpg,ok,0.3020,0.4561
Carlos_Menem_0008.jpg,ok,0.4554,0.4840
Carlos_Menem_0009.jpg,ok,0.3453,0.3271
Carlos_Menem_0010.jpg,ok,0.3199,0.3428
Carlos_Menem_0011.jpg,ok,0.4188,0.4302
Carlos_Menem_0012.jpg,ok,0.3957,0.3982
Carlos_Menem_0013.jpg,ok,0.4754,0.4908
Carlos_Menem_0014.jpg,ok,0.4034,0.3825
Carlos_Menem_0015.jpg,ok,0.3840,0.4095
Carlos_Menem_0016.jpg,ok,0.4245,0.4085
Carlos_Menem_0017.jpg,ok,0.4375,0.4769
Carlos_Menem_0018.jpg,ok,0.6653,0.6128
Carlos_Menem_0019.jpg,ok,0.4755,0.4797
Carlos_Menem_0020.jpg,ok,0.4334,0.4204
Carlos_Menem_0021.jpg,ok,0.4256,0.4423
Carlos_Mesa_0001.jpg,ok,0.5169,0.5216
Carlos_Mesa_0002.jpg,ok,0.3515,0.3742
Carlos_Moya_0001.jpg,ok,0.4613,0.5090
Carlos_Moya_0002.jpg,ok,0.4606,0.4826
Carlos_Moya_0003.jpg,ok,0.4533,0.4841
Carlos_Moya_0004.jpg,ok,0.4318,0.4499
Carlos_Moya_0005.jpg,ok,0.4899,0.5280
Carlos_Moya_0006.jpg,ok,0.4046,0.4999
Carlos_Moya_0007.jpg,ok,0.3701,0.4722
Carlos_Moya_0008.jpg,ok,0.5018,0.5035
Carlos_Moya_0009.jpg,ok,0.5142,0.5039
Carlos_Moya_0010.jpg,ok,0.5021,0.5262
Carlos_Moya_0011.jpg,ok,0.4922,0.4995
Carlos_Moya_0012.jpg,ok,0.5296,0.4745
Carlos_Moya_0013.jpg,ok,0.4916,0.5010
Carlos_Moya_0014.jpg,ok,0.5020,0.4869
Carlos_Moya_0015.jpg,ok,0.5117,0.5138
Carlos_Moya_0016.jpg,ok,0.4663,0.5018
Carlos_Moya_0017.jpg,ok,0.5050,0.5089
Carlos_Moya_0018.jpg,ok,0.5363,0.5180
Carlos_Moya_0019.jpg,ok,0.5405,0.5199
Carlos_Ortega_0001.jpg,ok,0.4509,0.4393
Carlos_Ortega_0002.jpg,ok,0.4310,0.4319
Carlos_Ortega_0003.jpg,ok,0.4374,0.3542
Carlos_Paternina_0001.jpg,ok,0.3839,0.4467
Carlos_Queiroz_0001.jpg,ok,0.4141,0.3486
Carlos_Quintanilla_Schmidt_0001.jpg,ok,0.4310,0.3892
Carlos_Quintanilla_Schmidt_0002.jpg,ok,0.4255,0.4676
Carlos_Ruckauf_0001.jpg,ok,0.4877,0.4997
Carlos_Ruiz_0001.jpg,ok,0.4691,0.4086
Carlos_Ruiz_0002.jpg,ok,0.4059,0.5362
Carlos_Ruiz_0003.jpg,ok,0.4967,0.4384
Carlos_Salinas_0001.jpg,ok,0.4660,0.5456
Carlos_Savedra_0001.jpg,ok,0.4706,0.5476
Carlos_Vives_0001.jpg,ok,0.3586,0.4122
Carlos_Vives_0002.jpg,ok,0.2427,0.2966
Carlos_Vives_0003.jpg,ok,0.3283,0.3502
Carlos_Vives_0004.jpg,ok,0.3712,0.2488
Carlton_Baugh_0001.jpg,ok,0.4542,0.4672
Carlton_Dotson_0001.jpg,ok,0.4021,0.4094
Carly_Fiorina_0001.jpg,ok,0.4197,0.4758
Carly_Fiorina_0002.jpg,ok,0.4246,0.4099
Carly_Fiorina_0003.jpg,ok,0.5024,0.4815
Carly_Gullickson_0001.jpg,ok,0.4617,0.5005
Carmen_Electra_0001.jpg,ok,0.3741,0.3777
Carmen_Electra_0002.jpg,ok,0.4374,0.4519
Carmen_Electra_0003.jpg,ok,0.4803,0.4411
Carmen_Electra_0004.jpg,ok,0.3677,0.4492
Carmen_Electra_0005.jpg,ok,0.4019,0.4170
Carmen_Electra_0006.jpg,ok,0.3890,0.4535
Carol_Burnett_0001.jpg,ok,0.4231,0.3504
Carol_Burnett_0002.jpg,ok,0.3248,0.4472
Carol_Carmody_0001.jpg,ok,0.4132,0.4779
Carol_Moseley_Braun_0001.jpg,ok,0.3481,0.3895
Carol_Moseley_Braun_0002.jpg,ok,0.4145,0.4261
Carol_Niedermayer_0001.jpg,ok,0.3004,0.3415
Carol_Williams_0001.jpg,ok,0.4414,0.5021
Carolina_Barco_0001.jpg,ok,0.3962,0.4572
Carolina_Kluft_0001.jpg,ok,0.3320,0.4252
Carolina_Kluft_0002.jpg,ok,0.3670,0.3556
Carolina_Kluft_0003.jpg,ok,0.4513,0.4522
Carolina_Moraes_0001.jpg,ok,0.4456,0.4533
Carolina_Moraes_0002.jpg,ok,0.4941,0.4814
Caroline_Dhavernas_0001.jpg,ok,0.5496,0.4398
Caroline_Kennedy_0001.jpg,ok,0.3812,0.3849
Caroline_Kennedy_0002.jpg,ok,0.3949,0.3931
Caroline_Kennedy_0003.jpg,ok,0.3793,0.4372
Caroline_Link_0001.jpg,ok,0.6076,0.4986
Carolyn_Dawn_Johnson_0001.jpg,ok,0.2910,0.2902
Carolyn_Dawn_Johnson_0002.jpg,ok,0.3334,0.2578
Carolyn_Dawn_Johnson_0003.jpg,ok,0.3739,0.3241
Carolyn_Kuhl_0001.jpg,ok,0.3333,0.4407
Carrie-Anne_Moss_0001.jpg,ok,0.3573,0.4274
Carrie-Anne_Moss_0002.jpg,ok,0.4670,0.4292
Carrie-Anne_Moss_0003.jpg,ok,0.4209,0.4781
Carrie-Anne_Moss_0004.jpg,ok,0.3161,0.2640
Carrie-Anne_Moss_0005.jpg,ok,0.6003,0.4554
Carroll_Weimer_0001.jpg,ok,0.4398,0.4680
Carson_Daly_0001.jpg,ok,0.4763,0.3803
Carson_Daly_0002.jpg,ok,0.3743,0.3369
Carson_Palmer_0001.jpg,ok,0.3846,0.4271
Carson_Palmer_0002.jpg,ok,0.4566,0.3631
Carson_Palmer_0003.jpg,ok,0.4118,0.4699
Carson_Palmer_0004.jpg,ok,0.3572,0.3534
Casey_Crowder_0001.jpg,ok,0.3641,0.3290
Casey_Mears_0001.jpg,ok,0.4202,0.4389
Cass_Ballenger_0001.jpg,ok,0.4747,0.4293
Cassandra_Heise_0001.jpg,ok,0.3561,0.4059
Casy_Preslar_0001.jpg,ok,0.4591,0.5598
Cate_Blanchett_0001.jpg,ok,0.4251,0.4104
Cate_Blanchett_0002.jpg,ok,0.3187,0.3493
Cate_Blanchett_0003.jpg,ok,0.4968,0.4744
Cate_Blanchett_0004.jpg,ok,0.2623,0.2150
Catherine_Bell_0001.jpg,ok,0.2502,0.3323
Catherine_Deneuve_0001.jpg,ok,0.3055,0.3085
Catherine_Deneuve_0002.jpg,ok,0.3104,0.4308
Catherine_Deneuve_0003.jpg,ok,0.3127,0.4054
Catherine_Deneuve_0004.jpg,ok,0.4030,0.4001
Catherine_Deneuve_0005.jpg,ok,0.4320,0.4338
Catherine_Donkers_0001.jpg,ok,0.3524,0.3553
Catherine_Ndereba_0001.jpg,ok,0.3961,0.4109
Catherine_Woodard_0001.jpg,ok,0.3122,0.3024
Catherine_Zeta-Jones_0001.jpg,ok,0.4139,0.5034
Catherine_Zeta-Jones_0002.jpg,ok,0.4872,0.3859
Catherine_Zeta-Jones_0003.jpg,ok,0.5024,0.5457
Catherine_Zeta-Jones_0004.jpg,ok,0.4166,0.4660
Catherine_Zeta-Jones_0005.jpg,ok,0.4297,0.3769
Catherine_Zeta-Jones_0006.jpg,ok,0.4005,0.3621
Catherine_Zeta-Jones_0007.jpg,ok,0.4641,0.4374
Catherine_Zeta-Jones_0008.jpg,ok,0.5337,0.5193
Catherine_Zeta-Jones_0009.jpg,ok,0.4637,0.4006
Catherine_Zeta-Jones_0010.jpg,ok,0.4822,0.5150
Catherine_Zeta-Jones_0011.jpg,ok,0.5277,0.5217
Cathryn_Crawford_0001.jpg,ok,0.4209,0.4497
Cathy_Chisholm_0001.jpg,ok,0.3793,0.3970
Cathy_Cunningham_0001.jpg,ok,0.3900,0.4170
Cathy_Freeman_0001.jpg,ok,0.5008,0.4944
Cathy_Freeman_0002.jpg,ok,0.4566,0.4466
Catriona_Le_May_Doan_0001.jpg,ok,0.3710,0.4014
Cecile_de_France_0001.jpg,ok,0.4878,0.5113
Cecilia_Bolocco_0001.jpg,ok,0.3318,0.3604
Cecilia_Bolocco_0002.jpg,ok,0.3940,0.4498
Cecilia_Bolocco_0003.jpg,ok,0.4645,0.3650
Cecilia_Chang_0001.jpg,ok,0.3665,0.3882
Cecilia_Cheung_0001.jpg,ok,0.4838,0.4335
Cedric_Benson_0001.jpg,ok,0.4452,0.4067
Celia_Cruz_0001.jpg,ok,0.2674,0.3909
Celine_Dion_0001.jpg,ok,0.2982,0.3155
Celine_Dion_0002.jpg,ok,0.4129,0.3809
Celine_Dion_0003.jpg,ok,0.4375,0.3643
Celine_Dion_0004.jpg,ok,0.4054,0.4036
Celine_Dion_0005.jpg,ok,0.3360,0.4534
Celine_Dion_0006.jpg,ok,0.3201,0.4123
Celine_Dion_0007.jpg,ok,0.5011,0.4614
Celine_Dion_0008.jpg,ok,0.4564,0.4711
Celso_Amorim_0001.jpg,ok,0.4661,0.5092
Celso_Amorim_0002.jpg,ok,0.4177,0.5171
Celso_Lafer_0001.jpg,ok,0.4531,0.4578
Cemil_Cicek_0001.jpg,ok,0.4659,0.5146
Cesar_Gaviria_0001.jpg,ok,0.4167,0.5217
Cesar_Gaviria_0002.jpg,ok,0.4539,0.5295
Cesar_Gaviria_0003.jpg,ok,0.4300,0.4738
Cesar_Gaviria_0004.jpg,ok,0.4269,0.4412
Cesar_Gaviria_0005.jpg,ok,0.4541,0.4568
Cesar_Gaviria_0006.jpg,ok,0.4145,0.4167
Cesar_Gaviria_0007.jpg,ok,0.4436,0.4947
Cesar_Gaviria_0008.jpg,ok,0.4430,0.4522
Cesar_Maia_0001.jpg,ok,0.3014,0.3566
Cesar_Maia_0002.jpg,ok,0.4765,0.4592
Cha_Yung-gu_0001.jpg,ok,0.4930,0.4473
Chadha_Gurinder_0001.jpg,ok,0.4111,0.4477
Chakib_Khelil_0001.jpg,ok,0.4725,0.5353
Chakib_Khelil_0002.jpg,ok,0.4305,0.4320
Chan_Choi_0001.jpg,ok,0.4003,0.3934
Chan_Gailey_0001.jpg,ok,0.4906,0.5034
Chan_Gailey_0002.jpg,ok,0.4493,0.4395
Chan_Gailey_0003.jpg,ok,0.3629,0.3770
Chan_Ho_Park_0001.jpg,ok,0.5279,0.5125
Chance_Mock_0001.jpg,ok,0.3379,0.3084
Chanda_Rubin_0001.jpg,ok,0.3914,0.5048
Chanda_Rubin_0002.jpg,ok,0.3927,0.4809
Chanda_Rubin_0003.jpg,ok,0.3471,0.4819
Chanda_Rubin_0004.jpg,ok,0.4899,0.5370
Chanda_Rubin_0005.jpg,ok,0.3829,0.4704
Chandrika_Kumaratunga_0001.jpg,ok,0.4000,0.5097
Chang_Dae-whan_0001.jpg,ok,0.4344,0.4451
Chang_Dae-whan_0002.jpg,ok,0.5158,0.5420
Chang_Jae_On_0001.jpg,ok,0.4233,0.4398
Chang_Saio-yue_0001.jpg,ok,0.4853,0.5805
Chang_Sang_0001.jpg,ok,0.4164,0.4508
Chang_Tso_0001.jpg,ok,0.2846,0.3524
Chante_Jawan_Mallard_0001.jpg,ok,0.3882,0.4550
Charla_Moye_0001.jpg,ok,0.4449,0.4500
Charlene_Barshefsky_0001.jpg,ok,0.4102,0.6200
Charles_Bell_0001.jpg,ok,0.3343,0.3461
Charles_Bronson_0001.jpg,ok,0.4306,0.4552
Charles_Bronson_0002.jpg,ok,0.4062,0.4253
Charles_Bronson_0003.jpg,ok,0.3630,0.3629
Charles_Chandler_IV_0001.jpg,ok,0.4409,0.4699
Charles_Cope_0001.jpg,ok,0.4581,0.5126
Charles_Grassley_0001.jpg,ok,0.4067,0.4597
Charles_Grassley_0002.jpg,ok,0.4366,0.4709
Charles_Holzner_0001.jpg,ok,0.3942,0.3265
Charles_Ingram_0001.jpg,ok,0.4440,0.4565
Charles_Kartman_0001.jpg,ok,0.4568,0.4198
Charles_Kartman_0002.jpg,ok,0.4397,0.4592
Charles_Lebois_0001.jpg,ok,0.3234,0.4481
Charles_Mathews_0001.jpg,ok,0.5612,0.4984
Charles_Mathews_0002.jpg,ok,0.5149,0.5015
Charles_Moose_0001.jpg,ok,0.4228,0.4910
Charles_Moose_0002.jpg,ok,0.3669,0.4566
Charles_Moose_0003.jpg,ok,0.4341,0.4757
Charles_Moose_0004.jpg,ok,0.4274,0.4777
Charles_Moose_0005.jpg,ok,0.4706,0.4157
Charles_Moose_0006.jpg,ok,0.4030,0.4384
Charles_Moose_0007.jpg,ok,0.4161,0.4508
Charles_Moose_0008.jpg,ok,0.4423,0.4615
Charles_Moose_0009.jpg,ok,0.4358,0.4417
Charles_Moose_0010.jpg,ok,0.3496,0.4897
Charles_Moose_0011.jpg,ok,0.4035,0.4946
Charles_Moose_0012.jpg,ok,0.4305,0.4625
Charles_Moose_0013.jpg,ok,0.4277,0.4020
Charles_Pickering_0001.jpg,ok,0.4522,0.4638
Charles_Pouty_0001.jpg,ok,0.4406,0.4285
Charles_Richardson_0001.jpg,ok,0.4643,0.3655
Charles_Rogers_0001.jpg,ok,0.4039,0.4270
Charles_Schumer_0001.jpg,ok,0.4484,0.4829
Charles_Schumer_0002.jpg,ok,0.4499,0.4597
Charles_Tannok_0001.jpg,ok,0.4543,0.4727
Charles_Taylor_0001.jpg,ok,0.3387,0.4652
Charles_Taylor_0002.jpg,ok,0.3534,0.3703
Charles_Taylor_0003.jpg,ok,0.3861,0.3459
Charles_Taylor_0004.jpg,ok,0.3346,0.3975
Charles_Taylor_0005.jpg,ok,0.3734,0.3966
Charles_Taylor_0006.jpg,ok,0.3406,0.4155
Charles_Taylor_0007.jpg,ok,0.3492,0.4140
Charles_Taylor_0008.jpg,ok,0.3756,0.3117
Charles_Taylor_0009.jpg,ok,0.4180,0.4766
Charley_Armey_0001.jpg,ok,0.4221,0.3263
Charlie_Coles_0001.jpg,ok,0.4078,0.4295
Charlie_Deane_0001.jpg,ok,0.4635,0.4953
Charlie_Garner_0001.jpg,ok,0.3753,0.3678
Charlie_Hunnam_0001.jpg,ok,0.3370,0.4232
Charlie_Sheen_0001.jpg,ok,0.3605,0.2176
Charlie_Williams_0001.jpg,ok,0.5344,0.5516
Charlie_Zaa_0001.jpg,ok,0.4952,0.5013
Charlie_Zaa_0002.jpg,ok,0.2779,0.3125
Charlize_Theron_0001.jpg,ok,0.3917,0.3463
Charlotte_Casiraghi_0001.jpg,ok,0.4042,0.4754
Charlotte_Chambers_0001.jpg,ok,0.3264,0.2776
Charlotte_Church_0001.jpg,ok,0.3880,0.4263
Charlotte_Rampling_0001.jpg,ok,0.5088,0.5379
Charlotte_Rampling_0002.jpg,ok,0.3610,0.3692
Charlton_Heston_0001.jpg,ok,0.4809,0.5305
Charlton_Heston_0002.jpg,ok,0.4953,0.4809
Charlton_Heston_0003.jpg,ok,0.5612,0.5926
Charlton_Heston_0004.jpg,ok,0.5346,0.6120
Charlton_Heston_0005.jpg,ok,0.3852,0.4102
Charlton_Heston_0006.jpg,ok,0.3491,0.4432
Charmaine_Crooks_0001.jpg,ok,0.3278,0.3430
Chawki_Armali_0001.jpg,ok,0.4514,0.4254
Chea_Sophara_0001.jpg,ok,0.4424,0.5244
Chelsea_Clinton_0001.jpg,ok,0.3676,0.3755
Chen_Kaige_0001.jpg,ok,0.5127,0.4180
Chen_Liang_Yu_0001.jpg,ok,0.4147,0.4795
Chen_Liang_Yu_0002.jpg,ok,0.5022,0.5273
Chen_Shui-bian_0001.jpg,ok,0.5110,0.5750
Chen_Shui-bian_0002.jpg,ok,0.4729,0.4637
Chen_Shui-bian_0003.jpg,ok,0.4536,0.4887
Chen_Shui-bian_0004.jpg,ok,0.4931,0.5221
Chen_Shui-bian_0005.jpg,ok,0.4816,0.5234
Chen_Tsai-chin_0001.jpg,ok,0.4669,0.4786
Cherie_Blair_0001.jpg,ok,0.3995,0.4644
Cherie_Blair_0002.jpg,ok,0.4645,0.3569
Cherie_Blair_0003.jpg,ok,0.4411,0.4851
Cherie_Blair_0004.jpg,ok,0.3282,0.4420
Cherry_Jones_0001.jpg,ok,0.3948,0.3863
Cheryl_Ford_0001.jpg,ok,0.4059,0.4461
Cheryl_Hines_0001.jpg,ok,0.3753,0.3993
Cheryl_James_0001.jpg,ok,0.5720,0.5682
Cheryl_Little_0001.jpg,ok,0.3011,0.3830
Cheryl_Tiegs_0001.jpg,ok,0.4338,0.4176
Chhouk_Rin_0001.jpg,ok,0.4891,0.4561
Chick_Hearn_0001.jpg,ok,0.2770,0.3910
Chick_Hearn_0002.jpg,ok,0.4558,0.4529
Chick_Hearn_0003.jpg,ok,0.3542,0.4487
Chin-Feng_Chen_0001.jpg,ok,0.4040,0.4399
Chin-Hui_Tsao_0001.jpg,ok,0.5021,0.4640
Chip_Burrus_0001.jpg,ok,0.4422,0.3882
Chip_Ganassi_0001.jpg,ok,0.2723,0.2988
Chip_Knight_0001.jpg,ok,0.4476,0.4613
Chistian_Stahl_0001.jpg,ok,0.4490,0.4822
Chita_Rivera_0001.jpg,ok,0.4034,0.4497
Chita_Rivera_0002.jpg,ok,0.5786,0.5277
Chloe_Sevigny_0001.jpg,ok,0.2669,0.4886
Cho_Myung-kyun_0001.jpg,ok,0.4806,0.5283
Choi_Sung-hong_0001.jpg,ok,0.4529,0.4962
Choi_Sung-hong_0002.jpg,ok,0.4543,0.5003
Choi_Sung-hong_0003.jpg,ok,0.4440,0.5272
Choi_Sung-hong_0004.jpg,ok,0.5161,0.4966
Choi_Sung-hong_0005.jpg,ok,0.4460,0.5003
Choi_Yun-yong_0001.jpg,ok,0.4838,0.5420
Chok_Tong_Goh_0001.jpg,ok,0.4401,0.4590
Chok_Tong_Goh_0002.jpg,ok,0.4372,0.4402
Chris_Andrews_0001.jpg,ok,0.4529,0.4791
Chris_Bell_0001.jpg,ok,0.4492,0.4645
Chris_Bell_0002.jpg,ok,0.4605,0.5346
Chris_Byrd_0001.jpg,ok,0.4214,0.4832
Chris_Byrd_0002.jpg,ok,0.4315,0.4552
Chris_Cirino_0001.jpg,ok,0.3880,0.5347
Chris_Claiborne_0001.jpg,ok,0.3551,0.3125
Chris_Columbus_0001.jpg,ok,0.4550,0.4933
Chris_Cookson_0001.jpg,ok,0.4350,0.4663
Chris_Cooper_0001.jpg,ok,0.3950,0.4486
Chris_Cooper_0002.jpg,ok,0.4228,0.4007
Chris_Cornell_0001.jpg,ok,0.3367,0.3863
Chris_Crocker_0001.jpg,ok,0.2814,0.2541
Chris_Dodd_0001.jpg,ok,0.4652,0.4923
Chris_Forsyth_0001.jpg,ok,0.3770,0.4463
Chris_Gratton_0001.jpg,ok,0.4695,0.4221
Chris_Hernandez_0001.jpg,ok,0.4380,0.4546
Chris_Klein_0001.jpg,ok,0.4250,0.3443
Chris_Kolanas_0001.jpg,ok,0.4238,0.4161
Chris_Matthews_0001.jpg,ok,0.3873,0.4333
Chris_Moore_0001.jpg,ok,0.3848,0.3811
Chris_Neil_0001.jpg,ok,0.4510,0.3575
Chris_Noth_0001.jpg,ok,0.2512,0.2486
Chris_Penn_0001.jpg,ok,0.2647,0.2842
Chris_Pronger_0001.jpg,ok,0.4257,0.4381
Chris_Reitsma_0001.jpg,ok,0.4496,0.4710
Chris_Rock_0001.jpg,ok,0.3457,0.4554
Chris_Rock_0002.jpg,ok,0.3814,0.4156
Chris_Simon_0001.jpg,ok,0.3770,0.3387
Chris_Swecker_0001.jpg,ok,0.3641,0.3693
Chris_Terry_0001.jpg,ok,0.3411,0.3060
Chris_Thomas_0001.jpg,ok,0.4453,0.4313
Chris_Tucker_0001.jpg,ok,0.3018,0.4125
Chris_Tucker_0002.jpg,ok,0.3764,0.4112
Chris_Whitney_0001.jpg,ok,0.3533,0.3458
Christian_Bale_0001.jpg,ok,0.3780,0.3466
Christian_Fittipaldi_0001.jpg,ok,0.4040,0.4368
Christian_Fittipaldi_0002.jpg,ok,0.4337,0.4610
Christian_Gimenez_0001.jpg,ok,0.4793,0.5130
Christian_Lacroix_0001.jpg,ok,0.5006,0.4988
Christian_Lirette_0001.jpg,ok,0.4588,0.4446
Christian_Longo_0001.jpg,ok,0.5125,0.4174
Christian_Longo_0002.jpg,ok,0.4926,0.4245
Christian_Longo_0003.jpg,ok,0.4968,0.3705
Christian_Malcolm_0001.jpg,ok,0.4882,0.4736
Christian_Olsson_0001.jpg,ok,0.4856,0.4031
Christian_Patino_0001.jpg,ok,0.4922,0.5170
Christian_Von_Wernich_0001.jpg,ok,0.4517,0.4546
Christian_Wulff_0001.jpg,ok,0.4793,0.4860
Christian_Wulff_0002.jpg,ok,0.3873,0.4252
Christiane_Wulff_0001.jpg,ok,0.4346,0.4975
Christina_Aguilera_0001.jpg,ok,0.3952,0.4175
Christina_Aguilera_0002.jpg,ok,0.4284,0.4455
Christina_Aguilera_0003.jpg,ok,0.4261,0.4367
Christina_Aguilera_0004.jpg,ok,0.2987,0.3443
Christina_Sawaya_0001.jpg,ok,0.4589,0.4756
Christine_Arron_0001.jpg,ok,0.4278,0.4664
Christine_Baumgartner_0001.jpg,ok,0.3176,0.3991
Christine_Baumgartner_0002.jpg,ok,0.4104,0.4611
Christine_Baumgartner_0003.jpg,ok,0.3360,0.3257
Christine_Baumgartner_0004.jpg,ok,0.3612,0.4013
Christine_Baumgartner_0005.jpg,ok,0.3734,0.3944
Christine_Ebersole_0001.jpg,ok,0.3546,0.3659
Christine_Ebersole_0002.jpg,ok,0.3783,0.4317
Christine_Gregoire_0001.jpg,ok,0.5233,0.4933
Christine_Gregoire_0002.jpg,ok,0.4490,0.4850
Christine_Gregoire_0003.jpg,ok,0.3766,0.4322
Christine_Gregoire_0004.jpg,ok,0.3834,0.4551
Christine_Rau_0001.jpg,ok,0.4027,0.4279
Christine_Todd_Whitman_0001.jpg,ok,0.4451,0.4573
Christine_Todd_Whitman_0002.jpg,ok,0.3811,0.4883
Christine_Todd_Whitman_0003.jpg,ok,0.3628,0.4856
Christine_Todd_Whitman_0004.jpg,ok,0.4576,0.4727
Christine_Todd_Whitman_0005.jpg,ok,0.2869,0.3301
Christine_Todd_Whitman_0006.jpg,ok,0.3851,0.3899
Christoph_Daum_0001.jpg,ok,0.3549,0.4358
Christopher_Amolsch_0001.jpg,ok,0.2550,0.4450
Christopher_Conyers_0001.jpg,ok,0.3829,0.3760
Christopher_Matero_0001.jpg,ok,0.5423,0.5664
Christopher_Patten_0001.jpg,ok,0.4268,0.4420
Christopher_Patten_0002.jpg,ok,0.3461,0.5075
Christopher_Reeve_0001.jpg,ok,0.3984,0.3504
Christopher_Reeve_0002.jpg,ok,0.3617,0.3372
Christopher_Reeve_0003.jpg,ok,0.2997,0.2246
Christopher_Reeve_0004.jpg,ok,0.2778,0.3256
Christopher_Russell_0001.jpg,ok,0.5366,0.5082
Christopher_Speer_0001.jpg,ok,0.2764,0.4424
Christopher_Walken_0001.jpg,ok,0.4844,0.5419
Christopher_Walken_0002.jpg,ok,0.3867,0.4386
Christopher_Walken_0003.jpg,ok,0.3931,0.4629
Christopher_Walken_0004.jpg,ok,0.4027,0.4703
Christopher_Whittle_0001.jpg,ok,0.3671,0.4521
Christy_Ferer_0001.jpg,ok,0.4408,0.4977
Christy_Turlington_0001.jpg,ok,0.3525,0.4643
Chuanyun_Li_0001.jpg,ok,0.4673,0.5033
Chuck_Amato_0001.jpg,ok,0.3767,0.4403
Chuck_Amato_0002.jpg,ok,0.3337,0.4197
Chuck_Bednarik_0001.jpg,ok,0.3487,0.3734
Chuck_Eidson_0001.jpg,ok,0.5006,0.5169
Chuck_Finley_0001.jpg,ok,0.4674,0.3948
Chuck_Hagel_0001.jpg,ok,0.4845,0.4811
Chuck_Woolery_0001.jpg,ok,0.2995,0.4329
Chuck_Yeager_0001.jpg,ok,0.3159,0.3839
Chuck_Yeager_0002.jpg,ok,0.3547,0.4445
Chung_Mong-hun_0001.jpg,ok,0.5101,0.5496
Chung_Mong-hun_0002.jpg,ok,0.3439,0.3298
Chung_Mong-joon_0001.jpg,ok,0.4732,0.4816
Chung_Mong-joon_0002.jpg,ok,0.4888,0.4771
Chyung_Dai-chul_0001.jpg,ok,0.5097,0.3792
Ciaran_Hinds_0001.jpg,ok,0.4364,0.4722
Cindy_Crawford_0001.jpg,ok,0.3791,0.3875
Cindy_Crawford_0002.jpg,ok,0.3434,0.4755
Cindy_Crawford_0003.jpg,ok,0.2839,0.3096
Cindy_Klassen_0001.jpg,ok,0.4154,0.3525
Cindy_Margolis_0001.jpg,ok,0.3960,0.3677
Cindy_Margolis_0002.jpg,ok,0.3667,0.3545
Cindy_Moll_0001.jpg,ok,0.3722,0.5101
Cindy_Taylor_0001.jpg,ok,0.4580,0.4007
Cindy_Zagorski_0001.jpg,ok,0.3494,0.3590
Ciro_Gomes_0001.jpg,ok,0.4521,0.4762
Ciro_Gomes_0002.jpg,ok,0.3538,0.3957
Ciro_Gomes_0003.jpg,ok,0.3885,0.3820
Ciro_Gomes_0004.jpg,ok,0.4814,0.4608
Ciro_Gomes_0005.jpg,ok,0.3761,0.4686
Claire_Danes_0001.jpg,ok,0.4172,0.5127
Claire_Danes_0002.jpg,ok,0.2838,0.2917
Claire_Danes_0003.jpg,ok,0.2508,0.3046
Claire_De_Gryse_0001.jpg,ok,0.4516,0.4722
Claire_Hentzen_0001.jpg,ok,0.3782,0.4603
Claire_Hentzen_0002.jpg,ok,0.3406,0.4316
Claire_Leger_0001.jpg,ok,0.3902,0.4051
Claire_Leger_0002.jpg,ok,0.4255,0.3261
Claire_Tomalin_0001.jpg,ok,0.5000,0.4354
Clara_Harris_0001.jpg,ok,0.4336,0.4342
Clara_Harris_0002.jpg,ok,0.4367,0.4771
Clara_Harris_0003.jpg,ok,0.4450,0.4720
Clara_Harris_0004.jpg,ok,0.3319,0.4461
Clara_Harris_0005.jpg,ok,0.3777,0.4128
Clare_Latimer_0001.jpg,ok,0.4442,0.3623
Clare_Short_0001.jpg,ok,0.4237,0.4714
Clare_Short_0002.jpg,ok,0.3997,0.4099
Clare_Short_0003.jpg,ok,0.3642,0.3354
Clare_Short_0004.jpg,ok,0.4095,0.4289
Clark_Randt_0001.jpg,ok,0.4726,0.5300
Claude_Jorda_0001.jpg,ok,0.3989,0.4851
Claudette_Robinson_0001.jpg,ok,0.3940,0.4124
Claudia_Cardinale_0001.jpg,ok,0.3544,0.3243
Claudia_Coslovich_0001.jpg,ok,0.4460,0.5065
Claudia_Pechstein_0001.jpg,ok,0.4212,0.4456
Claudia_Pechstein_0002.jpg,ok,0.3870,0.5257
Claudia_Pechstein_0003.jpg,ok,0.4518,0.4709
Claudia_Pechstein_0004.jpg,ok,0.4118,0.4065
Claudia_Pechstein_0005.jpg,ok,0.4776,0.4900
Claudia_Schiffer_0001.jpg,ok,0.3500,0.2700
Claudia_Schiffer_0002.jpg,ok,0.3407,0.2951
Claudia_Schiffer_0003.jpg,ok,0.3372,0.2643
Claudine_Farrell_0001.jpg,ok,0.3634,0.4386
Claudio_Abbado_0001.jpg,ok,0.3086,0.3706
Claudio_Lopez_0001.jpg,ok,0.4882,0.5154
Claudio_Ranieri_0001.jpg,ok,0.3467,0.4331
Clay_Aiken_0001.jpg,ok,0.5404,0.5270
Clay_Aiken_0002.jpg,ok,0.4153,0.4422
Clay_Aiken_0003.jpg,ok,0.4289,0.5380
Clay_Aiken_0004.jpg,ok,0.4104,0.3925
Clay_Aiken_0005.jpg,ok,0.3578,0.3781
Clay_Aiken_0006.jpg,ok,0.2782,0.3615
Clay_Campbell_0001.jpg,ok,0.4247,0.4661
Clemente_de_la_Vega_0001.jpg,ok,0.4829,0.5170
Cliff_Ellis_0001.jpg,ok,0.3992,0.4331
Clifford_Etienne_0001.jpg,ok,0.4584,0.4977
Clifford_Robinson_0001.jpg,ok,0.4590,0.3571
Clint_Eastwood_0001.jpg,ok,0.4441,0.4324
Clint_Eastwood_0002.jpg,ok,0.4256,0.4872
Clint_Eastwood_0003.jpg,ok,0.4721,0.4576
Clint_Eastwood_0004.jpg,ok,0.4463,0.4757
Clint_Eastwood_0005.jpg,ok,0.3822,0.4078
Clint_Eastwood_0006.jpg,ok,0.5073,0.4241
Clint_Howard_0001.jpg,ok,0.2928,0.3959
Clint_Lamebear_0001.jpg,ok,0.5459,0.5275
Clive_Lloyd_0001.jpg,ok,0.4569,0.5294
Clive_Woodward_0001.jpg,ok,0.4777,0.3740
Coco_dEste_0001.jpg,ok,0.3861,0.4207
Cole_Chapman_0001.jpg,ok,0.4295,0.4739
Coleen_Rowley_0001.jpg,ok,0.2215,0.2231
Colin_Campbell_0001.jpg,ok,0.4461,0.4343
Colin_Cowie_0001.jpg,ok,0.4260,0.4223
Colin_Farrell_0001.jpg,ok,0.3026,0.3162
Colin_Farrell_0002.jpg,ok,0.3378,0.4449
Colin_Farrell_0003.jpg,ok,0.3691,0.3868
Colin_Farrell_0004.jpg,ok,0.4671,0.4160
Colin_Farrell_0005.jpg,ok,0.3367,0.4968
Colin_Farrell_0006.jpg,ok,0.4496,0.4527
Colin_Farrell_0007.jpg,ok,0.4298,0.5026
Colin_Farrell_0008.jpg,ok,0.3654,0.4952
Colin_Farrell_0009.jpg,ok,0.3864,0.4118
Colin_Jackson_0001.jpg,ok,0.4773,0.4516
Colin_Jackson_0002.jpg,ok,0.3623,0.4625
Colin_Montgomerie_0001.jpg,ok,0.4791,0.4754
Colin_Montgomerie_0002.jpg,ok,0.4636,0.4940
Colin_Montgomerie_0003.jpg,ok,0.4616,0.5038
Colin_Montgomerie_0004.jpg,ok,0.4468,0.4906
Colin_Montgomerie_0005.jpg,ok,0.4615,0.4872
Colin_Phillips_0001.jpg,ok,0.3674,0.4113
Colin_Powell_0001.jpg,ok,0.4675,0.4438
Colin_Powell_0002.jpg,ok,0.4740,0.4576
Colin_Powell_0003.jpg,ok,0.4418,0.4921
Colin_Powell_0004.jpg,ok,0.4659,0.4627
Colin_Powell_0005.jpg,ok,0.4332,0.4685
Colin_Powell_0006.jpg,ok,0.4484,0.4497
Colin_Powell_0007.jpg,ok,0.3836,0.4288
Colin_Powell_0008.jpg,ok,0.4317,0.4975
Colin_Powell_0009.jpg,ok,0.4623,0.4788
Colin_Powell_0010.jpg,ok,0.3835,0.3858
Colin_Powell_0011.jpg,ok,0.3149,0.3357
Colin_Powell_0012.jpg,ok,0.4626,0.4548
Colin_Powell_0013.jpg,ok,0.4524,0.4618
Colin_Powell_0014.jpg,ok,0.4653,0.4349
Colin_Powell_0015.jpg,ok,0.4294,0.4795
Colin_Powell_0016.jpg,ok,0.4537,0.4840
Colin_Powell_0017.jpg,ok,0.4846,0.4819
Colin_Powell_0018.jpg,ok,0.4777,0.4960
Colin_Powell_0019.jpg,ok,0.4447,0.4727
Colin_Powell_0020.jpg,ok,0.4527,0.4566
Colin_Powell_0021.jpg,ok,0.5290,0.5111
Colin_Powell_0022.jpg,ok,0.4496,0.4610
Colin_Powell_0023.jpg,ok,0.4688,0.5286
Colin_Powell_0024.jpg,ok,0.3361,0.3977
Colin_Powell_0025.jpg,ok,0.4196,0.4061
Colin_Powell_0026.jpg,ok,0.4338,0.4816
Colin_Powell_0027.jpg,ok,0.4521,0.5232
Colin_Powell_0028.jpg,ok,0.4843,0.4604
Colin_Powell_0029.jpg,ok,0.4015,0.4393
Colin_Powell_0030.jpg,ok,0.4999,0.5291
Colin_Powell_0031.jpg,ok,0.4706,0.4645
Colin_Powell_0032.jpg,ok,0.4069,0.3884
Colin_Powell_0033.jpg,ok,0.4075,0.4409
Colin_Powell_0034.jpg,ok,0.4469,0.4742
Colin_Powell_0035.jpg,ok,0.4489,0.4491
Colin_Powell_0036.jpg,ok,0.4172,0.4466
Colin_Powell_0037.jpg,ok,0.3717,0.4596
Colin_Powell_0038.jpg,ok,0.4705,0.4715
Colin_Powell_0039.jpg,ok,0.4220,0.4574
Colin_Powell_0040.jpg,ok,0.4139,0.5205
Colin_Powell_0041.jpg,ok,0.4901,0.5048
Colin_Powell_0042.jpg,ok,0.5019,0.5149
Colin_Powell_0043.jpg,ok,0.4845,0.4746
Colin_Powell_0044.jpg,ok,0.4746,0.4909
Colin_Powell_0045.jpg,ok,0.4962,0.4969
Colin_Powell_0046.jpg,ok,0.4219,0.3337
Colin_Powell_0047.jpg,ok,0.5045,0.4716
Colin_Powell_0048.jpg,ok,0.4071,0.4325
Colin_Powell_0049.jpg,ok,0.4554,0.4739
Colin_Powell_0050.jpg,ok,0.4883,0.5094
Colin_Powell_0051.jpg,ok,0.4757,0.4169
Colin_Powell_0052.jpg,ok,0.4436,0.4450
Colin_Powell_0053.jpg,ok,0.4431,0.4830
Colin_Powell_0054.jpg,ok,0.4733,0.4924
Colin_Powell_0055.jpg,ok,0.4450,0.4892
Colin_Powell_0056.jpg,ok,0.4270,0.4622
Colin_Powell_0057.jpg,ok,0.4177,0.5205
Colin_Powell_0058.jpg,ok,0.4596,0.4508
Colin_Powell_0059.jpg,ok,0.3898,0.4330
Colin_Powell_0060.jpg,ok,0.4192,0.4719
Colin_Powell_0061.jpg,ok,0.4914,0.4495
Colin_Powell_0062.jpg,ok,0.4549,0.4551
Colin_Powell_0063.jpg,ok,0.4610,0.4594
Colin_Powell_0064.jpg,ok,0.5106,0.5581
Colin_Powell_0065.jpg,ok,0.4619,0.4830
Colin_Powell_0066.jpg,ok,0.4410,0.4071
Colin_Powell_0067.jpg,ok,0.4482,0.4480
Colin_Powell_0068.jpg,ok,0.5245,0.5029
Colin_Powell_0069.jpg,ok,0.4854,0.4690
Colin_Powell_0070.jpg,ok,0.5061,0.5433
Colin_Powell_0071.jpg,ok,0.4890,0.4721
Colin_Powell_0072.jpg,ok,0.4512,0.4707
Colin_Powell_0073.jpg,ok,0.4048,0.3484
Colin_Powell_0074.jpg,ok,0.3939,0.4331
Colin_Powell_0075.jpg,ok,0.4488,0.4939
Colin_Powell_0076.jpg,ok,0.4243,0.4727
Colin_Powell_0077.jpg,ok,0.4561,0.4335
Colin_Powell_0078.jpg,ok,0.4806,0.5171
Colin_Powell_0079.jpg,ok,0.3788,0.5105
Colin_Powell_0080.jpg,ok,0.3513,0.3895
Colin_Powell_0081.jpg,ok,0.4649,0.4565
Colin_Powell_0082.jpg,ok,0.4496,0.4945
Colin_Powell_0083.jpg,ok,0.4428,0.3639
Colin_Powell_0084.jpg,ok,0.4223,0.4461
Colin_Powell_0085.jpg,ok,0.4394,0.5270
Colin_Powell_0086.jpg,ok,0.4119,0.4516
Colin_Powell_0087.jpg,ok,0.3843,0.3052
Colin_Powell_0088.jpg,ok,0.4586,0.4033
Colin_Powell_0089.jpg,ok,0.4469,0.4842
Colin_Powell_0090.jpg,ok,0.3652,0.4772
Colin_Powell_0091.jpg,ok,0.4268,0.4113
Colin_Powell_0092.jpg,ok,0.3673,0.4074
Colin_Powell_0093.jpg,ok,0.4036,0.4124
Colin_Powell_0094.jpg,ok,0.4954,0.4418
Colin_Powell_0095.jpg,ok,0.4135,0.3902
Colin_Powell_0096.jpg,ok,0.4541,0.4981
Colin_Powell_0097.jpg,ok,0.3623,0.3538
Colin_Powell_0098.jpg,ok,0.4114,0.4418
Colin_Powell_0099.jpg,ok,0.4115,0.4629
Colin_Powell_0100.jpg,ok,0.4865,0.5109
Colin_Powell_0101.jpg,ok,0.4467,0.4450
Colin_Powell_0102.jpg,ok,0.5012,0.4554
Colin_Powell_0103.jpg,ok,0.4244,0.5118
Colin_Powell_0104.jpg,ok,0.4757,0.4835
Colin_Powell_0105.jpg,ok,0.4525,0.5365
Colin_Powell_0106.jpg,ok,0.4151,0.5205
Colin_Powell_0107.jpg,ok,0.4702,0.4939
Colin_Powell_0108.jpg,ok,0.4744,0.4230
Colin_Powell_0109.jpg,ok,0.4425,0.4584
Colin_Powell_0110.jpg,ok,0.3763,0.4102
Colin_Powell_0111.jpg,ok,0.4123,0.4624
Colin_Powell_0112.jpg,ok,0.4200,0.4531
Colin_Powell_0113.jpg,ok,0.4330,0.4849
Colin_Powell_0114.jpg,ok,0.4441,0.4338
Colin_Powell_0115.jpg,ok,0.4905,0.4796
Colin_Powell_0116.jpg,ok,0.4894,0.4789
Colin_Powell_0117.jpg,ok,0.3932,0.3965
Colin_Powell_0118.jpg,ok,0.4967,0.5368
Colin_Powell_0119.jpg,ok,0.3839,0.4287
Colin_Powell_0120.jpg,ok,0.4617,0.4219
Colin_Powell_0121.jpg,ok,0.4421,0.4800
Colin_Powell_0122.jpg,ok,0.3771,0.4427
Colin_Powell_0123.jpg,ok,0.5116,0.4709
Colin_Powell_0124.jpg,ok,0.5054,0.4719
Colin_Powell_0125.jpg,ok,0.4430,0.3818
Colin_Powell_0126.jpg,ok,0.4987,0.5255
Colin_Powell_0127.jpg,ok,0.4238,0.4664
Colin_Powell_0128.jpg,ok,0.4440,0.4655
Colin_Powell_0129.jpg,ok,0.4363,0.4353
Colin_Powell_0130.jpg,ok,0.4715,0.4933
Colin_Powell_0131.jpg,ok,0.4766,0.4693
Colin_Powell_0132.jpg,ok,0.4840,0.4633
Colin_Powell_0133.jpg,ok,0.4614,0.5160
Colin_Powell_0134.jpg,ok,0.3602,0.3883
Colin_Powell_0135.jpg,ok,0.4653,0.5292
Colin_Powell_0136.jpg,ok,0.4596,0.4905
Colin_Powell_0137.jpg,ok,0.4883,0.4891
Colin_Powell_0138.jpg,ok,0.4519,0.4326
Colin_Powell_0139.jpg,ok,0.3924,0.4967
Colin_Powell_0140.jpg,ok,0.4493,0.3560
Colin_Powell_0141.jpg,ok,0.4357,0.4983
Colin_Powell_0142.jpg,ok,0.3976,0.4728
Colin_Powell_0143.jpg,ok,0.4851,0.4931
Colin_Powell_0144.jpg,ok,0.4403,0.4558
Colin_Powell_0145.jpg,ok,0.5338,0.5344
Colin_Powell_0146.jpg,ok,0.4535,0.4767
Colin_Powell_0147.jpg,ok,0.3499,0.4263
Colin_Powell_0148.jpg,ok,0.4540,0.4679
Colin_Powell_0149.jpg,ok,0.4839,0.4614
Colin_Powell_0150.jpg,ok,0.4361,0.4551
Colin_Powell_0151.jpg,ok,0.4046,0.3968
Colin_Powell_0152.jpg,ok,0.4626,0.4851
Colin_Powell_0153.jpg,ok,0.4805,0.4761
Colin_Powell_0154.jpg,ok,0.3421,0.4608
Colin_Powell_0155.jpg,ok,0.4503,0.4716
Colin_Powell_0156.jpg,ok,0.4407,0.4722
Colin_Powell_0157.jpg,ok,0.3634,0.4598
Colin_Powell_0158.jpg,ok,0.4292,0.4095
Colin_Powell_0159.jpg,ok,0.3881,0.4323
Colin_Powell_0160.jpg,ok,0.4484,0.4851
Colin_Powell_0161.jpg,ok,0.4916,0.5102
Colin_Powell_0162.jpg,ok,0.4851,0.5203
Colin_Powell_0163.jpg,ok,0.3821,0.4329
Colin_Powell_0164.jpg,ok,0.4331,0.3459
Colin_Powell_0165.jpg,ok,0.5220,0.5127
Colin_Powell_0166.jpg,ok,0.4069,0.4053
Colin_Powell_0167.jpg,ok,0.4968,0.5282
Colin_Powell_0168.jpg,ok,0.5067,0.4856
Colin_Powell_0169.jpg,ok,0.3404,0.4085
Colin_Powell_0170.jpg,ok,0.4302,0.5194
Colin_Powell_0171.jpg,ok,0.5268,0.5128
Colin_Powell_0172.jpg,ok,0.4486,0.4771
Colin_Powell_0173.jpg,ok,0.4547,0.4889
Colin_Powell_0174.jpg,ok,0.4755,0.5065
Colin_Powell_0175.jpg,ok,0.4623,0.5467
Colin_Powell_0176.jpg,ok,0.4699,0.5343
Colin_Powell_0177.jpg,ok,0.4749,0.4861
Colin_Powell_0178.jpg,ok,0.4705,0.4425
Colin_Powell_0179.jpg,ok,0.4770,0.5169
Colin_Powell_0180.jpg,ok,0.4154,0.4498
Colin_Powell_0181.jpg,ok,0.4803,0.4668
Colin_Powell_0182.jpg,ok,0.4919,0.4790
Colin_Powell_0183.jpg,ok,0.3319,0.3139
Colin_Powell_0184.jpg,ok,0.3451,0.4900
Colin_Powell_0185.jpg,ok,0.4496,0.4286
Colin_Powell_0186.jpg,ok,0.4465,0.4385
Colin_Powell_0187.jpg,ok,0.4511,0.4377
Colin_Powell_0188.jpg,ok,0.4948,0.5370
Colin_Powell_0189.jpg,ok,0.4820,0.4314
Colin_Powell_0190.jpg,ok,0.4258,0.4630
Colin_Powell_0191.jpg,ok,0.4226,0.4331
Colin_Powell_0192.jpg,ok,0.4620,0.4089
Colin_Powell_0193.jpg,ok,0.4525,0.3904
Colin_Powell_0194.jpg,ok,0.4614,0.4646
Colin_Powell_0195.jpg,ok,0.4654,0.4308
Colin_Powell_0196.jpg,ok,0.4515,0.4547
Colin_Powell_0197.jpg,ok,0.4679,0.4986
Colin_Powell_0198.jpg,ok,0.3689,0.4147
Colin_Powell_0199.jpg,ok,0.4290,0.4391
Colin_Powell_0200.jpg,ok,0.4814,0.4480
Colin_Powell_0201.jpg,ok,0.5044,0.5364
Colin_Powell_0202.jpg,ok,0.4844,0.4615
Colin_Powell_0203.jpg,ok,0.4393,0.4782
Colin_Powell_0204.jpg,ok,0.4995,0.4790
Colin_Powell_0205.jpg,ok,0.3517,0.4424
Colin_Powell_0206.jpg,ok,0.2930,0.3581
Colin_Powell_0207.jpg,ok,0.4448,0.5007
Colin_Powell_0208.jpg,ok,0.3954,0.2466
Colin_Powell_0209.jpg,ok,0.4470,0.4653
Colin_Powell_0210.jpg,ok,0.4512,0.3706
Colin_Powell_0211.jpg,ok,0.4512,0.4881
Colin_Powell_0212.jpg,ok,0.3901,0.4853
Colin_Powell_0213.jpg,ok,0.4761,0.5053
Colin_Powell_0214.jpg,ok,0.4521,0.4529
Colin_Powell_0215.jpg,ok,0.4026,0.3845
Colin_Powell_0216.jpg,ok,0.4189,0.4471
Colin_Powell_0217.jpg,ok,0.3745,0.3610
Colin_Powell_0218.jpg,ok,0.4672,0.5169
Colin_Powell_0219.jpg,ok,0.5088,0.5259
Colin_Powell_0220.jpg,ok,0.3899,0.4516
Colin_Powell_0221.jpg,ok,0.4716,0.4200
Colin_Powell_0222.jpg,ok,0.4169,0.4413
Colin_Powell_0223.jpg,ok,0.4395,0.4399
Colin_Powell_0224.jpg,ok,0.4021,0.4538
Colin_Powell_0225.jpg,ok,0.4573,0.4343
Colin_Powell_0226.jpg,ok,0.4459,0.4172
Colin_Powell_0227.jpg,ok,0.4191,0.4376
Colin_Powell_0228.jpg,ok,0.4890,0.4644
Colin_Powell_0229.jpg,ok,0.4338,0.4610
Colin_Powell_0230.jpg,ok,0.5027,0.4912
Colin_Powell_0231.jpg,ok,0.4455,0.4160
Colin_Powell_0232.jpg,ok,0.4257,0.4590
Colin_Powell_0233.jpg,ok,0.4602,0.4710
Colin_Powell_0234.jpg,ok,0.4733,0.5035
Colin_Powell_0235.jpg,ok,0.4601,0.4593
Colin_Powell_0236.jpg,ok,0.4167,0.3415
Colin_Prescot_0001.jpg,ok,0.4673,0.4129
Colleen_Atwood_0001.jpg,ok,0.3735,0.4283
Colleen_Donovan_0001.jpg,ok,0.3161,0.4083
Colleen_Jones_0001.jpg,ok,0.3536,0.3078
Colleen_OClair_0001.jpg,ok,0.4157,0.4264
Colleen_Ryan_0001.jpg,ok,0.3628,0.3904
Collis_Temple_III_0001.jpg,ok,0.4725,0.4869
Columba_Bush_0001.jpg,ok,0.3912,0.3611
Compay_Segundo_0001.jpg,ok,0.3312,0.3593
Conan_OBrien_0001.jpg,ok,0.3788,0.3976
Conan_OBrien_0002.jpg,ok,0.4123,0.3944
Conan_OBrien_0003.jpg,ok,0.4448,0.4493
Conan_OBrien_0004.jpg,ok,0.4479,0.4710
Conchita_Martinez_0001.jpg,ok,0.5140,0.4808
Conchita_Martinez_0002.jpg,ok,0.5185,0.5288
Conchita_Martinez_0003.jpg,ok,0.4909,0.5145
Condoleezza_Rice_0001.jpg,ok,0.4457,0.4354
Condoleezza_Rice_0002.jpg,ok,0.4925,0.4795
Condoleezza_Rice_0003.jpg,ok,0.4208,0.4203
Condoleezza_Rice_0004.jpg,ok,0.4720,0.4837
Condoleezza_Rice_0005.jpg,ok,0.5011,0.4783
Condoleezza_Rice_0006.jpg,ok,0.4022,0.4416
Condoleezza_Rice_0007.jpg,ok,0.4595,0.4959
Condoleezza_Rice_0008.jpg,ok,0.4745,0.4210
Condoleezza_Rice_0009.jpg,ok,0.4162,0.4538
Condoleezza_Rice_0010.jpg,ok,0.3667,0.4710
Condoleezza_Rice_0011.jpg,ok,0.4251,0.4674
Connie_Chung_0001.jpg,ok,0.3736,0.3720
Connie_Freydell_0001.jpg,ok,0.5706,0.5064
Conrad_Black_0001.jpg,ok,0.4975,0.4614
Constance_Marie_0001.jpg,ok,0.4459,0.4894
Constance_Marie_0002.jpg,ok,0.3494,0.4030
Constance_Marie_0003.jpg,ok,0.3732,0.3333
Cora_Cambell_0001.jpg,ok,0.4722,0.4894
Coretta_Scott_King_0001.jpg,ok,0.4240,0.4677
Coretta_Scott_King_0002.jpg,ok,0.4766,0.4887
Coretta_Scott_King_0003.jpg,ok,0.4893,0.5280
Corey_Maggette_0001.jpg,ok,0.4471,0.4477
Cori_Enghusen_0001.jpg,ok,0.5026,0.4224
Corinna_Harfouch_0001.jpg,ok,0.4301,0.4501
Corinne_Coman_0001.jpg,ok,0.3990,0.4773
Corinne_Coman_0002.jpg,ok,0.4059,0.4546
Corliss_Williamson_0001.jpg,ok,0.4384,0.3239
Cosmo_Iacavazzi_0001.jpg,ok,0.3558,0.5168
Costas_Simitis_0001.jpg,ok,0.4617,0.5243
Costas_Simitis_0002.jpg,ok,0.4299,0.4351
Costas_Simitis_0003.jpg,ok,0.4224,0.4575
Costas_Simitis_0004.jpg,ok,0.4604,0.4501
Costas_Simitis_0005.jpg,ok,0.4633,0.4880
Costas_Simitis_0006.jpg,ok,0.4471,0.4938
Courtney_Cox_0001.jpg,ok,0.4517,0.4896
Courtney_Love_0001.jpg,ok,0.4192,0.4259
Courtney_Love_0002.jpg,ok,0.3474,0.3341
Craig_Burley_0001.jpg,ok,0.4273,0.5313
Craig_David_0001.jpg,ok,0.3190,0.4352
Craig_Doblin_0001.jpg,ok,0.3919,0.4734
Craig_Fitzgibbon_0001.jpg,ok,0.4384,0.4879
Craig_MacTavish_0001.jpg,ok,0.4157,0.4059
Craig_Morgan_0001.jpg,ok,0.3724,0.3670
Craig_OClair_0001.jpg,ok,0.3919,0.3895
Craig_Wilson_0001.jpg,ok,0.4886,0.4114
Crandall_Bowles_0001.jpg,ok,0.4288,0.4178
Crispin_Glover_0001.jpg,ok,0.5044,0.4801
Cristian_Barros_0001.jpg,ok,0.4569,0.5127
Cristiano_da_Matta_0001.jpg,ok,0.4066,0.4371
Cristina_Fernandez_0001.jpg,ok,0.4118,0.3818
Cristina_Fernandez_0002.jpg,ok,0.4138,0.4258
Cristina_Kirchner_0001.jpg,ok,0.2775,0.4481
Cristina_Saralegui_0001.jpg,ok,0.2802,0.3277
Cristina_Saralegui_0002.jpg,ok,0.4080,0.3937
Cristina_Torrens_Valero_0001.jpg,ok,0.5543,0.4894
Cruz_Bustamante_0001.jpg,ok,0.3598,0.4284
Cruz_Bustamante_0002.jpg,ok,0.4238,0.5242
Cruz_Bustamante_0003.jpg,ok,0.4139,0.3887
Cruz_Bustamante_0004.jpg,ok,0.3925,0.3126
Cruz_Bustamante_0005.jpg,ok,0.4273,0.4341
Cuba_Gooding_Jr_0001.jpg,ok,0.3054,0.3417
Curt_Weldon_0001.jpg,ok,0.3782,0.4837
Curtis_Joseph_0001.jpg,ok,0.3211,0.2891
Curtis_Rodriguez_0001.jpg,ok,0.3875,0.4383
Curtis_Strange_0001.jpg,ok,0.4834,0.3567
Cyndi_Thompson_0001.jpg,ok,0.3875,0.3727
Cyndi_Thompson_0002.jpg,ok,0.4025,0.4651
Cynthia_Nixon_0001.jpg,ok,0.3063,0.2958
Cynthia_Rowley_0001.jpg,ok,0.3337,0.3320
DAngelo_Jimenez_0001.jpg,ok,0.4405,0.4405
Dagmar_Dunlevy_0001.jpg,ok,0.3255,0.3832
Dai_Bachtiar_0001.jpg,ok,0.3630,0.4223
Dai_Bachtiar_0002.jpg,ok,0.4702,0.5145
Dai_Chul_Chyung_0001.jpg,ok,0.4645,0.5262
Daisy_Fuentes_0001.jpg,ok,0.4057,0.4364
Daisy_Fuentes_0002.jpg,ok,0.3171,0.3098
Daisy_Fuentes_0003.jpg,ok,0.3116,0.2538
Daisy_Fuentes_0004.jpg,ok,0.2974,0.3352
Daja_Bedanova_0001.jpg,ok,0.4635,0.5030
Dalai_Lama_0001.jpg,ok,0.4313,0.4538
Dalai_Lama_0002.jpg,ok,0.4432,0.4512
Dale_Bosworth_0001.jpg,ok,0.4003,0.3495
Dale_Earnhardt_0001.jpg,ok,0.4219,0.4693
Dale_Earnhardt_Jr_0001.jpg,ok,0.4148,0.4382
Dale_Earnhardt_Jr_0002.jpg,ok,0.4499,0.4782
Dale_Earnhardt_Jr_0003.jpg,ok,0.4918,0.4540
Dale_Earnhardt_Jr_0004.jpg,ok,0.4116,0.4480
Dalia_Rabin-Pelosoff_0001.jpg,ok,0.4261,0.4874
Damarius_Bilbo_0001.jpg,ok,0.5072,0.4615
Damon_Dash_0001.jpg,ok,0.3329,0.3103
Damon_Stoudamire_0001.jpg,ok,0.4420,0.4518
Damon_van_Dam_0001.jpg,ok,0.4445,0.4351
Damon_van_Dam_0002.jpg,ok,0.3950,0.3768
Dan_Ackroyd_0001.jpg,ok,0.3870,0.4556
Dan_Bartlett_0001.jpg,ok,0.3442,0.4461
Dan_Boyle_0001.jpg,ok,0.4253,0.4035
Dan_Bylsma_0001.jpg,ok,0.3383,0.4878
Dan_Dickau_0001.jpg,ok,0.4737,0.3581
Dan_Duquette_0001.jpg,ok,0.4351,0.4254
Dan_Guerrero_0001.jpg,ok,0.4609,0.4566
Dan_Kellner_0001.jpg,ok,0.3287,0.4337
Dan_LaCoutre_0001.jpg,ok,0.4317,0.5193
Dan_Monson_0001.jpg,ok,0.4455,0.4140
Dan_Morales_0001.jpg,ok,0.4218,0.3489
Dan_Morales_0002.jpg,ok,0.3734,0.2652
Dan_Morales_0003.jpg,ok,0.4060,0.3026
Dan_Prinster_0001.jpg,ok,0.3567,0.4060
Dan_Quayle_0001.jpg,ok,0.4764,0.5143
Dan_Reeves_0001.jpg,ok,0.4076,0.3513
Dan_Snyder_0001.jpg,ok,0.2871,0.2411
Dan_Wheldon_0001.jpg,ok,0.3394,0.4274
Dan_Wheldon_0002.jpg,ok,0.5105,0.4384
Dana_Vollmer_0001.jpg,ok,0.3783,0.3688
Daniel_Barenboim_0001.jpg,ok,0.3004,0.3939
Daniel_Bruehl_0001.jpg,ok,0.4567,0.4781
Daniel_Chin_0001.jpg,ok,0.3192,0.4911
Daniel_Coats_0001.jpg,ok,0.4361,0.4225
Daniel_Comisso_Urdaneta_0001.jpg,ok,0.4129,0.4849
Daniel_Darnell_0001.jpg,ok,0.4347,0.4440
Daniel_Day-Lewis_0001.jpg,ok,0.4374,0.4633
Daniel_Day-Lewis_0002.jpg,ok,0.4218,0.4849
Daniel_Day-Lewis_0003.jpg,ok,0.3470,0.4193
Daniel_Kurtzer_0001.jpg,ok,0.5442,0.5190
Daniel_Montenegro_0001.jpg,ok,0.4882,0.5164
Daniel_Montgomery_0001.jpg,ok,0.4054,0.3627
Daniel_Ortega_0001.jpg,ok,0.3849,0.4187
Daniel_Osorno_0001.jpg,ok,0.5238,0.4875
Daniel_Patrick_Moynihan_0001.jpg,ok,0.4169,0.4413
Daniel_Pearl_0001.jpg,ok,0.3094,0.2251
Daniel_Radcliffe_0001.jpg,ok,0.5128,0.5054
Daniel_Radcliffe_0002.jpg,ok,0.4310,0.4640
Daniel_Radcliffe_0003.jpg,ok,0.4491,0.4730
Daniel_Radcliffe_0004.jpg,ok,0.2661,0.3907
Daniel_Rouse_0001.jpg,ok,0.4467,0.3951
Daniel_Scioli_0001.jpg,ok,0.4757,0.5104
Daniel_Zelman_0001.jpg,ok,0.5896,0.4601
Daniela_Cicarelli_0001.jpg,ok,0.4359,0.4847
Daniela_Hantuchova_0001.jpg,ok,0.5011,0.5425
Daniela_Hantuchova_0002.jpg,ok,0.5261,0.4989
Daniele_Bergamin_0001.jpg,ok,0.4750,0.5042
Daniele_Hypolito_0001.jpg,ok,0.4702,0.4468
Daniele_Nardello_0001.jpg,ok,0.4813,0.5577
Daniell_Sunjata_0001.jpg,ok,0.4229,0.4045
Danielle_Spencer_0001.jpg,ok,0.4580,0.4581
Danis_Tanovic_0001.jpg,ok,0.4177,0.3982
Danny_Ainge_0001.jpg,ok,0.3831,0.3929
Danny_Avalon_0001.jpg,ok,0.3256,0.3766
Danny_Elfman_0001.jpg,ok,0.3572,0.3321
Danny_Glover_0001.jpg,ok,0.4177,0.4177
Danny_Green_0001.jpg,ok,0.4596,0.4879
Danny_Morgan_0001.jpg,ok,0.3906,0.5025
Dany_Heatley_0001.jpg,ok,0.4919,0.4458
Darcy_Regier_0001.jpg,ok,0.5157,0.5344
Darin_Erstad_0001.jpg,ok,0.5018,0.5059
Dario_Camuffo_0001.jpg,ok,0.3736,0.3983
Dario_Franchitti_0001.jpg,ok,0.3983,0.4401
Dariusz_Michalczewski_0001.jpg,ok,0.3425,0.4802
Darko_Milicic_0001.jpg,ok,0.3509,0.4482
Darla_Moore_0001.jpg,ok,0.2930,0.3510
Darlene_Garrettson_0001.jpg,ok,0.3672,0.4340
Darrell_Dickey_0001.jpg,ok,0.4646,0.4756
Darrell_Issa_0001.jpg,ok,0.3856,0.4595
Darrell_Issa_0002.jpg,ok,0.4677,0.4137
Darrell_Porter_0001.jpg,ok,0.3377,0.4183
Darrell_Porter_0002.jpg,ok,0.3935,0.4705
Darrell_Royal_0001.jpg,ok,0.4781,0.4598
Darren_Campel_0001.jpg,ok,0.4629,0.4740
Darren_Clarke_0001.jpg,ok,0.4514,0.4649
Darren_Clarke_0002.jpg,ok,0.4347,0.5014
Darryl_McDaniels_0001.jpg,ok,0.3801,0.3982
Darryl_Stingley_0001.jpg,ok,0.3965,0.4112
Darvis_Patton_0001.jpg,ok,0.4574,0.4138
Daryl_Hannah_0001.jpg,ok,0.4070,0.3763
Daryl_Hannah_0002.jpg,ok,0.3835,0.3941
Daryl_Jones_0001.jpg,ok,0.3780,0.3965
Daryl_Parks_0001.jpg,ok,0.4213,0.4539
Daryl_Sabara_0001.jpg,ok,0.5488,0.5430
Daryl_Smith_0001.jpg,ok,0.4352,0.4372
Dave_Barr_0001.jpg,ok,0.4846,0.4936
Dave_Campo_0001.jpg,ok,0.3899,0.4378
Dave_Campo_0002.jpg,ok,0.4977,0.4313
Dave_Campo_0003.jpg,ok,0.3614,0.3593
Dave_Johnson_0001.jpg,ok,0.4232,0.4463
Dave_Lewis_0001.jpg,ok,0.4533,0.4398
Dave_Matthews_0001.jpg,ok,0.4013,0.4021
Dave_McGinnis_0001.jpg,ok,0.4438,0.4195
Dave_McNally_0001.jpg,ok,0.3014,0.3041
Dave_McNealey_0001.jpg,ok,0.3758,0.3891
Dave_Odom_0001.jpg,ok,0.3662,0.4079
Dave_Potter_0001.jpg,ok,0.4254,0.4100
Dave_Ragone_0001.jpg,ok,0.5242,0.4701
Dave_Robertson_0001.jpg,ok,0.3480,0.3894
Dave_Tucker_0001.jpg,ok,0.3786,0.4335
Dave_Wannstedt_0001.jpg,ok,0.3616,0.4094
Dave_Williams_0001.jpg,ok,0.4441,0.5050
Davey_Johnson_0001.jpg,ok,0.4058,0.4537
David_Alpay_0001.jpg,ok,0.4273,0.4550
David_Anderson_0001.jpg,ok,0.4531,0.4755
David_Anderson_0002.jpg,ok,0.4562,0.4216
David_Anderson_0003.jpg,ok,0.5073,0.5257
David_Anderson_0004.jpg,ok,0.3523,0.4057
David_Anderson_0005.jpg,ok,0.5023,0.5326
David_Arquette_0001.jpg,ok,0.4842,0.4687
David_Ballantyne_0001.jpg,ok,0.5132,0.5300
David_Beckham_0001.jpg,ok,0.3620,0.4872
David_Beckham_0002.jpg,ok,0.3739,0.4195
David_Beckham_0003.jpg,ok,0.4294,0.4682
David_Beckham_0004.jpg,ok,0.4560,0.4827
David_Beckham_0005.jpg,ok,0.4463,0.5410
David_Beckham_0006.jpg,ok,0.2886,0.3970
David_Beckham_0007.jpg,ok,0.4102,0.3798
David_Beckham_0008.jpg,ok,0.4163,0.4102
David_Beckham_0009.jpg,ok,0.4665,0.3819
David_Beckham_0010.jpg,ok,0.4327,0.4506
David_Beckham_0011.jpg,ok,0.4396,0.4931
David_Beckham_0012.jpg,ok,0.3957,0.2818
David_Beckham_0013.jpg,ok,0.5385,0.5566
David_Beckham_0014.jpg,ok,0.4954,0.5144
David_Beckham_0015.jpg,ok,0.4611,0.2939
David_Beckham_0016.jpg,ok,0.4116,0.4147
David_Beckham_0017.jpg,ok,0.4566,0.3868
David_Beckham_0018.jpg,ok,0.3923,0.4251
David_Beckham_0019.jpg,ok,0.4757,0.4312
David_Beckham_0020.jpg,ok,0.4989,0.4484
David_Beckham_0021.jpg,ok,0.4002,0.3613
David_Beckham_0022.jpg,ok,0.4816,0.4785
David_Beckham_0023.jpg,ok,0.2348,0.2413
David_Beckham_0024.jpg,ok,0.3545,0.3503
David_Beckham_0025.jpg,ok,0.4457,0.4666
David_Beckham_0026.jpg,ok,0.4561,0.4523
David_Beckham_0027.jpg,ok,0.4329,0.4995
David_Beckham_0028.jpg,ok,0.4374,0.5117
David_Beckham_0029.jpg,ok,0.6362,0.6262
David_Beckham_0030.jpg,ok,0.3717,0.4040
David_Beckham_0031.jpg,ok,0.4502,0.4788
David_Bell_0001.jpg,ok,0.2944,0.3103
David_Bell_0002.jpg,ok,0.4499,0.4365
David_Bisbal_0001.jpg,ok,0.3228,0.2694
David_Blaine_0001.jpg,ok,0.4314,0.4157
David_Bowie_0001.jpg,ok,0.3054,0.3735
David_Braley_0001.jpg,ok,0.4115,0.4342
David_Brent_0001.jpg,ok,0.4410,0.4190
David_Brinkley_0001.jpg,ok,0.4620,0.4910
David_Brown_0001.jpg,ok,0.3626,0.3989
David_Canary_0001.jpg,ok,0.3323,0.4250
David_Caraway_0001.jpg,ok,0.3087,0.3128
David_Caraway_0002.jpg,ok,0.3111,0.2733
David_Carradine_0001.jpg,ok,0.3682,0.3912
David_Caruso_0001.jpg,ok,0.3825,0.3810
David_Caruso_0002.jpg,ok,0.3314,0.4110
David_Caruso_0003.jpg,ok,0.3960,0.3622
David_Chase_0001.jpg,ok,0.4863,0.4709
David_Collenette_0001.jpg,ok,0.4970,0.5093
David_Coulthard_0001.jpg,ok,0.5112,0.4834
David_Coulthard_0002.jpg,ok,0.4571,0.4865
David_Dewayne_Williams_0001.jpg,ok,0.4131,0.4132
David_Dewhurst_0001.jpg,ok,0.4533,0.4421
David_Dodge_0001.jpg,ok,0.4599,0.5307
David_Dodge_0002.jpg,ok,0.4437,0.4734
David_Donohue_0001.jpg,ok,0.5025,0.4787
David_Dorfman_0001.jpg,ok,0.4083,0.4637
David_Duke_0001.jpg,ok,0.3764,0.3790
David_Duval_0001.jpg,ok,0.4467,0.5263
David_Eldon_0001.jpg,ok,0.4902,0.5223
David_Gest_0001.jpg,ok,0.4524,0.4667
David_Glenn_0001.jpg,ok,0.4088,0.4267
David_Hannay_0001.jpg,ok,0.4788,0.5036
David_Hanson_0001.jpg,ok,0.3608,0.2483
David_Hasselhoff_0001.jpg,ok,0.4630,0.4323
David_Heyman_0001.jpg,ok,0.3593,0.4934
David_Heyman_0002.jpg,ok,0.4359,0.4189
David_Heymann_0001.jpg,ok,0.3384,0.2789
David_Heymann_0002.jpg,ok,0.4457,0.4449
David_Heymann_0003.jpg,ok,0.3989,0.4875
David_Heymann_0004.jpg,ok,0.3784,0.2904
David_Heymann_0005.jpg,ok,0.3739,0.4540
David_Hilt_0001.jpg,ok,0.2806,0.3973
David_Ho_0001.jpg,ok,0.4921,0.5446
David_Howard_0001.jpg,ok,0.3975,0.4347
David_Hyde_Pierce_0001.jpg,ok,0.4985,0.5182
David_Hyde_Pierce_0002.jpg,ok,0.4644,0.4845
David_Hyde_Pierce_0003.jpg,ok,0.3114,0.3971
David_Hyde_Pierce_0004.jpg,ok,0.3282,0.4258
David_Kelley_0001.jpg,ok,0.4063,0.4042
David_Kelley_0002.jpg,ok,0.4659,0.4379
David_Kelly_0001.jpg,ok,0.5023,0.5222
David_Leahy_0001.jpg,ok,0.4502,0.4348
David_Leahy_0002.jpg,ok,0.3866,0.4111
David_McCallum_0001.jpg,ok,0.3716,0.3973
David_McCullough_0001.jpg,ok,0.4282,0.4634
David_McKiernan_0001.jpg,ok,0.3948,0.4226
David_Millar_0001.jpg,ok,0.4449,0.5072
David_Modell_0001.jpg,ok,0.4522,0.4921
David_Montoya_0001.jpg,ok,0.3801,0.4022
David_Myers_0001.jpg,ok,0.3632,0.4684
David_Myers_0002.jpg,ok,0.4556,0.4036
David_Nalbandian_0001.jpg,ok,0.4975,0.5099
David_Nalbandian_0002.jpg,ok,0.4575,0.4569
David_Nalbandian_0003.jpg,ok,0.4696,0.4605
David_Nalbandian_0004.jpg,ok,0.4947,0.4982
David_Nalbandian_0005.jpg,ok,0.4879,0.4879
David_Nalbandian_0006.jpg,ok,0.4572,0.4755
David_Nalbandian_0007.jpg,ok,0.5144,0.5089
David_Nalbandian_0008.jpg,ok,0.4818,0.4985
David_Nalbandian_0009.jpg,ok,0.4936,0.5076
David_Nalbandian_0010.jpg,ok,0.4964,0.5070
David_Nalbandian_0011.jpg,ok,0.5134,0.4862
David_Nalbandian_0012.jpg,ok,0.4486,0.4231
David_Nalbandian_0013.jpg,ok,0.5085,0.4681
David_Nalbandian_0014.jpg,ok,0.4821,0.4506
David_Obey_0001.jpg,ok,0.4262,0.5140
David_Oh_0001.jpg,ok,0.3676,0.4535
David_Provost_0001.jpg,ok,0.5004,0.4525
David_Przybyszewski_0001.jpg,ok,0.4250,0.4489
David_Rivkin_Jr_0001.jpg,ok,0.4512,0.5046
David_Scott_Morris_0001.jpg,ok,0.4075,0.4761
David_Shayler_0001.jpg,ok,0.3912,0.4648
David_Sibleyk_0001.jpg,ok,0.4280,0.3998
David_Siegel_0001.jpg,ok,0.3711,0.3763
David_Sousa_0001.jpg,ok,0.4105,0.3511
David_Spade_0001.jpg,ok,0.4386,0.4228
David_Spade_0002.jpg,ok,0.3739,0.4012
David_Stern_0001.jpg,ok,0.3934,0.5188
David_Stern_0002.jpg,ok,0.4440,0.5046
David_Stern_0003.jpg,ok,0.4050,0.4525
David_Stern_0004.jpg,ok,0.3955,0.4252
David_Suazo_0001.jpg,ok,0.3868,0.3398
David_Surrett_0001.jpg,ok,0.2375,0.3487
David_Tornberg_0001.jpg,ok,0.4742,0.4666
David_Trimble_0001.jpg,ok,0.5356,0.5022
David_Trimble_0002.jpg,ok,0.4271,0.4553
David_Trimble_0003.jpg,ok,0.4488,0.4529
David_Trimble_0004.jpg,ok,0.4354,0.4640
David_Trimble_0005.jpg,ok,0.4892,0.5073
David_Welch_0001.jpg,ok,0.4575,0.4556
David_Wells_0001.jpg,ok,0.4745,0.5031
David_Wells_0002.jpg,ok,0.4188,0.4579
David_Wells_0003.jpg,ok,0.5339,0.5048
David_Wells_0004.jpg,ok,0.5067,0.5092
David_Wells_0005.jpg,ok,0.5171,0.5062
David_Wells_0006.jpg,ok,0.4004,0.4406
David_Wells_0007.jpg,ok,0.4697,0.5066
David_Westerfield_0001.jpg,ok,0.4434,0.4917
David_Wolf_0001.jpg,ok,0.4426,0.4729
David_Wolf_0002.jpg,ok,0.5772,0.5340
David_Zeplowitz_0001.jpg,ok,0.4544,0.3946
Davis_Love_III_0001.jpg,ok,0.4285,0.4976
Dawn_Staley_0001.jpg,ok,0.3295,0.4988
Dawna_LoPiccolo_0001.jpg,ok,0.3516,0.3319
Dean_Barker_0001.jpg,ok,0.4678,0.4617
Dean_Barkley_0001.jpg,ok,0.4341,0.4843
Dean_Barkley_0002.jpg,ok,0.4559,0.4671
Dean_Barkley_0003.jpg,ok,0.4033,0.3939
Dean_Barkley_0004.jpg,ok,0.4593,0.4671
Dean_Jacek_0001.jpg,ok,0.4545,0.4342
Dean_Sheremet_0001.jpg,ok,0.3816,0.4107
Deb_Santos_0001.jpg,ok,0.4988,0.4365
Debbie_Allen_0001.jpg,ok,0.3757,0.4250
Debbie_Reynolds_0001.jpg,ok,0.4100,0.3951
Debbie_Reynolds_0002.jpg,ok,0.4152,0.4459
Debbie_Reynolds_0003.jpg,ok,0.3816,0.3793
Debbie_Reynolds_0004.jpg,ok,0.4346,0.4711
Debra_Brown_0001.jpg,ok,0.3222,0.3219
Debra_Brown_0002.jpg,ok,0.3953,0.3015
Debra_Messing_0001.jpg,ok,0.3841,0.4378
Debra_Messing_0002.jpg,ok,0.3645,0.3928
Debra_Messing_0003.jpg,ok,0.4451,0.4593
Debra_Rose_0001.jpg,ok,0.3706,0.4544
Debra_Shank_0001.jpg,ok,0.4793,0.4861
Debra_Yang_0001.jpg,ok,0.4485,0.5260
Deece_Eckstein_0001.jpg,ok,0.4318,0.4977
Deena_Burnett_0001.jpg,ok,0.4197,0.4006
Deepa_Mehta_0001.jpg,ok,0.2910,0.2654
Della_Clara_0001.jpg,ok,0.3114,0.4630
Delphine_Chuillot_0001.jpg,ok,0.3477,0.3590
Demetrin_Veal_0001.jpg,ok,0.3578,0.3986
Demetrius_Ferraciu_0001.jpg,ok,0.4391,0.4432
Demetrius_Ferraciu_0002.jpg,ok,0.5060,0.4363
Demi_Moore_0001.jpg,ok,0.4157,0.4277
Demi_Moore_0002.jpg,ok,0.3480,0.4329
Demi_Moore_0003.jpg,ok,0.4705,0.4553
Demi_Moore_0004.jpg,ok,0.5089,0.4456
Denis_Coderre_0001.jpg,ok,0.4293,0.4864
Denis_Fassou-Nguesso_0001.jpg,ok,0.3801,0.4858
Denise_Johnson_0001.jpg,ok,0.4635,0.4653
Denise_Johnson_0002.jpg,ok,0.4233,0.4892
Denise_Locke_0001.jpg,ok,0.2471,0.2476
Denise_van_Outen_0001.jpg,ok,0.3893,0.4306
Deniz_Baykal_0001.jpg,ok,0.4311,0.4195
Dennis_Archer_0001.jpg,ok,0.4380,0.3544
Dennis_Erickson_0001.jpg,ok,0.3769,0.3728
Dennis_Erickson_0002.jpg,ok,0.2735,0.3802
Dennis_Franchione_0001.jpg,ok,0.4217,0.4196
Dennis_Hastert_0001.jpg,ok,0.4482,0.5085
Dennis_Hastert_0002.jpg,ok,0.3978,0.3927
Dennis_Hastert_0003.jpg,ok,0.4312,0.4892
Dennis_Hastert_0004.jpg,ok,0.4570,0.4613
Dennis_Hastert_0005.jpg,ok,0.4851,0.5295
Dennis_Hastert_0006.jpg,ok,0.4670,0.4795
Dennis_Johnson_0001.jpg,ok,0.3861,0.4279
Dennis_Kozlowski_0001.jpg,ok,0.5233,0.5263
Dennis_Kozlowski_0002.jpg,ok,0.4393,0.4644
Dennis_Kucinich_0001.jpg,ok,0.4821,0.4748
Dennis_Kucinich_0002.jpg,ok,0.3358,0.4490
Dennis_Kucinich_0003.jpg,ok,0.3712,0.4507
Dennis_Kucinich_0004.jpg,ok,0.4267,0.4117
Dennis_Kucinich_0005.jpg,ok,0.4189,0.4938
Dennis_Kucinich_0006.jpg,ok,0.3087,0.4394
Dennis_Kucinich_0007.jpg,ok,0.2867,0.3893
Dennis_Miller_0001.jpg,ok,0.4168,0.2786
Dennis_Oswald_0001.jpg,ok,0.4524,0.3810
Dennis_Powell_0001.jpg,ok,0.4457,0.4610
Dennis_Powell_0002.jpg,ok,0.5599,0.5313
Denys_Arcand_0001.jpg,ok,0.4522,0.4718
Denzel_Washington_0001.jpg,ok,0.3986,0.3633
Denzel_Washington_0002.jpg,ok,0.3926,0.3624
Denzel_Washington_0003.jpg,ok,0.4029,0.4037
Denzel_Washington_0004.jpg,ok,0.4506,0.4509
Denzel_Washington_0005.jpg,ok,0.3934,0.4374
Dereck_Whittenburg_0001.jpg,ok,0.4043,0.4030
Derek_Abney_0001.jpg,ok,0.4116,0.4244
Derek_Bond_0001.jpg,ok,0.4639,0.4946
Derek_Jeter_0001.jpg,ok,0.5123,0.4743
Derek_Jeter_0002.jpg,ok,0.4722,0.5163
Derek_Jeter_0003.jpg,ok,0.4588,0.4901
Derek_Jeter_0004.jpg,ok,0.3075,0.3030
Derek_King_0001.jpg,ok,0.4165,0.4511
Derek_Lowe_0001.jpg,ok,0.5458,0.5112
Derek_Lowe_0002.jpg,ok,0.5157,0.5204
Derek_Parra_0001.jpg,ok,0.4116,0.4708
Derian_Hatcher_0001.jpg,ok,0.3145,0.3820
Derrick_Battie_0001.jpg,ok,0.4633,0.4055
Derrick_Rodgers_0001.jpg,ok,0.4394,0.4378
Derrick_Taylor_0001.jpg,ok,0.4390,0.4296
Des_Brown_0001.jpg,ok,0.4799,0.4940
Desiree_Lemosi_0001.jpg,ok,0.3273,0.2721
Desiree_Lemosi_0002.jpg,ok,0.3584,0.3746
Desiree_McKenzie_0001.jpg,ok,0.4418,0.3723
Desmon_Farmer_0001.jpg,ok,0.4749,0.4648
Devin_Harris_0001.jpg,ok,0.4277,0.3875
Dewayne_White_0001.jpg,ok,0.3382,0.3826
Dexter_Jackson_0001.jpg,ok,0.4121,0.4651
Dexter_Jackson_0002.jpg,ok,0.3661,0.3989
Diana_Krall_0001.jpg,ok,0.3660,0.3952
Diana_Krall_0002.jpg,ok,0.4591,0.4438
Diana_Krall_0003.jpg,ok,0.4485,0.4029
Diana_Krall_0004.jpg,ok,0.4021,0.4323
Diana_Krall_0005.jpg,ok,0.4146,0.4616
Diana_Krall_0006.jpg,ok,0.4527,0.4000
Diana_Munz_0001.jpg,ok,0.3964,0.4952
Diana_Munz_0002.jpg,ok,0.3378,0.4732
Diana_Munz_0003.jpg,ok,0.3823,0.4453
Diana_Renee_Valdivieso_Dubon_0001.jpg,ok,0.2845,0.4445
Diana_Ross_0001.jpg,ok,0.4199,0.3559
Diana_Silvius_0001.jpg,ok,0.4439,0.3625
Diana_Taurasi_0001.jpg,ok,0.4899,0.4680
Diana_Taurasi_0002.jpg,ok,0.4696,0.4810
Diana_Taylor_0001.jpg,ok,0.4196,0.3724
Diane_Green_0001.jpg,ok,0.2961,0.4238
Diane_Green_0002.jpg,ok,0.3664,0.4150
Diane_Ladd_0001.jpg,ok,0.4009,0.4111
Diane_Lane_0001.jpg,ok,0.4134,0.3829
Dianne_Feinstein_0001.jpg,ok,0.3964,0.4097
Dianne_Feinstein_0002.jpg,ok,0.4087,0.4129
Dianne_Feinstein_0003.jpg,ok,0.4239,0.4319
Dianne_Reeves_0001.jpg,ok,0.3295,0.3638
Dick_Armey_0001.jpg,ok,0.4003,0.4751
Dick_Bennett_0001.jpg,ok,0.4342,0.4305
Dick_Cheney_0001.jpg,ok,0.4763,0.4796
Dick_Cheney_0002.jpg,ok,0.4770,0.4664
Dick_Cheney_0003.jpg,ok,0.4490,0.4671
Dick_Cheney_0004.jpg,ok,0.4497,0.4750
Dick_Cheney_0005.jpg,ok,0.4198,0.4328
Dick_Cheney_0006.jpg,ok,0.4753,0.5016
Dick_Cheney_0007.jpg,ok,0.4620,0.4948
Dick_Cheney_0008.jpg,ok,0.4663,0.4911
Dick_Cheney_0009.jpg,ok,0.4205,0.4646
Dick_Cheney_0010.jpg,ok,0.4093,0.4452
Dick_Cheney_0011.jpg,ok,0.4450,0.4449
Dick_Cheney_0012.jpg,ok,0.4887,0.5109
Dick_Cheney_0013.jpg,ok,0.4419,0.4256
Dick_Cheney_0014.jpg,ok,0.4774,0.4816
Dick_Clark_0001.jpg,ok,0.4482,0.3387
Dick_Clark_0002.jpg,ok,0.3676,0.4038
Dick_Clark_0003.jpg,ok,0.4394,0.4178
Dick_Devine_0001.jpg,ok,0.4908,0.4322
Dick_Jauron_0001.jpg,ok,0.4896,0.4930
Dick_Latessa_0001.jpg,ok,0.4637,0.5924
Dick_Latessa_0002.jpg,ok,0.4374,0.4636
Dick_Posthumus_0001.jpg,ok,0.4376,0.3937
Dick_Smothers_0001.jpg,ok,0.4905,0.4372
Dick_Vermeil_0001.jpg,ok,0.4016,0.3376
Dick_Vermeil_0002.jpg,ok,0.3059,0.3790
Didier_Defago_0001.jpg,ok,0.4803,0.5056
Diego_Armando_Maradona_0001.jpg,ok,0.5522,0.5110
Diego_Colorado_0001.jpg,ok,0.5033,0.4842
Diego_Diego_Lerman_0001.jpg,ok,0.2448,0.4632
Dieter_Holzer_0001.jpg,ok,0.4483,0.4471
Dieter_Zetsche_0001.jpg,ok,0.4652,0.4438
Dimitar_Berbatov_0001.jpg,ok,0.3969,0.4211
Dimitri_Perricos_0001.jpg,ok,0.4384,0.3855
Din_Samsudin_0001.jpg,ok,0.4327,0.4686
Dinah_Turner_0001.jpg,ok,0.3826,0.3778
Dino_Risi_0001.jpg,ok,0.4206,0.4421
Dino_de_Laurentis_0001.jpg,ok,0.4287,0.4750
Dino_de_Laurentis_0002.jpg,ok,0.4741,0.4841
Dinora_Rosales_0001.jpg,ok,0.3681,0.4207
Dion_Glover_0001.jpg,ok,0.4108,0.3814
Dionigi_Tettamanzi_0001.jpg,ok,0.4589,0.4583
Dionne_Warwick_0001.jpg,ok,0.3684,0.3800
Dionyssis_Georgiadis_0001.jpg,ok,0.5425,0.3939
Dirk_Kempthorne_0001.jpg,ok,0.4306,0.4837
Dita_Von_Tesse_0001.jpg,ok,0.4965,0.3856
Djabir_Said-Guerni_0001.jpg,ok,0.4653,0.4625
Doc_Rivers_0001.jpg,ok,0.4459,0.4106
Dolly_Parton_0001.jpg,ok,0.3769,0.4070
Dolly_Parton_0002.jpg,ok,0.3342,0.3955
Dolma_Tsering_0001.jpg,ok,0.4184,0.4850
Dolma_Tsering_0002.jpg,ok,0.3224,0.4202
Dominic_Monaghan_0001.jpg,ok,0.4722,0.4667
Dominick_Dunne_0001.jpg,ok,0.4602,0.4641
Dominik_Garcia-Lorido_0001.jpg,ok,0.3319,0.5035
Dominik_Garcia-Lorido_0002.jpg,ok,0.3236,0.3529
Dominik_Hrbaty_0001.jpg,ok,0.5563,0.5115
Dominique_Perben_0001.jpg,ok,0.4304,0.4350
Dominique_de_Villepin_0001.jpg,ok,0.4137,0.4861
Dominique_de_Villepin_0002.jpg,ok,0.4519,0.4833
Dominique_de_Villepin_0003.jpg,ok,0.4058,0.4483
Dominique_de_Villepin_0004.jpg,ok,0.4164,0.4373
Dominique_de_Villepin_0005.jpg,ok,0.4214,0.4652
Dominique_de_Villepin_0006.jpg,ok,0.4969,0.4850
Dominique_de_Villepin_0007.jpg,ok,0.4772,0.4992
Dominique_de_Villepin_0008.jpg,ok,0.4162,0.3862
Dominique_de_Villepin_0009.jpg,ok,0.4586,0.4442
Dominique_de_Villepin_0010.jpg,ok,0.4023,0.3993
Dominique_de_Villepin_0011.jpg,ok,0.4564,0.4943
Dominique_de_Villepin_0012.jpg,ok,0.3521,0.4694
Dominique_de_Villepin_0013.jpg,ok,0.4869,0.5103
Dominique_de_Villepin_0014.jpg,ok,0.3183,0.4401
Dominique_de_Villepin_0015.jpg,ok,0.3177,0.4602
Don_Boudria_0001.jpg,ok,0.4614,0.4389
Don_Carcieri_0001.jpg,ok,0.3620,0.4233
Don_Flanagan_0001.jpg,ok,0.4844,0.4400
Don_Henley_0001.jpg,ok,0.4197,0.4677
Don_Hewitt_0001.jpg,ok,0.4437,0.5182
Don_King_0001.jpg,ok,0.3542,0.4562
Don_Lake_0001.jpg,ok,0.3864,0.4130
Don_Matthews_0001.jpg,ok,0.5004,0.5112
Don_Meredith_0001.jpg,ok,0.4552,0.4840
Don_Nickles_0001.jpg,ok,0.4502,0.4954
Don_Nickles_0002.jpg,ok,0.4110,0.4699
Don_Siegelman_0001.jpg,ok,0.3975,0.4066
Don_Siegelman_0002.jpg,ok,0.3426,0.3521
Don_Siegelman_0003.jpg,ok,0.3755,0.4992
Don_Siegelman_0004.jpg,ok,0.3969,0.4981
Donald_Anderson_0001.jpg,ok,0.4528,0.4870
Donald_Carty_0001.jpg,ok,0.4337,0.3444
Donald_Evans_0001.jpg,ok,0.4293,0.4940
Donald_Evans_0002.jpg,ok,0.4482,0.3822
Donald_Fehr_0001.jpg,ok,0.3719,0.4462
Donald_Fehr_0002.jpg,ok,0.4717,0.4909
Donald_Fehr_0003.jpg,ok,0.4425,0.4288
Donald_Fehr_0004.jpg,ok,0.4587,0.4895
Donald_Hays_0001.jpg,ok,0.4001,0.4469
Donald_Keck_0001.jpg,ok,0.3976,0.4558
Donald_Keyser_0001.jpg,ok,0.4685,0.4977
Donald_Pettit_0001.jpg,ok,0.3136,0.3770
Donald_Pettit_0002.jpg,ok,0.4446,0.3997
Donald_Pettit_0003.jpg,ok,0.3781,0.3757
Donald_Regan_0001.jpg,ok,0.4620,0.4988
Donald_Rumsfeld_0001.jpg,ok,0.4375,0.5080
Donald_Rumsfeld_0002.jpg,ok,0.4604,0.4714
Donald_Rumsfeld_0003.jpg,ok,0.4339,0.4182
Donald_Rumsfeld_0004.jpg,ok,0.4165,0.4399
Donald_Rumsfeld_0005.jpg,ok,0.4771,0.5133
Donald_Rumsfeld_0006.jpg,ok,0.4284,0.5036
Donald_Rumsfeld_0007.jpg,ok,0.4513,0.5182
Donald_Rumsfeld_0008.jpg,ok,0.4148,0.4324
Donald_Rumsfeld_0009.jpg,ok,0.4505,0.4339
Donald_Rumsfeld_0010.jpg,ok,0.3883,0.4028
Donald_Rumsfeld_0011.jpg,ok,0.4068,0.4238
Donald_Rumsfeld_0012.jpg,ok,0.3993,0.4171
Donald_Rumsfeld_0013.jpg,ok,0.4464,0.4426
Donald_Rumsfeld_0014.jpg,ok,0.4160,0.4206
Donald_Rumsfeld_0015.jpg,ok,0.4248,0.4845
Donald_Rumsfeld_0016.jpg,ok,0.4435,0.4596
Donald_Rumsfeld_0017.jpg,ok,0.3997,0.4783
Donald_Rumsfeld_0018.jpg,ok,0.4779,0.4980
Donald_Rumsfeld_0019.jpg,ok,0.4502,0.4796
Donald_Rumsfeld_0020.jpg,ok,0.4800,0.4714
Donald_Rumsfeld_0021.jpg,ok,0.4276,0.4571
Donald_Rumsfeld_0022.jpg,ok,0.4208,0.4779
Donald_Rumsfeld_0023.jpg,ok,0.4237,0.3635
Donald_Rumsfeld_0024.jpg,ok,0.4070,0.4608
Donald_Rumsfeld_0025.jpg,ok,0.4401,0.4310
Donald_Rumsfeld_0026.jpg,ok,0.4137,0.4491
Donald_Rumsfeld_0027.jpg,ok,0.3478,0.4402
Donald_Rumsfeld_0028.jpg,ok,0.3972,0.4909
Donald_Rumsfeld_0029.jpg,ok,0.4527,0.5100
Donald_Rumsfeld_0030.jpg,ok,0.4410,0.4771
Donald_Rumsfeld_0031.jpg,ok,0.4333,0.4544
Donald_Rumsfeld_0032.jpg,ok,0.4711,0.4319
Donald_Rumsfeld_0033.jpg,ok,0.4696,0.4838
Donald_Rumsfeld_0034.jpg,ok,0.4580,0.4761
Donald_Rumsfeld_0035.jpg,ok,0.4472,0.4469
Donald_Rumsfeld_0036.jpg,ok,0.4286,0.4464
Donald_Rumsfeld_0037.jpg,ok,0.4814,0.4955
Donald_Rumsfeld_0038.jpg,ok,0.3688,0.4738
Donald_Rumsfeld_0039.jpg,ok,0.4804,0.5038
Donald_Rumsfeld_0040.jpg,ok,0.4325,0.4432
Donald_Rumsfeld_0041.jpg,ok,0.4240,0.4383
Donald_Rumsfeld_0042.jpg,ok,0.3687,0.3995
Donald_Rumsfeld_0043.jpg,ok,0.3210,0.3712
Donald_Rumsfeld_0044.jpg,ok,0.3608,0.4383
Donald_Rumsfeld_0045.jpg,ok,0.4097,0.4300
Donald_Rumsfeld_0046.jpg,ok,0.4725,0.4645
Donald_Rumsfeld_0047.jpg,ok,0.4149,0.4220
Donald_Rumsfeld_0048.jpg,ok,0.4439,0.4646
Donald_Rumsfeld_0049.jpg,ok,0.4448,0.5037
Donald_Rumsfeld_0050.jpg,ok,0.4974,0.5087
Donald_Rumsfeld_0051.jpg,ok,0.4220,0.3321
Donald_Rumsfeld_0052.jpg,ok,0.4212,0.4513
Donald_Rumsfeld_0053.jpg,ok,0.4512,0.4995
Donald_Rumsfeld_0054.jpg,ok,0.3730,0.3792
Donald_Rumsfeld_0055.jpg,ok,0.4141,0.4826
Donald_Rumsfeld_0056.jpg,ok,0.3686,0.4273
Donald_Rumsfeld_0057.jpg,ok,0.2993,0.3456
Donald_Rumsfeld_0058.jpg,ok,0.4081,0.4220
Donald_Rumsfeld_0059.jpg,ok,0.4715,0.4481
Donald_Rumsfeld_0060.jpg,ok,0.4770,0.4935
Donald_Rumsfeld_0061.jpg,ok,0.4572,0.4854
Donald_Rumsfeld_0062.jpg,ok,0.4376,0.4452
Donald_Rumsfeld_0063.jpg,ok,0.4783,0.4750
Donald_Rumsfeld_0064.jpg,ok,0.4512,0.4826
Donald_Rumsfeld_0065.jpg,ok,0.4200,0.4600
Donald_Rumsfeld_0066.jpg,ok,0.4429,0.4587
Donald_Rumsfeld_0067.jpg,ok,0.3213,0.4262
Donald_Rumsfeld_0068.jpg,ok,0.4516,0.4848
Donald_Rumsfeld_0069.jpg,ok,0.3740,0.4326
Donald_Rumsfeld_0070.jpg,ok,0.2751,0.3252
Donald_Rumsfeld_0071.jpg,ok,0.4229,0.3973
Donald_Rumsfeld_0072.jpg,ok,0.4468,0.4444
Donald_Rumsfeld_0073.jpg,ok,0.4505,0.4721
Donald_Rumsfeld_0074.jpg,ok,0.4249,0.4535
Donald_Rumsfeld_0075.jpg,ok,0.3993,0.4227
Donald_Rumsfeld_0076.jpg,ok,0.4156,0.4101
Donald_Rumsfeld_0077.jpg,ok,0.3731,0.4306
Donald_Rumsfeld_0078.jpg,ok,0.4256,0.4769
Donald_Rumsfeld_0079.jpg,ok,0.4598,0.4481
Donald_Rumsfeld_0080.jpg,ok,0.3953,0.4682
Donald_Rumsfeld_0081.jpg,ok,0.4308,0.4536
Donald_Rumsfeld_0082.jpg,ok,0.4395,0.4149
Donald_Rumsfeld_0083.jpg,ok,0.4686,0.3439
Donald_Rumsfeld_0084.jpg,ok,0.4127,0.3967
Donald_Rumsfeld_0085.jpg,ok,0.4067,0.3968
Donald_Rumsfeld_0086.jpg,ok,0.3851,0.4483
Donald_Rumsfeld_0087.jpg,ok,0.3821,0.3706
Donald_Rumsfeld_0088.jpg,ok,0.4316,0.4199
Donald_Rumsfeld_0089.jpg,ok,0.4014,0.4011
Donald_Rumsfeld_0090.jpg,ok,0.4379,0.4825
Donald_Rumsfeld_0091.jpg,ok,0.4275,0.4332
Donald_Rumsfeld_0092.jpg,ok,0.4446,0.4310
Donald_Rumsfeld_0093.jpg,ok,0.4204,0.4941
Donald_Rumsfeld_0094.jpg,ok,0.4305,0.3920
Donald_Rumsfeld_0095.jpg,ok,0.4190,0.4512
Donald_Rumsfeld_0096.jpg,ok,0.4233,0.4758
Donald_Rumsfeld_0097.jpg,ok,0.4600,0.4727
Donald_Rumsfeld_0098.jpg,ok,0.4322,0.4534
Donald_Rumsfeld_0099.jpg,ok,0.4546,0.5188
Donald_Rumsfeld_0100.jpg,ok,0.3900,0.4344
Donald_Rumsfeld_0101.jpg,ok,0.4346,0.4879
Donald_Rumsfeld_0102.jpg,ok,0.4145,0.4619
Donald_Rumsfeld_0103.jpg,ok,0.4098,0.3526
Donald_Rumsfeld_0104.jpg,ok,0.4245,0.3803
Donald_Rumsfeld_0105.jpg,ok,0.4342,0.4293
Donald_Rumsfeld_0106.jpg,ok,0.4607,0.4862
Donald_Rumsfeld_0107.jpg,ok,0.4893,0.4734
Donald_Rumsfeld_0108.jpg,ok,0.4535,0.4555
Donald_Rumsfeld_0109.jpg,ok,0.4291,0.4623
Donald_Rumsfeld_0110.jpg,ok,0.4198,0.5029
Donald_Rumsfeld_0111.jpg,ok,0.2886,0.4182
Donald_Rumsfeld_0112.jpg,ok,0.3684,0.4606
Donald_Rumsfeld_0113.jpg,ok,0.4406,0.4787
Donald_Rumsfeld_0114.jpg,ok,0.4412,0.4176
Donald_Rumsfeld_0115.jpg,ok,0.3720,0.4316
Donald_Rumsfeld_0116.jpg,ok,0.4557,0.4957
Donald_Rumsfeld_0117.jpg,ok,0.4837,0.4846
Donald_Rumsfeld_0118.jpg,ok,0.4908,0.5092
Donald_Rumsfeld_0119.jpg,ok,0.4121,0.4270
Donald_Rumsfeld_0120.jpg,ok,0.4144,0.3898
Donald_Rumsfeld_0121.jpg,ok,0.4283,0.4484
Donald_Trump_0001.jpg,ok,0.4899,0.4531
Donatella_Versace_0001.jpg,ok,0.3432,0.3007
Donatella_Versace_0002.jpg,ok,0.4038,0.3955
Donatella_Versace_0003.jpg,ok,0.3618,0.3720
Donna_Barrera_0001.jpg,ok,0.3144,0.3742
Donna_Brazile_0001.jpg,ok,0.3540,0.3426
Donna_Morrissey_0001.jpg,ok,0.3917,0.4116
Donna_Ralston_0001.jpg,ok,0.3907,0.3423
Donna_Shalala_0001.jpg,ok,0.3842,0.4189
Donna_Shalala_0002.jpg,ok,0.4747,0.4526
Donna_Walker_0001.jpg,ok,0.3353,0.3339
Donnie_Brennan_0001.jpg,ok,0.2847,0.3745
Donny_Osmond_0001.jpg,ok,0.3138,0.2965
Dora_Bakoyianni_0001.jpg,ok,0.4118,0.4288
Doris_Roberts_0001.jpg,ok,0.4494,0.4909
Doris_Roberts_0002.jpg,ok,0.3879,0.3866
Doris_Roberts_0003.jpg,ok,0.4411,0.3893
Doris_Schroeder_0001.jpg,ok,0.4562,0.4744
Doris_Schroeder_0002.jpg,ok,0.4488,0.4880
Doris_Schroeder_0003.jpg,ok,0.3306,0.4491
Doris_Schroeder_0004.jpg,ok,0.4004,0.4834
Dorothy_Lamour_0001.jpg,ok,0.5046,0.5548
Dorothy_Loudon_0001.jpg,ok,0.4011,0.4494
Dorothy_Wilson_0001.jpg,ok,0.4655,0.4144
Dorthy_Moxley_0001.jpg,ok,0.3285,0.4091
Dorthy_Moxley_0002.jpg,ok,0.3865,0.4724
Dot_Helms_0001.jpg,ok,0.4379,0.4450
Doug_Christie_0001.jpg,ok,0.4886,0.4821
Doug_Collins_0001.jpg,ok,0.4493,0.4197
Doug_Collins_0002.jpg,ok,0.4744,0.4326
Doug_Duncan_0001.jpg,ok,0.4200,0.4396
Doug_Duncan_0002.jpg,ok,0.3902,0.4296
Doug_Melvin_0001.jpg,ok,0.4133,0.5115
Doug_Melvin_0002.jpg,ok,0.4487,0.4682
Doug_Melvin_0003.jpg,ok,0.3447,0.4457
Doug_Moe_0001.jpg,ok,0.4597,0.4122
Doug_Racine_0001.jpg,ok,0.4764,0.3907
Doug_Wilson_0001.jpg,ok,0.3764,0.3559
Douglas_Faneuil_0001.jpg,ok,0.4276,0.4658
Douglas_Gansler_0001.jpg,ok,0.4524,0.4209
Douglas_Meester_0001.jpg,ok,0.6346,0.6176
Douglas_Paal_0001.jpg,ok,0.4100,0.3410
Dragan_Covic_0001.jpg,ok,0.4163,0.4196
Drew_Barrymore_0001.jpg,ok,0.3642,0.3159
Drew_Barrymore_0002.jpg,ok,0.3002,0.3056
Drew_Bledsoe_0001.jpg,ok,0.3917,0.3338
Drew_Gooden_0001.jpg,ok,0.3136,0.4170
Du_Qinglin_0001.jpg,ok,0.4810,0.4879
Duane_Barber_0001.jpg,ok,0.4173,0.4479
Duane_Lee_Chapman_0001.jpg,ok,0.3499,0.3769
Duane_Lee_Chapman_0002.jpg,ok,0.3952,0.3661
Dudley_Rogers_0001.jpg,ok,0.4217,0.3944
Dule_Hill_0001.jpg,ok,0.3977,0.4147
Duncan_Fletcher_0001.jpg,ok,0.4009,0.4628
Dunn_Lampton_0001.jpg,ok,0.4312,0.4194
Dustan_Mohr_0001.jpg,ok,0.4466,0.4433
Dustin_Brown_0001.jpg,ok,0.4652,0.4554
Dustin_Hoffman_0001.jpg,ok,0.4702,0.4426
Dusty_Baker_0001.jpg,ok,0.3688,0.4030
Dwain_Kyles_0001.jpg,ok,0.4047,0.4520
Dwayne_Johnson_0001.jpg,ok,0.4533,0.4513
Dwayne_Johnson_0002.jpg,ok,0.3928,0.3690
Dwayne_Wade_0001.jpg,ok,0.3521,0.3908
Dwayne_Williams_0001.jpg,ok,0.4976,0.5065
Dyab_Abou_Jahjah_0001.jpg,ok,0.4188,0.4343
Dyana_Calub_0001.jpg,ok,0.4483,0.5108
E_Clay_Shaw_0001.jpg,ok,0.4695,0.5167
Earl_Campbell_0001.jpg,ok,0.4352,0.4212
Earl_Counter_0001.jpg,ok,0.4562,0.3843
Earl_Fritts_0001.jpg,ok,0.4357,0.4532
Earl_Scruggs_0001.jpg,ok,0.4901,0.4544
Ed_Book_0001.jpg,ok,0.4956,0.3922
Ed_Case_0001.jpg,ok,0.4034,0.4507
Ed_Mekertichian_0001.jpg,ok,0.4634,0.5037
Ed_Rendell_0001.jpg,ok,0.4227,0.5081
Ed_Rosenthal_0001.jpg,ok,0.3657,0.3424
Ed_Rosenthal_0002.jpg,ok,0.4111,0.4087
Ed_Rosenthal_0003.jpg,ok,0.4083,0.4886
Ed_Smart_0001.jpg,ok,0.2947,0.3410
Ed_Smart_0002.jpg,ok,0.2688,0.3112
Ed_Smart_0003.jpg,ok,0.3992,0.3879
Ed_Sullivan_0001.jpg,ok,0.4963,0.4978
Ed_Wade_0001.jpg,ok,0.3958,0.4909
Eddie_Compass_0001.jpg,ok,0.4439,0.4857
Eddie_Fenech_Adami_0001.jpg,ok,0.4466,0.4099
Eddie_Jordan_0001.jpg,ok,0.4289,0.3755
Eddie_Lewis_0001.jpg,ok,0.4853,0.4785
Eddie_Lucio_0001.jpg,ok,0.3090,0.3160
Eddie_Murray_0001.jpg,ok,0.3322,0.3792
Eddie_Sutton_0001.jpg,ok,0.3330,0.4440
Eddie_Sutton_0002.jpg,ok,0.4559,0.4991
Eddy_Hartenstein_0001.jpg,ok,0.4585,0.3871
Eddy_Merckx_0001.jpg,ok,0.4358,0.4098
Eddy_Merckx_0002.jpg,ok,0.4631,0.4385
Edgar_Savisaar_0001.jpg,ok,0.4465,0.4263
Edie_Falco_0001.jpg,ok,0.3795,0.4445
Edie_Falco_0002.jpg,ok,0.4309,0.4487
Edina_Batar_0001.jpg,ok,0.4131,0.4416
Edith_Masai_0001.jpg,ok,0.4495,0.4285
Edmund_Hillary_0001.jpg,ok,0.4763,0.5099
Edmund_Hillary_0002.jpg,ok,0.2765,0.3341
Edmund_Hillary_0003.jpg,ok,0.4243,0.4417
Edmund_Stoiber_0001.jpg,ok,0.3769,0.4937
Edmund_Stoiber_0002.jpg,ok,0.4161,0.4857
Edmund_Stoiber_0003.jpg,ok,0.5117,0.5133
Edmund_Stoiber_0004.jpg,ok,0.4206,0.4989
Edmund_Stoiber_0005.jpg,ok,0.3920,0.4409
Edmund_Stoiber_0006.jpg,ok,0.4533,0.4195
Edmund_Stoiber_0007.jpg,ok,0.4739,0.4643
Edmund_Stoiber_0008.jpg,ok,0.4202,0.4290
Edmund_Stoiber_0009.jpg,ok,0.4098,0.3582
Edmund_Stoiber_0010.jpg,ok,0.4654,0.4796
Edmund_Stoiber_0011.jpg,ok,0.3474,0.4276
Edmund_Stoiber_0012.jpg,ok,0.4804,0.4926
Edmund_Stoiber_0013.jpg,ok,0.4293,0.4224
Edouard_Michelin_0001.jpg,ok,0.4942,0.4839
Eduard_Limonov_0001.jpg,ok,0.3653,0.4264
Eduard_Shevardnadze_0001.jpg,ok,0.3769,0.4914
Eduard_Shevardnadze_0002.jpg,ok,0.5165,0.5438
Eduard_Shevardnadze_0003.jpg,ok,0.5158,0.5212
Eduard_Shevardnadze_0004.jpg,ok,0.5020,0.5148
Eduard_Shevardnadze_0005.jpg,ok,0.4982,0.5241
Eduardo_Chillida_0001.jpg,ok,0.3786,0.3154
Eduardo_Duhalde_0001.jpg,ok,0.4896,0.5231
Eduardo_Duhalde_0002.jpg,ok,0.3797,0.4437
Eduardo_Duhalde_0003.jpg,ok,0.2726,0.4286
Eduardo_Duhalde_0004.jpg,ok,0.4917,0.5354
Eduardo_Duhalde_0005.jpg,ok,0.4483,0.4706
Eduardo_Duhalde_0006.jpg,ok,0.4295,0.4894
Eduardo_Duhalde_0007.jpg,ok,0.3984,0.4892
Eduardo_Duhalde_0008.jpg,ok,0.4286,0.3529
Eduardo_Duhalde_0009.jpg,ok,0.4153,0.4669
Eduardo_Duhalde_0010.jpg,ok,0.4593,0.5008
Eduardo_Duhalde_0011.jpg,ok,0.4424,0.4545
Eduardo_Duhalde_0012.jpg,ok,0.4838,0.4746
Eduardo_Duhalde_0013.jpg,ok,0.4834,0.4347
Eduardo_Duhalde_0014.jpg,ok,0.4463,0.4445
Eduardo_Fischer_0001.jpg,ok,0.3887,0.3779
Eduardo_Romero_0001.jpg,ok,0.4446,0.4729
Edward_Albee_0001.jpg,ok,0.3777,0.4187
Edward_Arsenault_0001.jpg,ok,0.4928,0.4830
Edward_Belvin_0001.jpg,ok,0.4767,0.4632
Edward_Burns_0001.jpg,ok,0.3919,0.4385
Edward_Egan_0001.jpg,ok,0.3382,0.4170
Edward_Flynn_0001.jpg,ok,0.2966,0.4598
Edward_Greenspan_0001.jpg,ok,0.4125,0.5422
Edward_James_Olmos_0001.jpg,ok,0.4969,0.4765
Edward_James_Olmos_0002.jpg,ok,0.3339,0.3920
Edward_Johnson_0001.jpg,ok,0.4417,0.5115
Edward_Kennedy_0001.jpg,ok,0.4699,0.4511
Edward_Kennedy_0002.jpg,ok,0.4407,0.4642
Edward_Kennedy_0003.jpg,ok,0.4450,0.4609
Edward_Lohn_0001.jpg,ok,0.4693,0.4740
Edward_Lu_0001.jpg,ok,0.4638,0.4480
Edward_Lu_0002.jpg,ok,0.3345,0.4418
Edward_Lu_0003.jpg,ok,0.3621,0.3917
Edward_Lu_0004.jpg,ok,0.4692,0.4013
Edward_Lu_0005.jpg,ok,0.4335,0.5006
Edward_Lu_0006.jpg,ok,0.3849,0.4987
Edward_Norton_0001.jpg,ok,0.3888,0.3456
Edward_Norton_0002.jpg,ok,0.4593,0.4137
Edward_Said_0001.jpg,ok,0.5345,0.5041
Edward_Said_0002.jpg,ok,0.2687,0.2977
Edward_Seaga_0001.jpg,ok,0.3516,0.4611
Edwin_Edwards_0001.jpg,ok,0.4399,0.4554
Edwin_Edwards_0002.jpg,ok,0.4396,0.4883
Edwin_Edwards_0003.jpg,ok,0.3950,0.3664
Edwina_Currie_0001.jpg,ok,0.4007,0.4463
Edwina_Currie_0002.jpg,ok,0.3932,0.4255
Edwina_Currie_0003.jpg,ok,0.4326,0.4518
Edwina_Currie_0004.jpg,ok,0.3883,0.4016
Efrain_Rios_Montt_0001.jpg,ok,0.4343,0.4157
Eglis_Yaima_Cruz_0001.jpg,ok,0.4094,0.4245
Eileen_Coparropa_0001.jpg,ok,0.3889,0.4547
Eileen_Coparropa_0002.jpg,ok,0.3282,0.4212
Eileen_Coparropa_0003.jpg,ok,0.3950,0.4333
Eileen_Spina_0001.jpg,ok,0.5206,0.5861
Einars_Repse_0001.jpg,ok,0.4888,0.5265
Ekaterina_Dmitriev_0001.jpg,ok,0.3212,0.3338
Ekke_Hard_Forberg_0001.jpg,ok,0.3951,0.4422
El_Hadji_Diouf_0001.jpg,ok,0.4320,0.5220
Eladio_Larez_0001.jpg,ok,0.3310,0.4438
Elaine_Chao_0001.jpg,ok,0.5416,0.5359
Elaine_Stritch_0001.jpg,ok,0.4009,0.4491
Elena_Bereznaya_0001.jpg,ok,0.3369,0.3568
Elena_Bovina_0001.jpg,ok,0.4805,0.4969
Elena_Bovina_0002.jpg,ok,0.4912,0.4941
Elena_Bovina_0003.jpg,ok,0.4972,0.4780
Elena_Dementieva_0001.jpg,ok,0.4958,0.4952
Elena_Likhovtseva_0001.jpg,ok,0.5267,0.5079
Elena_Tihomirova_0001.jpg,ok,0.3683,0.4421
Elena_de_Chavez_0001.jpg,ok,0.3780,0.3759
Elgin_Baylor_0001.jpg,ok,0.3327,0.4102
Eli_Broad_0001.jpg,ok,0.4862,0.5395
Eli_Rosenbaum_0001.jpg,ok,0.4394,0.4887
Eli_Stutsman_0001.jpg,ok,0.4573,0.4264
Eliane_Karp_0001.jpg,ok,0.4773,0.4757
Eliane_Karp_0002.jpg,ok,0.3158,0.3753
Eliane_Karp_0003.jpg,ok,0.2493,0.3778
Eliane_Karp_0004.jpg,ok,0.4617,0.5201
Elias_Attallah_0001.jpg,ok,0.3984,0.4164
Elijah_Wood_0001.jpg,ok,0.2877,0.3355
Elijah_Wood_0002.jpg,ok,0.4300,0.5030
Elijah_Wood_0003.jpg,ok,0.3960,0.3256
Elijan_Ingram_0001.jpg,ok,0.4220,0.4524
Elin_Nordegren_0001.jpg,ok,0.4412,0.4369
Elin_Nordegren_0002.jpg,ok,0.2953,0.4143
Elinor_Caplan_0001.jpg,ok,0.4402,0.4652
Elinor_Caplan_0002.jpg,ok,0.3889,0.4861
Eliott_Spitzer_0001.jpg,ok,0.3857,0.4914
Elisabeth_Schumacher_0001.jpg,ok,0.3859,0.3803
Elisabeth_Schumacher_0002.jpg,ok,0.4193,0.3591
Elisabeth_Welch_0001.jpg,ok,0.3192,0.3506
Elisha_Cuthbert_0001.jpg,ok,0.3956,0.4140
Eliza_Dushku_0001.jpg,ok,0.3810,0.4584
Eliza_Manningham-Buller_0001.jpg,ok,0.4316,0.4689
Elizabeth_Berkeley_0001.jpg,ok,0.4374,0.4385
Elizabeth_Dole_0001.jpg,ok,0.4255,0.3483
Elizabeth_Dole_0002.jpg,ok,0.5638,0.5566
Elizabeth_Dole_0003.jpg,ok,0.4191,0.4163
Elizabeth_Dole_0004.jpg,ok,0.4928,0.4576
Elizabeth_Hill_0001.jpg,ok,0.4282,0.3890
Elizabeth_Hurley_0001.jpg,ok,0.4703,0.4702
Elizabeth_Hurley_0002.jpg,ok,0.3930,0.4734
Elizabeth_Hurley_0003.jpg,ok,0.4048,0.3662
Elizabeth_Hurley_0004.jpg,ok,0.3838,0.4280
Elizabeth_Hurley_0005.jpg,ok,0.4361,0.4645
Elizabeth_Pena_0001.jpg,ok,0.3557,0.3054
Elizabeth_Regan_0001.jpg,ok,0.2855,0.2266
Elizabeth_Shue_0001.jpg,ok,0.3624,0.3444
Elizabeth_Shue_0002.jpg,ok,0.3861,0.3585
Elizabeth_Smart_0001.jpg,ok,0.3308,0.3561
Elizabeth_Smart_0002.jpg,ok,0.3611,0.2997
Elizabeth_Smart_0003.jpg,ok,0.6430,0.4802
Elizabeth_Smart_0004.jpg,ok,0.3891,0.4012
Elizabeth_Smart_0005.jpg,ok,0.4128,0.4496
Elizabeth_Taylor_0001.jpg,ok,0.3651,0.4223
Elizabeth_Taylor_0002.jpg,ok,0.4343,0.4586
Ellen_Barkin_0001.jpg,ok,0.3688,0.3714
Ellen_DeGeneres_0001.jpg,ok,0.3644,0.4276
Ellen_DeGeneres_0002.jpg,ok,0.3802,0.3459
Ellen_Engleman_0001.jpg,ok,0.3984,0.5011
Ellen_Engleman_0002.jpg,ok,0.2574,0.3301
Ellen_MacArthur_0001.jpg,ok,0.3449,0.3372
Ellen_Martin_0001.jpg,ok,0.3898,0.3859
Ellen_Pompeo_0001.jpg,ok,0.4404,0.4147
Ellen_Saracini_0001.jpg,ok,0.3867,0.3410
Elliott_Mincberg_0001.jpg,ok,0.2882,0.4227
Elmar_Brok_0001.jpg,ok,0.4701,0.5050
Elodie_Bouchez_0001.jpg,ok,0.2200,0.3709
Eloy_Gutierrez_0001.jpg,ok,0.3994,0.4472
Elsa_Zylberstein_0001.jpg,ok,0.4378,0.4903
Elsa_Zylberstein_0002.jpg,ok,0.2997,0.4565
Elsa_Zylberstein_0003.jpg,ok,0.4906,0.4918
Elsa_Zylberstein_0004.jpg,ok,0.2903,0.3059
Elsa_Zylberstein_0005.jpg,ok,0.3779,0.4025
Elsa_Zylberstein_0006.jpg,ok,0.3581,0.4703
Elton_John_0001.jpg,ok,0.4380,0.4571
Elton_John_0002.jpg,ok,0.3233,0.4060
Elton_John_0003.jpg,ok,0.3568,0.3447
Elton_John_0004.jpg,ok,0.3074,0.3293
Elton_John_0005.jpg,ok,0.4614,0.3114
Elton_John_0006.jpg,ok,0.3508,0.3477
Elton_John_0007.jpg,ok,0.4134,0.3801
Elva_Hsiao_0001.jpg,ok,0.5115,0.4950
Elvis_Costello_0001.jpg,ok,0.3389,0.2872
Elvis_Presley_0001.jpg,ok,0.4416,0.5032
Elvis_Presley_0002.jpg,ok,0.4859,0.5359
Elvis_Stojko_0001.jpg,ok,0.3554,0.4722
Emanuel_Ginobili_0001.jpg,ok,0.4517,0.4463
Emanuel_Ginobili_0002.jpg,ok,0.4508,0.3694
Emanuel_Ginobili_0003.jpg,ok,0.5356,0.4723
Emanuel_Ginobili_0004.jpg,ok,0.4673,0.4896
Emanuel_Ginobili_0005.jpg,ok,0.4896,0.4607
Emelie_Loit_0001.jpg,ok,0.4155,0.4300
Emile_Lahoud_0001.jpg,ok,0.4046,0.4983
Emile_Lahoud_0002.jpg,ok,0.4181,0.4676
Emilio_Azcarraga_Jean_0001.jpg,ok,0.4498,0.4449
Emilio_Botin_0001.jpg,ok,0.4328,0.4717
Emily_Mason_0001.jpg,ok,0.3589,0.4117
Emily_Mortimer_0001.jpg,ok,0.4855,0.4997
Emily_Robison_0001.jpg,ok,0.4261,0.4248
Emily_Robison_0002.jpg,ok,0.4254,0.2718
Emily_Stevens_0001.jpg,ok,0.3871,0.4770
Eminem_0001.jpg,ok,0.4310,0.4721
Emma_Nicholson_0001.jpg,ok,0.4008,0.4881
Emma_Thompson_0001.jpg,ok,0.4132,0.4438
Emma_Thompson_0002.jpg,ok,0.2345,0.3297
Emma_Thompson_0003.jpg,ok,0.2480,0.2762
Emma_Watson_0001.jpg,ok,0.3248,0.4487
Emma_Watson_0002.jpg,ok,0.3721,0.4572
Emma_Watson_0003.jpg,ok,0.2841,0.2945
Emma_Watson_0004.jpg,ok,0.4722,0.4086
Emma_Watson_0005.jpg,ok,0.4304,0.4837
Emmanuel_Filiberto_0001.jpg,ok,0.5232,0.5608
Emmanuel_Milingo_0001.jpg,ok,0.3577,0.4245
Emmanuelle_Beart_0001.jpg,ok,0.3298,0.3689
Emmanuelle_Beart_0002.jpg,ok,0.3141,0.4173
Emmanuelle_Beart_0003.jpg,ok,0.3912,0.4277
Emmanuelle_Jagodsinski_0001.jpg,ok,0.3717,0.4283
Emmit_Smith_0001.jpg,ok,0.4245,0.4162
Emmit_Smith_0002.jpg,ok,0.4562,0.4909
Emmy_Rossum_0001.jpg,ok,0.4731,0.5680
Emyr_Jones_Parry_0001.jpg,ok,0.4734,0.5001
Enola_Rice_0001.jpg,ok,0.3726,0.3304
Enos_Slaughter_0001.jpg,ok,0.4314,0.4664
Enrica_Fico_0001.jpg,ok,0.3397,0.3225
Enrik_Vendt_0001.jpg,ok,0.3807,0.4107
Enrique_Bolanos_0001.jpg,ok,0.4207,0.4426
Enrique_Bolanos_0002.jpg,ok,0.4452,0.4778
Enrique_Bolanos_0003.jpg,ok,0.4784,0.5094
Enrique_Bolanos_0004.jpg,ok,0.4341,0.5423
Enrique_Bolanos_0005.jpg,ok,0.4783,0.5327
Enrique_Haroldo_Gorriaran_Merlo_0001.jpg,ok,0.3928,0.5277
Enrique_Iglesias_0001.jpg,ok,0.4182,0.3961
Enrique_Medina_Gomez_0001.jpg,ok,0.4984,0.5275
Enrique_Oliu_0001.jpg,ok,0.2999,0.3794
Eric_Bana_0001.jpg,ok,0.3566,0.3610
Eric_Benet_0001.jpg,ok,0.4331,0.4232
Eric_Christian_Olsen_0001.jpg,ok,0.4822,0.4719
Eric_Clapton_0001.jpg,ok,0.3790,0.4171
Eric_Clapton_0002.jpg,ok,0.3937,0.4606
Eric_Daze_0001.jpg,ok,0.6015,0.4658
Eric_Dubin_0001.jpg,ok,0.3007,0.3877
Eric_Fehr_0001.jpg,ok,0.4069,0.4020
Eric_Hinske_0001.jpg,ok,0.4581,0.4585
Eric_Hinske_0002.jpg,ok,0.3047,0.4365
Eric_Idle_0001.jpg,ok,0.3990,0.3891
Eric_Lindros_0001.jpg,ok,0.5621,0.4799
Eric_Lloyd_0001.jpg,ok,0.4414,0.5495
Eric_Robert_Rudolph_0001.jpg,ok,0.5252,0.4961
Eric_Robert_Rudolph_0002.jpg,ok,0.4856,0.4630
Eric_Robert_Rudolph_0003.jpg,ok,0.6162,0.5773
Eric_Rosser_0001.jpg,ok,0.4429,0.5107
Eric_Rosser_0002.jpg,ok,0.4078,0.3909
Eric_Ryan_Donnelly_0001.jpg,ok,0.4560,0.4642
Eric_Schacht_0001.jpg,ok,0.3149,0.2410
Eric_Shinseki_0001.jpg,ok,0.4798,0.4964
Eric_Snow_0001.jpg,ok,0.3306,0.4372
Eric_Staal_0001.jpg,ok,0.3679,0.3208
Eric_Taino_0001.jpg,ok,0.4818,0.5062
Eric_Vigouroux_0001.jpg,ok,0.3806,0.3984
Eric_Wedge_0001.jpg,ok,0.4921,0.4853
Erick_Barkley_0001.jpg,ok,0.3875,0.4276
Erik_Morales_0001.jpg,ok,0.2629,0.4000
Erik_Morales_0002.jpg,ok,0.4744,0.5507
Erik_Morales_0003.jpg,ok,0.4247,0.3757
Erika_Christensen_0001.jpg,ok,0.3992,0.4454
Erika_Christensen_0002.jpg,ok,0.2672,0.3505
Erika_Harold_0001.jpg,ok,0.3595,0.4801
Erika_Harold_0002.jpg,ok,0.3442,0.5024
Erika_Harold_0003.jpg,ok,0.3579,0.3689
Erika_Harold_0004.jpg,ok,0.3452,0.4936
Erika_Harold_0005.jpg,ok,0.3155,0.4381
Erika_Reyes_0001.jpg,ok,0.4998,0.4729
Eriko_Tamura_0001.jpg,ok,0.3524,0.3910
Erin_Brockovich_0001.jpg,ok,0.4482,0.3804
Erin_Hershey_Presley_0001.jpg,ok,0.4506,0.4106
Erin_Runnion_0001.jpg,ok,0.3331,0.4027
Erin_Runnion_0002.jpg,ok,0.3122,0.4494
Erin_Runnion_0003.jpg,ok,0.2960,0.4074
Erin_Runnion_0004.jpg,ok,0.3021,0.3989
Ernest_Hollings_0001.jpg,ok,0.4453,0.4595
Ernesto_Zedillo_0001.jpg,ok,0.4191,0.4356
Ernesto_Zedillo_0002.jpg,ok,0.3719,0.4587
Ernie_Els_0001.jpg,ok,0.5388,0.5172
Ernie_Els_0002.jpg,ok,0.4165,0.5071
Ernie_Els_0003.jpg,ok,0.4654,0.4934
Ernie_Els_0004.jpg,ok,0.4350,0.4041
Ernie_Eves_0001.jpg,ok,0.4714,0.4779
Ernie_Eves_0002.jpg,ok,0.4345,0.3992
Ernie_Fletcher_0001.jpg,ok,0.3795,0.4018
Ernie_Fletcher_0002.jpg,ok,0.4243,0.4125
Ernie_Grunfeld_0001.jpg,ok,0.3816,0.3475
Ernie_Harwell_0001.jpg,ok,0.4630,0.4714
Ernie_Preate_0001.jpg,ok,0.4597,0.4727
Ernie_Stewart_0001.jpg,ok,0.4636,0.5189
Erskine_Bowles_0001.jpg,ok,0.4420,0.3820
Erwin_Abdullah_0001.jpg,ok,0.4594,0.4356
Erwin_Mapasseng_0001.jpg,ok,0.4050,0.3916
Esad_Landzo_0001.jpg,ok,0.4365,0.3687
Esteban_Cordoba-Velazquez_0001.jpg,ok,0.5000,0.5503
Estella_Warren_0001.jpg,ok,0.4418,0.4915
Estelle_Morris_0001.jpg,ok,0.4503,0.5138
Ester_Canadas_0001.jpg,ok,0.3975,0.4864
Esther_Macklin_0001.jpg,ok,0.3895,0.4611
Ethan_Hawke_0001.jpg,ok,0.4529,0.4502
Ethan_Hawke_0002.jpg,ok,0.3778,0.4284
Ethan_Hawke_0003.jpg,ok,0.3347,0.3447
Ethan_Hawke_0004.jpg,ok,0.2935,0.2512
Etta_James_0001.jpg,ok,0.4001,0.4721
Eugene_Melnyk_0001.jpg,ok,0.4795,0.4471
Eugene_Teslovic_0001.jpg,ok,0.4822,0.4689
Eunice_Barber_0001.jpg,ok,0.4202,0.4571
Eunice_Barber_0002.jpg,ok,0.4195,0.4492
Eurico_Guterres_0001.jpg,ok,0.3887,0.5016
Eva_Amurri_0001.jpg,ok,0.4520,0.5450
Eva_Dimas_0001.jpg,ok,0.3839,0.3824
Eva_Dimas_0002.jpg,ok,0.4767,0.4788
Eva_Herzigova_0001.jpg,ok,0.4866,0.4611
Eva_Marie_Saint_0001.jpg,ok,0.4168,0.3524
Eva_Mendes_0001.jpg,ok,0.3768,0.4494
Evan_Marriott_0001.jpg,ok,0.4017,0.4735
Evan_Rachel_Wood_0001.jpg,ok,0.3882,0.3345
Evan_Rachel_Wood_0002.jpg,ok,0.4122,0.3287
Evan_Rachel_Wood_0003.jpg,ok,0.3536,0.3770
Evander_Holyfield_0001.jpg,ok,0.3805,0.3825
Evander_Holyfield_0002.jpg,ok,0.5067,0.5509
Eve_Ensler_0001.jpg,ok,0.3576,0.4080
Eve_Pelletier_0001.jpg,ok,0.5247,0.4558
Eve_Pelletier_0002.jpg,ok,0.5064,0.4955
Evelyn_Lauder_0001.jpg,ok,0.4719,0.4714
Evgeni_Plushenko_0001.jpg,ok,0.3546,0.4461
Evie_Lazarou_0001.jpg,ok,0.3416,0.4601
Evo_Morales_0001.jpg,ok,0.3831,0.4875
Ewan_McGregor_0001.jpg,ok,0.3313,0.4118
Fabian_Vargas_0001.jpg,ok,0.5439,0.5285
Fabiola_Zuluaga_0001.jpg,ok,0.4461,0.5009
Fabiola_Zuluaga_0002.jpg,ok,0.5014,0.5175
Fabrice_Santoro_0001.jpg,ok,0.4955,0.5361
Fabrice_Santoro_0002.jpg,ok,0.5092,0.4987
Fabrice_Santoro_0003.jpg,ok,0.4332,0.5060
Fabricio_Oberto_0001.jpg,ok,0.4717,0.4712
Faisal_Iqbal_0001.jpg,ok,0.5059,0.5103
Faisal_Saleh_Hayat_0001.jpg,ok,0.2632,0.4071
Fann_Wong_0001.jpg,ok,0.4018,0.4499
Farida_Ragoonanan_0001.jpg,ok,0.4223,0.4274
Farouk_Kaddoumi_0001.jpg,ok,0.4539,0.5063
Farouk_al-Sharaa_0001.jpg,ok,0.4598,0.4065
Farouk_al-Sharaa_0002.jpg,ok,0.4835,0.5107
Farouk_al-Sharaa_0003.jpg,ok,0.5067,0.5227
Fatma_Kusibeh_0001.jpg,ok,0.4811,0.5285
Fatmir_Limaj_0001.jpg,ok,0.4742,0.5183
Faye_Alibocus_0001.jpg,ok,0.3132,0.2838
Faye_Dunaway_0001.jpg,ok,0.3352,0.4329
Faye_Dunaway_0002.jpg,ok,0.4238,0.4108
Faye_Dunaway_0003.jpg,ok,0.3467,0.4247
Faye_Wong_0001.jpg,ok,0.4579,0.5339
Fayssal_Mekdad_0001.jpg,ok,0.4060,0.4960
Fayssal_Mekdad_0002.jpg,ok,0.2530,0.4223
Fayssal_Mekdad_0003.jpg,ok,0.4361,0.4915
Fayssal_Mekdad_0004.jpg,ok,0.3276,0.4800
Fazal-ur-Rehman_0001.jpg,ok,0.4005,0.4368
Federico_Castelan_Sayre_0001.jpg,ok,0.4976,0.4842
Federico_Fellini_0001.jpg,ok,0.4158,0.5380
Federico_Trillo_0001.jpg,ok,0.4789,0.4953
Federico_Trillo_0002.jpg,ok,0.4587,0.4430
Federico_Trillo_0003.jpg,ok,0.4144,0.4706
Feliciano_Lopez_0001.jpg,ok,0.5112,0.4766
Felicity_Huffman_0001.jpg,ok,0.3850,0.3406
Felipe_De_Borbon_0001.jpg,ok,0.4527,0.4059
Felipe_Fernandez_0001.jpg,ok,0.4611,0.3806
Felipe_Perez_Roque_0001.jpg,ok,0.2576,0.4976
Felipe_Perez_Roque_0002.jpg,ok,0.3951,0.4820
Felipe_Perez_Roque_0003.jpg,ok,0.4963,0.5132
Felipe_Perez_Roque_0004.jpg,ok,0.4786,0.4483
Felix_Doh_0001.jpg,ok,0.4149,0.4413
Felix_Mantilla_0001.jpg,ok,0.3817,0.4879
Felix_Mantilla_0002.jpg,ok,0.4635,0.5023
Felix_Sanchez_0001.jpg,ok,0.3323,0.3296
Felix_Trinidad_0001.jpg,ok,0.4565,0.4692
Ferenc_Madl_0001.jpg,ok,0.4208,0.4903
Ferenc_Madl_0002.jpg,ok,0.4451,0.4829
Fernando_Alonso_0001.jpg,ok,0.4946,0.5145
Fernando_Gonzalez_0001.jpg,ok,0.4844,0.5197
Fernando_Gonzalez_0002.jpg,ok,0.4076,0.5171
Fernando_Gonzalez_0003.jpg,ok,0.4080,0.5284
Fernando_Gonzalez_0004.jpg,ok,0.4818,0.4765
Fernando_Gonzalez_0005.jpg,ok,0.5061,0.4978
Fernando_Gonzalez_0006.jpg,ok,0.4750,0.5126
Fernando_Gonzalez_0007.jpg,ok,0.3959,0.4852
Fernando_Gonzalez_0008.jpg,ok,0.4571,0.5055
Fernando_Gonzalez_0009.jpg,ok,0.4736,0.4726
Fernando_Henrique_Cardoso_0001.jpg,ok,0.4774,0.5279
Fernando_Henrique_Cardoso_0002.jpg,ok,0.4247,0.4295
Fernando_Henrique_Cardoso_0003.jpg,ok,0.3634,0.4529
Fernando_Henrique_Cardoso_0004.jpg,ok,0.4884,0.4731
Fernando_Henrique_Cardoso_0005.jpg,ok,0.4490,0.4842
Fernando_Henrique_Cardoso_0006.jpg,ok,0.4056,0.3802
Fernando_Henrique_Cardoso_0007.jpg,ok,0.4497,0.4474
Fernando_Henrique_Cardoso_0008.jpg,ok,0.3906,0.4449
Fernando_Hierro_0001.jpg,ok,0.2894,0.4190
Fernando_Leon_de_Aranoa_0001.jpg,ok,0.4570,0.5010
Fernando_Sanz_0001.jpg,ok,0.5214,0.5245
Fernando_Valenzuela_0001.jpg,ok,0.4246,0.4174
Fernando_Vargas_0001.jpg,ok,0.4452,0.4769
Fernando_Vargas_0002.jpg,ok,0.3963,0.4296
Fernando_Vargas_0003.jpg,ok,0.4358,0.4621
Fernando_Vargas_0004.jpg,ok,0.3683,0.3201
Fernando_Velardez_0001.jpg,ok,0.4457,0.4855
Festus_Mogae_0001.jpg,ok,0.4694,0.5055
Fidel_Castro_0001.jpg,ok,0.4694,0.5251
Fidel_Castro_0002.jpg,ok,0.3954,0.4080
Fidel_Castro_0003.jpg,ok,0.3555,0.4282
Fidel_Castro_0004.jpg,ok,0.3546,0.4162
Fidel_Castro_0005.jpg,ok,0.4160,0.5184
Fidel_Castro_0006.jpg,ok,0.5191,0.4867
Fidel_Castro_0007.jpg,ok,0.4100,0.4516
Fidel_Castro_0008.jpg,ok,0.4623,0.4023
Fidel_Castro_0009.jpg,ok,0.4541,0.5181
Fidel_Castro_0010.jpg,ok,0.4260,0.4535
Fidel_Castro_0011.jpg,ok,0.5059,0.5564
Fidel_Castro_0012.jpg,ok,0.4531,0.5252
Fidel_Castro_0013.jpg,ok,0.3399,0.4443
Fidel_Castro_0014.jpg,ok,0.3658,0.4484
Fidel_Castro_0015.jpg,ok,0.3495,0.3883
Fidel_Castro_0016.jpg,ok,0.4876,0.5243
Fidel_Castro_0017.jpg,ok,0.4795,0.4857
Fidel_Castro_0018.jpg,ok,0.4583,0.4155
Fidel_Castro_Daiz-Balart_0001.jpg,ok,0.5077,0.4429
Filip_De_Winter_0001.jpg,ok,0.4552,0.4958
Filippo_Inzaghi_0001.jpg,ok,0.4733,0.5206
Filippo_Inzaghi_0002.jpg,ok,0.5284,0.3942
Filippo_Inzaghi_0003.jpg,ok,0.4916,0.5134
Filippo_Volandri_0001.jpg,ok,0.5463,0.5072
Fiona_Milne_0001.jpg,ok,0.3850,0.4587
Flavia_Delaroli_0001.jpg,ok,0.3415,0.4269
Flavia_Delaroli_0002.jpg,ok,0.4349,0.4412
Flavia_Pennetta_0001.jpg,ok,0.3875,0.4993
Flor_Montulo_0001.jpg,ok,0.6121,0.5851
Flor_Montulo_0002.jpg,ok,0.4503,0.5136
Florecita_Cobian_0001.jpg,ok,0.4211,0.2902
Florencia_Kirchner_0001.jpg,ok,0.4490,0.4563
Florencia_Macri_0001.jpg,ok,0.4820,0.5032
Floyd_Keith_0001.jpg,ok,0.4243,0.4616
Floyd_Mayweather_0001.jpg,ok,0.3981,0.4631
Fran_Drescher_0001.jpg,ok,0.3632,0.4951
Fran_Drescher_0002.jpg,ok,0.4004,0.4092
Frances_Fisher_0001.jpg,ok,0.4065,0.4367
Frances_Fisher_0002.jpg,ok,0.4400,0.4136
Francesco_Totti_0001.jpg,ok,0.4796,0.4722
Francis_Collins_0001.jpg,ok,0.4426,0.4004
Francis_Crick_0001.jpg,ok,0.4658,0.4184
Francis_Ford_Coppola_0001.jpg,ok,0.4435,0.4226
Francis_Ford_Coppola_0002.jpg,ok,0.4274,0.3827
Francis_George_0001.jpg,ok,0.4316,0.4148
Francis_George_0002.jpg,ok,0.4714,0.4885
Francis_Mer_0001.jpg,ok,0.4559,0.4343
Francis_Mer_0002.jpg,ok,0.3988,0.4354
Francis_Ricciardone_0001.jpg,ok,0.3693,0.4147
Francisco_Flores_0001.jpg,ok,0.4799,0.4862
Francisco_Flores_0002.jpg,ok,0.4642,0.3970
Francisco_Flores_0003.jpg,ok,0.3682,0.4495
Francisco_Flores_0004.jpg,ok,0.3294,0.3387
Francisco_Garcia_0001.jpg,ok,0.5181,0.4502
Francisco_Maturana_0001.jpg,ok,0.3605,0.4031
Francisco_Santos_0001.jpg,ok,0.4329,0.5345
Francisco_Urenda_0001.jpg,ok,0.2172,0.2124
Franck_Cerutti_0001.jpg,ok,0.3501,0.3467
Franco_Cangele_0001.jpg,ok,0.5716,0.5393
Franco_Dragone_0001.jpg,ok,0.3931,0.4131
Franco_Dragone_0002.jpg,ok,0.3901,0.4525
Franco_Frattini_0001.jpg,ok,0.3650,0.4796
Francois_Botha_0001.jpg,ok,0.4680,0.5048
Francois_Ozon_0001.jpg,ok,0.3131,0.4010
Francois_Pienaar_0001.jpg,ok,0.4354,0.4409
Frank_Abagnale_Jr_0001.jpg,ok,0.4494,0.3953
Frank_Beamer_0001.jpg,ok,0.4140,0.4949
Frank_Bell_0001.jpg,ok,0.4788,0.4715
Frank_Cassell_0001.jpg,ok,0.2889,0.4128
Frank_Cassell_0002.jpg,ok,0.3555,0.4335
Frank_Cassell_0003.jpg,ok,0.4835,0.4141
Frank_Coraci_0001.jpg,ok,0.3413,0.4379
Frank_Dunham_Jr_0001.jpg,ok,0.4984,0.4736
Frank_Dunham_Jr_0002.jpg,ok,0.4515,0.4331
Frank_Griswold_0001.jpg,ok,0.4613,0.4528
Frank_Griswold_0002.jpg,ok,0.4503,0.4400
Frank_Hilldrup_0001.jpg,ok,0.3863,0.4214
Frank_Hsieh_0001.jpg,ok,0.3761,0.4563
Frank_Keating_0001.jpg,ok,0.4239,0.4128
Frank_Lautenberg_0001.jpg,ok,0.5172,0.4761
Frank_Lautenberg_0002.jpg,ok,0.4624,0.4648
Frank_Marshall_0001.jpg,ok,0.4766,0.4414
Frank_Murkowski_0001.jpg,ok,0.4983,0.4765
Frank_Pallone_0001.jpg,ok,0.4956,0.4412
Frank_Schmoekel_0001.jpg,ok,0.3919,0.4592
Frank_Shea_0001.jpg,ok,0.4069,0.4792
Frank_Sinatra_0001.jpg,ok,0.4537,0.4386
Frank_Solich_0001.jpg,ok,0.3584,0.3479
Frank_Solich_0002.jpg,ok,0.4641,0.4730
Frank_Solich_0003.jpg,ok,0.3499,0.4845
Frank_Solich_0004.jpg,ok,0.3574,0.3920
Frank_Solich_0005.jpg,ok,0.4250,0.4449
Frank_Stallone_0001.jpg,ok,0.4669,0.3602
Frank_Stallone_0002.jpg,ok,0.3861,0.2999
Frank_Taylor_0001.jpg,ok,0.4296,0.4320
Frank_Van_Ecke_0001.jpg,ok,0.4572,0.4509
Frank_Wycheck_0001.jpg,ok,0.3543,0.3676
Frank_Zappa_0001.jpg,ok,0.4330,0.4202
Franklin_Brown_0001.jpg,ok,0.5185,0.4850
Franklin_Damann_0001.jpg,ok,0.3841,0.4800
Franko_Simatovic_0001.jpg,ok,0.3773,0.4768
Franko_Simatovic_0002.jpg,ok,0.5057,0.5365
Franz_Beckenbauer_0001.jpg,ok,0.4677,0.4794
Franz_Beckenbauer_0002.jpg,ok,0.4664,0.4674
Franz_Fischler_0001.jpg,ok,0.4443,0.5178
Franz_Fischler_0002.jpg,ok,0.4992,0.4591
Franz_Fischler_0003.jpg,ok,0.4743,0.4599
Franz_Fischler_0004.jpg,ok,0.4848,0.5023
Franz_Gsell_0001.jpg,ok,0.4776,0.3783
Franz_Muentefering_0001.jpg,ok,0.4687,0.4654
Franz_Muentefering_0002.jpg,ok,0.4490,0.4470
Franz_Muentefering_0003.jpg,ok,0.4273,0.4759
Franz_Muentefering_0004.jpg,ok,0.3339,0.3736
Fred_Durst_0001.jpg,ok,0.3649,0.3545
Fred_Eckhard_0001.jpg,ok,0.4275,0.4068
Fred_Eckhard_0002.jpg,ok,0.4278,0.4057
Fred_Eckhard_0003.jpg,ok,0.4338,0.4694
Fred_Funk_0001.jpg,ok,0.3904,0.4579
Fred_Funk_0002.jpg,ok,0.4582,0.4787
Fred_Huff_0001.jpg,ok,0.3569,0.3973
Fred_Rogers_0001.jpg,ok,0.4181,0.4214
Fred_Swan_0001.jpg,ok,0.4059,0.5125
Fred_Thompson_0001.jpg,ok,0.4696,0.4844
Fred_Thompson_0002.jpg,ok,0.4222,0.4986
Fred_Thompson_0003.jpg,ok,0.4349,0.4480
Fred_Wilpon_0001.jpg,ok,0.4317,0.4516
Freda_Black_0001.jpg,ok,0.3211,0.3563
Freddy_Garcia_0001.jpg,ok,0.5275,0.5167
Freddy_Garcia_0002.jpg,ok,0.4410,0.4676
Freddy_Vasques_Kinchokpe_0001.jpg,ok,0.4975,0.4534
Frederick_Madden_0001.jpg,ok,0.4350,0.4717
Frederique_van_der_Wal_0001.jpg,ok,0.3436,0.3577
Fredric_Seaman_0001.jpg,ok,0.4427,0.5134
Fruit_Chan_0001.jpg,ok,0.4101,0.4037
Fujio_Cho_0001.jpg,ok,0.4654,0.5319
Fujio_Cho_0002.jpg,ok,0.4387,0.4769
Fujio_Cho_0003.jpg,ok,0.4345,0.4522
Fujio_Cho_0004.jpg,ok,0.4120,0.4728
Fujio_Cho_0005.jpg,ok,0.5219,0.5173
Fujio_Cho_0006.jpg,ok,0.4894,0.4848
Fujio_Mitarai_0001.jpg,ok,0.4116,0.4122
GL_Peiris_0001.jpg,ok,0.3993,0.3796
GL_Peiris_0002.jpg,ok,0.4951,0.5317
GL_Peiris_0003.jpg,ok,0.5077,0.5322
GL_Peiris_0004.jpg,ok,0.4475,0.4784
Gabi_Zimmer_0001.jpg,ok,0.3738,0.3558
Gabriel_Batistuta_0001.jpg,ok,0.4401,0.4708
Gabriel_Batistuta_0002.jpg,ok,0.4647,0.4821
Gabriel_Farhi_0001.jpg,ok,0.4219,0.4524
Gabriel_Hughes_0001.jpg,ok,0.4671,0.4535
Gabriel_Jorge_Ferreia_0001.jpg,ok,0.5079,0.5021
Gabriel_Valdes_0001.jpg,ok,0.4493,0.4820
Gabriel_Valdes_0002.jpg,ok,0.4756,0.5207
Gabriella_Bo_0001.jpg,ok,0.3357,0.2337
Gabrielle_Rose_0001.jpg,ok,0.4023,0.4721
Gabrielle_Union_0001.jpg,ok,0.3386,0.3714
Gael_Garcia_Bermal_0001.jpg,ok,0.3698,0.3496
Gala_Leon_Garcia_0001.jpg,ok,0.5028,0.4916
Galen_Rowell_0001.jpg,ok,0.3871,0.5361
Gao_Qiang_0001.jpg,ok,0.3893,0.4602
Gao_Qiang_0002.jpg,ok,0.4242,0.4733
Garry_Alejano_0001.jpg,ok,0.5075,0.4864
Garry_Kasparov_0001.jpg,ok,0.4238,0.4559
Garry_Kasparov_0002.jpg,ok,0.3712,0.4491
Garry_McCoy_0001.jpg,ok,0.3280,0.3990
Garry_Trudeau_0001.jpg,ok,0.4289,0.3848
Garry_Trudeau_0002.jpg,ok,0.3848,0.4573
Garry_Witherall_0001.jpg,ok,0.3595,0.4270
Garth_Drabinsky_0001.jpg,ok,0.3767,0.4431
Gary_Bald_0001.jpg,ok,0.4300,0.4892
Gary_Barnett_0001.jpg,ok,0.5306,0.4424
Gary_Bauer_0001.jpg,ok,0.4258,0.5355
Gary_Bergeron_0001.jpg,ok,0.4112,0.2983
Gary_Bergeron_0002.jpg,ok,0.3781,0.3144
Gary_Bettman_0001.jpg,ok,0.4599,0.5103
Gary_Carter_0001.jpg,ok,0.4026,0.3369
Gary_Carter_0002.jpg,ok,0.3939,0.3706
Gary_Carter_0003.jpg,ok,0.3976,0.4047
Gary_Coleman_0001.jpg,ok,0.4760,0.4200
Gary_Condit_0001.jpg,ok,0.4723,0.4599
Gary_Dellaverson_0001.jpg,ok,0.4857,0.4607
Gary_Doer_0001.jpg,ok,0.4498,0.4219
Gary_Doer_0002.jpg,ok,0.3908,0.4117
Gary_Doer_0003.jpg,ok,0.4911,0.4613
Gary_Forsee_0001.jpg,ok,0.3990,0.4082
Gary_Forsee_0002.jpg,ok,0.5115,0.5110
Gary_Gero_0001.jpg,ok,0.4399,0.4750
Gary_Gitnick_0001.jpg,ok,0.4677,0.4989
Gary_Leon_Ridgway_0001.jpg,ok,0.3622,0.3461
Gary_Locke_0001.jpg,ok,0.4569,0.4326
Gary_Locke_0002.jpg,ok,0.4707,0.4804
Gary_Marshall_0001.jpg,ok,0.4109,0.4875
Gary_Paer_0001.jpg,ok,0.3691,0.4449
Gary_Sayler_0001.jpg,ok,0.3407,0.2852
Gary_Sinise_0001.jpg,ok,0.3020,0.3584
Gary_Stevens_0001.jpg,ok,0.4585,0.4103
Gary_Williams_0001.jpg,ok,0.4611,0.4565
Gary_Williams_0002.jpg,ok,0.4703,0.4554
Gary_Winnick_0001.jpg,ok,0.3412,0.4020
Gary_Winnick_0002.jpg,ok,0.5062,0.5418
Gaston_Gaudio_0001.jpg,ok,0.4960,0.5077
Gavin_Degraw_0001.jpg,ok,0.3521,0.3337
Gavyn_Arthur_0001.jpg,ok,0.4480,0.4304
Gavyn_Davies_0001.jpg,ok,0.4259,0.4242
Gen_Meredith_0001.jpg,ok,0.3967,0.4591
Gene_Autry_0001.jpg,ok,0.4729,0.4620
Gene_Hackman_0001.jpg,ok,0.4588,0.4317
Gene_Keady_0001.jpg,ok,0.4567,0.4742
Gene_Orza_0001.jpg,ok,0.4456,0.4646
Gene_Robinson_0001.jpg,ok,0.4331,0.4741
Gene_Robinson_0002.jpg,ok,0.4811,0.4651
Gene_Robinson_0003.jpg,ok,0.4636,0.4143
Gene_Robinson_0004.jpg,ok,0.4590,0.4394
Gene_Robinson_0005.jpg,ok,0.4696,0.4755
Gene_Sauers_0001.jpg,ok,0.3723,0.4950
Gennifer_Flowers_0001.jpg,ok,0.4788,0.4779
Geno_Auriemma_0001.jpg,ok,0.4151,0.4121
Geno_Auriemma_0002.jpg,ok,0.3105,0.2225
Geoff_Dixon_0001.jpg,ok,0.3102,0.4219
Geoff_Hoon_0001.jpg,ok,0.4162,0.4737
Geoff_Hoon_0002.jpg,ok,0.4538,0.4565
Geoff_Hoon_0003.jpg,ok,0.4011,0.4424
Geoff_Hoon_0004.jpg,ok,0.4687,0.4575
Geoff_Hoon_0005.jpg,ok,0.4095,0.4265
Geoff_Hoon_0006.jpg,ok,0.4438,0.4364
Geoff_Hoon_0007.jpg,ok,0.4535,0.4323
Geoffrey_Davis_0001.jpg,ok,0.3843,0.4438
Geoffrey_Rush_0001.jpg,ok,0.4095,0.3752
George_Allen_0001.jpg,ok,0.4388,0.4590
George_Blaney_0001.jpg,ok,0.4241,0.4461
George_Bovell_0001.jpg,ok,0.4587,0.4217
George_Brumley_0001.jpg,ok,0.4595,0.4257
George_Brumley_0002.jpg,ok,0.4465,0.4049
George_Brumley_III_0001.jpg,ok,0.4924,0.5000
George_Clooney_0001.jpg,ok,0.3120,0.2638
George_Clooney_0002.jpg,ok,0.3831,0.3905
George_Clooney_0003.jpg,ok,0.3903,0.3203
George_Clooney_0004.jpg,ok,0.3319,0.3418
George_Clooney_0005.jpg,ok,0.4475,0.4207
George_Clooney_0006.jpg,ok,0.3634,0.4245
George_Clooney_0007.jpg,ok,0.4453,0.4561
George_Clooney_0008.jpg,ok,0.4153,0.4051
George_Clooney_0009.jpg,ok,0.4105,0.3027
George_Foreman_0001.jpg,ok,0.4451,0.5015
George_Foreman_0002.jpg,ok,0.3417,0.3843
George_Galloway_0001.jpg,ok,0.4454,0.4955
George_Galloway_0002.jpg,ok,0.3333,0.4876
George_Galloway_0003.jpg,ok,0.2864,0.3910
George_Galloway_0004.jpg,ok,0.4903,0.4775
George_Gregan_0001.jpg,ok,0.4065,0.4245
George_HW_Bush_0001.jpg,ok,0.4771,0.4609
George_HW_Bush_0002.jpg,ok,0.4065,0.4700
George_HW_Bush_0003.jpg,ok,0.4509,0.4815
George_HW_Bush_0004.jpg,ok,0.4413,0.4832
George_HW_Bush_0005.jpg,ok,0.4184,0.4215
George_HW_Bush_0006.jpg,ok,0.5768,0.5756
George_HW_Bush_0007.jpg,ok,0.4444,0.4713
George_HW_Bush_0008.jpg,ok,0.4953,0.5164
George_HW_Bush_0009.jpg,ok,0.4719,0.4392
George_HW_Bush_0010.jpg,ok,0.4525,0.4687
George_HW_Bush_0011.jpg,ok,0.4405,0.4334
George_HW_Bush_0012.jpg,ok,0.4254,0.4721
George_HW_Bush_0013.jpg,ok,0.4575,0.5211
George_Harrison_0001.jpg,ok,0.3854,0.4255
George_Karl_0001.jpg,ok,0.3372,0.3844
George_Karl_0002.jpg,ok,0.4628,0.4480
George_Lopez_0001.jpg,ok,0.4694,0.5495
George_Lopez_0002.jpg,ok,0.4034,0.3485
George_Lopez_0003.jpg,ok,0.3035,0.2708
George_Lopez_0004.jpg,ok,0.2967,0.3577
George_Lopez_0005.jpg,ok,0.2834,0.3406
George_Lucas_0001.jpg,ok,0.4930,0.4564
George_Maxwell_Richards_0001.jpg,ok,0.4608,0.4840
George_McCloud_0001.jpg,ok,0.3470,0.3527
George_Murphy_0001.jpg,ok,0.3753,0.3831
George_P_Bush_0001.jpg,ok,0.5127,0.4669
George_P_Bush_0002.jpg,ok,0.5111,0.4773
George_Papandreou_0001.jpg,ok,0.4680,0.4745
George_Papandreou_0002.jpg,ok,0.5070,0.4820
George_Papandreou_0003.jpg,ok,0.4526,0.4798
George_Papandreou_0004.jpg,ok,0.4428,0.4502
George_Pataki_0001.jpg,ok,0.3831,0.4733
George_Pataki_0002.jpg,ok,0.4122,0.5002
George_Pataki_0003.jpg,ok,0.4296,0.4884
George_Pataki_0004.jpg,ok,0.5133,0.4975
George_Pataki_0005.jpg,ok,0.4459,0.4716
George_Plimpton_0001.jpg,ok,0.3813,0.4190
George_Robertson_0001.jpg,ok,0.4604,0.4643
George_Robertson_0002.jpg,ok,0.4662,0.4949
George_Robertson_0003.jpg,ok,0.4997,0.4801
George_Robertson_0004.jpg,ok,0.4986,0.5284
George_Robertson_0005.jpg,ok,0.4183,0.5193
George_Robertson_0006.jpg,ok,0.4955,0.5241
George_Robertson_0007.jpg,ok,0.4811,0.3978
George_Robertson_0008.jpg,ok,0.4367,0.3959
George_Robertson_0009.jpg,ok,0.4484,0.4067
George_Robertson_0010.jpg,ok,0.4609,0.4926
George_Robertson_0011.jpg,ok,0.5078,0.4659
George_Robertson_0012.jpg,ok,0.4335,0.4568
George_Robertson_0013.jpg,ok,0.4637,0.4171
George_Robertson_0014.jpg,ok,0.3792,0.4619
George_Robertson_0015.jpg,ok,0.4700,0.4352
George_Robertson_0016.jpg,ok,0.4538,0.5003
George_Robertson_0017.jpg,ok,0.4329,0.4953
George_Robertson_0018.jpg,ok,0.3780,0.4147
George_Robertson_0019.jpg,ok,0.4238,0.5033
George_Robertson_0020.jpg,ok,0.3888,0.3369
George_Robertson_0021.jpg,ok,0.4764,0.5091
George_Robertson_0022.jpg,ok,0.4589,0.4782
George_Roy_Hill_0001.jpg,ok,0.4025,0.4764
George_Roy_Hill_0002.jpg,ok,0.3976,0.4183
George_Ryan_0001.jpg,ok,0.4930,0.4489
George_Ryan_0002.jpg,ok,0.4677,0.4612
George_Ryan_0003.jpg,ok,0.4677,0.4856
George_Ryan_0004.jpg,ok,0.4354,0.4817
George_Tenet_0001.jpg,ok,0.4545,0.5067
George_Tenet_0002.jpg,ok,0.3318,0.4218
George_Voinovich_0001.jpg,ok,0.3437,0.4831
George_Voinovich_0002.jpg,ok,0.4894,0.4761
George_Voinovich_0003.jpg,ok,0.4180,0.4342
George_W_Bush_0001.jpg,ok,0.4559,0.4692
George_W_Bush_0002.jpg,ok,0.3677,0.4288
George_W_Bush_0003.jpg,ok,0.4590,0.4679
George_W_Bush_0004.jpg,ok,0.4435,0.4239
George_W_Bush_0005.jpg,ok,0.4089,0.4719
George_W_Bush_0006.jpg,ok,0.4193,0.4633
George_W_Bush_0007.jpg,ok,0.3917,0.4242
George_W_Bush_0008.jpg,ok,0.4703,0.4912
George_W_Bush_0009.jpg,ok,0.4394,0.4076
George_W_Bush_0010.jpg,ok,0.4361,0.4618
George_W_Bush_0011.jpg,ok,0.4469,0.4582
George_W_Bush_0012.jpg,ok,0.4136,0.4106
George_W_Bush_0013.jpg,ok,0.4151,0.4415
George_W_Bush_0014.jpg,ok,0.4337,0.4411
George_W_Bush_0015.jpg,ok,0.4443,0.4369
George_W_Bush_0016.jpg,ok,0.4599,0.4736
George_W_Bush_0017.jpg,ok,0.4185,0.4336
George_W_Bush_0018.jpg,ok,0.3781,0.4680
George_W_Bush_0019.jpg,ok,0.4423,0.4443
George_W_Bush_0020.jpg,ok,0.4704,0.4504
George_W_Bush_0021.jpg,ok,0.3993,0.4047
George_W_Bush_0022.jpg,ok,0.4756,0.4910
George_W_Bush_0023.jpg,ok,0.3961,0.4169
George_W_Bush_0024.jpg,ok,0.4450,0.4626
George_W_Bush_0025.jpg,ok,0.4301,0.4363
George_W_Bush_0026.jpg,ok,0.4564,0.4500
George_W_Bush_0027.jpg,ok,0.4184,0.4188
George_W_Bush_0028.jpg,ok,0.4725,0.4389
George_W_Bush_0029.jpg,ok,0.4589,0.4566
George_W_Bush_0030.jpg,ok,0.4628,0.4793
George_W_Bush_0031.jpg,ok,0.4595,0.4547
George_W_Bush_0032.jpg,ok,0.4315,0.4167
George_W_Bush_0033.jpg,ok,0.4444,0.4819
George_W_Bush_0034.jpg,ok,0.4312,0.4721
George_W_Bush_0035.jpg,ok,0.4113,0.4821
George_W_Bush_0036.jpg,ok,0.3924,0.4673
George_W_Bush_0037.jpg,ok,0.4585,0.4699
George_W_Bush_0038.jpg,ok,0.4307,0.4767
George_W_Bush_0039.jpg,ok,0.4592,0.4749
George_W_Bush_0040.jpg,ok,0.4104,0.4256
George_W_Bush_0041.jpg,ok,0.3809,0.4392
George_W_Bush_0042.jpg,ok,0.4452,0.4603
George_W_Bush_0043.jpg,ok,0.4357,0.4379
George_W_Bush_0044.jpg,ok,0.4551,0.4919
George_W_Bush_0045.jpg,ok,0.4577,0.4571
George_W_Bush_0046.jpg,ok,0.4573,0.4475
George_W_Bush_0047.jpg,ok,0.4153,0.5066
George_W_Bush_0048.jpg,ok,0.3928,0.4859
George_W_Bush_0049.jpg,ok,0.4035,0.4451
George_W_Bush_0050.jpg,ok,0.4628,0.4758
George_W_Bush_0051.jpg,ok,0.4624,0.4971
George_W_Bush_0052.jpg,ok,0.4305,0.4992
George_W_Bush_0053.jpg,ok,0.4647,0.4959
George_W_Bush_0054.jpg,ok,0.4702,0.4562
George_W_Bush_0055.jpg,ok,0.4156,0.4433
George_W_Bush_0056.jpg,ok,0.4801,0.4900
George_W_Bush_0057.jpg,ok,0.4521,0.4841
George_W_Bush_0058.jpg,ok,0.2960,0.3911
George_W_Bush_0059.jpg,ok,0.3819,0.4416
George_W_Bush_0060.jpg,ok,0.4906,0.4861
George_W_Bush_0061.jpg,ok,0.5040,0.4831
George_W_Bush_0062.jpg,ok,0.4041,0.4160
George_W_Bush_0063.jpg,ok,0.4449,0.4593
George_W_Bush_0064.jpg,ok,0.4242,0.4461
George_W_Bush_0065.jpg,ok,0.3862,0.4272
George_W_Bush_0066.jpg,ok,0.3882,0.4204
George_W_Bush_0067.jpg,ok,0.4101,0.4869
George_W_Bush_0068.jpg,ok,0.4313,0.4758
George_W_Bush_0069.jpg,ok,0.4346,0.4093
George_W_Bush_0070.jpg,ok,0.4507,0.4695
George_W_Bush_0071.jpg,ok,0.4582,0.4710
George_W_Bush_0072.jpg,ok,0.4291,0.4230
George_W_Bush_0073.jpg,ok,0.4703,0.4660
George_W_Bush_0074.jpg,ok,0.4377,0.4989
George_W_Bush_0075.jpg,ok,0.4201,0.4743
George_W_Bush_0076.jpg,ok,0.4381,0.4665
George_W_Bush_0077.jpg,ok,0.4390,0.4378
George_W_Bush_0078.jpg,ok,0.3883,0.4682
George_W_Bush_0079.jpg,ok,0.4540,0.4710
George_W_Bush_0080.jpg,ok,0.4520,0.4256
George_W_Bush_0081.jpg,ok,0.4570,0.4476
George_W_Bush_0082.jpg,ok,0.3882,0.4908
George_W_Bush_0083.jpg,ok,0.4209,0.4815
George_W_Bush_0084.jpg,ok,0.4124,0.4745
George_W_Bush_0085.jpg,ok,0.4519,0.4606
George_W_Bush_0086.jpg,ok,0.3967,0.4783
George_W_Bush_0087.jpg,ok,0.3754,0.4480
George_W_Bush_0088.jpg,ok,0.4147,0.4733
George_W_Bush_0089.jpg,ok,0.4403,0.4175
George_W_Bush_0090.jpg,ok,0.4303,0.4529
George_W_Bush_0091.jpg,ok,0.4578,0.4929
George_W_Bush_0092.jpg,ok,0.4633,0.4588
George_W_Bush_0093.jpg,ok,0.4317,0.4511
George_W_Bush_0094.jpg,ok,0.4434,0.3626
George_W_Bush_0095.jpg,ok,0.4890,0.5073
George_W_Bush_0096.jpg,ok,0.4812,0.4983
George_W_Bush_0097.jpg,ok,0.4234,0.4407
George_W_Bush_0098.jpg,ok,0.4193,0.4778
George_W_Bush_0099.jpg,ok,0.4663,0.4487
George_W_Bush_0100.jpg,ok,0.4438,0.4087
George_W_Bush_0101.jpg,ok,0.4335,0.4523
George_W_Bush_0102.jpg,ok,0.4702,0.4948
George_W_Bush_0103.jpg,ok,0.4631,0.4701
George_W_Bush_0104.jpg,ok,0.4473,0.4912
George_W_Bush_0105.jpg,ok,0.4182,0.4283
George_W_Bush_0106.jpg,ok,0.3701,0.3779
George_W_Bush_0107.jpg,ok,0.4109,0.4380
George_W_Bush_0108.jpg,ok,0.4265,0.4620
George_W_Bush_0109.jpg,ok,0.4287,0.4514
George_W_Bush_0110.jpg,ok,0.4092,0.4704
George_W_Bush_0111.jpg,ok,0.4166,0.4474
George_W_Bush_0112.jpg,ok,0.4467,0.4098
George_W_Bush_0113.jpg,ok,0.3485,0.4572
George_W_Bush_0114.jpg,ok,0.4398,0.4461
George_W_Bush_0115.jpg,ok,0.4345,0.4602
George_W_Bush_0116.jpg,ok,0.4584,0.3958
George_W_Bush_0117.jpg,ok,0.3882,0.4812
George_W_Bush_0118.jpg,ok,0.4514,0.4370
George_W_Bush_0119.jpg,ok,0.4540,0.4568
George_W_Bush_0120.jpg,ok,0.4675,0.4675
George_W_Bush_0121.jpg,ok,0.3585,0.4227
George_W_Bush_0122.jpg,ok,0.4510,0.4897
George_W_Bush_0123.jpg,ok,0.4506,0.4937
George_W_Bush_0124.jpg,ok,0.4305,0.4044
George_W_Bush_0125.jpg,ok,0.4570,0.4757
George_W_Bush_0126.jpg,ok,0.4357,0.4925
George_W_Bush_0127.jpg,ok,0.4190,0.4517
George_W_Bush_0128.jpg,ok,0.4328,0.4164
George_W_Bush_0129.jpg,ok,0.4199,0.4133
George_W_Bush_0130.jpg,ok,0.3415,0.4218
George_W_Bush_0131.jpg,ok,0.4516,0.4587
George_W_Bush_0132.jpg,ok,0.4491,0.4761
George_W_Bush_0133.jpg,ok,0.4401,0.4528
George_W_Bush_0134.jpg,ok,0.5115,0.4560
George_W_Bush_0135.jpg,ok,0.4625,0.4853
George_W_Bush_0136.jpg,ok,0.4832,0.4579
George_W_Bush_0137.jpg,ok,0.5004,0.4895
George_W_Bush_0138.jpg,ok,0.4206,0.4708
George_W_Bush_0139.jpg,ok,0.4326,0.4234
George_W_Bush_0140.jpg,ok,0.4137,0.4746
George_W_Bush_0141.jpg,ok,0.4777,0.4685
George_W_Bush_0142.jpg,ok,0.4602,0.4481
George_W_Bush_0143.jpg,ok,0.4615,0.4567
George_W_Bush_0144.jpg,ok,0.4593,0.4808
George_W_Bush_0145.jpg,ok,0.3767,0.4123
George_W_Bush_0146.jpg,ok,0.4654,0.4940
George_W_Bush_0147.jpg,ok,0.4099,0.3886
George_W_Bush_0148.jpg,ok,0.4111,0.4461
George_W_Bush_0149.jpg,ok,0.4592,0.4549
George_W_Bush_0150.jpg,ok,0.4417,0.4668
George_W_Bush_0151.jpg,ok,0.4264,0.4373
George_W_Bush_0152.jpg,ok,0.3834,0.4117
George_W_Bush_0153.jpg,ok,0.4291,0.4543
George_W_Bush_0154.jpg,ok,0.5053,0.4733
George_W_Bush_0155.jpg,ok,0.4128,0.4385
George_W_Bush_0156.jpg,ok,0.4433,0.4609
George_W_Bush_0157.jpg,ok,0.4524,0.4709
George_W_Bush_0158.jpg,ok,0.4645,0.4875
George_W_Bush_0159.jpg,ok,0.4338,0.4779
George_W_Bush_0160.jpg,ok,0.4195,0.4866
George_W_Bush_0161.jpg,ok,0.4144,0.4394
George_W_Bush_0162.jpg,ok,0.4763,0.4871
George_W_Bush_0163.jpg,ok,0.4144,0.4700
George_W_Bush_0164.jpg,ok,0.4658,0.4355
George_W_Bush_0165.jpg,ok,0.4237,0.4170
George_W_Bush_0166.jpg,ok,0.4228,0.4476
George_W_Bush_0167.jpg,ok,0.4466,0.4176
George_W_Bush_0168.jpg,ok,0.4278,0.4557
George_W_Bush_0169.jpg,ok,0.3816,0.4616
George_W_Bush_0170.jpg,ok,0.4536,0.4817
George_W_Bush_0171.jpg,ok,0.4708,0.4481
George_W_Bush_0172.jpg,ok,0.4625,0.4525
George_W_Bush_0173.jpg,ok,0.4609,0.4661
George_W_Bush_0174.jpg,ok,0.4490,0.4636
George_W_Bush_0175.jpg,ok,0.4786,0.5330
George_W_Bush_0176.jpg,ok,0.4317,0.4900
George_W_Bush_0177.jpg,ok,0.4476,0.4860
George_W_Bush_0178.jpg,ok,0.4530,0.4732
George_W_Bush_0179.jpg,ok,0.4313,0.4473
George_W_Bush_0180.jpg,ok,0.3754,0.4590
George_W_Bush_0181.jpg,ok,0.4276,0.4978
George_W_Bush_0182.jpg,ok,0.4665,0.5140
George_W_Bush_0183.jpg,ok,0.4531,0.4421
George_W_Bush_0184.jpg,ok,0.3913,0.4670
George_W_Bush_0185.jpg,ok,0.4367,0.4992
George_W_Bush_0186.jpg,ok,0.4391,0.4711
George_W_Bush_0187.jpg,ok,0.4116,0.4831
George_W_Bush_0188.jpg,ok,0.4613,0.4541
George_W_Bush_0189.jpg,ok,0.4223,0.4796
George_W_Bush_0190.jpg,ok,0.4599,0.4829
George_W_Bush_0191.jpg,ok,0.4276,0.4923
George_W_Bush_0192.jpg,ok,0.4327,0.4674
George_W_Bush_0193.jpg,ok,0.4797,0.4485
George_W_Bush_0194.jpg,ok,0.4403,0.4885
George_W_Bush_0195.jpg,ok,0.4732,0.4853
George_W_Bush_0196.jpg,ok,0.4320,0.4423
George_W_Bush_0197.jpg,ok,0.4062,0.3855
George_W_Bush_0198.jpg,ok,0.4769,0.4694
George_W_Bush_0199.jpg,ok,0.3700,0.4407
George_W_Bush_0200.jpg,ok,0.4272,0.4983
George_W_Bush_0201.jpg,ok,0.4183,0.4668
George_W_Bush_0202.jpg,ok,0.4267,0.4253
George_W_Bush_0203.jpg,ok,0.4319,0.4304
George_W_Bush_0204.jpg,ok,0.4867,0.4848
George_W_Bush_0205.jpg,ok,0.4740,0.4957
George_W_Bush_0206.jpg,ok,0.2988,0.4207
George_W_Bush_0207.jpg,ok,0.4101,0.4321
George_W_Bush_0208.jpg,ok,0.3931,0.4104
George_W_Bush_0209.jpg,ok,0.4336,0.4315
George_W_Bush_0210.jpg,ok,0.4369,0.4412
George_W_Bush_0211.jpg,ok,0.4575,0.4688
George_W_Bush_0212.jpg,ok,0.4327,0.4159
George_W_Bush_0213.jpg,ok,0.2654,0.3222
George_W_Bush_0214.jpg,ok,0.4276,0.3985
George_W_Bush_0215.jpg,ok,0.4106,0.3923
George_W_Bush_0216.jpg,ok,0.4671,0.4843
George_W_Bush_0217.jpg,ok,0.3863,0.4416
George_W_Bush_0218.jpg,ok,0.4837,0.4625
George_W_Bush_0219.jpg,ok,0.4623,0.4721
George_W_Bush_0220.jpg,ok,0.4224,0.4285
George_W_Bush_0221.jpg,ok,0.4519,0.4923
George_W_Bush_0222.jpg,ok,0.4477,0.3900
George_W_Bush_0223.jpg,ok,0.3939,0.4219
George_W_Bush_0224.jpg,ok,0.4086,0.4410
George_W_Bush_0225.jpg,ok,0.4253,0.4256
George_W_Bush_0226.jpg,ok,0.4495,0.4540
George_W_Bush_0227.jpg,ok,0.4445,0.4742
George_W_Bush_0228.jpg,ok,0.4202,0.4396
George_W_Bush_0229.jpg,ok,0.4335,0.4654
George_W_Bush_0230.jpg,ok,0.4273,0.4275
George_W_Bush_0231.jpg,ok,0.4879,0.4705
George_W_Bush_0232.jpg,ok,0.4093,0.4247
George_W_Bush_0233.jpg,ok,0.4279,0.4064
George_W_Bush_0234.jpg,ok,0.4278,0.4231
George_W_Bush_0235.jpg,ok,0.4006,0.4661
George_W_Bush_0236.jpg,ok,0.4581,0.4730
George_W_Bush_0237.jpg,ok,0.4085,0.3764
George_W_Bush_0238.jpg,ok,0.4502,0.4749
George_W_Bush_0239.jpg,ok,0.3993,0.4669
George_W_Bush_0240.jpg,ok,0.4452,0.4474
George_W_Bush_0241.jpg,ok,0.4645,0.4704
George_W_Bush_0242.jpg,ok,0.4432,0.4731
George_W_Bush_0243.jpg,ok,0.4380,0.4767
George_W_Bush_0244.jpg,ok,0.4737,0.4936
George_W_Bush_0245.jpg,ok,0.4055,0.4664
George_W_Bush_0246.jpg,ok,0.4003,0.4099
George_W_Bush_0247.jpg,ok,0.4416,0.4400
George_W_Bush_0248.jpg,ok,0.4724,0.4938
George_W_Bush_0249.jpg,ok,0.4333,0.4554
George_W_Bush_0250.jpg,ok,0.4665,0.4961
George_W_Bush_0251.jpg,ok,0.4299,0.4620
George_W_Bush_0252.jpg,ok,0.4320,0.4491
George_W_Bush_0253.jpg,ok,0.4929,0.4568
George_W_Bush_0254.jpg,ok,0.4485,0.4518
George_W_Bush_0255.jpg,ok,0.4266,0.4736
George_W_Bush_0256.jpg,ok,0.4528,0.4623
George_W_Bush_0257.jpg,ok,0.4392,0.4540
George_W_Bush_0258.jpg,ok,0.4305,0.4564
George_W_Bush_0259.jpg,ok,0.4512,0.4635
George_W_Bush_0260.jpg,ok,0.4455,0.4518
George_W_Bush_0261.jpg,ok,0.4511,0.4692
George_W_Bush_0262.jpg,ok,0.3343,0.4440
George_W_Bush_0263.jpg,ok,0.4404,0.4684
George_W_Bush_0264.jpg,ok,0.4665,0.4897
George_W_Bush_0265.jpg,ok,0.3923,0.4524
George_W_Bush_0266.jpg,ok,0.4207,0.4024
George_W_Bush_0267.jpg,ok,0.4646,0.4761
George_W_Bush_0268.jpg,ok,0.5282,0.4472
George_W_Bush_0269.jpg,ok,0.4795,0.4224
George_W_Bush_0270.jpg,ok,0.4111,0.4478
George_W_Bush_0271.jpg,ok,0.4832,0.4490
George_W_Bush_0272.jpg,ok,0.4421,0.4478
George_W_Bush_0273.jpg,ok,0.4458,0.4634
George_W_Bush_0274.jpg,ok,0.4546,0.4472
George_W_Bush_0275.jpg,ok,0.3897,0.4228
George_W_Bush_0276.jpg,ok,0.4271,0.4609
George_W_Bush_0277.jpg,ok,0.4240,0.4767
George_W_Bush_0278.jpg,ok,0.4336,0.4864
George_W_Bush_0279.jpg,ok,0.4609,0.4643
George_W_Bush_0280.jpg,ok,0.4740,0.5044
George_W_Bush_0281.jpg,ok,0.3987,0.4865
George_W_Bush_0282.jpg,ok,0.4337,0.4580
George_W_Bush_0283.jpg,ok,0.3826,0.4387
George_W_Bush_0284.jpg,ok,0.4141,0.4067
George_W_Bush_0285.jpg,ok,0.4582,0.4539
George_W_Bush_0286.jpg,ok,0.3689,0.3804
George_W_Bush_0287.jpg,ok,0.4190,0.3729
George_W_Bush_0288.jpg,ok,0.4537,0.4215
George_W_Bush_0289.jpg,ok,0.4612,0.4461
George_W_Bush_0290.jpg,ok,0.4399,0.4586
George_W_Bush_0291.jpg,ok,0.4306,0.4380
George_W_Bush_0292.jpg,ok,0.4082,0.4395
George_W_Bush_0293.jpg,ok,0.4600,0.4609
George_W_Bush_0294.jpg,ok,0.4616,0.4845
George_W_Bush_0295.jpg,ok,0.4285,0.4839
George_W_Bush_0296.jpg,ok,0.4180,0.4624
George_W_Bush_0297.jpg,ok,0.4630,0.4828
George_W_Bush_0298.jpg,ok,0.4713,0.4721
George_W_Bush_0299.jpg,ok,0.4520,0.4686
George_W_Bush_0300.jpg,ok,0.4006,0.4520
George_W_Bush_0301.jpg,ok,0.4284,0.4674
George_W_Bush_0302.jpg,ok,0.3874,0.4260
George_W_Bush_0303.jpg,ok,0.4389,0.4515
George_W_Bush_0304.jpg,ok,0.4243,0.4860
George_W_Bush_0305.jpg,ok,0.4032,0.4124
George_W_Bush_0306.jpg,ok,0.4486,0.4453
George_W_Bush_0307.jpg,ok,0.4366,0.4438
George_W_Bush_0308.jpg,ok,0.3579,0.3826
George_W_Bush_0309.jpg,ok,0.4328,0.4460
George_W_Bush_0310.jpg,ok,0.4340,0.4524
George_W_Bush_0311.jpg,ok,0.4814,0.4607
George_W_Bush_0312.jpg,ok,0.4588,0.4521
George_W_Bush_0313.jpg,ok,0.4311,0.3972
George_W_Bush_0314.jpg,ok,0.4264,0.4360
George_W_Bush_0315.jpg,ok,0.3740,0.4515
George_W_Bush_0316.jpg,ok,0.4212,0.4341
George_W_Bush_0317.jpg,ok,0.4875,0.4178
George_W_Bush_0318.jpg,ok,0.3991,0.4481
George_W_Bush_0319.jpg,ok,0.4268,0.4258
George_W_Bush_0320.jpg,ok,0.4434,0.3979
George_W_Bush_0321.jpg,ok,0.4324,0.4691
George_W_Bush_0322.jpg,ok,0.4161,0.4499
George_W_Bush_0323.jpg,ok,0.4478,0.4309
George_W_Bush_0324.jpg,ok,0.4169,0.4068
George_W_Bush_0325.jpg,ok,0.4266,0.4657
George_W_Bush_0326.jpg,ok,0.4160,0.4239
George_W_Bush_0327.jpg,ok,0.4425,0.4670
George_W_Bush_0328.jpg,ok,0.4588,0.4684
George_W_Bush_0329.jpg,ok,0.4569,0.3503
George_W_Bush_0330.jpg,ok,0.4472,0.4370
George_W_Bush_0331.jpg,ok,0.4523,0.4520
George_W_Bush_0332.jpg,ok,0.4241,0.4285
George_W_Bush_0333.jpg,ok,0.4373,0.5092
George_W_Bush_0334.jpg,ok,0.4979,0.4462
George_W_Bush_0335.jpg,ok,0.4002,0.4317
George_W_Bush_0336.jpg,ok,0.4953,0.4346
George_W_Bush_0337.jpg,ok,0.4688,0.4885
George_W_Bush_0338.jpg,ok,0.4432,0.4176
George_W_Bush_0339.jpg,ok,0.4377,0.4677
George_W_Bush_0340.jpg,ok,0.3598,0.2965
George_W_Bush_0341.jpg,ok,0.4742,0.4958
George_W_Bush_0342.jpg,ok,0.4485,0.4703
George_W_Bush_0343.jpg,ok,0.4000,0.3649
George_W_Bush_0344.jpg,ok,0.4467,0.4612
George_W_Bush_0345.jpg,ok,0.4098,0.4123
George_W_Bush_0346.jpg,ok,0.4569,0.4455
George_W_Bush_0347.jpg,ok,0.4563,0.5069
George_W_Bush_0348.jpg,ok,0.5004,0.4893
George_W_Bush_0349.jpg,ok,0.4499,0.3958
George_W_Bush_0350.jpg,ok,0.4288,0.4607
George_W_Bush_0351.jpg,ok,0.4804,0.4803
George_W_Bush_0352.jpg,ok,0.4436,0.4524
George_W_Bush_0353.jpg,ok,0.4503,0.4299
George_W_Bush_0354.jpg,ok,0.4179,0.4097
George_W_Bush_0355.jpg,ok,0.4165,0.4090
George_W_Bush_0356.jpg,ok,0.4451,0.4531
George_W_Bush_0357.jpg,ok,0.4797,0.4742
George_W_Bush_0358.jpg,ok,0.4309,0.4337
George_W_Bush_0359.jpg,ok,0.4533,0.4621
George_W_Bush_0360.jpg,ok,0.4667,0.5151
George_W_Bush_0361.jpg,ok,0.4431,0.4700
George_W_Bush_0362.jpg,ok,0.4172,0.4435
George_W_Bush_0363.jpg,ok,0.4315,0.4131
George_W_Bush_0364.jpg,ok,0.4621,0.4830
George_W_Bush_0365.jpg,ok,0.4427,0.4359
George_W_Bush_0366.jpg,ok,0.4404,0.4570
George_W_Bush_0367.jpg,ok,0.4544,0.4368
George_W_Bush_0368.jpg,ok,0.4583,0.4569
George_W_Bush_0369.jpg,ok,0.4468,0.4434
George_W_Bush_0370.jpg,ok,0.4399,0.4345
George_W_Bush_0371.jpg,ok,0.4526,0.4630
George_W_Bush_0372.jpg,ok,0.4344,0.4034
George_W_Bush_0373.jpg,ok,0.4342,0.4188
George_W_Bush_0374.jpg,ok,0.4416,0.4338
George_W_Bush_0375.jpg,ok,0.4400,0.4336
George_W_Bush_0376.jpg,ok,0.4334,0.4232
George_W_Bush_0377.jpg,ok,0.4623,0.4558
George_W_Bush_0378.jpg,ok,0.4270,0.4525
George_W_Bush_0379.jpg,ok,0.4486,0.4239
George_W_Bush_0380.jpg,ok,0.4418,0.3748
George_W_Bush_0381.jpg,ok,0.4634,0.4908
George_W_Bush_0382.jpg,ok,0.4350,0.5121
George_W_Bush_0383.jpg,ok,0.4532,0.4365
George_W_Bush_0384.jpg,ok,0.3635,0.4796
George_W_Bush_0385.jpg,ok,0.3920,0.4092
George_W_Bush_0386.jpg,ok,0.3971,0.4887
George_W_Bush_0387.jpg,ok,0.4351,0.4750
George_W_Bush_0388.jpg,ok,0.4762,0.4787
George_W_Bush_0389.jpg,ok,0.4433,0.4787
George_W_Bush_0390.jpg,ok,0.4438,0.4607
George_W_Bush_0391.jpg,ok,0.4586,0.5115
George_W_Bush_0392.jpg,ok,0.4950,0.4600
George_W_Bush_0393.jpg,ok,0.4063,0.4669
George_W_Bush_0394.jpg,ok,0.4520,0.4946
George_W_Bush_0395.jpg,ok,0.4702,0.4441
George_W_Bush_0396.jpg,ok,0.4643,0.5226
George_W_Bush_0397.jpg,ok,0.4327,0.4972
George_W_Bush_0398.jpg,ok,0.4484,0.4425
George_W_Bush_0399.jpg,ok,0.4262,0.4036
George_W_Bush_0400.jpg,ok,0.3932,0.4666
George_W_Bush_0401.jpg,ok,0.4335,0.4912
George_W_Bush_0402.jpg,ok,0.3468,0.4278
George_W_Bush_0403.jpg,ok,0.4455,0.4070
George_W_Bush_0404.jpg,ok,0.4198,0.4608
George_W_Bush_0405.jpg,ok,0.3795,0.4266
George_W_Bush_0406.jpg,ok,0.4598,0.4978
George_W_Bush_0407.jpg,ok,0.4338,0.4828
George_W_Bush_0408.jpg,ok,0.4623,0.4767
George_W_Bush_0409.jpg,ok,0.4478,0.4966
George_W_Bush_0410.jpg,ok,0.4764,0.4574
George_W_Bush_0411.jpg,ok,0.3966,0.4268
George_W_Bush_0412.jpg,ok,0.4611,0.4574
George_W_Bush_0413.jpg,ok,0.4339,0.4498
George_W_Bush_0414.jpg,ok,0.4477,0.4572
George_W_Bush_0415.jpg,ok,0.4450,0.4598
George_W_Bush_0416.jpg,ok,0.4658,0.4700
George_W_Bush_0417.jpg,ok,0.4150,0.4678
George_W_Bush_0418.jpg,ok,0.4346,0.3953
George_W_Bush_0419.jpg,ok,0.4623,0.4353
George_W_Bush_0420.jpg,ok,0.4149,0.4517
George_W_Bush_0421.jpg,ok,0.4843,0.5330
George_W_Bush_0422.jpg,ok,0.3274,0.2819
George_W_Bush_0423.jpg,ok,0.3982,0.4512
George_W_Bush_0424.jpg,ok,0.4205,0.4608
George_W_Bush_0425.jpg,ok,0.4582,0.5164
George_W_Bush_0426.jpg,ok,0.4921,0.4662
George_W_Bush_0427.jpg,ok,0.4577,0.4785
George_W_Bush_0428.jpg,ok,0.4315,0.4458
George_W_Bush_0429.jpg,ok,0.4369,0.4467
George_W_Bush_0430.jpg,ok,0.4337,0.4713
George_W_Bush_0431.jpg,ok,0.4203,0.4407
George_W_Bush_0432.jpg,ok,0.4141,0.4630
George_W_Bush_0433.jpg,ok,0.4749,0.5035
George_W_Bush_0434.jpg,ok,0.4921,0.4818
George_W_Bush_0435.jpg,ok,0.4420,0.4867
George_W_Bush_0436.jpg,ok,0.4463,0.4630
George_W_Bush_0437.jpg,ok,0.4275,0.4671
George_W_Bush_0438.jpg,ok,0.4082,0.4546
George_W_Bush_0439.jpg,ok,0.4432,0.4617
George_W_Bush_0440.jpg,ok,0.3840,0.3442
George_W_Bush_0441.jpg,ok,0.4683,0.4838
George_W_Bush_0442.jpg,ok,0.4598,0.5026
George_W_Bush_0443.jpg,ok,0.4478,0.4363
George_W_Bush_0444.jpg,ok,0.4309,0.4457
George_W_Bush_0445.jpg,ok,0.4244,0.4524
George_W_Bush_0446.jpg,ok,0.4235,0.4097
George_W_Bush_0447.jpg,ok,0.4412,0.4651
George_W_Bush_0448.jpg,ok,0.4843,0.4916
George_W_Bush_0449.jpg,ok,0.4682,0.4567
George_W_Bush_0450.jpg,ok,0.4746,0.4936
George_W_Bush_0451.jpg,ok,0.4509,0.4710
George_W_Bush_0452.jpg,ok,0.4803,0.5060
George_W_Bush_0453.jpg,ok,0.4418,0.4682
George_W_Bush_0454.jpg,ok,0.4295,0.4497
George_W_Bush_0455.jpg,ok,0.4064,0.4091
George_W_Bush_0456.jpg,ok,0.4446,0.4427
George_W_Bush_0457.jpg,ok,0.4383,0.4453
George_W_Bush_0458.jpg,ok,0.4327,0.4441
George_W_Bush_0459.jpg,ok,0.4235,0.4501
George_W_Bush_0460.jpg,ok,0.4312,0.4391
George_W_Bush_0461.jpg,ok,0.4246,0.4696
George_W_Bush_0462.jpg,ok,0.3941,0.4087
George_W_Bush_0463.jpg,ok,0.4668,0.4708
George_W_Bush_0464.jpg,ok,0.3721,0.4040
George_W_Bush_0465.jpg,ok,0.4000,0.4139
George_W_Bush_0466.jpg,ok,0.4081,0.4121
George_W_Bush_0467.jpg,ok,0.4259,0.4305
George_W_Bush_0468.jpg,ok,0.4399,0.4107
George_W_Bush_0469.jpg,ok,0.4078,0.4603
George_W_Bush_0470.jpg,ok,0.4564,0.4658
George_W_Bush_0471.jpg,ok,0.4632,0.4666
George_W_Bush_0472.jpg,ok,0.4482,0.4502
George_W_Bush_0473.jpg,ok,0.4018,0.4218
George_W_Bush_0474.jpg,ok,0.3694,0.4566
George_W_Bush_0475.jpg,ok,0.4442,0.4743
George_W_Bush_0476.jpg,ok,0.4268,0.4518
George_W_Bush_0477.jpg,ok,0.4558,0.4757
George_W_Bush_0478.jpg,ok,0.4040,0.4659
George_W_Bush_0479.jpg,ok,0.4299,0.4648
George_W_Bush_0480.jpg,ok,0.4560,0.4626
George_W_Bush_0481.jpg,ok,0.4540,0.4748
George_W_Bush_0482.jpg,ok,0.4506,0.4133
George_W_Bush_0483.jpg,ok,0.4207,0.4047
George_W_Bush_0484.jpg,ok,0.5196,0.4627
George_W_Bush_0485.jpg,ok,0.4380,0.4796
George_W_Bush_0486.jpg,ok,0.4239,0.4462
George_W_Bush_0487.jpg,ok,0.4387,0.4341
George_W_Bush_0488.jpg,ok,0.3994,0.4570
George_W_Bush_0489.jpg,ok,0.3894,0.4336
George_W_Bush_0490.jpg,ok,0.4847,0.3732
George_W_Bush_0491.jpg,ok,0.4306,0.4490
George_W_Bush_0492.jpg,ok,0.4254,0.4267
George_W_Bush_0493.jpg,ok,0.4182,0.4141
George_W_Bush_0494.jpg,ok,0.4729,0.5151
George_W_Bush_0495.jpg,ok,0.4605,0.4888
George_W_Bush_0496.jpg,ok,0.4454,0.5133
George_W_Bush_0497.jpg,ok,0.4429,0.3759
George_W_Bush_0498.jpg,ok,0.4278,0.4698
George_W_Bush_0499.jpg,ok,0.4106,0.4472
George_W_Bush_0500.jpg,ok,0.4131,0.3616
George_W_Bush_0501.jpg,ok,0.4331,0.4358
George_W_Bush_0502.jpg,ok,0.4417,0.3976
George_W_Bush_0503.jpg,ok,0.3602,0.3308
George_W_Bush_0504.jpg,ok,0.4641,0.4870
George_W_Bush_0505.jpg,ok,0.4206,0.4976
George_W_Bush_0506.jpg,ok,0.4505,0.4481
George_W_Bush_0507.jpg,ok,0.4211,0.3749
George_W_Bush_0508.jpg,ok,0.4152,0.4480
George_W_Bush_0509.jpg,ok,0.4331,0.3453
George_W_Bush_0510.jpg,ok,0.4702,0.4858
George_W_Bush_0511.jpg,ok,0.4747,0.4949
George_W_Bush_0512.jpg,ok,0.4884,0.4762
George_W_Bush_0513.jpg,ok,0.4667,0.4680
George_W_Bush_0514.jpg,ok,0.4394,0.4497
George_W_Bush_0515.jpg,ok,0.4328,0.4117
George_W_Bush_0516.jpg,ok,0.4297,0.4535
George_W_Bush_0517.jpg,ok,0.4089,0.4322
George_W_Bush_0518.jpg,ok,0.4773,0.4853
George_W_Bush_0519.jpg,ok,0.4337,0.4205
George_W_Bush_0520.jpg,ok,0.3954,0.4124
George_W_Bush_0521.jpg,ok,0.4464,0.4079
George_W_Bush_0522.jpg,ok,0.4540,0.4471
George_W_Bush_0523.jpg,ok,0.4402,0.4138
George_W_Bush_0524.jpg,ok,0.4793,0.4673
George_W_Bush_0525.jpg,ok,0.4463,0.4518
George_W_Bush_0526.jpg,ok,0.4579,0.4541
George_W_Bush_0527.jpg,ok,0.4309,0.4773
George_W_Bush_0528.jpg,ok,0.4490,0.4752
George_W_Bush_0529.jpg,ok,0.4557,0.4595
George_W_Bush_0530.jpg,ok,0.4691,0.4107
Georgi_Parvanov_0001.jpg,ok,0.4410,0.4906
Georgi_Parvanov_0002.jpg,ok,0.4799,0.5235
Georgia_Giddings_0001.jpg,ok,0.4836,0.4111
Georgina_Bardach_0001.jpg,ok,0.4553,0.4949
Georgina_Papin_0001.jpg,ok,0.4913,0.5022
Geovani_Lapentti_0001.jpg,ok,0.5020,0.5296
Gerald_Barbarito_0001.jpg,ok,0.4857,0.4585
Gerald_Calabrese_0001.jpg,ok,0.4652,0.5150
Gerald_Fitch_0001.jpg,ok,0.4655,0.4393
Gerald_Ford_0001.jpg,ok,0.4852,0.4353
Gerald_Riley_0001.jpg,ok,0.4499,0.4355
Geraldine_Chaplin_0001.jpg,ok,0.3874,0.4380
Geraldine_Chaplin_0002.jpg,ok,0.3151,0.4358
Geraldine_Chaplin_0003.jpg,ok,0.3392,0.4288
Geraldine_Chaplin_0004.jpg,ok,0.3698,0.3694
Geraldo_Rivera_0001.jpg,ok,0.3978,0.3724
Gerard_Butler_0001.jpg,ok,0.4321,0.4332
Gerard_Depardieu_0001.jpg,ok,0.2558,0.2383
Gerard_Depardieu_0002.jpg,ok,0.2898,0.4080
Gerard_Kleisterlee_0001.jpg,ok,0.4298,0.4629
Gerard_Tronche_0001.jpg,ok,0.4211,0.4174
Gerard_de_Cortanze_0001.jpg,ok,0.3447,0.3732
Gerardo_Gambala_0001.jpg,ok,0.4642,0.4867
Gerardo_Gambala_0002.jpg,ok,0.4130,0.4647
Gerhard_Boekel_0001.jpg,ok,0.4378,0.4265
Gerhard_Schmid_0001.jpg,ok,0.4205,0.4014
Gerhard_Schroeder_0001.jpg,ok,0.4259,0.4750
Gerhard_Schroeder_0002.jpg,ok,0.3740,0.4594
Gerhard_Schroeder_0003.jpg,ok,0.4649,0.4691
Gerhard_Schroeder_0004.jpg,ok,0.4697,0.4977
Gerhard_Schroeder_0005.jpg,ok,0.3420,0.4448
Gerhard_Schroeder_0006.jpg,ok,0.4405,0.4809
Gerhard_Schroeder_0007.jpg,ok,0.4285,0.4513
Gerhard_Schroeder_0008.jpg,ok,0.4639,0.4954
Gerhard_Schroeder_0009.jpg,ok,0.5265,0.4818
Gerhard_Schroeder_0010.jpg,ok,0.4642,0.4268
Gerhard_Schroeder_0011.jpg,ok,0.4380,0.4205
Gerhard_Schroeder_0012.jpg,ok,0.4814,0.5020
Gerhard_Schroeder_0013.jpg,ok,0.4641,0.4869
Gerhard_Schroeder_0014.jpg,ok,0.4093,0.4449
Gerhard_Schroeder_0015.jpg,ok,0.4143,0.3517
Gerhard_Schroeder_0016.jpg,ok,0.4621,0.4645
Gerhard_Schroeder_0017.jpg,ok,0.3940,0.4611
Gerhard_Schroeder_0018.jpg,ok,0.4544,0.4664
Gerhard_Schroeder_0019.jpg,ok,0.4155,0.4098
Gerhard_Schroeder_0020.jpg,ok,0.4047,0.4691
Gerhard_Schroeder_0021.jpg,ok,0.3403,0.4376
Gerhard_Schroeder_0022.jpg,ok,0.4271,0.4951
Gerhard_Schroeder_0023.jpg,ok,0.4941,0.4915
Gerhard_Schroeder_0024.jpg,ok,0.3949,0.4887
Gerhard_Schroeder_0025.jpg,ok,0.4028,0.4533
Gerhard_Schroeder_0026.jpg,ok,0.3522,0.4097
Gerhard_Schroeder_0027.jpg,ok,0.4059,0.3943
Gerhard_Schroeder_0028.jpg,ok,0.4227,0.4485
Gerhard_Schroeder_0029.jpg,ok,0.4237,0.4386
Gerhard_Schroeder_0030.jpg,ok,0.3947,0.4825
Gerhard_Schroeder_0031.jpg,ok,0.4630,0.5070
Gerhard_Schroeder_0032.jpg,ok,0.4857,0.5040
Gerhard_Schroeder_0033.jpg,ok,0.4480,0.5043
Gerhard_Schroeder_0034.jpg,ok,0.4191,0.4033
Gerhard_Schroeder_0035.jpg,ok,0.4789,0.4720
Gerhard_Schroeder_0036.jpg,ok,0.4580,0.4579
Gerhard_Schroeder_0037.jpg,ok,0.4307,0.4855
Gerhard_Schroeder_0038.jpg,ok,0.3834,0.3518
Gerhard_Schroeder_0039.jpg,ok,0.4511,0.4802
Gerhard_Schroeder_0040.jpg,ok,0.3446,0.3880
Gerhard_Schroeder_0041.jpg,ok,0.4630,0.4893
Gerhard_Schroeder_0042.jpg,ok,0.4066,0.4868
Gerhard_Schroeder_0043.jpg,ok,0.4021,0.4834
Gerhard_Schroeder_0044.jpg,ok,0.5121,0.5144
Gerhard_Schroeder_0045.jpg,ok,0.4195,0.4874
Gerhard_Schroeder_0046.jpg,ok,0.4480,0.3795
Gerhard_Schroeder_0047.jpg,ok,0.4151,0.4444
Gerhard_Schroeder_0048.jpg,ok,0.4023,0.3710
Gerhard_Schroeder_0049.jpg,ok,0.4325,0.4999
Gerhard_Schroeder_0050.jpg,ok,0.3857,0.4388
Gerhard_Schroeder_0051.jpg,ok,0.4331,0.4705
Gerhard_Schroeder_0052.jpg,ok,0.4977,0.5694
Gerhard_Schroeder_0053.jpg,ok,0.4535,0.4809
Gerhard_Schroeder_0054.jpg,ok,0.4649,0.4758
Gerhard_Schroeder_0055.jpg,ok,0.3432,0.3591
Gerhard_Schroeder_0056.jpg,ok,0.4264,0.5212
Gerhard_Schroeder_0057.jpg,ok,0.4339,0.4306
Gerhard_Schroeder_0058.jpg,ok,0.3817,0.4460
Gerhard_Schroeder_0059.jpg,ok,0.5189,0.4840
Gerhard_Schroeder_0060.jpg,ok,0.4677,0.4951
Gerhard_Schroeder_0061.jpg,ok,0.4573,0.4414
Gerhard_Schroeder_0062.jpg,ok,0.4216,0.4380
Gerhard_Schroeder_0063.jpg,ok,0.4563,0.3842
Gerhard_Schroeder_0064.jpg,ok,0.4085,0.4661
Gerhard_Schroeder_0065.jpg,ok,0.4585,0.4034
Gerhard_Schroeder_0066.jpg,ok,0.4433,0.4862
Gerhard_Schroeder_0067.jpg,ok,0.4570,0.4963
Gerhard_Schroeder_0068.jpg,ok,0.4399,0.4643
Gerhard_Schroeder_0069.jpg,ok,0.3653,0.3345
Gerhard_Schroeder_0070.jpg,ok,0.4464,0.5026
Gerhard_Schroeder_0071.jpg,ok,0.4110,0.4475
Gerhard_Schroeder_0072.jpg,ok,0.4397,0.4941
Gerhard_Schroeder_0073.jpg,ok,0.4014,0.3325
Gerhard_Schroeder_0074.jpg,ok,0.4777,0.4876
Gerhard_Schroeder_0075.jpg,ok,0.4021,0.3626
Gerhard_Schroeder_0076.jpg,ok,0.4683,0.4889
Gerhard_Schroeder_0077.jpg,ok,0.4469,0.4725
Gerhard_Schroeder_0078.jpg,ok,0.4809,0.4210
Gerhard_Schroeder_0079.jpg,ok,0.4825,0.4214
Gerhard_Schroeder_0080.jpg,ok,0.4403,0.4565
Gerhard_Schroeder_0081.jpg,ok,0.4550,0.4899
Gerhard_Schroeder_0082.jpg,ok,0.4744,0.4902
Gerhard_Schroeder_0083.jpg,ok,0.4286,0.4538
Gerhard_Schroeder_0084.jpg,ok,0.4012,0.4425
Gerhard_Schroeder_0085.jpg,ok,0.4130,0.3904
Gerhard_Schroeder_0086.jpg,ok,0.4224,0.4708
Gerhard_Schroeder_0087.jpg,ok,0.4382,0.4345
Gerhard_Schroeder_0088.jpg,ok,0.2880,0.3918
Gerhard_Schroeder_0089.jpg,ok,0.4704,0.4838
Gerhard_Schroeder_0090.jpg,ok,0.4504,0.4322
Gerhard_Schroeder_0091.jpg,ok,0.4213,0.4070
Gerhard_Schroeder_0092.jpg,ok,0.3810,0.3951
Gerhard_Schroeder_0093.jpg,ok,0.3779,0.4724
Gerhard_Schroeder_0094.jpg,ok,0.3514,0.4477
Gerhard_Schroeder_0095.jpg,ok,0.4385,0.4751
Gerhard_Schroeder_0096.jpg,ok,0.3843,0.4068
Gerhard_Schroeder_0097.jpg,ok,0.4633,0.4340
Gerhard_Schroeder_0098.jpg,ok,0.4550,0.4650
Gerhard_Schroeder_0099.jpg,ok,0.3791,0.3869
Gerhard_Schroeder_0100.jpg,ok,0.4538,0.5391
Gerhard_Schroeder_0101.jpg,ok,0.4375,0.3779
Gerhard_Schroeder_0102.jpg,ok,0.4985,0.4721
Gerhard_Schroeder_0103.jpg,ok,0.4372,0.3991
Gerhard_Schroeder_0104.jpg,ok,0.3486,0.3435
Gerhard_Schroeder_0105.jpg,ok,0.3491,0.4814
Gerhard_Schroeder_0106.jpg,ok,0.4333,0.4222
Gerhard_Schroeder_0107.jpg,ok,0.3186,0.4713
Gerhard_Schroeder_0108.jpg,ok,0.4284,0.4208
Gerhard_Schroeder_0109.jpg,ok,0.4580,0.4801
German_Khan_0001.jpg,ok,0.4839,0.5263
Gerrit_Zalm_0001.jpg,ok,0.3826,0.4985
Gerry_Adams_0001.jpg,ok,0.3769,0.2555
Gerry_Adams_0002.jpg,ok,0.4856,0.4782
Gerry_Adams_0003.jpg,ok,0.4775,0.5210
Gerry_Adams_0004.jpg,ok,0.4708,0.4189
Gerry_Adams_0005.jpg,ok,0.4235,0.4090
Gerry_Adams_0006.jpg,ok,0.3476,0.2473
Gerry_Adams_0007.jpg,ok,0.4557,0.4653
Gerry_Adams_0008.jpg,ok,0.3695,0.4369
Gerry_Kelly_0001.jpg,ok,0.4448,0.4374
Gerry_Parsky_0001.jpg,ok,0.2846,0.4553
Gerry_Parsky_0002.jpg,ok,0.3705,0.4674
Ghassan_Elashi_0001.jpg,ok,0.4745,0.4927
Gholamreza_Aghazadeh_0001.jpg,ok,0.4289,0.3938
Gian_Marco_0001.jpg,ok,0.4276,0.4043
Gian_Marco_0002.jpg,ok,0.3985,0.3831
Gian_Marco_0003.jpg,ok,0.4506,0.4828
Giancarlo_Fisichella_0001.jpg,ok,0.5308,0.4713
Gianna_Angelopoulos-Daskalaki_0001.jpg,ok,0.3513,0.4194
Gianna_Angelopoulos-Daskalaki_0002.jpg,ok,0.4036,0.4010
Gianna_Angelopoulos-Daskalaki_0003.jpg,ok,0.4104,0.4170
Gianni_Agnelli_0001.jpg,ok,0.3826,0.4020
Giannina_Facio_0001.jpg,ok,0.3944,0.4031
Gideon_Black_0001.jpg,ok,0.3594,0.4456
Gideon_Yago_0001.jpg,ok,0.3656,0.4480
Gil_Cates_0001.jpg,ok,0.4057,0.3698
Gil_de_Ferran_0001.jpg,ok,0.4254,0.4281
Gil_de_Ferran_0002.jpg,ok,0.3610,0.4698
Gil_de_Ferran_0003.jpg,ok,0.4971,0.5154
Gil_de_Ferran_0004.jpg,ok,0.4037,0.4492
Gil_de_Ferran_0005.jpg,ok,0.4329,0.4841
Gilberto_Rodriguez_Orejuela_0001.jpg,ok,0.4480,0.3701
Gilberto_Rodriguez_Orejuela_0002.jpg,ok,0.4426,0.4478
Gilberto_Rodriguez_Orejuela_0003.jpg,ok,0.4053,0.3351
Gilberto_Rodriguez_Orejuela_0004.jpg,ok,0.4905,0.5555
Gilberto_Simoni_0001.jpg,ok,0.4063,0.4750
Gilles_Panizzi_0001.jpg,ok,0.4185,0.4562
Gillian_Anderson_0001.jpg,ok,0.5889,0.5373
Gillian_Anderson_0002.jpg,ok,0.3133,0.3032
Gina_Centrello_0001.jpg,ok,0.4984,0.4525
Gina_Gershon_0001.jpg,ok,0.4385,0.5003
Gina_Lollobrigida_0001.jpg,ok,0.4299,0.4125
Gina_Torres_0001.jpg,ok,0.3103,0.3774
Giovanny_Cordoba_0001.jpg,ok,0.5117,0.5829
Gisele_Bundchen_0001.jpg,ok,0.3845,0.4501
Gisele_Bundchen_0002.jpg,ok,0.4381,0.4056
Giselle_Estefania_Tavarelli_0001.jpg,ok,0.3463,0.4070
Giulietta_Masina_0001.jpg,ok,0.4056,0.4332
Giulio_Andreotti_0001.jpg,ok,0.4924,0.5208
Giuseppe_Gibilisco_0001.jpg,ok,0.4845,0.4238
Giuseppe_Gibilisco_0002.jpg,ok,0.4831,0.4761
Giuseppe_Gibilisco_0003.jpg,ok,0.5081,0.5053
Giuseppe_Gibilisco_0004.jpg,ok,0.5017,0.5094
Giuseppe_Morchio_0001.jpg,ok,0.4517,0.4224
Glafcos_Clerides_0001.jpg,ok,0.4571,0.4285
Glafcos_Clerides_0002.jpg,ok,0.4689,0.4569
Glafcos_Clerides_0003.jpg,ok,0.4934,0.4937
Glafcos_Clerides_0004.jpg,ok,0.4887,0.5064
Glen_Clark_0001.jpg,ok,0.2592,0.2986
Glen_DaSilva_0001.jpg,ok,0.4920,0.5205
Glen_Sather_0001.jpg,ok,0.4191,0.4603
Glenn_Plummer_0001.jpg,ok,0.4338,0.5078
Glenn_Rivers_0001.jpg,ok,0.3806,0.4418
Glenn_Tilton_0001.jpg,ok,0.4128,0.4336
Gloria_Allred_0001.jpg,ok,0.5342,0.4677
Gloria_Allred_0002.jpg,ok,0.4628,0.4675
Gloria_Gaynor_0001.jpg,ok,0.4322,0.4319
Gloria_Macapagal_Arroyo_0001.jpg,ok,0.4032,0.5139
Gloria_Macapagal_Arroyo_0002.jpg,ok,0.4434,0.5196
Gloria_Macapagal_Arroyo_0003.jpg,ok,0.3195,0.4518
Gloria_Macapagal_Arroyo_0004.jpg,ok,0.3056,0.4438
Gloria_Macapagal_Arroyo_0005.jpg,ok,0.4345,0.5457
Gloria_Macapagal_Arroyo_0006.jpg,ok,0.6734,0.6445
Gloria_Macapagal_Arroyo_0007.jpg,ok,0.3707,0.5516
Gloria_Macapagal_Arroyo_0008.jpg,ok,0.3615,0.4857
Gloria_Macapagal_Arroyo_0009.jpg,ok,0.5141,0.5268
Gloria_Macapagal_Arroyo_0010.jpg,ok,0.5179,0.4827
Gloria_Macapagal_Arroyo_0011.jpg,ok,0.4333,0.4777
Gloria_Macapagal_Arroyo_0012.jpg,ok,0.4431,0.5655
Gloria_Macapagal_Arroyo_0013.jpg,ok,0.3506,0.5083
Gloria_Macapagal_Arroyo_0014.jpg,ok,0.3704,0.4104
Gloria_Macapagal_Arroyo_0015.jpg,ok,0.3791,0.5008
Gloria_Macapagal_Arroyo_0016.jpg,ok,0.3936,0.4366
Gloria_Macapagal_Arroyo_0017.jpg,ok,0.6895,0.6616
Gloria_Macapagal_Arroyo_0018.jpg,ok,0.4277,0.5201
Gloria_Macapagal_Arroyo_0019.jpg,ok,0.4759,0.5818
Gloria_Macapagal_Arroyo_0020.jpg,ok,0.3997,0.4531
Gloria_Macapagal_Arroyo_0021.jpg,ok,0.4352,0.4400
Gloria_Macapagal_Arroyo_0022.jpg,ok,0.4769,0.4971
Gloria_Macapagal_Arroyo_0023.jpg,ok,0.4319,0.5023
Gloria_Macapagal_Arroyo_0024.jpg,ok,0.4183,0.4769
Gloria_Macapagal_Arroyo_0025.jpg,ok,0.2623,0.4108
Gloria_Macapagal_Arroyo_0026.jpg,ok,0.4675,0.4946
Gloria_Macapagal_Arroyo_0027.jpg,ok,0.4550,0.4842
Gloria_Macapagal_Arroyo_0028.jpg,ok,0.3920,0.4347
Gloria_Macapagal_Arroyo_0029.jpg,ok,0.4073,0.4379
Gloria_Macapagal_Arroyo_0030.jpg,ok,0.4182,0.4255
Gloria_Macapagal_Arroyo_0031.jpg,ok,0.3812,0.4516
Gloria_Macapagal_Arroyo_0032.jpg,ok,0.4538,0.4898
Gloria_Macapagal_Arroyo_0033.jpg,ok,0.4599,0.5084
Gloria_Macapagal_Arroyo_0034.jpg,ok,0.5671,0.5700
Gloria_Macapagal_Arroyo_0035.jpg,ok,0.5017,0.4663
Gloria_Macapagal_Arroyo_0036.jpg,ok,0.4110,0.5231
Gloria_Macapagal_Arroyo_0037.jpg,ok,0.6088,0.5816
Gloria_Macapagal_Arroyo_0038.jpg,ok,0.4171,0.4988
Gloria_Macapagal_Arroyo_0039.jpg,ok,0.4524,0.4704
Gloria_Macapagal_Arroyo_0040.jpg,ok,0.4278,0.4222
Gloria_Macapagal_Arroyo_0041.jpg,ok,0.5087,0.5534
Gloria_Macapagal_Arroyo_0042.jpg,ok,0.4475,0.4088
Gloria_Macapagal_Arroyo_0043.jpg,ok,0.3727,0.4821
Gloria_Macapagal_Arroyo_0044.jpg,ok,0.3609,0.3834
Gloria_Trevi_0001.jpg,ok,0.6117,0.5321
Gloria_Trevi_0002.jpg,ok,0.4706,0.4830
Gloria_Trevi_0003.jpg,ok,0.4492,0.4554
Gloria_Trevi_0004.jpg,ok,0.4165,0.4731
Goh_Kun_0001.jpg,ok,0.4604,0.4213
Goh_Kun_0002.jpg,ok,0.5251,0.5729
Goldie_Hawn_0001.jpg,ok,0.3879,0.4693
Goldie_Hawn_0002.jpg,ok,0.3110,0.3327
Goldie_Hawn_0003.jpg,ok,0.3301,0.4185
Goldie_Hawn_0004.jpg,ok,0.4187,0.4417
Goldie_Hawn_0005.jpg,ok,0.4109,0.3472
Goldie_Hawn_0006.jpg,ok,0.3387,0.3661
Goldie_Hawn_0007.jpg,ok,0.2914,0.2896
Gong_Li_0001.jpg,ok,0.4187,0.4198
Gong_Ruina_0001.jpg,ok,0.4823,0.5120
Gonzalo_Barrientos_0001.jpg,ok,0.2371,0.1970
Gonzalo_Sanchez_de_Lozada_0001.jpg,ok,0.4363,0.5170
Gonzalo_Sanchez_de_Lozada_0002.jpg,ok,0.3980,0.4080
Gonzalo_Sanchez_de_Lozada_0003.jpg,ok,0.5067,0.4902
Gonzalo_Sanchez_de_Lozada_0004.jpg,ok,0.4103,0.4964
Gonzalo_Sanchez_de_Lozada_0005.jpg,ok,0.3734,0.3914
Gonzalo_Sanchez_de_Lozada_0006.jpg,ok,0.4618,0.4839
Gonzalo_Sanchez_de_Lozada_0007.jpg,ok,0.4768,0.5367
Gonzalo_Sanchez_de_Lozada_0008.jpg,ok,0.4688,0.5069
Gonzalo_Sanchez_de_Lozada_0009.jpg,ok,0.3482,0.3663
Gonzalo_Sanchez_de_Lozada_0010.jpg,ok,0.4596,0.5394
Gonzalo_Sanchez_de_Lozada_0011.jpg,ok,0.4736,0.4852
Gonzalo_Sanchez_de_Lozada_0012.jpg,ok,0.4093,0.4965
Goran_Persson_0001.jpg,ok,0.3529,0.4742
Goran_Persson_0002.jpg,ok,0.4108,0.4144
Goran_Zivkovic_0001.jpg,ok,0.3757,0.4663
Gordana_Grubin_0001.jpg,ok,0.4122,0.4321
Gorden_Tallis_0001.jpg,ok,0.4360,0.4335
Gordon_Brown_0001.jpg,ok,0.4488,0.4453
Gordon_Brown_0002.jpg,ok,0.4684,0.4643
Gordon_Brown_0003.jpg,ok,0.5245,0.5276
Gordon_Brown_0004.jpg,ok,0.5228,0.5064
Gordon_Brown_0005.jpg,ok,0.5027,0.4615
Gordon_Brown_0006.jpg,ok,0.4349,0.4250
Gordon_Brown_0007.jpg,ok,0.4623,0.4552
Gordon_Brown_0008.jpg,ok,0.4657,0.5020
Gordon_Brown_0009.jpg,ok,0.4615,0.4388
Gordon_Brown_0010.jpg,ok,0.4794,0.4881
Gordon_Brown_0011.jpg,ok,0.4546,0.4722
Gordon_Brown_0012.jpg,ok,0.4497,0.4870
Gordon_Brown_0013.jpg,ok,0.4447,0.4588
Gordon_Campbell_0001.jpg,ok,0.4053,0.3767
Gordon_Campbell_0002.jpg,ok,0.4640,0.4481
Gordon_Cooper_0001.jpg,ok,0.4243,0.4856
Gordon_Lightfoot_0001.jpg,ok,0.4431,0.4478
Gordon_McDonald_0001.jpg,ok,0.4623,0.4425
Gore_Verbinski_0001.jpg,ok,0.4216,0.3704
Gore_Vidal_0001.jpg,ok,0.3681,0.4437
Grace_Brinell_0001.jpg,ok,0.3437,0.4275
Grace_Dodd_0001.jpg,ok,0.5518,0.4632
Grace_Kelly_0001.jpg,ok,0.4877,0.5443
Gracia_Burnham_0001.jpg,ok,0.5182,0.5381
Graciano_Rocchigiani_0001.jpg,ok,0.4162,0.5046
Grady_Irvin_Jr_0001.jpg,ok,0.4528,0.4900
Grady_Irvin_Jr_0002.jpg,ok,0.4125,0.4765
Grady_Little_0001.jpg,ok,0.4875,0.5151
Graeme_Lloyd_0001.jpg,ok,0.5161,0.4913
Graeme_Smith_0001.jpg,ok,0.4854,0.5174
Graham_Bentley_0001.jpg,ok,0.4007,0.4896
Grant_Hackett_0001.jpg,ok,0.3346,0.4204
Grant_Hackett_0002.jpg,ok,0.4230,0.4810
Grant_Hackett_0003.jpg,ok,0.4289,0.4821
Grant_Hackett_0004.jpg,ok,0.4859,0.4598
Grant_Hackett_0005.jpg,ok,0.5095,0.4842
Grant_Rossenmeyer_0001.jpg,ok,0.6841,0.6289
Gray_Davis_0001.jpg,ok,0.5094,0.5048
Gray_Davis_0002.jpg,ok,0.4583,0.4863
Gray_Davis_0003.jpg,ok,0.4810,0.4947
Gray_Davis_0004.jpg,ok,0.3900,0.4806
Gray_Davis_0005.jpg,ok,0.4794,0.4968
Gray_Davis_0006.jpg,ok,0.4774,0.5193
Gray_Davis_0007.jpg,ok,0.5046,0.5011
Gray_Davis_0008.jpg,ok,0.3951,0.4482
Gray_Davis_0009.jpg,ok,0.4747,0.5021
Gray_Davis_0010.jpg,ok,0.4679,0.4499
Gray_Davis_0011.jpg,ok,0.4101,0.5160
Gray_Davis_0012.jpg,ok,0.5379,0.5340
Gray_Davis_0013.jpg,ok,0.4713,0.4957
Gray_Davis_0014.jpg,ok,0.4501,0.3394
Gray_Davis_0015.jpg,ok,0.4666,0.4502
Gray_Davis_0016.jpg,ok,0.4415,0.4860
Gray_Davis_0017.jpg,ok,0.4185,0.4700
Gray_Davis_0018.jpg,ok,0.4743,0.4657
Gray_Davis_0019.jpg,ok,0.4790,0.4713
Gray_Davis_0020.jpg,ok,0.4710,0.4331
Gray_Davis_0021.jpg,ok,0.4559,0.4459
Gray_Davis_0022.jpg,ok,0.4843,0.4723
Gray_Davis_0023.jpg,ok,0.5138,0.5277
Gray_Davis_0024.jpg,ok,0.4467,0.4307
Gray_Davis_0025.jpg,ok,0.3418,0.3467
Gray_Davis_0026.jpg,ok,0.4307,0.4313
Greg_Frers_0001.jpg,ok,0.3557,0.4932
Greg_Gilbert_0001.jpg,ok,0.4785,0.4781
Greg_Gilbert_0002.jpg,ok,0.3885,0.3548
Greg_Hennigar_0001.jpg,ok,0.3912,0.4153
Greg_Hodge_0001.jpg,ok,0.4268,0.4487
Greg_Kinnear_0001.jpg,ok,0.3346,0.3716
Greg_Kinsey_0001.jpg,ok,0.4972,0.4247
Greg_Ostertag_0001.jpg,ok,0.4056,0.4153
Greg_Ostertag_0002.jpg,ok,0.2910,0.2499
Greg_Owen_0001.jpg,ok,0.4289,0.4694
Greg_Owen_0002.jpg,ok,0.4194,0.3715
Greg_Rusedski_0001.jpg,ok,0.4910,0.4923
Greg_Rusedski_0002.jpg,ok,0.4333,0.4721
Greg_Rusedski_0003.jpg,ok,0.4802,0.5059
Greg_Rusedski_0004.jpg,ok,0.5028,0.5079
Gregg_Berhalter_0001.jpg,ok,0.4422,0.4025
Gregg_Popovich_0001.jpg,ok,0.4043,0.4795
Gregg_Popovich_0002.jpg,ok,0.4473,0.4878
Gregg_Popovich_0003.jpg,ok,0.3459,0.3916
Gregg_Popovich_0004.jpg,ok,0.3936,0.4065
Gregg_Popovich_0005.jpg,ok,0.3589,0.3702
Gregor_Gysi_0001.jpg,ok,0.4684,0.5009
Gregorio_Honasan_0001.jpg,ok,0.3789,0.4438
Gregorio_Rosal_0001.jpg,ok,0.5074,0.5307
Gregory_Geoffroy_0001.jpg,ok,0.4542,0.5047
Gregory_Geoffroy_0002.jpg,ok,0.4408,0.5062
Gregory_Hines_0001.jpg,ok,0.3440,0.3377
Gregory_Hines_0002.jpg,ok,0.2818,0.2575
Gregory_Peck_0001.jpg,ok,0.4257,0.4898
Gretchen_Mol_0001.jpg,ok,0.4457,0.4339
Griffin_Colvin_0001.jpg,ok,0.4970,0.5007
Gro_Harlem_Brundtland_0001.jpg,ok,0.3846,0.4635
Gro_Harlem_Brundtland_0002.jpg,ok,0.4075,0.4426
Guangdong_Ou_Guangyuan_0001.jpg,ok,0.5213,0.5638
Guennadi_Chipouline_0001.jpg,ok,0.3776,0.4076
Guenter_Verheugen_0001.jpg,ok,0.4326,0.5207
Guido_Westerwelle_0001.jpg,ok,0.3971,0.4257
Guido_Westerwelle_0002.jpg,ok,0.4008,0.5087
Guillaume_Cannet_0001.jpg,ok,0.5664,0.4932
Guillaume_Depardieu_0001.jpg,ok,0.3897,0.3781
Guillaume_Soro_0001.jpg,ok,0.4392,0.4017
Guillaume_Soro_0002.jpg,ok,0.4167,0.4096
Guillermo_Canas_0001.jpg,ok,0.4232,0.5333
Guillermo_Canas_0002.jpg,ok,0.4169,0.4994
Guillermo_Canas_0003.jpg,ok,0.4433,0.5238
Guillermo_Canas_0004.jpg,ok,0.3938,0.4919
Guillermo_Coria_0001.jpg,ok,0.5363,0.5138
Guillermo_Coria_0002.jpg,ok,0.5246,0.5202
Guillermo_Coria_0003.jpg,ok,0.4650,0.5082
Guillermo_Coria_0004.jpg,ok,0.4900,0.5101
Guillermo_Coria_0005.jpg,ok,0.5028,0.5210
Guillermo_Coria_0006.jpg,ok,0.5259,0.5115
Guillermo_Coria_0007.jpg,ok,0.4735,0.5254
Guillermo_Coria_0008.jpg,ok,0.5204,0.5106
Guillermo_Coria_0009.jpg,ok,0.4281,0.5345
Guillermo_Coria_0010.jpg,ok,0.4523,0.4951
Guillermo_Coria_0011.jpg,ok,0.4274,0.5043
Guillermo_Coria_0012.jpg,ok,0.4672,0.5068
Guillermo_Coria_0013.jpg,ok,0.4962,0.5256
Guillermo_Coria_0014.jpg,ok,0.4633,0.5226
Guillermo_Coria_0015.jpg,ok,0.5120,0.5101
Guillermo_Coria_0016.jpg,ok,0.4983,0.4912
Guillermo_Coria_0017.jpg,ok,0.4807,0.4794
Guillermo_Coria_0018.jpg,ok,0.4396,0.5117
Guillermo_Coria_0019.jpg,ok,0.5459,0.5154
Guillermo_Coria_0020.jpg,ok,0.5505,0.5382
Guillermo_Coria_0021.jpg,ok,0.4960,0.5046
Guillermo_Coria_0022.jpg,ok,0.4667,0.5287
Guillermo_Coria_0023.jpg,ok,0.4637,0.5119
Guillermo_Coria_0024.jpg,ok,0.5104,0.5161
Guillermo_Coria_0025.jpg,ok,0.3847,0.4035
Guillermo_Coria_0026.jpg,ok,0.4852,0.5370
Guillermo_Coria_0027.jpg,ok,0.5165,0.5329
Guillermo_Coria_0028.jpg,ok,0.4712,0.5011
Guillermo_Coria_0029.jpg,ok,0.5232,0.5059
Guillermo_Coria_0030.jpg,ok,0.5042,0.5149
Guillermo_Monroy_0001.jpg,ok,0.4091,0.4898
Guillermo_Ortiz_0001.jpg,ok,0.4319,0.3987
Guillermo_Ortiz_0002.jpg,ok,0.4304,0.4522
Guillermo_Ruiz_Polanco_0001.jpg,ok,0.4756,0.5104
Gunilla_Backman_0001.jpg,ok,0.3989,0.2577
Gunter_Pleuger_0001.jpg,ok,0.5085,0.5259
Gunter_Pleuger_0002.jpg,ok,0.4513,0.5009
Gunter_Pleuger_0003.jpg,ok,0.5012,0.5493
Gunter_Pleuger_0004.jpg,ok,0.4752,0.5007
Gunter_Pleuger_0005.jpg,ok,0.4792,0.4591
Gunter_Pleuger_0006.jpg,ok,0.4190,0.4753
Gunter_Pleuger_0007.jpg,ok,0.4362,0.4876
Gus_Frerotte_0001.jpg,ok,0.4241,0.4360
Gus_Van_Sant_0001.jpg,ok,0.3727,0.3946
Gus_Van_Sant_0002.jpg,ok,0.2785,0.3321
Gus_Van_Sant_0003.jpg,ok,0.3636,0.3477
Gustavo_Cisneros_0001.jpg,ok,0.4637,0.4650
Gustavo_Franco_0001.jpg,ok,0.4584,0.4673
Gustavo_Kuerten_0001.jpg,ok,0.5177,0.5004
Gustavo_Kuerten_0002.jpg,ok,0.4951,0.4947
Gustavo_Kuerten_0003.jpg,ok,0.4603,0.4954
Gustavo_Noboa_0001.jpg,ok,0.3804,0.4933
Gustavo_Terrazas_0001.jpg,ok,0.2995,0.4923
Guus_Hiddink_0001.jpg,ok,0.4061,0.4344
Guy_Hemmings_0001.jpg,ok,0.3838,0.4283
Guy_Hemmings_0002.jpg,ok,0.3094,0.4200
Guy_Ritchie_0001.jpg,ok,0.3887,0.4016
Guy_Ritchie_0002.jpg,ok,0.4834,0.4471
Guy_Verhofstadt_0001.jpg,ok,0.4321,0.4417
Gwen_Stefani_0001.jpg,ok,0.3929,0.4205
Gwendal_Peizerat_0001.jpg,ok,0.3616,0.4774
Gwendal_Peizerat_0002.jpg,ok,0.4058,0.4329
Gwendal_Peizerat_0003.jpg,ok,0.2471,0.3706
Gwyneth_Paltrow_0001.jpg,ok,0.3360,0.2907
Gwyneth_Paltrow_0002.jpg,ok,0.3482,0.3378
Gwyneth_Paltrow_0003.jpg,ok,0.3527,0.3736
Gwyneth_Paltrow_0004.jpg,ok,0.3507,0.3758
Gwyneth_Paltrow_0005.jpg,ok,0.4518,0.4376
Gwyneth_Paltrow_0006.jpg,ok,0.3436,0.3786
Habib_Hisham_0001.jpg,ok,0.3980,0.5235
Habib_Rizieq_0001.jpg,ok,0.2866,0.3699
Habib_Rizieq_0002.jpg,ok,0.4208,0.4700
Habib_Rizieq_0003.jpg,ok,0.4561,0.4799
Habib_Rizieq_0004.jpg,ok,0.4272,0.4164
Habib_Rizieq_0005.jpg,ok,0.3956,0.4477
Hadley_Bilger_0001.jpg,ok,0.3720,0.3835
Hal_Gehman_0001.jpg,ok,0.3989,0.4821
Hal_Gehman_0002.jpg,ok,0.4211,0.4512
Hal_Gehman_0003.jpg,ok,0.3865,0.4150
Hal_Gehman_0004.jpg,ok,0.3182,0.4200
Hal_Gehman_0005.jpg,ok,0.3864,0.4528
Hal_McCoy_0001.jpg,ok,0.4613,0.4220
Hal_Sellers_0001.jpg,ok,0.5121,0.5105
Hal_Sutton_0001.jpg,ok,0.4033,0.4419
Hal_Sutton_0002.jpg,ok,0.5038,0.4814
Halbert_Fillinger_0001.jpg,ok,0.4531,0.4524
Halle_Berry_0001.jpg,ok,0.3459,0.4180
Halle_Berry_0002.jpg,ok,0.3920,0.4760
Halle_Berry_0003.jpg,ok,0.3613,0.4604
Halle_Berry_0004.jpg,ok,0.3738,0.4497
Halle_Berry_0005.jpg,ok,0.3750,0.3873
Halle_Berry_0006.jpg,ok,0.3871,0.4255
Halle_Berry_0007.jpg,ok,0.3077,0.4142
Halle_Berry_0008.jpg,ok,0.3366,0.4618
Halle_Berry_0009.jpg,ok,0.2966,0.3321
Halle_Berry_0010.jpg,ok,0.4015,0.3800
Halle_Berry_0011.jpg,ok,0.3605,0.3448
Halle_Berry_0012.jpg,ok,0.3616,0.3928
Halle_Berry_0013.jpg,ok,0.2514,0.2342
Halle_Berry_0014.jpg,ok,0.4165,0.3803
Halle_Berry_0015.jpg,ok,0.4454,0.4648
Halle_Berry_0016.jpg,ok,0.4164,0.4855
Ham_Pong-sil_0001.jpg,ok,0.5036,0.5117
Hama_Arba_Diallo_0001.jpg,ok,0.4275,0.4317
Hamad_Bin_Isa_al-Khalifa_0001.jpg,ok,0.4987,0.5250
Hamad_Bin_Jassim_0001.jpg,ok,0.4547,0.4620
Hamid_Efendi_0001.jpg,ok,0.4200,0.3836
Hamid_Karzai_0001.jpg,ok,0.3983,0.3527
Hamid_Karzai_0002.jpg,ok,0.3582,0.4092
Hamid_Karzai_0003.jpg,ok,0.3160,0.4338
Hamid_Karzai_0004.jpg,ok,0.3281,0.4030
Hamid_Karzai_0005.jpg,ok,0.4507,0.4507
Hamid_Karzai_0006.jpg,ok,0.4888,0.4559
Hamid_Karzai_0007.jpg,ok,0.5276,0.5170
Hamid_Karzai_0008.jpg,ok,0.4585,0.4149
Hamid_Karzai_0009.jpg,ok,0.5122,0.4611
Hamid_Karzai_0010.jpg,ok,0.4455,0.4574
Hamid_Karzai_0011.jpg,ok,0.3804,0.4896
Hamid_Karzai_0012.jpg,ok,0.3712,0.3617
Hamid_Karzai_0013.jpg,ok,0.4185,0.4943
Hamid_Karzai_0014.jpg,ok,0.4792,0.4865
Hamid_Karzai_0015.jpg,ok,0.4549,0.4970
Hamid_Karzai_0016.jpg,ok,0.4998,0.5204
Hamid_Karzai_0017.jpg,ok,0.3697,0.4389
Hamid_Karzai_0018.jpg,ok,0.4437,0.4923
Hamid_Karzai_0019.jpg,ok,0.4887,0.5006
Hamid_Karzai_0020.jpg,ok,0.4831,0.4902
Hamid_Karzai_0021.jpg,ok,0.4984,0.4903
Hamid_Karzai_0022.jpg,ok,0.4317,0.5404
Hamid_Reza_Asefi_0001.jpg,ok,0.4022,0.4046
Hamza_Atiya_Muhsen_0001.jpg,ok,0.3333,0.4040
Hamzah_Haz_0001.jpg,ok,0.4289,0.5056
Hamzah_Haz_0002.jpg,ok,0.3619,0.4454
Han_Sung_Joo_0001.jpg,ok,0.4282,0.4073
Hana_Makhmalbaf_0001.jpg,ok,0.2884,0.4722
Hana_Sadiq_0001.jpg,ok,0.4053,0.3754
Hana_Urushima_0001.jpg,ok,0.3813,0.4509
Hanan_Ashrawi_0001.jpg,ok,0.4242,0.4521
Hanan_Ashrawi_0002.jpg,ok,0.3574,0.4468
Hank_Aaron_0001.jpg,ok,0.4419,0.4785
Hank_Azaria_0001.jpg,ok,0.2797,0.3089
Hank_Bass_0001.jpg,ok,0.4592,0.4292
Hank_McKinnell_0001.jpg,ok,0.5155,0.5254
Hank_Stram_0001.jpg,ok,0.3831,0.4174
Hannah_Stockbauer_0001.jpg,ok,0.3449,0.4524
Hannah_Stockbauer_0002.jpg,ok,0.4346,0.4880
Hanns_Schumacher_0001.jpg,ok,0.4338,0.4502
Hans-Christian_Schmid_0001.jpg,ok,0.4426,0.3761
Hans_Blix_0001.jpg,ok,0.4653,0.4591
Hans_Blix_0002.jpg,ok,0.4514,0.5005
Hans_Blix_0003.jpg,ok,0.4222,0.4577
Hans_Blix_0004.jpg,ok,0.4521,0.5071
Hans_Blix_0005.jpg,ok,0.4959,0.4740
Hans_Blix_0006.jpg,ok,0.4181,0.4807
Hans_Blix_0007.jpg,ok,0.4617,0.4843
Hans_Blix_0008.jpg,ok,0.4355,0.4026
Hans_Blix_0009.jpg,ok,0.4168,0.4533
Hans_Blix_0010.jpg,ok,0.4309,0.4337
Hans_Blix_0011.jpg,ok,0.4057,0.4245
Hans_Blix_0012.jpg,ok,0.4295,0.4440
Hans_Blix_0013.jpg,ok,0.4501,0.4279
Hans_Blix_0014.jpg,ok,0.4670,0.4729
Hans_Blix_0015.jpg,ok,0.4468,0.4496
Hans_Blix_0016.jpg,ok,0.3906,0.4995
Hans_Blix_0017.jpg,ok,0.4528,0.3976
Hans_Blix_0018.jpg,ok,0.4422,0.3938
Hans_Blix_0019.jpg,ok,0.4758,0.5182
Hans_Blix_0020.jpg,ok,0.4909,0.5071
Hans_Blix_0021.jpg,ok,0.4447,0.4423
Hans_Blix_0022.jpg,ok,0.4656,0.4671
Hans_Blix_0023.jpg,ok,0.3957,0.3951
Hans_Blix_0024.jpg,ok,0.4368,0.3979
Hans_Blix_0025.jpg,ok,0.4557,0.4641
Hans_Blix_0026.jpg,ok,0.4757,0.5227
Hans_Blix_0027.jpg,ok,0.4649,0.4897
Hans_Blix_0028.jpg,ok,0.5090,0.4793
Hans_Blix_0029.jpg,ok,0.3540,0.2977
Hans_Blix_0030.jpg,ok,0.4184,0.3995
Hans_Blix_0031.jpg,ok,0.4083,0.3816
Hans_Blix_0032.jpg,ok,0.4340,0.4375
Hans_Blix_0033.jpg,ok,0.3561,0.4351
Hans_Blix_0034.jpg,ok,0.3279,0.3234
Hans_Blix_0035.jpg,ok,0.3911,0.3170
Hans_Blix_0036.jpg,ok,0.4353,0.4511
Hans_Blix_0037.jpg,ok,0.4023,0.4810
Hans_Blix_0038.jpg,ok,0.4494,0.4200
Hans_Blix_0039.jpg,ok,0.4948,0.5032
Hans_Corell_0001.jpg,ok,0.4470,0.4569
Hans_Eichel_0001.jpg,ok,0.4338,0.4907
Hans_Eichel_0002.jpg,ok,0.4366,0.3971
Hans_Eichel_0003.jpg,ok,0.4602,0.4731
Hans_Leistritz_0001.jpg,ok,0.4225,0.4533
Hans_Peter_Briegel_0001.jpg,ok,0.4373,0.5336
Harald_Ringstorff_0001.jpg,ok,0.4798,0.3870
Harbhajan_Singh_0001.jpg,ok,0.4417,0.4862
Harbhajan_Singh_0002.jpg,ok,0.4957,0.4521
Harland_Braun_0001.jpg,ok,0.5018,0.4653
Harold_Brown_0001.jpg,ok,0.4522,0.5415
Harold_Scott_0001.jpg,ok,0.3399,0.4104
Harriet_Lessy_0001.jpg,ok,0.4029,0.3742
Harrison_Ford_0001.jpg,ok,0.4056,0.4109
Harrison_Ford_0002.jpg,ok,0.3780,0.4295
Harrison_Ford_0003.jpg,ok,0.3934,0.4185
Harrison_Ford_0004.jpg,ok,0.3670,0.4418
Harrison_Ford_0005.jpg,ok,0.4449,0.4311
Harrison_Ford_0006.jpg,ok,0.4358,0.4628
Harrison_Ford_0007.jpg,ok,0.4185,0.4616
Harrison_Ford_0008.jpg,ok,0.4465,0.4698
Harrison_Ford_0009.jpg,ok,0.4017,0.4170
Harrison_Ford_0010.jpg,ok,0.3977,0.4695
Harrison_Ford_0011.jpg,ok,0.4781,0.5019
Harrison_Ford_0012.jpg,ok,0.4228,0.4264
Harry_Belafonte_0001.jpg,ok,0.4126,0.3918
Harry_Belafonte_0002.jpg,ok,0.4091,0.4470
Harry_Kalas_0001.jpg,ok,0.3249,0.4412
Harry_Kalas_0002.jpg,ok,0.3685,0.3851
Harry_Schmidt_0001.jpg,ok,0.5144,0.5308
Harry_Schmidt_0002.jpg,ok,0.4900,0.4519
Harry_Schmidt_0003.jpg,ok,0.5011,0.4584
Harry_Schmidt_0004.jpg,ok,0.5635,0.5017
Hartmut_Mehdorn_0001.jpg,ok,0.4655,0.4654
Harvey_Fierstein_0001.jpg,ok,0.3970,0.4467
Harvey_Wachsman_0001.jpg,ok,0.4160,0.4824
Harvey_Weinstein_0001.jpg,ok,0.4209,0.4074
Harvey_Weinstein_0002.jpg,ok,0.4374,0.3498
Hasan_Wirayuda_0001.jpg,ok,0.3933,0.4130
Hashan_Tillakaratne_0001.jpg,ok,0.5114,0.4946
Hashim_Thaci_0001.jpg,ok,0.5312,0.4979
Hashim_Thaci_0002.jpg,ok,0.4271,0.4429
Hassan_Nasrallah_0001.jpg,ok,0.4479,0.4456
Hassan_Nasrallah_0002.jpg,ok,0.4364,0.4687
Hassan_Wirajuda_0001.jpg,ok,0.4862,0.5397
Hassan_Wirajuda_0002.jpg,ok,0.4403,0.4858
Hassanal_Bolkiah_0001.jpg,ok,0.4931,0.4646
Hatsui_Hasuike_0001.jpg,ok,0.4572,0.4251
Haydar_Aliyev_0001.jpg,ok,0.4314,0.4560
Hayden_Panettiere_0001.jpg,ok,0.3877,0.3851
Hayley_Tullett_0001.jpg,ok,0.4642,0.5036
Hayley_Tullett_0002.jpg,ok,0.5446,0.4578
Heath_Ledger_0001.jpg,ok,0.4847,0.4603
Heath_Ledger_0002.jpg,ok,0.4933,0.3583
Heath_Ledger_0003.jpg,ok,0.4249,0.4369
Heath_Ledger_0004.jpg,ok,0.4007,0.2968
Heather_Chinnock_0001.jpg,ok,0.7070,0.6236
Heather_Locklear_0001.jpg,ok,0.3639,0.3607
Heather_Mills_0001.jpg,ok,0.3570,0.4614
Heather_Mills_0002.jpg,ok,0.3640,0.3058
Heather_Mills_0003.jpg,ok,0.3584,0.4531
Heather_Mills_0004.jpg,ok,0.4326,0.3982
Heather_Whitestone_McCallum_0001.jpg,ok,0.4301,0.3483
Heather_Willson_0001.jpg,ok,0.3742,0.3996
Hector_Babenco_0001.jpg,ok,0.4994,0.4498
Hector_Babenco_0002.jpg,ok,0.2972,0.3527
Hector_Babenco_0003.jpg,ok,0.4743,0.4146
Hector_Grullon_0001.jpg,ok,0.4442,0.4315
Hector_Mitelman_0001.jpg,ok,0.4302,0.4630
Hedayat_Amin_Arsala_0001.jpg,ok,0.4649,0.4618
Hee-Won_Han_0001.jpg,ok,0.5112,0.5196
Hee-Won_Han_0002.jpg,ok,0.4253,0.5252
Hee-Won_Han_0003.jpg,ok,0.5398,0.5002
Heidi_Fleiss_0001.jpg,ok,0.3057,0.3685
Heidi_Fleiss_0002.jpg,ok,0.3120,0.3640
Heidi_Fleiss_0003.jpg,ok,0.4092,0.3850
Heidi_Fleiss_0004.jpg,ok,0.3733,0.4190
Heidi_Klum_0001.jpg,ok,0.3653,0.4623
Heidi_Klum_0002.jpg,ok,0.4013,0.4031
Heidi_Klum_0003.jpg,ok,0.3065,0.2831
Heidi_Klum_0004.jpg,ok,0.3281,0.4202
Heidi_Klum_0005.jpg,ok,0.4188,0.4395
Heinrich_Wolfgang_0001.jpg,ok,0.3645,0.3713
Heinz_Feldmann_0001.jpg,ok,0.4459,0.3959
Heinz_Feldmann_0002.jpg,ok,0.5282,0.4501
Heinz_Feldmann_0003.jpg,ok,0.4919,0.4986
Heizo_Takenaka_0001.jpg,ok,0.4765,0.4626
Heizo_Takenaka_0002.jpg,ok,0.4985,0.5194
Heizo_Takenaka_0003.jpg,ok,0.4900,0.5411
Heizo_Takenaka_0004.jpg,ok,0.4650,0.5189
Heizo_Takenaka_0005.jpg,ok,0.4341,0.5326
Heizo_Takenaka_0006.jpg,ok,0.4774,0.5055
Heizo_Takenaka_0007.jpg,ok,0.4511,0.4492
Heizo_Takenaka_0008.jpg,ok,0.4924,0.4510
Heizo_Takenaka_0009.jpg,ok,0.4752,0.5290
Helen_Alvare_0001.jpg,ok,0.3882,0.4777
Helen_Clark_0001.jpg,ok,0.4569,0.4968
Helen_Clark_0002.jpg,ok,0.4826,0.4693
Helen_Clark_0003.jpg,ok,0.3523,0.4209
Helen_Clark_0004.jpg,ok,0.3969,0.4593
Helen_Darling_0001.jpg,ok,0.4184,0.4632
Helena_Schneider_0001.jpg,ok,0.2698,0.2764
Helene_Eksterowicz_0001.jpg,ok,0.3037,0.2551
Helio_Castroneves_0001.jpg,ok,0.4139,0.3367
Helio_Rubens_Garcia_0001.jpg,ok,0.4291,0.4093
Helmut_Panke_0001.jpg,ok,0.3656,0.4394
Helo_Pinheiro_0001.jpg,ok,0.3113,0.3903
Henk_Bekedam_0001.jpg,ok,0.3335,0.3974
Henning_Scherf_0001.jpg,ok,0.2788,0.3913
Henri_Proglio_0001.jpg,ok,0.4463,0.4666
Henrique_Meirelles_0001.jpg,ok,0.4354,0.4826
Henrique_Meirelles_0002.jpg,ok,0.4807,0.4652
Henry_Castellanos_0001.jpg,ok,0.3376,0.4147
Henry_Hilow_0001.jpg,ok,0.4651,0.3852
Henry_Hyde_0001.jpg,ok,0.4724,0.4432
Henry_Kissinger_0001.jpg,ok,0.4338,0.4631
Henry_Suazo_0001.jpg,ok,0.3231,0.3250
Herb_Brooks_0001.jpg,ok,0.3907,0.4224
Herb_Dhaliwal_0001.jpg,ok,0.3672,0.4166
Herb_Ritts_0001.jpg,ok,0.3693,0.3793
Herb_Sendek_0001.jpg,ok,0.3856,0.4716
Herb_Sendek_0002.jpg,ok,0.4000,0.4671
Herb_Sendek_0003.jpg,ok,0.3887,0.3641
Herb_Sendek_0004.jpg,ok,0.3396,0.4490
Herbert_Haupt_0001.jpg,ok,0.3805,0.4014
Herbie_Hancock_0001.jpg,ok,0.4237,0.4831
Herman_Edwards_0001.jpg,ok,0.4819,0.4300
Herman_Moore_0001.jpg,ok,0.3546,0.3964
Hermando_Harton_0001.jpg,ok,0.4243,0.3893
Hermann_Maier_0001.jpg,ok,0.4086,0.3952
Hermann_Maier_0002.jpg,ok,0.3486,0.4320
Hermes_Gamonal_0001.jpg,ok,0.4347,0.5102
Hermogenes_Ebdane_Jr_0001.jpg,ok,0.4809,0.4762
Hernan_Crespo_0001.jpg,ok,0.3771,0.3193
Hernan_Diaz_0001.jpg,ok,0.5485,0.5417
Herta_Daeubler-Gmelin_0001.jpg,ok,0.4811,0.4994
Herta_Daeubler-Gmelin_0002.jpg,ok,0.4484,0.4683
Hestrie_Cloette_0001.jpg,ok,0.4556,0.4653
Hichiro_Naemura_0001.jpg,ok,0.4385,0.5377
Hichiro_Naemura_0002.jpg,ok,0.5184,0.5216
Hideki_Matsui_0001.jpg,ok,0.4704,0.4550
Hideki_Matsui_0002.jpg,ok,0.4061,0.4438
Hideki_Sato_0001.jpg,ok,0.4099,0.4902
Hidetoshi_Nakata_0001.jpg,ok,0.5464,0.4846
Hikmat_al-Azzawi_0001.jpg,ok,0.5240,0.5355
Hilary_Duff_0001.jpg,ok,0.3350,0.3892
Hilary_Duff_0002.jpg,ok,0.3912,0.4429
Hilary_Duff_0003.jpg,ok,0.3403,0.3123
Hilary_McKay_0001.jpg,ok,0.3307,0.4242
Hilda_Fortune_0001.jpg,ok,0.4269,0.4194
Hillary_Clinton_0001.jpg,ok,0.4611,0.4677
Hillary_Clinton_0002.jpg,ok,0.4395,0.4593
Hillary_Clinton_0003.jpg,ok,0.3887,0.4175
Hillary_Clinton_0004.jpg,ok,0.3382,0.3141
Hillary_Clinton_0005.jpg,ok,0.3285,0.4223
Hillary_Clinton_0006.jpg,ok,0.4133,0.4423
Hillary_Clinton_0007.jpg,ok,0.3356,0.4621
Hillary_Clinton_0008.jpg,ok,0.4000,0.4514
Hillary_Clinton_0009.jpg,ok,0.3960,0.3667
Hillary_Clinton_0010.jpg,ok,0.3854,0.3861
Hillary_Clinton_0011.jpg,ok,0.3393,0.3664
Hillary_Clinton_0012.jpg,ok,0.2168,0.4256
Hillary_Clinton_0013.jpg,ok,0.3946,0.4413
Hillary_Clinton_0014.jpg,ok,0.3548,0.4376
Hilmi_Akin_Zorlu_0001.jpg,ok,0.4360,0.4612
Hilmi_Ozkok_0001.jpg,ok,0.4428,0.5243
Hilmi_Ozkok_0002.jpg,ok,0.4366,0.5296
Himmler_Rebu_0001.jpg,ok,0.4245,0.4115
Hipolito_Mejia_0001.jpg,ok,0.4588,0.4813
Hipolito_Mejia_0002.jpg,ok,0.3986,0.3994
Hipolito_Mejia_0003.jpg,ok,0.4056,0.3363
Hipolito_Mejia_0004.jpg,ok,0.4540,0.4639
Hiroki_Gomi_0001.jpg,ok,0.5481,0.5276
Hiroyuki_Yoshino_0001.jpg,ok,0.4208,0.4452
Hisao_Oguchi_0001.jpg,ok,0.3475,0.4091
Hisao_Oguchi_0002.jpg,ok,0.3526,0.3634
Hisashi_Owada_0001.jpg,ok,0.4836,0.4960
Hisham_Halawi_0001.jpg,ok,0.3639,0.5212
Hitomi_Soga_0001.jpg,ok,0.3782,0.4726
Hitomi_Soga_0002.jpg,ok,0.4457,0.4428
Hitomi_Soga_0003.jpg,ok,0.4935,0.5184
Hitomi_Soga_0004.jpg,ok,0.4527,0.5468
Hitomi_Soga_0005.jpg,ok,0.4335,0.5239
Hitoshi_Oshitani_0001.jpg,ok,0.2840,0.4067
Hitoshi_Tanaka_0001.jpg,ok,0.4320,0.4326
Hoda_Asfor_0001.jpg,ok,0.5107,0.5039
Holly_Hunter_0001.jpg,ok,0.4181,0.3903
Holly_Hunter_0002.jpg,ok,0.3682,0.4568
Holly_Hunter_0003.jpg,ok,0.4743,0.4390
Holly_Hunter_0004.jpg,ok,0.3943,0.3658
Holly_Hunter_0005.jpg,ok,0.4331,0.3628
Holly_Hunter_0006.jpg,ok,0.3189,0.2689
Holly_Hunter_0007.jpg,ok,0.4537,0.3679
Holly_Robinson_Peete_0001.jpg,ok,0.3453,0.3918
Hong_Myung_0001.jpg,ok,0.4233,0.5278
Hootie_Johnson_0001.jpg,ok,0.4988,0.4360
Hootie_Johnson_0002.jpg,ok,0.4268,0.4823
Horace_Donovan_Reid_0001.jpg,ok,0.4063,0.4027
Horace_Newcomb_0001.jpg,ok,0.4459,0.3766
Horacio_Julio_Pina_0001.jpg,ok,0.4547,0.5042
Horacio_de_Jesus_Montoya_0001.jpg,ok,0.3289,0.5551
Horst_Koehler_0001.jpg,ok,0.4726,0.4476
Horst_Koehler_0002.jpg,ok,0.4786,0.4975
Horst_Koehler_0003.jpg,ok,0.4603,0.4516
Hosni_Mubarak_0001.jpg,ok,0.4002,0.4070
Hosni_Mubarak_0002.jpg,ok,0.4083,0.3958
Hosni_Mubarak_0003.jpg,ok,0.4325,0.4148
Hosni_Mubarak_0004.jpg,ok,0.4024,0.4907
Hosni_Mubarak_0005.jpg,ok,0.4258,0.5166
Hosni_Mubarak_0006.jpg,ok,0.4065,0.4787
Hosni_Mubarak_0007.jpg,ok,0.5039,0.5808
Hosni_Mubarak_0008.jpg,ok,0.3465,0.4347
Hosni_Mubarak_0009.jpg,ok,0.4168,0.5133
Howard_Dean_0001.jpg,ok,0.3848,0.4148
Howard_Dean_0002.jpg,ok,0.4658,0.4594
Howard_Dean_0003.jpg,ok,0.4470,0.4403
Howard_Dean_0004.jpg,ok,0.4473,0.4583
Howard_Dean_0005.jpg,ok,0.4404,0.4457
Howard_Dean_0006.jpg,ok,0.2929,0.3576
Howard_Dean_0007.jpg,ok,0.2939,0.4161
Howard_Dean_0008.jpg,ok,0.3855,0.4416
Howard_Dean_0009.jpg,ok,0.4064,0.4191
Howard_Dean_0010.jpg,ok,0.4601,0.4390
Howard_Dean_0011.jpg,ok,0.5384,0.5099
Howard_Dean_0012.jpg,ok,0.4165,0.4524
Howard_Ross_0001.jpg,ok,0.4628,0.4857
Howard_Schultz_0001.jpg,ok,0.3851,0.3311
Howard_Schultz_0002.jpg,ok,0.4544,0.4798
Howard_Smith_0001.jpg,ok,0.4057,0.4178
Howard_Smith_0002.jpg,ok,0.4801,0.5176
Howard_Stern_0001.jpg,ok,0.3520,0.3194
Howard_Stringer_0001.jpg,ok,0.4256,0.3989
Howard_Wilkinson_0001.jpg,ok,0.5573,0.4968
Hrithik_Roshan_0001.jpg,ok,0.3353,0.4496
Hu_Jintao_0001.jpg,ok,0.3708,0.5136
Hu_Jintao_0002.jpg,ok,0.5392,0.5388
Hu_Jintao_0003.jpg,ok,0.3976,0.4190
Hu_Jintao_0004.jpg,ok,0.5209,0.5235
Hu_Jintao_0005.jpg,ok,0.4970,0.5107
Hu_Jintao_0006.jpg,ok,0.5253,0.5096
Hu_Jintao_0007.jpg,ok,0.4869,0.5199
Hu_Jintao_0008.jpg,ok,0.5088,0.5114
Hu_Jintao_0009.jpg,ok,0.5175,0.5639
Hu_Jintao_0010.jpg,ok,0.5343,0.5546
Hu_Jintao_0011.jpg,ok,0.5266,0.4898
Hu_Jintao_0012.jpg,ok,0.4640,0.4049
Hu_Jintao_0013.jpg,ok,0.5325,0.5292
Hu_Jintao_0014.jpg,ok,0.5288,0.5258
Hu_Jintao_0015.jpg,ok,0.5543,0.5126
Hu_Maoyuan_0001.jpg,ok,0.4832,0.4848
Huan_Chung_Yi_0001.jpg,ok,0.4544,0.4721
Huang_Suey-Sheng_0001.jpg,ok,0.5282,0.5557
Hubert_Green_0001.jpg,ok,0.4325,0.4821
Hubie_Brown_0001.jpg,ok,0.4489,0.4903
Hugh_Campbell_0001.jpg,ok,0.4170,0.4822
Hugh_Carey_0001.jpg,ok,0.4730,0.4559
Hugh_Grant_0001.jpg,ok,0.4168,0.4939
Hugh_Grant_0002.jpg,ok,0.4136,0.4633
Hugh_Grant_0003.jpg,ok,0.3801,0.4129
Hugh_Grant_0004.jpg,ok,0.3930,0.4381
Hugh_Grant_0005.jpg,ok,0.4016,0.2999
Hugh_Grant_0006.jpg,ok,0.4123,0.4276
Hugh_Grant_0007.jpg,ok,0.3596,0.3942
Hugh_Grant_0008.jpg,ok,0.3564,0.3152
Hugh_Grant_0009.jpg,ok,0.4476,0.4139
Hugh_Hefner_0001.jpg,ok,0.4787,0.4431
Hugh_Jessiman_0001.jpg,ok,0.4833,0.4765
Hugh_Miller_0001.jpg,ok,0.4692,0.4872
Hugo_Chavez_0001.jpg,ok,0.4772,0.4947
Hugo_Chavez_0002.jpg,ok,0.4423,0.4681
Hugo_Chavez_0003.jpg,ok,0.4852,0.5197
Hugo_Chavez_0004.jpg,ok,0.3303,0.4470
Hugo_Chavez_0005.jpg,ok,0.4857,0.5173
Hugo_Chavez_0006.jpg,ok,0.5313,0.5294
Hugo_Chavez_0007.jpg,ok,0.4983,0.5422
Hugo_Chavez_0008.jpg,ok,0.3696,0.4968
Hugo_Chavez_0009.jpg,ok,0.3245,0.4276
Hugo_Chavez_0010.jpg,ok,0.4312,0.3713
Hugo_Chavez_0011.jpg,ok,0.3804,0.4754
Hugo_Chavez_0012.jpg,ok,0.4979,0.4708
Hugo_Chavez_0013.jpg,ok,0.4301,0.4999
Hugo_Chavez_0014.jpg,ok,0.4192,0.4999
Hugo_Chavez_0015.jpg,ok,0.5219,0.5119
Hugo_Chavez_0016.jpg,ok,0.4689,0.4933
Hugo_Chavez_0017.jpg,ok,0.3785,0.4065
Hugo_Chavez_0018.jpg,ok,0.4692,0.4838
Hugo_Chavez_0019.jpg,ok,0.4185,0.4780
Hugo_Chavez_0020.jpg,ok,0.4282,0.3981
Hugo_Chavez_0021.jpg,ok,0.3662,0.4195
Hugo_Chavez_0022.jpg,ok,0.4542,0.4655
Hugo_Chavez_0023.jpg,ok,0.4397,0.4545
Hugo_Chavez_0024.jpg,ok,0.4793,0.4594
Hugo_Chavez_0025.jpg,ok,0.4351,0.4867
Hugo_Chavez_0026.jpg,ok,0.4616,0.4221
Hugo_Chavez_0027.jpg,ok,0.4696,0.5391
Hugo_Chavez_0028.jpg,ok,0.4024,0.4248
Hugo_Chavez_0029.jpg,ok,0.4953,0.4630
Hugo_Chavez_0030.jpg,ok,0.4531,0.4668
Hugo_Chavez_0031.jpg,ok,0.4317,0.4952
Hugo_Chavez_0032.jpg,ok,0.4604,0.4932
Hugo_Chavez_0033.jpg,ok,0.4797,0.4919
Hugo_Chavez_0034.jpg,ok,0.4175,0.4485
Hugo_Chavez_0035.jpg,ok,0.4527,0.4571
Hugo_Chavez_0036.jpg,ok,0.3551,0.4882
Hugo_Chavez_0037.jpg,ok,0.4164,0.4774
Hugo_Chavez_0038.jpg,ok,0.4374,0.4896
Hugo_Chavez_0039.jpg,ok,0.4431,0.4817
Hugo_Chavez_0040.jpg,ok,0.4026,0.4433
Hugo_Chavez_0041.jpg,ok,0.3002,0.4069
Hugo_Chavez_0042.jpg,ok,0.4758,0.4478
Hugo_Chavez_0043.jpg,ok,0.4720,0.4451
Hugo_Chavez_0044.jpg,ok,0.4309,0.4259
Hugo_Chavez_0045.jpg,ok,0.5057,0.5272
Hugo_Chavez_0046.jpg,ok,0.3833,0.4428
Hugo_Chavez_0047.jpg,ok,0.4335,0.4620
Hugo_Chavez_0048.jpg,ok,0.5080,0.5298
Hugo_Chavez_0049.jpg,ok,0.4457,0.4367
Hugo_Chavez_0050.jpg,ok,0.3695,0.4334
Hugo_Chavez_0051.jpg,ok,0.3732,0.4509
Hugo_Chavez_0052.jpg,ok,0.4683,0.5295
Hugo_Chavez_0053.jpg,ok,0.2984,0.3017
Hugo_Chavez_0054.jpg,ok,0.4737,0.4751
Hugo_Chavez_0055.jpg,ok,0.4854,0.3908
Hugo_Chavez_0056.jpg,ok,0.2902,0.3523
Hugo_Chavez_0057.jpg,ok,0.3802,0.4480
Hugo_Chavez_0058.jpg,ok,0.4773,0.4221
Hugo_Chavez_0059.jpg,ok,0.4935,0.5342
Hugo_Chavez_0060.jpg,ok,0.4932,0.3879
Hugo_Chavez_0061.jpg,ok,0.3907,0.3142
Hugo_Chavez_0062.jpg,ok,0.4372,0.4450
Hugo_Chavez_0063.jpg,ok,0.3123,0.5050
Hugo_Chavez_0064.jpg,ok,0.4541,0.4191
Hugo_Chavez_0065.jpg,ok,0.3874,0.4569
Hugo_Chavez_0066.jpg,ok,0.3714,0.4002
Hugo_Chavez_0067.jpg,ok,0.4643,0.4196
Hugo_Chavez_0068.jpg,ok,0.3898,0.3216
Hugo_Chavez_0069.jpg,ok,0.3470,0.4507
Hugo_Chavez_0070.jpg,ok,0.4813,0.5115
Hugo_Chavez_0071.jpg,ok,0.4210,0.4862
Hugo_Colace_0001.jpg,ok,0.5355,0.5163
Hugo_Conte_0001.jpg,ok,0.3918,0.4930
Humberto_Coelho_0001.jpg,ok,0.3366,0.3952
Humberto_Espinoza_0001.jpg,ok,0.3179,0.3544
Hun_Sen_0001.jpg,ok,0.3965,0.4034
Hun_Sen_0002.jpg,ok,0.3872,0.5174
Hun_Sen_0003.jpg,ok,0.3753,0.4746
Hun_Sen_0004.jpg,ok,0.4964,0.5359
Hung_Wan-ting_0001.jpg,ok,0.5798,0.5276
Hunter_Bates_0001.jpg,ok,0.5178,0.4023
Hunter_Kemper_0001.jpg,ok,0.4542,0.4613
Hushiar_Zebari_0001.jpg,ok,0.4497,0.4880
Hussam_Mohammed_Amin_0001.jpg,ok,0.5171,0.5123
Hussein_Malik_0001.jpg,ok,0.4746,0.4470
Hutomo_Mandala_Putra_0001.jpg,ok,0.4137,0.4528
Hwang_Doo-yun_0001.jpg,ok,0.4928,0.5186
Iain_Anderson_0001.jpg,ok,0.4332,0.4460
Iain_Duncan_Smith_0001.jpg,ok,0.4309,0.4731
Iain_Duncan_Smith_0002.jpg,ok,0.4942,0.4754
Iain_Duncan_Smith_0003.jpg,ok,0.4146,0.5240
Iain_Duncan_Smith_0004.jpg,ok,0.4958,0.5196
Iain_Richmond_0001.jpg,ok,0.5471,0.5124
Ian_Campbell_0001.jpg,ok,0.4876,0.4873
Ian_Gillan_0001.jpg,ok,0.3062,0.3258
Ian_Huntley_0001.jpg,ok,0.3017,0.3563
Ian_Knop_0001.jpg,ok,0.4421,0.4720
Ian_McKellen_0001.jpg,ok,0.4339,0.4039
Ian_McKellen_0002.jpg,ok,0.3784,0.3788
Ian_McKellen_0003.jpg,ok,0.3979,0.3910
Ian_Moran_0001.jpg,ok,0.4286,0.4220
Ian_Smith_0001.jpg,ok,0.3471,0.3465
Ian_Thorpe_0001.jpg,ok,0.2964,0.3217
Ian_Thorpe_0002.jpg,ok,0.4506,0.4474
Ian_Thorpe_0003.jpg,ok,0.3882,0.4973
Ian_Thorpe_0004.jpg,ok,0.4505,0.4593
Ian_Thorpe_0005.jpg,ok,0.3217,0.4891
Ian_Thorpe_0006.jpg,ok,0.4482,0.4291
Ian_Thorpe_0007.jpg,ok,0.4734,0.4710
Ian_Thorpe_0008.jpg,ok,0.4506,0.4947
Ian_Thorpe_0009.jpg,ok,0.3099,0.5224
Ian_Thorpe_0010.jpg,ok,0.5304,0.5543
Ian_Wilmut_0001.jpg,ok,0.4043,0.3282
Iban_Mayo_0001.jpg,ok,0.4336,0.5338
Iban_Mayo_0002.jpg,ok,0.4201,0.4864
Ibrahim_Al-Marashi_0001.jpg,ok,0.4248,0.4850
Ibrahim_Haddad_0001.jpg,ok,0.4327,0.5318
Ibrahim_Hilal_0001.jpg,ok,0.4608,0.4109
Ibrahim_Jaafari_0001.jpg,ok,0.5231,0.4985
Ibrahim_Jaafari_0002.jpg,ok,0.4811,0.4278
Ibrahim_Rugova_0001.jpg,ok,0.4325,0.4578
Idi_Amin_0001.jpg,ok,0.4806,0.4216
Ignacio_Antonio_Velasco_0001.jpg,ok,0.4404,0.4209
Ignatius_Wang_0001.jpg,ok,0.4899,0.5203
Igor_Ivanov_0001.jpg,ok,0.4736,0.4718
Igor_Ivanov_0002.jpg,ok,0.5128,0.5128
Igor_Ivanov_0003.jpg,ok,0.5081,0.5048
Igor_Ivanov_0004.jpg,ok,0.4277,0.4960
Igor_Ivanov_0005.jpg,ok,0.4120,0.5003
Igor_Ivanov_0006.jpg,ok,0.4488,0.5102
Igor_Ivanov_0007.jpg,ok,0.3993,0.3998
Igor_Ivanov_0008.jpg,ok,0.4611,0.5103
Igor_Ivanov_0009.jpg,ok,0.4581,0.4241
Igor_Ivanov_0010.jpg,ok,0.5270,0.5158
Igor_Ivanov_0011.jpg,ok,0.4638,0.4719
Igor_Ivanov_0012.jpg,ok,0.5156,0.4824
Igor_Ivanov_0013.jpg,ok,0.5024,0.5385
Igor_Ivanov_0014.jpg,ok,0.4756,0.4993
Igor_Ivanov_0015.jpg,ok,0.4375,0.4363
Igor_Ivanov_0016.jpg,ok,0.4918,0.4670
Igor_Ivanov_0017.jpg,ok,0.4563,0.3140
Igor_Ivanov_0018.jpg,ok,0.4978,0.3991
Igor_Ivanov_0019.jpg,ok,0.5109,0.5525
Igor_Ivanov_0020.jpg,ok,0.3681,0.4334
Igor_Trunov_0001.jpg,ok,0.4516,0.4540
Ilan_Goldfajn_0001.jpg,ok,0.4222,0.4622
Ilan_Ramon_0001.jpg,ok,0.3783,0.4325
Ilan_Ramon_0002.jpg,ok,0.3853,0.4237
Ilan_Ramon_0003.jpg,ok,0.4076,0.4393
Ilham_Aliev_0001.jpg,ok,0.4456,0.2934
Ilie_Nastase_0001.jpg,ok,0.4408,0.4616
Imad_Khadduri_0001.jpg,ok,0.2893,0.3989
Imad_Moustapha_0001.jpg,ok,0.2871,0.3488
Imad_Moustapha_0002.jpg,ok,0.2891,0.3266
Imam_Samudra_0001.jpg,ok,0.4533,0.4867
Imelda_Marcos_0001.jpg,ok,0.5283,0.5280
Imran_Khan_0001.jpg,ok,0.4825,0.5150
Imre_Kertasz_0001.jpg,ok,0.5040,0.4581
Inam-ul-Haq_0001.jpg,ok,0.4606,0.4734
Inam-ul-Haq_0002.jpg,ok,0.3699,0.4650
Infanta_Cristina_0001.jpg,ok,0.3834,0.5221
Inga_Hall_0001.jpg,ok,0.5410,0.4069
Ingrid_Betancourt_0001.jpg,ok,0.5876,0.6557
Inocencio_Arias_0001.jpg,ok,0.3621,0.4098
Inocencio_Arias_0002.jpg,ok,0.4257,0.3828
Intisar_Ajouri_0001.jpg,ok,0.5399,0.5452
Intisar_Ajouri_0002.jpg,ok,0.5272,0.4625
Intisar_Ajouri_0003.jpg,ok,0.5413,0.5329
Ion_Iliescu_0001.jpg,ok,0.4089,0.4942
Ion_Tiriac_0001.jpg,ok,0.4733,0.5937
Ira_Einhorn_0001.jpg,ok,0.4187,0.3735
Iran_Brown_0001.jpg,ok,0.4876,0.4488
Irene_Kahn_0001.jpg,ok,0.3901,0.4563
Irfan_Ahmed_0001.jpg,ok,0.5139,0.3432
Irina_Framtsova_0001.jpg,ok,0.3234,0.3163
Irina_Lobacheva_0001.jpg,ok,0.3074,0.4582
Irina_Yatchenko_0001.jpg,ok,0.4471,0.4987
Irv_Nathan_0001.jpg,ok,0.5266,0.4775
Irwan_Fadzi_Idris_0001.jpg,ok,0.4602,0.5220
Isabel_Orellana_0001.jpg,ok,0.4516,0.4784
Isabela_Moraes_0001.jpg,ok,0.4523,0.4324
Isabella_Rossellini_0001.jpg,ok,0.2380,0.3638
Isabella_Rossellini_0002.jpg,ok,0.4138,0.3309
Isabella_Rossellini_0003.jpg,ok,0.4647,0.4612
Isabelle_Huppert_0001.jpg,ok,0.4721,0.4344
Isabelle_Huppert_0002.jpg,ok,0.4312,0.4282
Isaiah_Washington_0001.jpg,ok,0.3529,0.3781
Isaiah_Washington_0002.jpg,ok,0.3890,0.4317
Ishaq_Shahryar_0001.jpg,ok,0.4735,0.4541
Ishaq_Shahryar_0002.jpg,ok,0.4475,0.4990
Isidro_Pastor_0001.jpg,ok,0.3483,0.3145
Islam_Karimov_0001.jpg,ok,0.4445,0.4984
Ismael_Miranda_0001.jpg,ok,0.3044,0.4140
Ismail_Abu_Shanab_0001.jpg,ok,0.4666,0.5392
Ismail_Cem_0001.jpg,ok,0.4253,0.4751
Ismail_Khan_0001.jpg,ok,0.4592,0.4611
Ismail_Merchant_0001.jpg,ok,0.4226,0.3212
Ismail_Merchant_0002.jpg,ok,0.3907,0.4059
Itamar_Franco_0001.jpg,ok,0.4552,0.4869
Itzhak_Perlman_0001.jpg,ok,0.3706,0.4069
Iva_Majoli_0001.jpg,ok,0.4809,0.4936
Iva_Majoli_0002.jpg,ok,0.4824,0.4869
Ivan_Helguera_0001.jpg,ok,0.4888,0.4293
Ivan_Lee_0001.jpg,ok,0.3649,0.4178
Ivan_Shvedoff_0001.jpg,ok,0.4664,0.2905
Ivan_Stambolic_0001.jpg,ok,0.4359,0.4693
Ivana_Trump_0001.jpg,ok,0.3968,0.4805
Iveta_Benesova_0001.jpg,ok,0.4505,0.4629
Ivo_Dubs_0001.jpg,ok,0.4995,0.4471
Izzat_Ibrahim_0001.jpg,ok,0.4559,0.5172
JC_Chasez_0001.jpg,ok,0.3468,0.3846
JJ_Redick_0001.jpg,ok,0.5003,0.4903
JJ_Redick_0002.jpg,ok,0.4961,0.4735
JK_Rowling_0001.jpg,ok,0.3430,0.3116
JK_Rowling_0002.jpg,ok,0.3546,0.4048
JK_Rowling_0003.jpg,ok,0.3360,0.4509
JK_Rowling_0004.jpg,ok,0.3441,0.3848
JK_Rowling_0005.jpg,ok,0.3053,0.2820
JK_Rowling_0006.jpg,ok,0.3053,0.3058
JP_Suarez_0001.jpg,ok,0.4672,0.4535
JT_Snow_0001.jpg,ok,0.4672,0.4564
Jaap_de_Hoop_Scheffer_0001.jpg,ok,0.4716,0.5006
Jack_Goodman_0001.jpg,ok,0.4670,0.4433
Jack_Grubman_0001.jpg,ok,0.4492,0.5099
Jack_Grubman_0002.jpg,ok,0.4399,0.4198
Jack_Knowlton_0001.jpg,ok,0.3197,0.4149
Jack_LaLanne_0001.jpg,ok,0.3297,0.3516
Jack_Nicholson_0001.jpg,ok,0.4823,0.4862
Jack_Nicholson_0002.jpg,ok,0.3778,0.3864
Jack_Nicholson_0003.jpg,ok,0.4045,0.3679
Jack_Osbourne_0001.jpg,ok,0.3496,0.3013
Jack_Smith_0001.jpg,ok,0.3508,0.3593
Jack_Straw_0001.jpg,ok,0.4256,0.4647
Jack_Straw_0002.jpg,ok,0.4616,0.4538
Jack_Straw_0003.jpg,ok,0.4830,0.4938
Jack_Straw_0004.jpg,ok,0.4676,0.4585
Jack_Straw_0005.jpg,ok,0.3486,0.4662
Jack_Straw_0006.jpg,ok,0.4901,0.5291
Jack_Straw_0007.jpg,ok,0.4274,0.4507
Jack_Straw_0008.jpg,ok,0.4474,0.4894
Jack_Straw_0009.jpg,ok,0.4947,0.5085
Jack_Straw_0010.jpg,ok,0.4550,0.4633
Jack_Straw_0011.jpg,ok,0.4783,0.4885
Jack_Straw_0012.jpg,ok,0.5020,0.5015
Jack_Straw_0013.jpg,ok,0.4315,0.4286
Jack_Straw_0014.jpg,ok,0.4555,0.4767
Jack_Straw_0015.jpg,ok,0.4646,0.5188
Jack_Straw_0016.jpg,ok,0.4272,0.4612
Jack_Straw_0017.jpg,ok,0.4831,0.4931
Jack_Straw_0018.jpg,ok,0.5052,0.5270
Jack_Straw_0019.jpg,ok,0.4227,0.4468
Jack_Straw_0020.jpg,ok,0.5074,0.4766
Jack_Straw_0021.jpg,ok,0.4872,0.4015
Jack_Straw_0022.jpg,ok,0.5058,0.5114
Jack_Straw_0023.jpg,ok,0.4902,0.5135
Jack_Straw_0024.jpg,ok,0.3564,0.4287
Jack_Straw_0025.jpg,ok,0.5033,0.5002
Jack_Straw_0026.jpg,ok,0.5061,0.4714
Jack_Straw_0027.jpg,ok,0.4243,0.4578
Jack_Straw_0028.jpg,ok,0.4924,0.5116
Jack_Valenti_0001.jpg,ok,0.3991,0.4641
Jack_Welch_0001.jpg,ok,0.5312,0.5006
Jackie_Chan_0001.jpg,ok,0.3381,0.4198
Jackie_Chan_0002.jpg,ok,0.4399,0.4423
Jackie_Chan_0003.jpg,ok,0.4783,0.4887
Jackie_Chan_0004.jpg,ok,0.4202,0.4589
Jackie_Chan_0005.jpg,ok,0.4370,0.4560
Jackie_Chan_0006.jpg,ok,0.2914,0.3159
Jackie_Chan_0007.jpg,ok,0.3508,0.4490
Jackie_Chan_0008.jpg,ok,0.3564,0.4191
Jackie_Chan_0009.jpg,ok,0.4632,0.4422
Jackie_Chan_0010.jpg,ok,0.4062,0.4560
Jackie_Chan_0011.jpg,ok,0.4465,0.3897
Jackie_Chan_0012.jpg,ok,0.3057,0.3577
Jackie_Chan_0013.jpg,ok,0.3880,0.4073
Jackie_Dennis_0001.jpg,ok,0.3081,0.3014
Jackie_Sherrill_0001.jpg,ok,0.4928,0.5292
Jacky_Cheung_0001.jpg,ok,0.5247,0.4976
Jacob_Frenkel_0001.jpg,ok,0.4529,0.3951
Jacqueline_Edwards_0001.jpg,ok,0.3683,0.4179
Jacqueline_Gold_0001.jpg,ok,0.3705,0.4737
Jacqueline_Marris_0001.jpg,ok,0.5715,0.5958
Jacqueline_Obradors_0001.jpg,ok,0.4583,0.4682
Jacqueline_Obradors_0002.jpg,ok,0.4517,0.4131
Jacques_Chirac_0001.jpg,ok,0.4360,0.4076
Jacques_Chirac_0002.jpg,ok,0.4614,0.4527
Jacques_Chirac_0003.jpg,ok,0.4071,0.4357
Jacques_Chirac_0004.jpg,ok,0.4150,0.4351
Jacques_Chirac_0005.jpg,ok,0.4282,0.4694
Jacques_Chirac_0006.jpg,ok,0.4592,0.4659
Jacques_Chirac_0007.jpg,ok,0.3762,0.4224
Jacques_Chirac_0008.jpg,ok,0.4368,0.4602
Jacques_Chirac_0009.jpg,ok,0.4404,0.4221
Jacques_Chirac_0010.jpg,ok,0.4144,0.3859
Jacques_Chirac_0011.jpg,ok,0.2823,0.3938
Jacques_Chirac_0012.jpg,ok,0.4521,0.4755
Jacques_Chirac_0013.jpg,ok,0.4256,0.4619
Jacques_Chirac_0014.jpg,ok,0.4087,0.4777
Jacques_Chirac_0015.jpg,ok,0.4083,0.4598
Jacques_Chirac_0016.jpg,ok,0.4618,0.5125
Jacques_Chirac_0017.jpg,ok,0.3055,0.3733
Jacques_Chirac_0018.jpg,ok,0.4075,0.4252
Jacques_Chirac_0019.jpg,ok,0.3851,0.4485
Jacques_Chirac_0020.jpg,ok,0.3757,0.4224
Jacques_Chirac_0021.jpg,ok,0.4487,0.4603
Jacques_Chirac_0022.jpg,ok,0.3894,0.4338
Jacques_Chirac_0023.jpg,ok,0.4678,0.4045
Jacques_Chirac_0024.jpg,ok,0.3805,0.4385
Jacques_Chirac_0025.jpg,ok,0.4994,0.4829
Jacques_Chirac_0026.jpg,ok,0.4520,0.5165
Jacques_Chirac_0027.jpg,ok,0.4689,0.4399
Jacques_Chirac_0028.jpg,ok,0.4003,0.4168
Jacques_Chirac_0029.jpg,ok,0.4097,0.4967
Jacques_Chirac_0030.jpg,ok,0.4233,0.4238
Jacques_Chirac_0031.jpg,ok,0.4230,0.4857
Jacques_Chirac_0032.jpg,ok,0.3931,0.4460
Jacques_Chirac_0033.jpg,ok,0.4348,0.4200
Jacques_Chirac_0034.jpg,ok,0.4578,0.4764
Jacques_Chirac_0035.jpg,ok,0.3722,0.4138
Jacques_Chirac_0036.jpg,ok,0.4318,0.4770
Jacques_Chirac_0037.jpg,ok,0.4848,0.5526
Jacques_Chirac_0038.jpg,ok,0.3406,0.2844
Jacques_Chirac_0039.jpg,ok,0.3183,0.2969
Jacques_Chirac_0040.jpg,ok,0.4416,0.4650
Jacques_Chirac_0041.jpg,ok,0.4990,0.5221
Jacques_Chirac_0042.jpg,ok,0.3031,0.3093
Jacques_Chirac_0043.jpg,ok,0.4528,0.5071
Jacques_Chirac_0044.jpg,ok,0.3817,0.4858
Jacques_Chirac_0045.jpg,ok,0.4883,0.4614
Jacques_Chirac_0046.jpg,ok,0.3685,0.3232
Jacques_Chirac_0047.jpg,ok,0.4075,0.4845
Jacques_Chirac_0048.jpg,ok,0.2839,0.3513
Jacques_Chirac_0049.jpg,ok,0.3735,0.3438
Jacques_Chirac_0050.jpg,ok,0.4658,0.4597
Jacques_Chirac_0051.jpg,ok,0.3973,0.4156
Jacques_Chirac_0052.jpg,ok,0.3716,0.4668
Jacques_Kallis_0001.jpg,ok,0.4635,0.5051
Jacques_Rogge_0001.jpg,ok,0.3930,0.4466
Jacques_Rogge_0002.jpg,ok,0.4644,0.4696
Jacques_Rogge_0003.jpg,ok,0.4420,0.4467
Jacques_Rogge_0004.jpg,ok,0.5073,0.5011
Jacques_Rogge_0005.jpg,ok,0.4231,0.4605
Jacques_Rogge_0006.jpg,ok,0.4056,0.3720
Jacques_Rogge_0007.jpg,ok,0.4760,0.4958
Jacques_Rogge_0008.jpg,ok,0.5141,0.5039
Jacques_Rogge_0009.jpg,ok,0.4813,0.4940
Jacques_Rogge_0010.jpg,ok,0.4752,0.4780
Jacques_Villeneuve_0001.jpg,ok,0.3379,0.3045
Jada_Pinkett_Smith_0001.jpg,ok,0.3249,0.3825
Jada_Pinkett_Smith_0002.jpg,ok,0.4278,0.4406
Jade_Jagger_0001.jpg,ok,0.3391,0.3912
Jafar_Umar_Thalib_0001.jpg,ok,0.3932,0.3857
Jaime_Orti_0001.jpg,ok,0.3604,0.3482
Jaime_Pressly_0001.jpg,ok,0.4161,0.4101
Jake_Brace_0001.jpg,ok,0.4563,0.4208
Jake_Gyllenhaal_0001.jpg,ok,0.3465,0.3040
Jake_Gyllenhaal_0002.jpg,ok,0.5335,0.4177
Jake_Gyllenhaal_0003.jpg,ok,0.4285,0.3831
Jake_Gyllenhaal_0004.jpg,ok,0.4069,0.4103
Jake_Gyllenhaal_0005.jpg,ok,0.4445,0.3655
Jake_Plummer_0001.jpg,ok,0.4642,0.4565
Jakob_Kellenberger_0001.jpg,ok,0.3374,0.4043
Jalal_Talabani_0001.jpg,ok,0.4739,0.5478
Jalen_Rose_0001.jpg,ok,0.3661,0.4655
James_Baker_0001.jpg,ok,0.4423,0.4692
James_Ballenger_0001.jpg,ok,0.3409,0.2984
James_Barksdale_0001.jpg,ok,0.4269,0.4621
James_Becker_0001.jpg,ok,0.4440,0.4585
James_Blake_0001.jpg,ok,0.5119,0.5048
James_Blake_0002.jpg,ok,0.5129,0.5194
James_Blake_0003.jpg,ok,0.5773,0.5017
James_Blake_0004.jpg,ok,0.5448,0.5092
James_Blake_0005.jpg,ok,0.4946,0.5218
James_Blake_0006.jpg,ok,0.4617,0.4988
James_Blake_0007.jpg,ok,0.4789,0.5137
James_Blake_0008.jpg,ok,0.5447,0.5461
James_Blake_0009.jpg,ok,0.5132,0.4964
James_Blake_0010.jpg,ok,0.5214,0.5137
James_Blake_0011.jpg,ok,0.4980,0.4854
James_Blake_0012.jpg,ok,0.4729,0.5264
James_Blake_0013.jpg,ok,0.4560,0.4744
James_Blake_0014.jpg,ok,0.5299,0.5113
James_Brazelton_0001.jpg,ok,0.4685,0.4885
James_Brosnahan_0001.jpg,ok,0.4850,0.4770
James_Brown_0001.jpg,ok,0.3287,0.3459
James_Butts_0001.jpg,ok,0.4013,0.4430
James_Butts_0002.jpg,ok,0.3966,0.3601
James_Caan_0001.jpg,ok,0.4815,0.4757
James_Caan_0002.jpg,ok,0.4109,0.4291
James_Caan_0003.jpg,ok,0.4506,0.4383
James_Cameron_0001.jpg,ok,0.3712,0.4611
James_Cameron_0002.jpg,ok,0.4036,0.4440
James_Cameron_0003.jpg,ok,0.3775,0.3449
James_Carville_0001.jpg,ok,0.4180,0.4071
James_Coburn_0001.jpg,ok,0.4807,0.4329
James_Collinson_0001.jpg,ok,0.5546,0.5621
James_Comey_0001.jpg,ok,0.5016,0.4323
James_Coviello_0001.jpg,ok,0.4566,0.4703
James_Cunningham_0001.jpg,ok,0.4819,0.4717
James_Cunningham_0002.jpg,ok,0.4413,0.4417
James_Cunningham_0003.jpg,ok,0.4753,0.5169
James_Dingemans_0001.jpg,ok,0.5118,0.5512
James_Franco_0001.jpg,ok,0.4801,0.5165
James_Franco_0002.jpg,ok,0.3657,0.4998
James_Gandolfini_0001.jpg,ok,0.3860,0.4278
James_Gandolfini_0002.jpg,ok,0.4268,0.4641
James_Gandolfini_0003.jpg,ok,0.3743,0.4464
James_Gibson_0001.jpg,ok,0.4822,0.4828
James_Hakett_0001.jpg,ok,0.4533,0.4640
James_Hallock_0001.jpg,ok,0.4620,0.4258
James_Harris_0001.jpg,ok,0.4186,0.4835
James_Hill_0001.jpg,ok,0.4369,0.5001
James_Hoffa_0001.jpg,ok,0.3778,0.3280
James_Hughes_0001.jpg,ok,0.5217,0.5072
James_Ivory_0001.jpg,ok,0.3793,0.4634
James_Ivory_0002.jpg,ok,0.2851,0.3665
James_Jones_0001.jpg,ok,0.2900,0.4146
James_Jones_0002.jpg,ok,0.4692,0.5145
James_Kelly_0001.jpg,ok,0.5069,0.5001
James_Kelly_0002.jpg,ok,0.4581,0.4838
James_Kelly_0003.jpg,ok,0.4503,0.4631
James_Kelly_0004.jpg,ok,0.4181,0.4452
James_Kelly_0005.jpg,ok,0.4446,0.4107
James_Kelly_0006.jpg,ok,0.4752,0.4695
James_Kelly_0007.jpg,ok,0.4773,0.4816
James_Kelly_0008.jpg,ok,0.4076,0.4638
James_Kelly_0009.jpg,ok,0.4306,0.4117
James_Kelly_0010.jpg,ok,0.4553,0.4493
James_Kelly_0011.jpg,ok,0.4248,0.4521
James_Kirtley_0001.jpg,ok,0.4892,0.4989
James_Kopp_0001.jpg,ok,0.4267,0.3920
James_Kopp_0002.jpg,ok,0.4722,0.5109
James_Kopp_0003.jpg,ok,0.4522,0.4398
James_Kopp_0004.jpg,ok,0.4453,0.4570
James_Layug_0001.jpg,ok,0.3990,0.5045
James_Lockhart_0001.jpg,ok,0.4312,0.4100
James_Maguire_0001.jpg,ok,0.4532,0.4988
James_Maguire_0002.jpg,ok,0.3744,0.3798
James_Mathis_0001.jpg,ok,0.4267,0.4320
James_May_0001.jpg,ok,0.3628,0.4263
James_McGreevey_0001.jpg,ok,0.4815,0.4810
James_McGreevey_0002.jpg,ok,0.5141,0.5070
James_McGreevey_0003.jpg,ok,0.4038,0.4134
James_McGreevey_0004.jpg,ok,0.5205,0.5199
James_McMahon_0001.jpg,ok,0.3498,0.4642
James_McPherson_0001.jpg,ok,0.4295,0.4702
James_Meeks_0001.jpg,ok,0.4596,0.4311
James_Meredeth_0001.jpg,ok,0.4190,0.5153
James_Morris_0001.jpg,ok,0.4413,0.4843
James_Morris_0002.jpg,ok,0.4530,0.4396
James_Murdoch_0001.jpg,ok,0.3926,0.4715
James_Parker_0001.jpg,ok,0.5170,0.4617
James_Parker_0002.jpg,ok,0.4687,0.4147
James_Phelps_0001.jpg,ok,0.3418,0.3306
James_Roberts_0001.jpg,ok,0.4071,0.4165
James_Robertson_Jr_0001.jpg,ok,0.3010,0.4827
James_Schultz_0001.jpg,ok,0.3859,0.4460
James_Schultz_0002.jpg,ok,0.4364,0.4216
James_Sensenbrenner_0001.jpg,ok,0.4610,0.4121
James_Smith_0001.jpg,ok,0.4979,0.4605
James_Smith_0002.jpg,ok,0.4899,0.5308
James_Spalding_0001.jpg,ok,0.3836,0.4414
James_Traficant_0001.jpg,ok,0.4828,0.4806
James_Traficant_0002.jpg,ok,0.4794,0.4924
James_Traficant_0003.jpg,ok,0.3215,0.4272
James_W_Kennedy_0001.jpg,ok,0.4526,0.4106
James_Wallack_0001.jpg,ok,0.3871,0.4890
James_Watt_0001.jpg,ok,0.3411,0.4128
James_Wattana_0001.jpg,ok,0.3732,0.4047
James_Williams_0001.jpg,ok,0.3542,0.3388
James_Wolfensohn_0001.jpg,ok,0.4540,0.4830
James_Wolfensohn_0002.jpg,ok,0.4780,0.4792
James_Wolfensohn_0003.jpg,ok,0.3937,0.4869
James_Wolfensohn_0004.jpg,ok,0.4206,0.4345
James_Wolfensohn_0005.jpg,ok,0.3878,0.5320
James_Young_0001.jpg,ok,0.4437,0.5018
Jamie_Carey_0001.jpg,ok,0.2651,0.3044
Jamie_Cooke_0001.jpg,ok,0.4302,0.4889
Jamie_Dimon_0001.jpg,ok,0.3952,0.3472
Jamie_Kellner_0001.jpg,ok,0.4249,0.4187
Jamie_King_0001.jpg,ok,0.4122,0.4207
Jamie_Lee_Curtis_0001.jpg,ok,0.3663,0.3166
Jamie_Martin_0001.jpg,ok,0.3152,0.3764
Jamie_Olis_0001.jpg,ok,0.4339,0.4306
Jamie_Villafane_0001.jpg,ok,0.4573,0.4769
Jamie_Villafane_0002.jpg,ok,0.4722,0.4241
Jamir_Miller_0001.jpg,ok,0.3703,0.3942
Jamling_Norgay_0001.jpg,ok,0.3824,0.5185
Jamling_Norgay_0002.jpg,ok,0.5151,0.4865
Jan-Michael_Gambill_0001.jpg,ok,0.4868,0.4952
Jan-Michael_Gambill_0002.jpg,ok,0.4972,0.5066
Jan-Michael_Gambill_0003.jpg,ok,0.5086,0.4775
Jan_Bjoerklund_0001.jpg,ok,0.3100,0.4310
Jan_De_Bont_0001.jpg,ok,0.4837,0.4649
Jan_Paul_Miller_0001.jpg,ok,0.5035,0.4377
Jan_Peter_Balkenende_0001.jpg,ok,0.3431,0.2473
Jan_Petersen_0001.jpg,ok,0.4544,0.5068
Jan_Pronk_0001.jpg,ok,0.4314,0.3796
Jan_Ullrich_0001.jpg,ok,0.4483,0.4658
Jan_Ullrich_0002.jpg,ok,0.3435,0.4729
Jan_Ullrich_0003.jpg,ok,0.3031,0.4798
Jan_Ullrich_0004.jpg,ok,0.3161,0.4292
Jan_Ullrich_0005.jpg,ok,0.4729,0.4816
Jan_Ullrich_0006.jpg,ok,0.5619,0.5541
Jan_van_Breda_Kolff_0001.jpg,ok,0.4103,0.4496
Jana_Henke_0001.jpg,ok,0.5059,0.4759
Jana_Pittman_0001.jpg,ok,0.4703,0.4806
Jane_Clayson_0001.jpg,ok,0.4057,0.4131
Jane_Fonda_0001.jpg,ok,0.3399,0.4038
Jane_Fonda_0002.jpg,ok,0.4101,0.4696
Jane_Kaczmarek_0001.jpg,ok,0.3793,0.4577
Jane_Kaczmarek_0002.jpg,ok,0.4006,0.5263
Jane_Krakowski_0001.jpg,ok,0.3596,0.4279
Jane_Leeves_0001.jpg,ok,0.3869,0.3579
Jane_Menelaus_0001.jpg,ok,0.3616,0.4255
Jane_Pauley_0001.jpg,ok,0.3810,0.4395
Jane_Pauley_0002.jpg,ok,0.3980,0.4547
Jane_Riley_0001.jpg,ok,0.4569,0.3431
Jane_Rooney_0001.jpg,ok,0.3955,0.4182
Jane_Russell_0001.jpg,ok,0.4216,0.4121
Jane_Walker_Wood_0001.jpg,ok,0.5017,0.4722
Janela_Jara_0001.jpg,ok,0.4083,0.3858
Janet_Chandler_0001.jpg,ok,0.3362,0.3742
Janet_Crawford_0001.jpg,ok,0.4033,0.3868
Janet_Ecker_0001.jpg,ok,0.4613,0.4585
Janet_Horvath_0001.jpg,ok,0.4017,0.4115
Janet_Leigh_0001.jpg,ok,0.4295,0.4109
Janet_Napolitano_0001.jpg,ok,0.4781,0.4732
Janet_Napolitano_0002.jpg,ok,0.4083,0.4589
Janet_Napolitano_0003.jpg,ok,0.4707,0.4842
Janet_Napolitano_0004.jpg,ok,0.3487,0.3886
Janet_Thorpe_0001.jpg,ok,0.3153,0.3509
Janet_Thorpe_0002.jpg,ok,0.3482,0.4200
Janette_Husarova_0001.jpg,ok,0.3871,0.3669
Janez_Drnovsek_0001.jpg,ok,0.3858,0.4665
Janica_Kostelic_0001.jpg,ok,0.4157,0.4823
Janica_Kostelic_0002.jpg,ok,0.4338,0.6094
Janice_Abreu_0001.jpg,ok,0.3818,0.3656
Janice_Goldfinger_0001.jpg,ok,0.3823,0.4523
Janine_Pietsch_0001.jpg,ok,0.3610,0.3423
Janis_Ruth_Coulter_0001.jpg,ok,0.5540,0.4545
Janusz_Kaminski_0001.jpg,ok,0.4431,0.3682
Jaouad_Gharib_0001.jpg,ok,0.4015,0.4544
Jaqueline_Godoy_0001.jpg,ok,0.3311,0.4080
Jaromir_Jagr_0001.jpg,ok,0.3514,0.3214
Jason_Alexander_0001.jpg,ok,0.4790,0.5228
Jason_Alexander_0002.jpg,ok,0.4219,0.3194
Jason_Bentley_0001.jpg,ok,0.6253,0.5761
Jason_Biggs_0001.jpg,ok,0.4003,0.4458
Jason_Campbell_0001.jpg,ok,0.3150,0.4609
Jason_Clermont_0001.jpg,ok,0.4611,0.4725
Jason_Gardner_0001.jpg,ok,0.3771,0.4635
Jason_Jennings_0001.jpg,ok,0.3057,0.3907
Jason_Jennings_0002.jpg,ok,0.4176,0.4213
Jason_Kapono_0001.jpg,ok,0.4381,0.4483
Jason_Keep_0001.jpg,ok,0.4900,0.4817
Jason_Kidd_0001.jpg,ok,0.4626,0.4588
Jason_Kidd_0002.jpg,ok,0.4379,0.4471
Jason_Kidd_0003.jpg,ok,0.5013,0.4351
Jason_Kidd_0004.jpg,ok,0.4731,0.4657
Jason_Kidd_0005.jpg,ok,0.4532,0.4633
Jason_Kidd_0006.jpg,ok,0.4654,0.4765
Jason_Kidd_0007.jpg,ok,0.3182,0.4163
Jason_Kidd_0008.jpg,ok,0.4785,0.4665
Jason_Kidd_0009.jpg,ok,0.4710,0.4603
Jason_Kidd_0010.jpg,ok,0.4059,0.3963
Jason_Lezak_0001.jpg,ok,0.3930,0.4856
Jason_Lezak_0002.jpg,ok,0.3992,0.4870
Jason_Mewes_0001.jpg,ok,0.3458,0.3733
Jason_Petty_0001.jpg,ok,0.4962,0.4722
Jason_Priestley_0001.jpg,ok,0.4610,0.5265
Jason_Sehorn_0001.jpg,ok,0.2730,0.3092
Jason_Sorens_0001.jpg,ok,0.3793,0.3949
Jason_Statham_0001.jpg,ok,0.3959,0.3403
Jason_Vale_0001.jpg,ok,0.4039,0.4742
Jason_White_0001.jpg,ok,0.3616,0.4062
Javier_Bardem_0001.jpg,ok,0.4775,0.4250
Javier_Camara_0001.jpg,ok,0.4079,0.5057
Javier_Delgado_0001.jpg,ok,0.5133,0.5235
Javier_Saviola_0001.jpg,ok,0.4374,0.4878
Javier_Solana_0001.jpg,ok,0.4518,0.4681
Javier_Solana_0002.jpg,ok,0.4595,0.4569
Javier_Solana_0003.jpg,ok,0.4564,0.4487
Javier_Solana_0004.jpg,ok,0.4263,0.4834
Javier_Solana_0005.jpg,ok,0.4547,0.4972
Javier_Solana_0006.jpg,ok,0.4367,0.4831
Javier_Solana_0007.jpg,ok,0.4225,0.4843
Javier_Solana_0008.jpg,ok,0.4292,0.3921
Javier_Solana_0009.jpg,ok,0.4098,0.4474
Javier_Solana_0010.jpg,ok,0.4182,0.4730
Javier_Vargas_0001.jpg,ok,0.3837,0.5138
Javier_Vazquez_0001.jpg,ok,0.5190,0.5085
Javier_Weber_0001.jpg,ok,0.4832,0.5147
Javier_Weber_0002.jpg,ok,0.4574,0.4711
Javier_Weber_0003.jpg,ok,0.5108,0.4571
Javier_Zanetti_0001.jpg,ok,0.5532,0.5245
Jawad_Boulus_0001.jpg,ok,0.4155,0.4151
Jay_Garner_0001.jpg,ok,0.4400,0.4285
Jay_Garner_0002.jpg,ok,0.4351,0.4188
Jay_Garner_0003.jpg,ok,0.4758,0.4182
Jay_Garner_0004.jpg,ok,0.4189,0.4267
Jay_Garner_0005.jpg,ok,0.4420,0.4168
Jay_Garner_0006.jpg,ok,0.2905,0.3462
Jay_Leno_0001.jpg,ok,0.4692,0.4692
Jay_Leno_0002.jpg,ok,0.3466,0.4306
Jay_Leno_0003.jpg,ok,0.3083,0.4463
Jay_Rasulo_0001.jpg,ok,0.4665,0.3860
Jay_Rasulo_0002.jpg,ok,0.4283,0.4225
Jaymon_Crabb_0001.jpg,ok,0.4960,0.4990
Jayne_Yarris_0001.jpg,ok,0.3985,0.4254
Jayson_Williams_0001.jpg,ok,0.4245,0.4240
Jayson_Williams_0002.jpg,ok,0.4238,0.4062
Jayson_Williams_0003.jpg,ok,0.4453,0.4337
Jean-Claude_Braquet_0001.jpg,ok,0.3259,0.3710
Jean-Claude_Braquet_0002.jpg,ok,0.4460,0.3925
Jean-Claude_Juncker_0001.jpg,ok,0.4137,0.4854
Jean-Claude_Juncker_0002.jpg,ok,0.3140,0.4194
Jean-Claude_Trichet_0001.jpg,ok,0.4203,0.3621
Jean-Claude_Trichet_0002.jpg,ok,0.4654,0.4525
Jean-Claude_Van_Damme_0001.jpg,ok,0.3221,0.3284
Jean-David_Levitte_0001.jpg,ok,0.4830,0.4952
Jean-David_Levitte_0002.jpg,ok,0.4560,0.4600
Jean-David_Levitte_0003.jpg,ok,0.4905,0.5036
Jean-David_Levitte_0004.jpg,ok,0.4441,0.4825
Jean-David_Levitte_0005.jpg,ok,0.4588,0.4732
Jean-David_Levitte_0006.jpg,ok,0.3794,0.4535
Jean-David_Levitte_0007.jpg,ok,0.3728,0.4051
Jean-David_Levitte_0008.jpg,ok,0.4185,0.4634
Jean-David_Levitte_0009.jpg,ok,0.4572,0.4389
Jean-David_Levitte_0010.jpg,ok,0.4738,0.5520
Jean-Francois_Lemounier_0001.jpg,ok,0.5016,0.4804
Jean-Francois_Pontal_0001.jpg,ok,0.4450,0.4454
Jean-Francois_Pontal_0002.jpg,ok,0.4578,0.4426
Jean-Francois_Pontal_0003.jpg,ok,0.4413,0.4045
Jean-Luc_Bideau_0001.jpg,ok,0.4611,0.3317
Jean-Marc_Olive_0001.jpg,ok,0.4592,0.4525
Jean-Marc_de_La_Sabliere_0001.jpg,ok,0.4220,0.4534
Jean-Marc_de_La_Sabliere_0002.jpg,ok,0.4393,0.4158
Jean-Patrick_Nazon_0001.jpg,ok,0.4700,0.4732
Jean-Pierre_Bemba_0001.jpg,ok,0.4713,0.5286
Jean-Pierre_Raffarin_0001.jpg,ok,0.3951,0.4753
Jean-Pierre_Raffarin_0002.jpg,ok,0.4163,0.4785
Jean-Pierre_Raffarin_0003.jpg,ok,0.4533,0.4479
Jean-Pierre_Raffarin_0004.jpg,ok,0.3850,0.4491
Jean-Pierre_Raffarin_0005.jpg,ok,0.4632,0.4760
Jean-Pierre_Raffarin_0006.jpg,ok,0.4458,0.4780
Jean-Pierre_Raffarin_0007.jpg,ok,0.3925,0.4283
Jean-Rene_Fourtou_0001.jpg,ok,0.4633,0.4751
Jean-Sebastien_Giguere_0001.jpg,ok,0.3195,0.3337
Jean-Sebastien_Giguere_0002.jpg,ok,0.3381,0.3284
Jean_Brumley_0001.jpg,ok,0.4271,0.4434
Jean_Brumley_0002.jpg,ok,0.4693,0.4421
Jean_Carnahan_0001.jpg,ok,0.3902,0.4202
Jean_Carnahan_0002.jpg,ok,0.3953,0.4000
Jean_Charest_0001.jpg,ok,0.4598,0.4711
Jean_Charest_0002.jpg,ok,0.4591,0.4701
Jean_Charest_0003.jpg,ok,0.3882,0.4408
Jean_Charest_0004.jpg,ok,0.4005,0.4488
Jean_Charest_0005.jpg,ok,0.4354,0.4314
Jean_Charest_0006.jpg,ok,0.4113,0.3746
Jean_Charest_0007.jpg,ok,0.4795,0.4806
Jean_Charest_0008.jpg,ok,0.3859,0.4197
Jean_Charest_0009.jpg,ok,0.4134,0.3650
Jean_Charest_0010.jpg,ok,0.3754,0.4194
Jean_Charest_0011.jpg,ok,0.4347,0.4744
Jean_Charest_0012.jpg,ok,0.4431,0.4509
Jean_Charest_0013.jpg,ok,0.4951,0.4730
Jean_Charest_0014.jpg,ok,0.4360,0.4550
Jean_Charest_0015.jpg,ok,0.5056,0.5014
Jean_Charest_0016.jpg,ok,0.3673,0.4118
Jean_Charest_0017.jpg,ok,0.4364,0.3886
Jean_Chretien_0001.jpg,ok,0.4035,0.3755
Jean_Chretien_0002.jpg,ok,0.4862,0.5528
Jean_Chretien_0003.jpg,ok,0.4494,0.4103
Jean_Chretien_0004.jpg,ok,0.4547,0.4114
Jean_Chretien_0005.jpg,ok,0.4321,0.4310
Jean_Chretien_0006.jpg,ok,0.4465,0.4552
Jean_Chretien_0007.jpg,ok,0.4265,0.4403
Jean_Chretien_0008.jpg,ok,0.4271,0.4378
Jean_Chretien_0009.jpg,ok,0.4186,0.4199
Jean_Chretien_0010.jpg,ok,0.4341,0.4442
Jean_Chretien_0011.jpg,ok,0.4222,0.4400
Jean_Chretien_0012.jpg,ok,0.4782,0.4813
Jean_Chretien_0013.jpg,ok,0.3107,0.3784
Jean_Chretien_0014.jpg,ok,0.4401,0.4292
Jean_Chretien_0015.jpg,ok,0.4483,0.4496
Jean_Chretien_0016.jpg,ok,0.4678,0.4891
Jean_Chretien_0017.jpg,ok,0.4421,0.4630
Jean_Chretien_0018.jpg,ok,0.4277,0.4819
Jean_Chretien_0019.jpg,ok,0.3862,0.4123
Jean_Chretien_0020.jpg,ok,0.4304,0.4468
Jean_Chretien_0021.jpg,ok,0.5077,0.4954
Jean_Chretien_0022.jpg,ok,0.4530,0.4188
Jean_Chretien_0023.jpg,ok,0.4727,0.4650
Jean_Chretien_0024.jpg,ok,0.4876,0.4499
Jean_Chretien_0025.jpg,ok,0.4283,0.4287
Jean_Chretien_0026.jpg,ok,0.4711,0.4849
Jean_Chretien_0027.jpg,ok,0.4620,0.4874
Jean_Chretien_0028.jpg,ok,0.4934,0.5132
Jean_Chretien_0029.jpg,ok,0.4715,0.4466
Jean_Chretien_0030.jpg,ok,0.4853,0.4902
Jean_Chretien_0031.jpg,ok,0.4407,0.4327
Jean_Chretien_0032.jpg,ok,0.4489,0.4555
Jean_Chretien_0033.jpg,ok,0.4637,0.4799
Jean_Chretien_0034.jpg,ok,0.4833,0.4606
Jean_Chretien_0035.jpg,ok,0.4530,0.4981
Jean_Chretien_0036.jpg,ok,0.4562,0.4542
Jean_Chretien_0037.jpg,ok,0.4759,0.4579
Jean_Chretien_0038.jpg,ok,0.5133,0.4787
Jean_Chretien_0039.jpg,ok,0.4332,0.4432
Jean_Chretien_0040.jpg,ok,0.4494,0.4879
Jean_Chretien_0041.jpg,ok,0.4195,0.3959
Jean_Chretien_0042.jpg,ok,0.4712,0.4910
Jean_Chretien_0043.jpg,ok,0.4837,0.5220
Jean_Chretien_0044.jpg,ok,0.4413,0.4555
Jean_Chretien_0045.jpg,ok,0.4286,0.4774
Jean_Chretien_0046.jpg,ok,0.4618,0.4675
Jean_Chretien_0047.jpg,ok,0.4645,0.4555
Jean_Chretien_0048.jpg,ok,0.4838,0.3948
Jean_Chretien_0049.jpg,ok,0.4706,0.4543
Jean_Chretien_0050.jpg,ok,0.5012,0.4743
Jean_Chretien_0051.jpg,ok,0.4721,0.4987
Jean_Chretien_0052.jpg,ok,0.4608,0.4786
Jean_Chretien_0053.jpg,ok,0.4179,0.3964
Jean_Chretien_0054.jpg,ok,0.4289,0.4481
Jean_Chretien_0055.jpg,ok,0.4289,0.4301
Jean_Nagel_0001.jpg,ok,0.4541,0.4561
Jean_Todt_0001.jpg,ok,0.4325,0.3971
Jeane_Kirkpatrick_0001.jpg,ok,0.3943,0.4527
Jeanette_Gray_0001.jpg,ok,0.5091,0.4498
Jeanette_Stauffer_0001.jpg,ok,0.3485,0.4133
Jeanne_Anne_Schroeder_0001.jpg,ok,0.3404,0.3362
Jeanne_Moreau_0001.jpg,ok,0.4124,0.4370
Jeanne_Moreau_0002.jpg,ok,0.4192,0.4287
Jeannette_Biedermann_0001.jpg,ok,0.3825,0.4339
Jeb_Bush_0001.jpg,ok,0.4060,0.3919
Jeb_Bush_0002.jpg,ok,0.5117,0.4946
Jeb_Bush_0003.jpg,ok,0.4556,0.4577
Jeb_Bush_0004.jpg,ok,0.4244,0.3796
Jeb_Bush_0005.jpg,ok,0.4101,0.4717
Jeb_Bush_0006.jpg,ok,0.4470,0.4266
Jeb_Bush_0007.jpg,ok,0.4748,0.4602
Jeb_Bush_0008.jpg,ok,0.4749,0.4477
Jeb_Bush_0009.jpg,ok,0.4677,0.4587
Jeb_Bush_0010.jpg,ok,0.4319,0.4243
Jeb_Bush_0011.jpg,ok,0.4610,0.4887
Jeb_Bush_0012.jpg,ok,0.4506,0.5003
Jeff_Bridges_0001.jpg,ok,0.3713,0.4467
Jeff_Bzdelik_0001.jpg,ok,0.4968,0.5413
Jeff_Dederian_0001.jpg,ok,0.3940,0.4213
Jeff_Feldman_0001.jpg,ok,0.4686,0.3797
Jeff_George_0001.jpg,ok,0.3629,0.4228
Jeff_Hornacek_0001.jpg,ok,0.4701,0.3942
Jeff_Roehm_0001.jpg,ok,0.4774,0.4875
Jeff_Schiffner_0001.jpg,ok,0.4980,0.4270
Jeff_Van_Gundy_0001.jpg,ok,0.3786,0.4329
Jeff_Van_Gundy_0002.jpg,ok,0.3443,0.4886
Jeff_Van_Gundy_0003.jpg,ok,0.3278,0.4590
Jeff_Weaver_0001.jpg,ok,0.5560,0.5059
Jefferson_Perez_0001.jpg,ok,0.5386,0.4928
Jefferson_Perez_0002.jpg,ok,0.5413,0.4545
Jeffery_Hendren_0001.jpg,ok,0.4528,0.4655
Jeffery_Strelzin_0001.jpg,ok,0.4769,0.4608
Jeffrey_Archer_0001.jpg,ok,0.4001,0.5003
Jeffrey_Archer_0002.jpg,ok,0.4383,0.4223
Jeffrey_Ashby_0001.jpg,ok,0.6377,0.6025
Jeffrey_Donaldson_0001.jpg,ok,0.4712,0.4747
Jeffrey_Immelt_0001.jpg,ok,0.3789,0.4884
Jeffrey_Immelt_0002.jpg,ok,0.4531,0.4571
Jeffrey_Jones_0001.jpg,ok,0.4715,0.4977
Jeffrey_Jones_0002.jpg,ok,0.4599,0.4941
Jeffrey_Katzenberg_0001.jpg,ok,0.4318,0.4038
Jeffrey_Pfeffer_0001.jpg,ok,0.3619,0.4051
Jeffrey_Scott_Postell_0001.jpg,ok,0.2966,0.4461
Jeffrey_Scott_Postell_0002.jpg,ok,0.3548,0.4070
Jelena_Dokic_0001.jpg,ok,0.4390,0.5161
Jelena_Dokic_0002.jpg,ok,0.2595,0.4466
Jelena_Dokic_0003.jpg,ok,0.5392,0.5122
Jelena_Dokic_0004.jpg,ok,0.4963,0.4945
Jelena_Dokic_0005.jpg,ok,0.5198,0.4966
Jelena_Dokic_0006.jpg,ok,0.4233,0.4944
Jelena_Dokic_0007.jpg,ok,0.5207,0.5341
Jelena_Dokic_0008.jpg,ok,0.5292,0.5224
Jen_Bice_0001.jpg,ok,0.4071,0.4898
Jen_Schefft_0001.jpg,ok,0.3222,0.3166
Jenna_Elfman_0001.jpg,ok,0.3240,0.4347
Jennette_Bradley_0001.jpg,ok,0.3355,0.4185
Jennie_Finch_0001.jpg,ok,0.3715,0.4235
Jennie_Garth_0001.jpg,ok,0.4188,0.4371
Jennifer_Aniston_0001.jpg,ok,0.4092,0.4563
Jennifer_Aniston_0002.jpg,ok,0.3851,0.3582
Jennifer_Aniston_0003.jpg,ok,0.3629,0.4141
Jennifer_Aniston_0004.jpg,ok,0.2947,0.3312
Jennifer_Aniston_0005.jpg,ok,0.4096,0.3918
Jennifer_Aniston_0006.jpg,ok,0.4253,0.4170
Jennifer_Aniston_0007.jpg,ok,0.4088,0.4205
Jennifer_Aniston_0008.jpg,ok,0.3802,0.3682
Jennifer_Aniston_0009.jpg,ok,0.4024,0.4286
Jennifer_Aniston_0010.jpg,ok,0.3186,0.3866
Jennifer_Aniston_0011.jpg,ok,0.3559,0.3698
Jennifer_Aniston_0012.jpg,ok,0.4044,0.3748
Jennifer_Aniston_0013.jpg,ok,0.3755,0.3664
Jennifer_Aniston_0014.jpg,ok,0.3635,0.3124
Jennifer_Aniston_0015.jpg,ok,0.3012,0.3329
Jennifer_Aniston_0016.jpg,ok,0.3111,0.3152
Jennifer_Aniston_0017.jpg,ok,0.3406,0.3883
Jennifer_Aniston_0018.jpg,ok,0.2946,0.3950
Jennifer_Aniston_0019.jpg,ok,0.2670,0.3619
Jennifer_Aniston_0020.jpg,ok,0.4775,0.5470
Jennifer_Aniston_0021.jpg,ok,0.4037,0.3890
Jennifer_Capriati_0001.jpg,ok,0.5392,0.5071
Jennifer_Capriati_0002.jpg,ok,0.5291,0.5404
Jennifer_Capriati_0003.jpg,ok,0.5055,0.4937
Jennifer_Capriati_0004.jpg,ok,0.5092,0.5222
Jennifer_Capriati_0005.jpg,ok,0.5200,0.5216
Jennifer_Capriati_0006.jpg,ok,0.5051,0.5197
Jennifer_Capriati_0007.jpg,ok,0.4797,0.5278
Jennifer_Capriati_0008.jpg,ok,0.4846,0.5319
Jennifer_Capriati_0009.jpg,ok,0.4664,0.4625
Jennifer_Capriati_0010.jpg,ok,0.5171,0.5036
Jennifer_Capriati_0011.jpg,ok,0.5454,0.4930
Jennifer_Capriati_0012.jpg,ok,0.4976,0.5244
Jennifer_Capriati_0013.jpg,ok,0.5069,0.5128
Jennifer_Capriati_0014.jpg,ok,0.4942,0.5291
Jennifer_Capriati_0015.jpg,ok,0.5018,0.4816
Jennifer_Capriati_0016.jpg,ok,0.5720,0.5165
Jennifer_Capriati_0017.jpg,ok,0.5049,0.5259
Jennifer_Capriati_0018.jpg,ok,0.5017,0.5094
Jennifer_Capriati_0019.jpg,ok,0.4948,0.4660
Jennifer_Capriati_0020.jpg,ok,0.4968,0.4874
Jennifer_Capriati_0021.jpg,ok,0.4717,0.4881
Jennifer_Capriati_0022.jpg,ok,0.5437,0.5161
Jennifer_Capriati_0023.jpg,ok,0.4946,0.5061
Jennifer_Capriati_0024.jpg,ok,0.5380,0.5179
Jennifer_Capriati_0025.jpg,ok,0.5213,0.5169
Jennifer_Capriati_0026.jpg,ok,0.5103,0.4807
Jennifer_Capriati_0027.jpg,ok,0.4166,0.4993
Jennifer_Capriati_0028.jpg,ok,0.5130,0.5251
Jennifer_Capriati_0029.jpg,ok,0.4821,0.5305
Jennifer_Capriati_0030.jpg,ok,0.5448,0.5359
Jennifer_Capriati_0031.jpg,ok,0.4949,0.5050
Jennifer_Capriati_0032.jpg,ok,0.4538,0.4706
Jennifer_Capriati_0033.jpg,ok,0.5017,0.4952
Jennifer_Capriati_0034.jpg,ok,0.5393,0.5126
Jennifer_Capriati_0035.jpg,ok,0.4372,0.4709
Jennifer_Capriati_0036.jpg,ok,0.4599,0.4680
Jennifer_Capriati_0037.jpg,ok,0.4519,0.5149
Jennifer_Capriati_0038.jpg,ok,0.5201,0.5265
Jennifer_Capriati_0039.jpg,ok,0.4982,0.5121
Jennifer_Capriati_0040.jpg,ok,0.4820,0.4523
Jennifer_Capriati_0041.jpg,ok,0.5106,0.5006
Jennifer_Capriati_0042.jpg,ok,0.4264,0.4127
Jennifer_Connelly_0001.jpg,ok,0.4119,0.5648
Jennifer_Connelly_0002.jpg,ok,0.3735,0.4088
Jennifer_Connelly_0003.jpg,ok,0.4732,0.4629
Jennifer_Connelly_0004.jpg,ok,0.4703,0.4359
Jennifer_Furminger_0001.jpg,ok,0.4205,0.4423
Jennifer_Garner_0001.jpg,ok,0.4663,0.4968
Jennifer_Garner_0002.jpg,ok,0.3406,0.3632
Jennifer_Garner_0003.jpg,ok,0.4308,0.4552
Jennifer_Garner_0004.jpg,ok,0.4238,0.3009
Jennifer_Garner_0005.jpg,ok,0.4734,0.4515
Jennifer_Garner_0006.jpg,ok,0.4889,0.5148
Jennifer_Garner_0007.jpg,ok,0.3554,0.3989
Jennifer_Garner_0008.jpg,ok,0.4825,0.5169
Jennifer_Garner_0009.jpg,ok,0.4065,0.4871
Jennifer_Garner_0010.jpg,ok,0.4121,0.4799
Jennifer_Garner_0011.jpg,ok,0.3876,0.4631
Jennifer_Garner_0012.jpg,ok,0.4114,0.5527
Jennifer_Granholm_0001.jpg,ok,0.4337,0.4602
Jennifer_Gratz_0001.jpg,ok,0.3803,0.4122
Jennifer_Keller_0001.jpg,ok,0.4482,0.4694
Jennifer_Keller_0002.jpg,ok,0.5021,0.4106
Jennifer_Keller_0003.jpg,ok,0.4348,0.4407
Jennifer_Keller_0004.jpg,ok,0.3902,0.4621
Jennifer_Lopez_0001.jpg,ok,0.4363,0.4569
Jennifer_Lopez_0002.jpg,ok,0.3710,0.4376
Jennifer_Lopez_0003.jpg,ok,0.5147,0.5000
Jennifer_Lopez_0004.jpg,ok,0.5022,0.4589
Jennifer_Lopez_0005.jpg,ok,0.3079,0.4014
Jennifer_Lopez_0006.jpg,ok,0.5371,0.4607
Jennifer_Lopez_0007.jpg,ok,0.4315,0.4879
Jennifer_Lopez_0008.jpg,ok,0.4135,0.4490
Jennifer_Lopez_0009.jpg,ok,0.3806,0.4476
Jennifer_Lopez_0010.jpg,ok,0.5105,0.4036
Jennifer_Lopez_0011.jpg,ok,0.5430,0.4796
Jennifer_Lopez_0012.jpg,ok,0.4408,0.3849
Jennifer_Lopez_0013.jpg,ok,0.4563,0.4999
Jennifer_Lopez_0014.jpg,ok,0.4067,0.4397
Jennifer_Lopez_0015.jpg,ok,0.3412,0.3901
Jennifer_Lopez_0016.jpg,ok,0.3584,0.4616
Jennifer_Lopez_0017.jpg,ok,0.3919,0.5009
Jennifer_Lopez_0018.jpg,ok,0.4417,0.5149
Jennifer_Lopez_0019.jpg,ok,0.2981,0.4829
Jennifer_Lopez_0020.jpg,ok,0.4608,0.4279
Jennifer_Lopez_0021.jpg,ok,0.3783,0.4554
Jennifer_Love_Hewitt_0001.jpg,ok,0.3393,0.3578
Jennifer_McCoy_0001.jpg,ok,0.3304,0.2890
Jennifer_Murray_0001.jpg,ok,0.3510,0.3633
Jennifer_Pena_0001.jpg,ok,0.3808,0.4526
Jennifer_Reilly_0001.jpg,ok,0.3141,0.4559
Jennifer_Reilly_0002.jpg,ok,0.3151,0.4261
Jennifer_Renee_Short_0001.jpg,ok,0.4373,0.4294
Jennifer_Rodriguez_0001.jpg,ok,0.4313,0.4624
Jennifer_Rodriguez_0002.jpg,ok,0.3759,0.4403
Jennifer_Thompson_0001.jpg,ok,0.4263,0.4867
Jennifer_Thompson_0002.jpg,ok,0.3892,0.4511
Jennifer_Tilly_0001.jpg,ok,0.3901,0.3757
Jenny_Romero_0001.jpg,ok,0.4012,0.5124
Jens_Lehmann_0001.jpg,ok,0.5438,0.5109
Jeong_Se-hyun_0001.jpg,ok,0.4999,0.4721
Jeong_Se-hyun_0002.jpg,ok,0.5264,0.5067
Jeong_Se-hyun_0003.jpg,ok,0.5017,0.5385
Jeong_Se-hyun_0004.jpg,ok,0.5062,0.5489
Jeong_Se-hyun_0005.jpg,ok,0.4538,0.4694
Jeong_Se-hyun_0006.jpg,ok,0.5108,0.5302
Jeong_Se-hyun_0007.jpg,ok,0.4798,0.4283
Jeong_Se-hyun_0008.jpg,ok,0.4765,0.5426
Jeong_Se-hyun_0009.jpg,ok,0.4542,0.5613
Jerelle_Kraus_0001.jpg,ok,0.3372,0.3400
Jeremy_Fogel_0001.jpg,ok,0.4286,0.4566
Jeremy_Gompertz_0001.jpg,ok,0.4627,0.5015
Jeremy_Greenstock_0001.jpg,ok,0.4831,0.4504
Jeremy_Greenstock_0002.jpg,ok,0.3671,0.4010
Jeremy_Greenstock_0003.jpg,ok,0.4394,0.4947
Jeremy_Greenstock_0004.jpg,ok,0.4382,0.4674
Jeremy_Greenstock_0005.jpg,ok,0.4103,0.4060
Jeremy_Greenstock_0006.jpg,ok,0.4305,0.4534
Jeremy_Greenstock_0007.jpg,ok,0.4739,0.4778
Jeremy_Greenstock_0008.jpg,ok,0.4381,0.4224
Jeremy_Greenstock_0009.jpg,ok,0.3791,0.4951
Jeremy_Greenstock_0010.jpg,ok,0.4467,0.5121
Jeremy_Greenstock_0011.jpg,ok,0.4274,0.4729
Jeremy_Greenstock_0012.jpg,ok,0.3358,0.4565
Jeremy_Greenstock_0013.jpg,ok,0.3321,0.4473
Jeremy_Greenstock_0014.jpg,ok,0.3832,0.5300
Jeremy_Greenstock_0015.jpg,ok,0.4287,0.4729
Jeremy_Greenstock_0016.jpg,ok,0.4850,0.4115
Jeremy_Greenstock_0017.jpg,ok,0.4445,0.3912
Jeremy_Greenstock_0018.jpg,ok,0.3924,0.4335
Jeremy_Greenstock_0019.jpg,ok,0.4484,0.4183
Jeremy_Greenstock_0020.jpg,ok,0.4263,0.3973
Jeremy_Greenstock_0021.jpg,ok,0.3646,0.3925
Jeremy_Greenstock_0022.jpg,ok,0.4869,0.5243
Jeremy_Greenstock_0023.jpg,ok,0.4532,0.5162
Jeremy_Greenstock_0024.jpg,ok,0.4448,0.4794
Jeremy_Shockey_0001.jpg,ok,0.3414,0.3622
Jeremy_Shockey_0002.jpg,ok,0.2416,0.2406
Jeremy_Wotherspoon_0001.jpg,ok,0.4127,0.4586
Jeri_Ryan_0001.jpg,ok,0.3914,0.3918
Jerome_Golmard_0001.jpg,ok,0.5105,0.4741
Jerome_Jenkins_0001.jpg,ok,0.3187,0.4036
Jerry_Angelo_0001.jpg,ok,0.3584,0.3623
Jerry_Bruckheimer_0001.jpg,ok,0.4257,0.3686
Jerry_Colangelo_0001.jpg,ok,0.4310,0.4651
Jerry_Falwell_0001.jpg,ok,0.4465,0.4722
Jerry_Falwell_0002.jpg,ok,0.3956,0.4470
Jerry_Hall_0001.jpg,ok,0.3898,0.3178
Jerry_Jones_0001.jpg,ok,0.4557,0.4876
Jerry_Lewis_0001.jpg,ok,0.4687,0.4690
Jerry_McEntee_0001.jpg,ok,0.3488,0.4225
Jerry_Oliver_0001.jpg,ok,0.3729,0.4827
Jerry_Pauley_0001.jpg,ok,0.4587,0.4774
Jerry_Regier_0001.jpg,ok,0.2879,0.3040
Jerry_Regier_0002.jpg,ok,0.4437,0.4646
Jerry_Regier_0003.jpg,ok,0.3782,0.3808
Jerry_Regier_0004.jpg,ok,0.4165,0.4719
Jerry_Rice_0001.jpg,ok,0.3729,0.3686
Jerry_Seinfeld_0001.jpg,ok,0.3236,0.3407
Jerry_Sexton_0001.jpg,ok,0.4276,0.4383
Jerry_Sloan_0001.jpg,ok,0.4668,0.5107
Jerry_Springer_0001.jpg,ok,0.3062,0.4309
Jerry_Springer_0002.jpg,ok,0.4473,0.4722
Jerry_Springer_0003.jpg,ok,0.4195,0.3522
Jerry_Springer_0004.jpg,ok,0.3768,0.4339
Jerry_Tarkanian_0001.jpg,ok,0.3612,0.4443
Jesper_Parnevik_0001.jpg,ok,0.4469,0.2962
Jesse_Harris_0001.jpg,ok,0.3579,0.4145
Jesse_Harris_0002.jpg,ok,0.2437,0.2822
Jesse_Harris_0003.jpg,ok,0.3667,0.4027
Jesse_Helms_0001.jpg,ok,0.4371,0.4367
Jesse_Jackson_0001.jpg,ok,0.4720,0.5102
Jesse_Jackson_0002.jpg,ok,0.4246,0.4612
Jesse_Jackson_0003.jpg,ok,0.3779,0.3727
Jesse_Jackson_0004.jpg,ok,0.4504,0.4506
Jesse_Jackson_0005.jpg,ok,0.4392,0.4522
Jesse_Jackson_0006.jpg,ok,0.4465,0.4783
Jesse_Jackson_0007.jpg,ok,0.4441,0.4386
Jesse_Jackson_0008.jpg,ok,0.4544,0.4748
Jesse_Jackson_0009.jpg,ok,0.4403,0.3843
Jesse_James_0001.jpg,ok,0.2842,0.3313
Jesse_James_Leija_0001.jpg,ok,0.2894,0.4845
Jesse_James_Leija_0002.jpg,ok,0.3396,0.4017
Jesse_Ventura_0001.jpg,ok,0.4642,0.4418
Jesse_Ventura_0002.jpg,ok,0.3604,0.4450
Jesse_Ventura_0003.jpg,ok,0.4032,0.2907
Jessica_Alba_0001.jpg,ok,0.4192,0.4690
Jessica_Alba_0002.jpg,ok,0.3907,0.3910
Jessica_Biel_0001.jpg,ok,0.4581,0.4311
Jessica_Brungo_0001.jpg,ok,0.4525,0.4712
Jessica_Capshaw_0001.jpg,ok,0.3430,0.3958
Jessica_Lange_0001.jpg,ok,0.4043,0.4191
Jessica_Lange_0002.jpg,ok,0.4516,0.4236
Jessica_Lynch_0001.jpg,ok,0.5230,0.5707
Jessica_Lynch_0002.jpg,ok,0.4890,0.5351
Jessica_Simpson_0001.jpg,ok,0.3236,0.4464
Jesus_Cardenal_0001.jpg,ok,0.4641,0.4347
Jewel_Howard-Taylor_0001.jpg,ok,0.4120,0.4000
Jia_Qinglin_0001.jpg,ok,0.4586,0.4437
Jia_Qinglin_0002.jpg,ok,0.4863,0.4935
Jiang_Zemin_0001.jpg,ok,0.4142,0.4893
Jiang_Zemin_0002.jpg,ok,0.4610,0.4765
Jiang_Zemin_0003.jpg,ok,0.4970,0.4577
Jiang_Zemin_0004.jpg,ok,0.4124,0.3973
Jiang_Zemin_0005.jpg,ok,0.3605,0.3514
Jiang_Zemin_0006.jpg,ok,0.4461,0.4913
Jiang_Zemin_0007.jpg,ok,0.4277,0.4747
Jiang_Zemin_0008.jpg,ok,0.4670,0.4720
Jiang_Zemin_0009.jpg,ok,0.5431,0.5344
Jiang_Zemin_0010.jpg,ok,0.4600,0.4959
Jiang_Zemin_0011.jpg,ok,0.4279,0.4483
Jiang_Zemin_0012.jpg,ok,0.4394,0.3838
Jiang_Zemin_0013.jpg,ok,0.4309,0.4062
Jiang_Zemin_0014.jpg,ok,0.4857,0.5187
Jiang_Zemin_0015.jpg,ok,0.4704,0.4829
Jiang_Zemin_0016.jpg,ok,0.3529,0.4730
Jiang_Zemin_0017.jpg,ok,0.4641,0.5153
Jiang_Zemin_0018.jpg,ok,0.4869,0.4452
Jiang_Zemin_0019.jpg,ok,0.4781,0.5292
Jiang_Zemin_0020.jpg,ok,0.4567,0.4771
Jim_Abbott_0001.jpg,ok,0.5369,0.5249
Jim_Ahern_0001.jpg,ok,0.4355,0.4481
Jim_Anderson_0001.jpg,ok,0.4023,0.3767
Jim_Beattie_0001.jpg,ok,0.4300,0.3861
Jim_Bollman_0001.jpg,ok,0.4167,0.3900
Jim_Bunning_0001.jpg,ok,0.4619,0.5196
Jim_Calhoun_0001.jpg,ok,0.4593,0.4369
Jim_Cantalupo_0001.jpg,ok,0.4097,0.4414
Jim_Carrey_0001.jpg,ok,0.3557,0.4008
Jim_Carrey_0002.jpg,ok,0.3265,0.3139
Jim_Carrey_0003.jpg,ok,0.3844,0.3381
Jim_Doyle_0001.jpg,ok,0.3785,0.2547
Jim_Edmonds_0001.jpg,ok,0.4531,0.3928
Jim_Edmonds_0002.jpg,ok,0.4740,0.4372
Jim_Fassel_0001.jpg,ok,0.4650,0.4372
Jim_Flaherty_0001.jpg,ok,0.3974,0.4446
Jim_Freudenberg_0001.jpg,ok,0.4193,0.4338
Jim_Furyk_0001.jpg,ok,0.5010,0.4534
Jim_Furyk_0002.jpg,ok,0.5262,0.5018
Jim_Furyk_0003.jpg,ok,0.4536,0.4679
Jim_Furyk_0004.jpg,ok,0.4751,0.4939
Jim_Furyk_0005.jpg,ok,0.4675,0.4202
Jim_Furyk_0006.jpg,ok,0.4744,0.4923
Jim_Greenwood_0001.jpg,ok,0.4848,0.5224
Jim_Hahn_0001.jpg,ok,0.4455,0.4259
Jim_Hahn_0002.jpg,ok,0.4667,0.4482
Jim_Hahn_0003.jpg,ok,0.4517,0.5037
Jim_Hahn_0004.jpg,ok,0.3766,0.4695
Jim_Hardin_0001.jpg,ok,0.4877,0.4452
Jim_Harrick_0001.jpg,ok,0.4210,0.4477
Jim_Harrick_0002.jpg,ok,0.4534,0.4211
Jim_Haslett_0001.jpg,ok,0.4439,0.4842
Jim_Hendry_0001.jpg,ok,0.4356,0.4556
Jim_Jeffords_0001.jpg,ok,0.4698,0.4377
Jim_Kelly_0001.jpg,ok,0.4005,0.4323
Jim_Leach_0001.jpg,ok,0.4716,0.4793
Jim_Letten_0001.jpg,ok,0.4662,0.4960
Jim_Nochols_0001.jpg,ok,0.4595,0.4775
Jim_OBrien_0001.jpg,ok,0.3547,0.4345
Jim_OBrien_0002.jpg,ok,0.4819,0.5006
Jim_OBrien_0003.jpg,ok,0.4408,0.4889
Jim_Otto_0001.jpg,ok,0.3714,0.4100
Jim_Parque_0001.jpg,ok,0.5958,0.5605
Jim_Paxson_0001.jpg,ok,0.4589,0.4484
Jim_Piper_0001.jpg,ok,0.4642,0.4384
Jim_Ryan_0001.jpg,ok,0.4108,0.4674
Jim_Schwarz_0001.jpg,ok,0.4176,0.3624
Jim_Spinoza_0001.jpg,ok,0.2833,0.3603
Jim_Sterk_0001.jpg,ok,0.4376,0.4828
Jim_Talent_0001.jpg,ok,0.3127,0.3866
Jim_Taylor_0001.jpg,ok,0.4238,0.3578
Jim_Thome_0001.jpg,ok,0.3578,0.3795
Jim_Tressel_0001.jpg,ok,0.4361,0.4946
Jim_Tressel_0002.jpg,ok,0.3959,0.4557
Jim_Tressel_0003.jpg,ok,0.4623,0.4887
Jim_Tressel_0004.jpg,ok,0.3615,0.4780
Jim_Wall_0001.jpg,ok,0.4467,0.4040
Jim_Wessling_0001.jpg,ok,0.4297,0.4802
Jim_Wong_0001.jpg,ok,0.5411,0.4562
Jim_Zorn_0001.jpg,ok,0.4709,0.4454
Jimmy_Carter_0001.jpg,ok,0.4697,0.4455
Jimmy_Carter_0002.jpg,ok,0.4059,0.3835
Jimmy_Carter_0003.jpg,ok,0.4153,0.4536
Jimmy_Carter_0004.jpg,ok,0.4745,0.4646
Jimmy_Carter_0005.jpg,ok,0.4329,0.4576
Jimmy_Carter_0006.jpg,ok,0.4262,0.4398
Jimmy_Carter_0007.jpg,ok,0.2619,0.3611
Jimmy_Carter_0008.jpg,ok,0.3453,0.3165
Jimmy_Carter_0009.jpg,ok,0.3464,0.4162
Jimmy_Gobble_0001.jpg,ok,0.4045,0.4432
Jimmy_Gurule_0001.jpg,ok,0.5144,0.5309
Jimmy_Iovine_0001.jpg,ok,0.2989,0.4520
Jimmy_Jimenez_0001.jpg,ok,0.4514,0.4701
Jimmy_Kimmel_0001.jpg,ok,0.2704,0.3706
Jimmy_Kimmel_0002.jpg,ok,0.5528,0.5552
Jimmy_Lee_0001.jpg,ok,0.4701,0.5030
Jimmy_Smits_0001.jpg,ok,0.4235,0.2977
Jimmy_Szymanski_0001.jpg,ok,0.3778,0.5027
Jiri_Novak_0001.jpg,ok,0.4834,0.4703
Jiri_Novak_0002.jpg,ok,0.4847,0.5107
Jiri_Novak_0003.jpg,ok,0.4900,0.4908
Jiri_Novak_0004.jpg,ok,0.5056,0.4959
Jiri_Novak_0005.jpg,ok,0.4983,0.4857
Jiri_Novak_0006.jpg,ok,0.4737,0.4980
Jiri_Novak_0007.jpg,ok,0.4902,0.5144
Jiri_Novak_0008.jpg,ok,0.4820,0.4844
Jiri_Novak_0009.jpg,ok,0.4730,0.4735
Jiri_Novak_0010.jpg,ok,0.4843,0.4843
Jiri_Novak_0011.jpg,ok,0.4388,0.5031
Jo_Dee_Messina_0001.jpg,ok,0.3767,0.3354
Jo_Dee_Messina_0002.jpg,ok,0.2773,0.3838
Jo_Joong-hyon_0001.jpg,ok,0.4575,0.4881
Joan_Claybrook_0001.jpg,ok,0.4499,0.4679
Joan_Claybrook_0002.jpg,ok,0.4099,0.4496
Joan_Collins_0001.jpg,ok,0.3711,0.3957
Joan_Dangerfield_0001.jpg,ok,0.4084,0.4219
Joan_Jett_0001.jpg,ok,0.3095,0.3172
Joan_Laporta_0001.jpg,ok,0.4778,0.4908
Joan_Laporta_0002.jpg,ok,0.4598,0.4937
Joan_Laporta_0003.jpg,ok,0.4883,0.4831
Joan_Laporta_0004.jpg,ok,0.4821,0.4447
Joan_Laporta_0005.jpg,ok,0.3420,0.3852
Joan_Laporta_0006.jpg,ok,0.4098,0.4639
Joan_Laporta_0007.jpg,ok,0.4179,0.4472
Joan_Laporta_0008.jpg,ok,0.3443,0.3871
Joan_Laporta_0009.jpg,ok,0.4305,0.5015
Joanna_Poitier_0001.jpg,ok,0.4196,0.4512
Joanne_Duquette_0001.jpg,ok,0.3704,0.4768
Joanne_Woodward_0001.jpg,ok,0.3912,0.4140
Joao_Rocha_0001.jpg,ok,0.4846,0.4866
Joaquim_Levy_0001.jpg,ok,0.3980,0.3870
Joaquim_Rodriguez_0001.jpg,ok,0.3692,0.4682
Joaquin_Phoenix_0001.jpg,ok,0.4457,0.4093
Joaquin_Sanchez_0001.jpg,ok,0.5236,0.5419
Job_Cohen_0001.jpg,ok,0.4192,0.3730
Job_Cohen_0002.jpg,ok,0.4267,0.4765
Jodie_Foster_0001.jpg,ok,0.3581,0.3974
Jodie_Foster_0002.jpg,ok,0.3937,0.3936
Jodie_Foster_0003.jpg,ok,0.4055,0.3889
Jodie_Henry_0001.jpg,ok,0.4865,0.4556
Jodie_Kidd_0001.jpg,ok,0.3654,0.3422
Jody_Richards_0001.jpg,ok,0.4389,0.4352
Joe_Calzaghe_0001.jpg,ok,0.4726,0.4826
Joe_Calzaghe_0002.jpg,ok,0.4712,0.4461
Joe_Carnahan_0001.jpg,ok,0.3987,0.3632
Joe_Cocker_0001.jpg,ok,0.4975,0.3898
Joe_Cravens_0001.jpg,ok,0.3091,0.4769
Joe_Crede_0001.jpg,ok,0.3789,0.3276
Joe_Darrell_0001.jpg,ok,0.4380,0.4273
Joe_DeLamielleure_0001.jpg,ok,0.2443,0.3671
Joe_Dicaro_0001.jpg,ok,0.4823,0.4201
Joe_Dumars_0001.jpg,ok,0.4691,0.4756
Joe_Dumars_0002.jpg,ok,0.4284,0.4513
Joe_Finley_0001.jpg,ok,0.4507,0.3944
Joe_Friedberg_0001.jpg,ok,0.2450,0.3625
Joe_Garner_0001.jpg,ok,0.4769,0.4262
Joe_Gatti_0001.jpg,ok,0.3262,0.4662
Joe_Gatti_0002.jpg,ok,0.4728,0.4785
Joe_Glover_0001.jpg,ok,0.4549,0.4841
Joe_Leonard_0001.jpg,ok,0.3967,0.4480
Joe_Lieberman_0001.jpg,ok,0.4306,0.4886
Joe_Lieberman_0002.jpg,ok,0.4200,0.4161
Joe_Lieberman_0003.jpg,ok,0.4563,0.4849
Joe_Lieberman_0004.jpg,ok,0.3855,0.4484
Joe_Lieberman_0005.jpg,ok,0.4239,0.4407
Joe_Lieberman_0006.jpg,ok,0.4250,0.4318
Joe_Lieberman_0007.jpg,ok,0.5080,0.5130
Joe_Lieberman_0008.jpg,ok,0.4010,0.3756
Joe_Lieberman_0009.jpg,ok,0.3635,0.4104
Joe_Lieberman_0010.jpg,ok,0.4632,0.4914
Joe_Lieberman_0011.jpg,ok,0.4389,0.4609
Joe_Lieberman_0012.jpg,ok,0.4421,0.4303
Joe_Lieberman_0013.jpg,ok,0.4558,0.4274
Joe_Mantegna_0001.jpg,ok,0.4881,0.5634
Joe_Mantello_0001.jpg,ok,0.2700,0.3056
Joe_Mantello_0002.jpg,ok,0.3471,0.5533
Joe_Mendes_0001.jpg,ok,0.4095,0.3839
Joe_Metz_0001.jpg,ok,0.4384,0.5152
Joe_Nichols_0001.jpg,ok,0.4470,0.4575
Joe_Nichols_0002.jpg,ok,0.3744,0.3807
Joe_Nichols_0003.jpg,ok,0.3318,0.3773
Joe_Nichols_0004.jpg,ok,0.3360,0.3959
Joe_Pantoliano_0001.jpg,ok,0.3426,0.3031
Joe_Paterno_0001.jpg,ok,0.4003,0.4092
Joe_Plumeri_0001.jpg,ok,0.4152,0.4939
Joe_Strummer_0001.jpg,ok,0.4656,0.4323
Joe_Torre_0001.jpg,ok,0.3687,0.4480
Joe_Torre_0002.jpg,ok,0.4297,0.4955
Joe_Torre_0003.jpg,ok,0.3588,0.4516
Joe_Torre_0004.jpg,ok,0.3953,0.4386
Joe_Vandever_0001.jpg,ok,0.3989,0.4172
Joel_Gallen_0001.jpg,ok,0.3714,0.3181
Joel_Todd_0001.jpg,ok,0.3833,0.3460
Joerg_Haider_0001.jpg,ok,0.4150,0.3390
Joerg_Haider_0002.jpg,ok,0.4038,0.3678
Joey_Buttafuoco_0001.jpg,ok,0.4847,0.4387
Joey_Harrington_0001.jpg,ok,0.5094,0.4822
Joey_Mantia_0001.jpg,ok,0.4120,0.4751
Johan_Bruyneel_0001.jpg,ok,0.4059,0.4044
Johannes_Rau_0001.jpg,ok,0.4371,0.5037
John_Abizaid_0001.jpg,ok,0.2998,0.4426
John_Abizaid_0002.jpg,ok,0.3845,0.5027
John_Abizaid_0003.jpg,ok,0.3422,0.4473
John_Abizaid_0004.jpg,ok,0.5034,0.5305
John_Abizaid_0005.jpg,ok,0.4279,0.4008
John_Abizaid_0006.jpg,ok,0.4208,0.4428
John_Abizaid_0007.jpg,ok,0.4633,0.5165
John_Abizaid_0008.jpg,ok,0.5366,0.5093
John_Abizaid_0009.jpg,ok,0.3932,0.3915
John_Allen_Muhammad_0001.jpg,ok,0.4391,0.4536
John_Allen_Muhammad_0002.jpg,ok,0.4162,0.4470
John_Allen_Muhammad_0003.jpg,ok,0.4085,0.4017
John_Allen_Muhammad_0004.jpg,ok,0.4897,0.4399
John_Allen_Muhammad_0005.jpg,ok,0.3851,0.3930
John_Allen_Muhammad_0006.jpg,ok,0.3931,0.4074
John_Allen_Muhammad_0007.jpg,ok,0.4290,0.4398
John_Allen_Muhammad_0008.jpg,ok,0.4177,0.4178
John_Allen_Muhammad_0009.jpg,ok,0.4534,0.4239
John_Allen_Muhammad_0010.jpg,ok,0.4293,0.4435
John_Allen_Muhammad_0011.jpg,ok,0.4220,0.4167
John_Anderson_0001.jpg,ok,0.3916,0.3927
John_Ashcroft_0001.jpg,ok,0.4885,0.4826
John_Ashcroft_0002.jpg,ok,0.4429,0.4553
John_Ashcroft_0003.jpg,ok,0.4582,0.3980
John_Ashcroft_0004.jpg,ok,0.4274,0.4312
John_Ashcroft_0005.jpg,ok,0.4482,0.4551
John_Ashcroft_0006.jpg,ok,0.4030,0.4735
John_Ashcroft_0007.jpg,ok,0.4231,0.4940
John_Ashcroft_0008.jpg,ok,0.4534,0.5048
John_Ashcroft_0009.jpg,ok,0.4415,0.5035
John_Ashcroft_0010.jpg,ok,0.5008,0.5281
John_Ashcroft_0011.jpg,ok,0.5171,0.5339
John_Ashcroft_0012.jpg,ok,0.5207,0.5064
John_Ashcroft_0013.jpg,ok,0.4738,0.4782
John_Ashcroft_0014.jpg,ok,0.4121,0.4736
John_Ashcroft_0015.jpg,ok,0.4989,0.4478
John_Ashcroft_0016.jpg,ok,0.4309,0.5086
John_Ashcroft_0017.jpg,ok,0.4543,0.4851
John_Ashcroft_0018.jpg,ok,0.5073,0.5431
John_Ashcroft_0019.jpg,ok,0.5005,0.4454
John_Ashcroft_0020.jpg,ok,0.4869,0.4942
John_Ashcroft_0021.jpg,ok,0.4878,0.5060
John_Ashcroft_0022.jpg,ok,0.4536,0.4783
John_Ashcroft_0023.jpg,ok,0.4309,0.4727
John_Ashcroft_0024.jpg,ok,0.4828,0.4871
John_Ashcroft_0025.jpg,ok,0.4842,0.5309
John_Ashcroft_0026.jpg,ok,0.4819,0.5147
John_Ashcroft_0027.jpg,ok,0.4420,0.4349
John_Ashcroft_0028.jpg,ok,0.3794,0.4735
John_Ashcroft_0029.jpg,ok,0.4670,0.4587
John_Ashcroft_0030.jpg,ok,0.4473,0.3702
John_Ashcroft_0031.jpg,ok,0.4828,0.4771
John_Ashcroft_0032.jpg,ok,0.4593,0.4948
John_Ashcroft_0033.jpg,ok,0.3790,0.4091
John_Ashcroft_0034.jpg,ok,0.4890,0.4818
John_Ashcroft_0035.jpg,ok,0.4323,0.4315
John_Ashcroft_0036.jpg,ok,0.4832,0.4415
John_Ashcroft_0037.jpg,ok,0.4464,0.4441
John_Ashcroft_0038.jpg,ok,0.4122,0.4607
John_Ashcroft_0039.jpg,ok,0.4955,0.4836
John_Ashcroft_0040.jpg,ok,0.4862,0.4565
John_Ashcroft_0041.jpg,ok,0.4340,0.4048
John_Ashcroft_0042.jpg,ok,0.4322,0.4591
John_Ashcroft_0043.jpg,ok,0.5596,0.4976
John_Ashcroft_0044.jpg,ok,0.4619,0.4718
John_Ashcroft_0045.jpg,ok,0.4810,0.4929
John_Ashcroft_0046.jpg,ok,0.4731,0.4877
John_Ashcroft_0047.jpg,ok,0.4921,0.4822
John_Ashcroft_0048.jpg,ok,0.4569,0.4908
John_Ashcroft_0049.jpg,ok,0.3807,0.3719
John_Ashcroft_0050.jpg,ok,0.4948,0.5099
John_Ashcroft_0051.jpg,ok,0.5111,0.5244
John_Ashcroft_0052.jpg,ok,0.4346,0.3925
John_Ashcroft_0053.jpg,ok,0.4598,0.4455
John_Baldacci_0001.jpg,ok,0.5142,0.5084
John_Banko_0001.jpg,ok,0.4649,0.4753
John_Banko_0002.jpg,ok,0.4790,0.4537
John_Barnett_0001.jpg,ok,0.4690,0.4726
John_Belushi_0001.jpg,ok,0.4228,0.4347
John_Blaney_0001.jpg,ok,0.4424,0.3625
John_Blaney_0002.jpg,ok,0.4023,0.3805
John_Bolton_0001.jpg,ok,0.5222,0.4555
John_Bolton_0002.jpg,ok,0.3825,0.4018
John_Bolton_0003.jpg,ok,0.4857,0.4584
John_Bolton_0004.jpg,ok,0.4800,0.4632
John_Bolton_0005.jpg,ok,0.4607,0.4678
John_Bolton_0006.jpg,ok,0.4858,0.4587
John_Bolton_0007.jpg,ok,0.4709,0.4751
John_Bolton_0008.jpg,ok,0.4290,0.4029
John_Bolton_0009.jpg,ok,0.4381,0.4554
John_Bolton_0010.jpg,ok,0.4264,0.4943
John_Bolton_0011.jpg,ok,0.5067,0.4620
John_Bolton_0012.jpg,ok,0.4957,0.5203
John_Bolton_0013.jpg,ok,0.4272,0.4704
John_Bolton_0014.jpg,ok,0.4599,0.4761
John_Bolton_0015.jpg,ok,0.4538,0.4535
John_Bolton_0016.jpg,ok,0.4818,0.4722
John_Bolton_0017.jpg,ok,0.4765,0.4233
John_Bond_0001.jpg,ok,0.4184,0.4764
John_Brady_0001.jpg,ok,0.2853,0.3432
John_Brady_0002.jpg,ok,0.3513,0.4028
John_Burkett_0001.jpg,ok,0.5018,0.5226
John_Burnett_0001.jpg,ok,0.4222,0.4176
John_Connolly_0001.jpg,ok,0.4177,0.4162
John_Coomber_0001.jpg,ok,0.3547,0.4837
John_Cornyn_0001.jpg,ok,0.4457,0.5051
John_Cruz_0001.jpg,ok,0.3660,0.4487
John_Cusack_0001.jpg,ok,0.4344,0.4466
John_Cusack_0002.jpg,ok,0.4994,0.4215
John_Dallager_0001.jpg,ok,0.4642,0.4858
John_Daly_Jr_0001.jpg,ok,0.4813,0.3915
John_Danforth_0001.jpg,ok,0.4288,0.4738
John_Darby_0001.jpg,ok,0.3412,0.3953
John_Duprey_0001.jpg,ok,0.4559,0.4004
John_Eastman_0001.jpg,ok,0.4184,0.3897
John_Eder_0001.jpg,ok,0.4263,0.4023
John_Edwards_0001.jpg,ok,0.4094,0.4431
John_Edwards_0002.jpg,ok,0.4052,0.4718
John_Edwards_0003.jpg,ok,0.3166,0.4103
John_Edwards_0004.jpg,ok,0.3720,0.4247
John_Edwards_0005.jpg,ok,0.4262,0.4338
John_Edwards_0006.jpg,ok,0.3589,0.4221
John_Edwards_0007.jpg,ok,0.4403,0.4167
John_Edwards_0008.jpg,ok,0.4076,0.4109
John_Elway_0001.jpg,ok,0.4050,0.3284
John_Engler_0001.jpg,ok,0.4504,0.4891
John_F_Kennedy_Jr_0001.jpg,ok,0.4818,0.4813
John_F_Kennedy_Jr_0002.jpg,ok,0.5099,0.5531
John_Fenn_0001.jpg,ok,0.4346,0.4520
John_Ferguson_0001.jpg,ok,0.4052,0.3872
John_Fox_0001.jpg,ok,0.4507,0.4347
John_Franco_0001.jpg,ok,0.4523,0.4008
John_Garamendi_0001.jpg,ok,0.3378,0.3986
John_Garamendi_0002.jpg,ok,0.4388,0.4214
John_Geoghan_0001.jpg,ok,0.3744,0.5013
John_Goold_0001.jpg,ok,0.4082,0.3889
John_Gordnick_0001.jpg,ok,0.4509,0.4104
John_Gruden_0001.jpg,ok,0.3280,0.4134
John_Hartson_0001.jpg,ok,0.5370,0.5141
John_Henry_0001.jpg,ok,0.3832,0.3871
John_Herrington_0001.jpg,ok,0.2801,0.4194
John_Howard_0001.jpg,ok,0.4370,0.4154
John_Howard_0002.jpg,ok,0.4850,0.5428
John_Howard_0003.jpg,ok,0.4697,0.4935
John_Howard_0004.jpg,ok,0.4857,0.5276
John_Howard_0005.jpg,ok,0.3855,0.4663
John_Howard_0006.jpg,ok,0.4699,0.4366
John_Howard_0007.jpg,ok,0.4927,0.4965
John_Howard_0008.jpg,ok,0.3642,0.3625
John_Howard_0009.jpg,ok,0.4132,0.4331
John_Howard_0010.jpg,ok,0.4409,0.4688
John_Howard_0011.jpg,ok,0.3975,0.4011
John_Howard_0012.jpg,ok,0.5069,0.5518
John_Howard_0013.jpg,ok,0.3917,0.4620
John_Howard_0014.jpg,ok,0.3711,0.4348
John_Howard_0015.jpg,ok,0.4798,0.5190
John_Howard_0016.jpg,ok,0.4859,0.4681
John_Howard_0017.jpg,ok,0.3990,0.4903
John_Howard_0018.jpg,ok,0.4012,0.4261
John_Howard_0019.jpg,ok,0.4212,0.4805
John_Jones_0001.jpg,ok,0.3779,0.3739
John_Jumper_0001.jpg,ok,0.3080,0.3616
John_Jumper_0002.jpg,ok,0.4513,0.4837
John_Kerr_0001.jpg,ok,0.4614,0.4339
John_Kerry_0001.jpg,ok,0.4493,0.4822
John_Kerry_0002.jpg,ok,0.4513,0.5278
John_Kerry_0003.jpg,ok,0.4958,0.5458
John_Kerry_0004.jpg,ok,0.4532,0.4561
John_Kerry_0005.jpg,ok,0.4643,0.4287
John_Kerry_0006.jpg,ok,0.4971,0.4647
John_Kerry_0007.jpg,ok,0.4588,0.4457
John_Kerry_0008.jpg,ok,0.3895,0.4433
John_Kerry_0009.jpg,ok,0.4598,0.4540
John_Kerry_0010.jpg,ok,0.4468,0.4505
John_Kerry_0011.jpg,ok,0.4137,0.4612
John_Kerry_0012.jpg,ok,0.4642,0.5186
John_Kerry_0013.jpg,ok,0.4553,0.4697
John_Kerry_0014.jpg,ok,0.4501,0.4910
John_Kerry_0015.jpg,ok,0.4192,0.4228
John_Kerry_0016.jpg,ok,0.3557,0.4191
John_Kerry_0017.jpg,ok,0.4046,0.4631
John_Lawrence_0001.jpg,ok,0.4156,0.4510
John_Leguizamo_0001.jpg,ok,0.4508,0.4361
John_Lennon_0001.jpg,ok,0.4693,0.5263
John_Lisowski_0001.jpg,ok,0.6424,0.6780
John_Lithgow_0001.jpg,ok,0.4739,0.4988
John_Lynch_0001.jpg,ok,0.5224,0.4494
John_Mabry_0001.jpg,ok,0.4633,0.3929
John_Madden_0001.jpg,ok,0.5323,0.4753
John_Malkovich_0001.jpg,ok,0.4178,0.4136
John_Malkovich_0002.jpg,ok,0.4037,0.4270
John_Malkovich_0003.jpg,ok,0.4666,0.4043
John_Manley_0001.jpg,ok,0.4841,0.5261
John_Manley_0002.jpg,ok,0.4620,0.4759
John_Manley_0003.jpg,ok,0.4279,0.4874
John_Manley_0004.jpg,ok,0.3797,0.3556
John_Manley_0005.jpg,ok,0.4261,0.4122
John_Manley_0006.jpg,ok,0.4248,0.4489
John_Manley_0007.jpg,ok,0.4655,0.4947
John_Marburger_0001.jpg,ok,0.3766,0.3904
John_Mayer_0001.jpg,ok,0.3977,0.3872
John_Mayer_0002.jpg,ok,0.3929,0.4598
John_Mayer_0003.jpg,ok,0.4922,0.4819
John_McCain_0001.jpg,ok,0.4115,0.5039
John_McCain_0002.jpg,ok,0.4340,0.4265
John_McCain_0003.jpg,ok,0.4660,0.4270
John_McCain_0004.jpg,ok,0.4366,0.4386
John_McCain_0005.jpg,ok,0.4622,0.4695
John_McCain_0006.jpg,ok,0.4898,0.4982
John_McCain_0007.jpg,ok,0.4732,0.4697
John_McCallum_0001.jpg,ok,0.4515,0.4738
John_McCallum_0002.jpg,ok,0.4702,0.4862
John_McCormack_0001.jpg,ok,0.4771,0.4803
John_McCormack_0002.jpg,ok,0.3700,0.4752
John_McEnroe_0001.jpg,ok,0.4486,0.4731
John_McEnroe_0002.jpg,ok,0.4884,0.4737
John_McKay_0001.jpg,ok,0.5057,0.5040
John_Moe_0001.jpg,ok,0.4152,0.4710
John_Moxley_0001.jpg,ok,0.4376,0.4762
John_Nash_0001.jpg,ok,0.3655,0.3261
John_Negroponte_0001.jpg,ok,0.4733,0.4927
John_Negroponte_0002.jpg,ok,0.4594,0.5071
John_Negroponte_0003.jpg,ok,0.4923,0.4791
John_Negroponte_0004.jpg,ok,0.4314,0.4074
John_Negroponte_0005.jpg,ok,0.4547,0.4965
John_Negroponte_0006.jpg,ok,0.4556,0.4991
John_Negroponte_0007.jpg,ok,0.4578,0.4757
John_Negroponte_0008.jpg,ok,0.4842,0.4624
John_Negroponte_0009.jpg,ok,0.3519,0.3997
John_Negroponte_0010.jpg,ok,0.4395,0.4826
John_Negroponte_0011.jpg,ok,0.4347,0.5055
John_Negroponte_0012.jpg,ok,0.4497,0.5198
John_Negroponte_0013.jpg,ok,0.4383,0.4896
John_Negroponte_0014.jpg,ok,0.3786,0.4665
John_Negroponte_0015.jpg,ok,0.4250,0.3558
John_Negroponte_0016.jpg,ok,0.3278,0.4677
John_Negroponte_0017.jpg,ok,0.4304,0.4708
John_Negroponte_0018.jpg,ok,0.4477,0.5249
John_Negroponte_0019.jpg,ok,0.4256,0.4024
John_Negroponte_0020.jpg,ok,0.5160,0.5505
John_Negroponte_0021.jpg,ok,0.4140,0.4234
John_Negroponte_0022.jpg,ok,0.4391,0.4525
John_Negroponte_0023.jpg,ok,0.4117,0.3995
John_Negroponte_0024.jpg,ok,0.4291,0.4942
John_Negroponte_0025.jpg,ok,0.4875,0.5155
John_Negroponte_0026.jpg,ok,0.4640,0.4620
John_Negroponte_0027.jpg,ok,0.4498,0.4456
John_Negroponte_0028.jpg,ok,0.4708,0.5053
John_Negroponte_0029.jpg,ok,0.4614,0.4257
John_Negroponte_0030.jpg,ok,0.4333,0.4765
John_Negroponte_0031.jpg,ok,0.4476,0.4476
John_Nimmo_0001.jpg,ok,0.3478,0.4333
John_Norquist_0001.jpg,ok,0.4199,0.4559
John_Paul_DeJoria_0001.jpg,ok,0.3046,0.3729
John_Paul_II_0001.jpg,ok,0.4211,0.4342
John_Paul_II_0002.jpg,ok,0.3951,0.4494
John_Paul_II_0003.jpg,ok,0.3691,0.4090
John_Paul_II_0004.jpg,ok,0.3903,0.4304
John_Paul_II_0005.jpg,ok,0.4065,0.4220
John_Paul_II_0006.jpg,ok,0.3771,0.3990
John_Paul_II_0007.jpg,ok,0.3856,0.4460
John_Paul_II_0008.jpg,ok,0.4019,0.4109
John_Paul_II_0009.jpg,ok,0.4049,0.4476
John_Paul_II_0010.jpg,ok,0.3542,0.4367
John_Paul_II_0011.jpg,ok,0.4067,0.3934
John_Perrota_0001.jpg,ok,0.4339,0.3857
John_Petty_0001.jpg,ok,0.4179,0.4674
John_Philip_Elkann_0001.jpg,ok,0.4640,0.4663
John_Prescott_0001.jpg,ok,0.4678,0.5257
John_Reid_0001.jpg,ok,0.4709,0.5229
John_Reid_0002.jpg,ok,0.4448,0.4732
John_Reid_0003.jpg,ok,0.4637,0.4774
John_Reilly_0001.jpg,ok,0.4280,0.3891
John_Reilly_0002.jpg,ok,0.4412,0.3100
John_Richardson_0001.jpg,ok,0.4777,0.4848
John_Rigas_0001.jpg,ok,0.4336,0.4905
John_Rigas_0002.jpg,ok,0.4557,0.4720
John_Robbins_0001.jpg,ok,0.3919,0.3842
John_Rosa_0001.jpg,ok,0.5108,0.4546
John_Rosa_0002.jpg,ok,0.3963,0.4201
John_Rosa_0003.jpg,ok,0.3127,0.4041
John_Rowe_0001.jpg,ok,0.4518,0.4831
John_Rowland_0001.jpg,ok,0.5057,0.4977
John_Rowland_0002.jpg,ok,0.4213,0.3893
John_Ruiz_0001.jpg,ok,0.3010,0.3974
John_Ruiz_0002.jpg,ok,0.4455,0.3981
John_Rusnak_0001.jpg,ok,0.4079,0.3999
John_Salazar_0001.jpg,ok,0.4546,0.5010
John_Scarlett_0001.jpg,ok,0.4912,0.5601
John_Sidgmore_0001.jpg,ok,0.3923,0.4787
John_Snow_0001.jpg,ok,0.4683,0.5069
John_Snow_0002.jpg,ok,0.4657,0.4729
John_Snow_0003.jpg,ok,0.4808,0.5041
John_Snow_0004.jpg,ok,0.4410,0.4681
John_Snow_0005.jpg,ok,0.4513,0.4922
John_Snow_0006.jpg,ok,0.4194,0.4330
John_Snow_0007.jpg,ok,0.4595,0.5048
John_Snow_0008.jpg,ok,0.4528,0.4624
John_Snow_0009.jpg,ok,0.4042,0.4399
John_Snow_0010.jpg,ok,0.4411,0.4757
John_Snow_0011.jpg,ok,0.4807,0.4792
John_Snow_0012.jpg,ok,0.4362,0.4604
John_Snow_0013.jpg,ok,0.4461,0.4997
John_Snow_0014.jpg,ok,0.4902,0.5057
John_Snow_0015.jpg,ok,0.4631,0.4270
John_Snow_0016.jpg,ok,0.4674,0.4760
John_Snow_0017.jpg,ok,0.4742,0.4559
John_Spencer_0001.jpg,ok,0.3603,0.4346
John_Spencer_0002.jpg,ok,0.4177,0.4453
John_Stallworth_0001.jpg,ok,0.2930,0.4016
John_Stallworth_0002.jpg,ok,0.4030,0.4350
John_Starks_0001.jpg,ok,0.4642,0.4699
John_Stockton_0001.jpg,ok,0.4606,0.4634
John_Stockton_0002.jpg,ok,0.4700,0.4393
John_Stockton_0003.jpg,ok,0.5064,0.4928
John_Stockton_0004.jpg,ok,0.3465,0.4145
John_Stockton_0005.jpg,ok,0.3852,0.4070
John_Sununu_0001.jpg,ok,0.4510,0.4853
John_Sweeney_0001.jpg,ok,0.4546,0.5023
John_Swofford_0001.jpg,ok,0.4066,0.4325
John_Swofford_0002.jpg,ok,0.4955,0.4654
John_Swofford_0003.jpg,ok,0.4586,0.4760
John_Taylor_0001.jpg,ok,0.4641,0.4848
John_Taylor_0002.jpg,ok,0.4455,0.3653
John_Thune_0001.jpg,ok,0.4019,0.5256
John_Timoney_0001.jpg,ok,0.4536,0.4184
John_Timoney_0002.jpg,ok,0.4413,0.4788
John_Travolta_0001.jpg,ok,0.3717,0.3531
John_Travolta_0002.jpg,ok,0.4019,0.3762
John_Travolta_0003.jpg,ok,0.5185,0.5150
John_Travolta_0004.jpg,ok,0.3055,0.3460
John_Travolta_0005.jpg,ok,0.4741,0.4087
John_Travolta_0006.jpg,ok,0.4478,0.4510
John_Travolta_0007.jpg,ok,0.4811,0.4733
John_Tyson_0001.jpg,ok,0.4158,0.4676
John_Velazquez_0001.jpg,ok,0.4170,0.4309
John_Walsh_0001.jpg,ok,0.4232,0.4521
John_Walsh_0002.jpg,ok,0.4748,0.4798
John_Warner_0001.jpg,ok,0.4502,0.4480
John_Warner_0002.jpg,ok,0.4653,0.5005
John_Warner_0003.jpg,ok,0.4478,0.4359
John_Warner_0004.jpg,ok,0.5066,0.4577
John_Wayne_0001.jpg,ok,0.3916,0.4087
John_White_0001.jpg,ok,0.4384,0.4639
John_Williams_0001.jpg,ok,0.4767,0.4910
John_Wolf_0001.jpg,ok,0.4213,0.4458
John_Wolf_0002.jpg,ok,0.3653,0.3769
John_Wright_0001.jpg,ok,0.3992,0.4471
Johnnie_Lynn_0001.jpg,ok,0.3421,0.3806
Johnny_Benson_0001.jpg,ok,0.4169,0.4272
Johnny_Carson_0001.jpg,ok,0.5088,0.4953
Johnny_Carson_0002.jpg,ok,0.4394,0.4709
Johnny_Depp_0001.jpg,ok,0.5926,0.4014
Johnny_Depp_0002.jpg,ok,0.3566,0.3845
Johnny_Hallyday_0001.jpg,ok,0.2969,0.2734
Johnny_Htu_0001.jpg,ok,0.3716,0.5018
Johnny_Tapia_0001.jpg,ok,0.3674,0.4536
Johnny_Tapia_0002.jpg,ok,0.4648,0.4504
Johnny_Tapia_0003.jpg,ok,0.4950,0.3854
Johnny_Unitas_0001.jpg,ok,0.4736,0.4905
Johnny_Unitas_0002.jpg,ok,0.3778,0.4001
Johnson_Panjaitan_0001.jpg,ok,0.4355,0.4058
Johnson_Panjaitan_0002.jpg,ok,0.3976,0.3711
Jolanta_Kwasniewski_0001.jpg,ok,0.4189,0.4674
Jolanta_Kwasniewski_0002.jpg,ok,0.4804,0.4511
Jon_Constance_0001.jpg,ok,0.4167,0.4398
Jon_Corzine_0001.jpg,ok,0.4958,0.4705
Jon_Corzine_0002.jpg,ok,0.4111,0.4563
Jon_Corzine_0003.jpg,ok,0.4458,0.4437
Jon_Gruden_0001.jpg,ok,0.3724,0.3687
Jon_Gruden_0002.jpg,ok,0.3551,0.3874
Jon_Gruden_0003.jpg,ok,0.3676,0.4010
Jon_Gruden_0004.jpg,ok,0.2938,0.3027
Jon_Gruden_0005.jpg,ok,0.4642,0.3521
Jon_Gruden_0006.jpg,ok,0.4845,0.4736
Jon_Gruden_0007.jpg,ok,0.3260,0.4753
Jon_Kitna_0001.jpg,ok,0.3591,0.4409
Jon_Stewart_0001.jpg,ok,0.4942,0.5077
Jon_Voight_0001.jpg,ok,0.4185,0.4442
Jon_Voight_0002.jpg,ok,0.2963,0.3793
Jon_Voight_0003.jpg,ok,0.3716,0.4354
Jonathan_Arden_0001.jpg,ok,0.3282,0.5208
Jonathan_Byrd_0001.jpg,ok,0.4443,0.4858
Jonathan_Edwards_0001.jpg,ok,0.4896,0.4388
Jonathan_Edwards_0002.jpg,ok,0.4750,0.4526
Jonathan_Edwards_0003.jpg,ok,0.2865,0.4400
Jonathan_Edwards_0004.jpg,ok,0.3768,0.4204
Jonathan_Edwards_0005.jpg,ok,0.3475,0.2950
Jonathan_Edwards_0006.jpg,ok,0.4120,0.4132
Jonathan_Edwards_0007.jpg,ok,0.4524,0.3287
Jonathan_Edwards_0008.jpg,ok,0.2978,0.2528
Jonathan_Fine_0001.jpg,ok,0.4800,0.3908
Jonathan_Horton_0001.jpg,ok,0.4806,0.4662
Jonathan_Karsh_0001.jpg,ok,0.4994,0.2317
Jonathan_Mostow_0001.jpg,ok,0.4439,0.4369
Jonathan_Mostow_0002.jpg,ok,0.4070,0.4409
Jonathan_Schroeder_0001.jpg,ok,0.5171,0.5035
Jonathan_Tiomkin_0001.jpg,ok,0.4481,0.3917
Jonathan_Woodgate_0001.jpg,ok,0.4656,0.4990
Jong_Thae_Hwa_0001.jpg,ok,0.4491,0.5211
Jong_Thae_Hwa_0002.jpg,ok,0.4479,0.4930
Jong_Wook_Lee_0001.jpg,ok,0.4040,0.4456
Jong_Wook_Lee_0002.jpg,ok,0.4465,0.4143
Jong_Wook_Lee_0003.jpg,ok,0.4581,0.5352
Jong_Wook_Lee_0004.jpg,ok,0.4791,0.4547
Jorge_Alberto_Galindo_0001.jpg,ok,0.4915,0.4774
Jorge_Arce_0001.jpg,ok,0.3364,0.3507
Jorge_Arce_0002.jpg,ok,0.4063,0.3926
Jorge_Batlle_0001.jpg,ok,0.4759,0.4820
Jorge_Batlle_0002.jpg,ok,0.4752,0.5342
Jorge_Batlle_0003.jpg,ok,0.3905,0.4433
Jorge_Castaneda_0001.jpg,ok,0.4826,0.4945
Jorge_Castaneda_0002.jpg,ok,0.4026,0.4284
Jorge_Enrique_Jimenez_0001.jpg,ok,0.4106,0.4629
Jorge_Marquez-Ruarte_0001.jpg,ok,0.3182,0.3510
Jorge_Moreno_0001.jpg,ok,0.3856,0.4312
Jorge_Quiroga_0001.jpg,ok,0.5240,0.5609
Jorge_Rodolfo_Canicoba_Corral_0001.jpg,ok,0.4537,0.4725
Jorge_Rodolfo_Canicoba_Corral_0002.jpg,ok,0.3029,0.4229
Jorge_Valdano_0001.jpg,ok,0.3845,0.5256
Jorge_Valdano_0002.jpg,ok,0.2757,0.2769
Jorma_Huhtala_0001.jpg,ok,0.4222,0.5208
Joschka_Fischer_0001.jpg,ok,0.4360,0.4265
Joschka_Fischer_0002.jpg,ok,0.4287,0.4813
Joschka_Fischer_0003.jpg,ok,0.4128,0.4996
Joschka_Fischer_0004.jpg,ok,0.5167,0.5072
Joschka_Fischer_0005.jpg,ok,0.4427,0.4523
Joschka_Fischer_0006.jpg,ok,0.4944,0.4313
Joschka_Fischer_0007.jpg,ok,0.3962,0.3992
Joschka_Fischer_0008.jpg,ok,0.4473,0.4627
Joschka_Fischer_0009.jpg,ok,0.3828,0.3791
Joschka_Fischer_0010.jpg,ok,0.4335,0.4820
Joschka_Fischer_0011.jpg,ok,0.4271,0.4317
Joschka_Fischer_0012.jpg,ok,0.4827,0.4542
Joschka_Fischer_0013.jpg,ok,0.4543,0.5340
Joschka_Fischer_0014.jpg,ok,0.3872,0.4233
Joschka_Fischer_0015.jpg,ok,0.3893,0.4812
Joschka_Fischer_0016.jpg,ok,0.4232,0.4246
Joschka_Fischer_0017.jpg,ok,0.4192,0.4854
Joschka_Fischer_0018.jpg,ok,0.4322,0.4536
Joschka_Fischer_0019.jpg,ok,0.3535,0.4090
Jose_Acasuso_0001.jpg,ok,0.5174,0.5229
Jose_Alencar_0001.jpg,ok,0.4374,0.5031
Jose_Bove_0001.jpg,ok,0.3938,0.4342
Jose_Canseco_0001.jpg,ok,0.4147,0.4140
Jose_Canseco_0002.jpg,ok,0.4332,0.4905
Jose_Canseco_0003.jpg,ok,0.3728,0.3326
Jose_Canseco_Sr_0001.jpg,ok,0.4064,0.4272
Jose_Carlo_Fernandez_0001.jpg,ok,0.4463,0.4749
Jose_Carreras_0001.jpg,ok,0.4551,0.4871
Jose_Cevallos_0001.jpg,ok,0.4043,0.5929
Jose_Dirceu_0001.jpg,ok,0.4592,0.4739
Jose_Dirceu_0002.jpg,ok,0.4401,0.5130
Jose_Genoino_0001.jpg,ok,0.4582,0.4888
Jose_Jose_0001.jpg,ok,0.3497,0.3351
Jose_Lina_0001.jpg,ok,0.4561,0.4900
Jose_Lopez_Beltran_0001.jpg,ok,0.4115,0.3800
Jose_Luis_Chilavert_0001.jpg,ok,0.4548,0.4627
Jose_Luis_Rodriguez_Zapatero_0001.jpg,ok,0.2933,0.3320
Jose_Luis_Santiago_Vasconcelos_0001.jpg,ok,0.4734,0.4915
Jose_Manuel_Durao_Barroso_0001.jpg,ok,0.3544,0.4961
Jose_Manuel_Durao_Barroso_0002.jpg,ok,0.4259,0.4795
Jose_Manuel_Durao_Barroso_0003.jpg,ok,0.4455,0.4678
Jose_Manuel_Durao_Barroso_0004.jpg,ok,0.4693,0.5378
Jose_Manuel_Durao_Barroso_0005.jpg,ok,0.3941,0.4866
Jose_Manuel_Durao_Barroso_0006.jpg,ok,0.4589,0.4709
Jose_Maria_Aznar_0001.jpg,ok,0.3800,0.4846
Jose_Maria_Aznar_0002.jpg,ok,0.4632,0.3684
Jose_Maria_Aznar_0003.jpg,ok,0.4611,0.4135
Jose_Maria_Aznar_0004.jpg,ok,0.4155,0.3794
Jose_Maria_Aznar_0005.jpg,ok,0.4598,0.4318
Jose_Maria_Aznar_0006.jpg,ok,0.3492,0.4576
Jose_Maria_Aznar_0007.jpg,ok,0.4354,0.4570
Jose_Maria_Aznar_0008.jpg,ok,0.3809,0.4218
Jose_Maria_Aznar_0009.jpg,ok,0.3107,0.3597
Jose_Maria_Aznar_0010.jpg,ok,0.4888,0.4536
Jose_Maria_Aznar_0011.jpg,ok,0.4691,0.4386
Jose_Maria_Aznar_0012.jpg,ok,0.4147,0.4659
Jose_Maria_Aznar_0013.jpg,ok,0.3804,0.3832
Jose_Maria_Aznar_0014.jpg,ok,0.4605,0.5808
Jose_Maria_Aznar_0015.jpg,ok,0.5083,0.5177
Jose_Maria_Aznar_0016.jpg,ok,0.4583,0.5001
Jose_Maria_Aznar_0017.jpg,ok,0.3887,0.4868
Jose_Maria_Aznar_0018.jpg,ok,0.4454,0.4789
Jose_Maria_Aznar_0019.jpg,ok,0.4531,0.4504
Jose_Maria_Aznar_0020.jpg,ok,0.4267,0.4760
Jose_Maria_Aznar_0021.jpg,ok,0.3994,0.4982
Jose_Maria_Aznar_0022.jpg,ok,0.4498,0.4561
Jose_Maria_Aznar_0023.jpg,ok,0.5640,0.5495
Jose_Miguel_Aleman_0001.jpg,ok,0.4669,0.4960
Jose_Mourinho_0001.jpg,ok,0.3846,0.4097
Jose_Mourinho_0002.jpg,ok,0.4436,0.5019
Jose_Rosado_0001.jpg,ok,0.4356,0.5250
Jose_Santos_0001.jpg,ok,0.4304,0.5006
Jose_Sarney_0001.jpg,ok,0.3948,0.3654
Jose_Sarney_0002.jpg,ok,0.4668,0.4664
Jose_Sarney_0003.jpg,ok,0.4139,0.5080
Jose_Serra_0001.jpg,ok,0.3771,0.4974
Jose_Serra_0002.jpg,ok,0.3802,0.3842
Jose_Serra_0003.jpg,ok,0.4086,0.4263
Jose_Serra_0004.jpg,ok,0.4062,0.4179
Jose_Serra_0005.jpg,ok,0.4501,0.3871
Jose_Serra_0006.jpg,ok,0.4277,0.4101
Jose_Serra_0007.jpg,ok,0.3469,0.4557
Jose_Serra_0008.jpg,ok,0.3894,0.3856
Jose_Serra_0009.jpg,ok,0.3747,0.3830
Jose_Theodore_0001.jpg,ok,0.4069,0.4466
Jose_Theodore_0002.jpg,ok,0.5004,0.5083
Jose_Vicente_Rangel_0001.jpg,ok,0.3973,0.4763
Jose_Viegas_Filho_0001.jpg,ok,0.4469,0.3751
Jose_Viegas_Filho_0002.jpg,ok,0.3819,0.3628
Jose_Woldenberg_0001.jpg,ok,0.3826,0.4673
Joseph_Biden_0001.jpg,ok,0.4594,0.4677
Joseph_Biden_0002.jpg,ok,0.4805,0.4758
Joseph_Biden_0003.jpg,ok,0.4422,0.4325
Joseph_Biden_0004.jpg,ok,0.4574,0.4657
Joseph_Biden_0005.jpg,ok,0.4731,0.4326
Joseph_Blatter_0001.jpg,ok,0.4453,0.4670
Joseph_Blatter_0002.jpg,ok,0.3865,0.4406
Joseph_Deiss_0001.jpg,ok,0.4483,0.4360
Joseph_Deiss_0002.jpg,ok,0.4534,0.4758
Joseph_Deiss_0003.jpg,ok,0.4380,0.4718
Joseph_Estrada_0001.jpg,ok,0.3893,0.3942
Joseph_Estrada_0002.jpg,ok,0.5175,0.5197
Joseph_Estrada_0003.jpg,ok,0.4728,0.5261
Joseph_Estrada_0004.jpg,ok,0.4974,0.4500
Joseph_Fiennes_0001.jpg,ok,0.3813,0.4307
Joseph_Galante_0001.jpg,ok,0.3699,0.3845
Joseph_Ganim_0001.jpg,ok,0.4917,0.4296
Joseph_Hoy_0001.jpg,ok,0.4788,0.4884
Joseph_Kabila_0001.jpg,ok,0.4419,0.4668
Joseph_LePore_0001.jpg,ok,0.4650,0.4321
Joseph_Lopez_0001.jpg,ok,0.4216,0.3629
Joseph_Nacchio_0001.jpg,ok,0.4715,0.5706
Joseph_Ralston_0001.jpg,ok,0.3872,0.4012
Joseph_Ralston_0002.jpg,ok,0.4680,0.4654
Joseph_Safra_0001.jpg,ok,0.4630,0.5276
Joseph_Salgado_0001.jpg,ok,0.4799,0.4966
Josh_Childress_0001.jpg,ok,0.4493,0.4600
Josh_Evans_0001.jpg,ok,0.3753,0.3799
Josh_Kronfeld_0001.jpg,ok,0.3931,0.4769
Joshua_Davey_0001.jpg,ok,0.2872,0.3509
Joshua_Gracin_0001.jpg,ok,0.4252,0.3623
Joshua_Harapko_0001.jpg,ok,0.6206,0.5834
Joshua_Perper_0001.jpg,ok,0.4728,0.4350
Joxel_Garcia_0001.jpg,ok,0.4917,0.4389
Joy_Bryant_0001.jpg,ok,0.4025,0.4008
Joy_Lee_Sadler_0001.jpg,ok,0.3952,0.4493
Juan_Antonio_Samaranch_0001.jpg,ok,0.3578,0.4727
Juan_Carlos_0001.jpg,ok,0.4341,0.4074
Juan_Carlos_Ferrero_0001.jpg,ok,0.4812,0.4916
Juan_Carlos_Ferrero_0002.jpg,ok,0.3639,0.4941
Juan_Carlos_Ferrero_0003.jpg,ok,0.3458,0.3408
Juan_Carlos_Ferrero_0004.jpg,ok,0.3954,0.4884
Juan_Carlos_Ferrero_0005.jpg,ok,0.5023,0.4997
Juan_Carlos_Ferrero_0006.jpg,ok,0.4951,0.5013
Juan_Carlos_Ferrero_0007.jpg,ok,0.4753,0.4969
Juan_Carlos_Ferrero_0008.jpg,ok,0.5004,0.5191
Juan_Carlos_Ferrero_0009.jpg,ok,0.5052,0.4955
Juan_Carlos_Ferrero_0010.jpg,ok,0.4892,0.4944
Juan_Carlos_Ferrero_0011.jpg,ok,0.4427,0.4888
Juan_Carlos_Ferrero_0012.jpg,ok,0.4924,0.4940
Juan_Carlos_Ferrero_0013.jpg,ok,0.4093,0.5023
Juan_Carlos_Ferrero_0014.jpg,ok,0.4740,0.5042
Juan_Carlos_Ferrero_0015.jpg,ok,0.5179,0.5066
Juan_Carlos_Ferrero_0016.jpg,ok,0.4944,0.4799
Juan_Carlos_Ferrero_0017.jpg,ok,0.5619,0.5154
Juan_Carlos_Ferrero_0018.jpg,ok,0.4702,0.5021
Juan_Carlos_Ferrero_0019.jpg,ok,0.4549,0.4992
Juan_Carlos_Ferrero_0020.jpg,ok,0.4606,0.5068
Juan_Carlos_Ferrero_0021.jpg,ok,0.4799,0.5156
Juan_Carlos_Ferrero_0022.jpg,ok,0.5230,0.4997
Juan_Carlos_Ferrero_0023.jpg,ok,0.5102,0.5490
Juan_Carlos_Ferrero_0024.jpg,ok,0.4797,0.5027
Juan_Carlos_Ferrero_0025.jpg,ok,0.5365,0.5155
Juan_Carlos_Ferrero_0026.jpg,ok,0.5248,0.5296
Juan_Carlos_Ferrero_0027.jpg,ok,0.4470,0.5178
Juan_Carlos_Ferrero_0028.jpg,ok,0.4607,0.5143
Juan_Carlos_Morales_0001.jpg,ok,0.4019,0.3052
Juan_Carlos_Ortega_0001.jpg,ok,0.4139,0.3826
Juan_Fernandez_0001.jpg,ok,0.4048,0.3994
Juan_Francisco_Palencia_0001.jpg,ok,0.3478,0.4595
Juan_Ignacio_Chela_0001.jpg,ok,0.5157,0.5119
Juan_Ignacio_Chela_0002.jpg,ok,0.5110,0.4997
Juan_Ignacio_Chela_0003.jpg,ok,0.4881,0.5013
Juan_Jose_Lucas_0001.jpg,ok,0.4347,0.4189
Juan_Manuel_Marquez_0001.jpg,ok,0.4511,0.5030
Juan_Manuel_Marquez_0002.jpg,ok,0.4548,0.4843
Juan_Manuel_Marquez_0003.jpg,ok,0.4319,0.5080
Juan_Pablo_Montoya_0001.jpg,ok,0.5134,0.5133
Juan_Pablo_Montoya_0002.jpg,ok,0.3593,0.4088
Juan_Pablo_Montoya_0003.jpg,ok,0.4666,0.4577
Juan_Pablo_Montoya_0004.jpg,ok,0.4667,0.4037
Juan_Pablo_Montoya_0005.jpg,ok,0.4649,0.5000
Juan_Pablo_Montoya_0006.jpg,ok,0.4930,0.4917
Juan_Pablo_Montoya_0007.jpg,ok,0.4919,0.4273
Juan_Pablo_Montoya_0008.jpg,ok,0.4303,0.4753
Juan_Roman_Carrasco_0001.jpg,ok,0.3511,0.4518
Juan_Roman_Riquelme_0001.jpg,ok,0.4449,0.4811
Juan_Sanchez_0001.jpg,ok,0.4986,0.4722
Juan_Valencia_Osorio_0001.jpg,ok,0.3969,0.4719
Juan_Valencia_Osorio_0002.jpg,ok,0.4909,0.5138
Juanes_0001.jpg,ok,0.3328,0.4216
Juanes_0002.jpg,ok,0.3578,0.4037
Juanes_0003.jpg,ok,0.2770,0.2992
Judd_Davies_0001.jpg,ok,0.3933,0.2678
Jude_Law_0001.jpg,ok,0.3535,0.4274
Jude_Law_0002.jpg,ok,0.6066,0.5006
Judi_Dench_0001.jpg,ok,0.4822,0.4749
Judi_Dench_0002.jpg,ok,0.4096,0.3926
Judi_Patton_0001.jpg,ok,0.4333,0.4659
Judith_Nathan_0001.jpg,ok,0.3781,0.4334
Judy_Dean_0001.jpg,ok,0.3626,0.3411
Judy_Genshaft_0001.jpg,ok,0.3922,0.4229
Judy_Genshaft_0002.jpg,ok,0.4185,0.4723
Judy_Locy_0001.jpg,ok,0.3933,0.4251
Judy_Spreckels_0001.jpg,ok,0.3485,0.3844
Judy_Vassar_0001.jpg,ok,0.3913,0.3976
Juergen_Braehmer_0001.jpg,ok,0.3595,0.5105
Juergen_Chrobog_0001.jpg,ok,0.4405,0.4457
Juergen_Peters_0001.jpg,ok,0.4779,0.4166
Juergen_Peters_0002.jpg,ok,0.4232,0.2879
Juergen_Schrempp_0001.jpg,ok,0.4338,0.4762
Juergen_Trittin_0001.jpg,ok,0.3591,0.3908
Jules_Asner_0001.jpg,ok,0.5567,0.5804
Julia_Glass_0001.jpg,ok,0.3583,0.4328
Julia_Ormond_0001.jpg,ok,0.3618,0.3689
Julia_Tymoshenko_0001.jpg,ok,0.4971,0.5154
Julia_Tymoshenko_0002.jpg,ok,0.4886,0.4854
Julia_Tymoshenko_0003.jpg,ok,0.3912,0.4788
Julian_Battle_0001.jpg,ok,0.3827,0.3696
Julian_Fantino_0001.jpg,ok,0.4732,0.4311
Julianna_Margulies_0001.jpg,ok,0.3493,0.4002
Julianna_Margulies_0002.jpg,ok,0.3809,0.4131
Julianne_Moore_0001.jpg,ok,0.3378,0.3120
Julianne_Moore_0002.jpg,ok,0.3622,0.3455
Julianne_Moore_0003.jpg,ok,0.4877,0.4700
Julianne_Moore_0004.jpg,ok,0.4383,0.3779
Julianne_Moore_0005.jpg,ok,0.3851,0.2917
Julianne_Moore_0006.jpg,ok,0.5969,0.5756
Julianne_Moore_0007.jpg,ok,0.4587,0.4823
Julianne_Moore_0008.jpg,ok,0.2972,0.2783
Julianne_Moore_0009.jpg,ok,0.2970,0.2892
Julianne_Moore_0010.jpg,ok,0.4094,0.4921
Julianne_Moore_0011.jpg,ok,0.3763,0.2877
Julianne_Moore_0012.jpg,ok,0.4333,0.4784
Julianne_Moore_0013.jpg,ok,0.4571,0.4773
Julianne_Moore_0014.jpg,ok,0.3335,0.3430
Julianne_Moore_0015.jpg,ok,0.4420,0.4547
Julianne_Moore_0016.jpg,ok,0.3277,0.3594
Julianne_Moore_0017.jpg,ok,0.4353,0.4632
Julianne_Moore_0018.jpg,ok,0.3393,0.3805
Julianne_Moore_0019.jpg,ok,0.3796,0.4529
Julie_Andrews_0001.jpg,ok,0.4789,0.4613
Julie_Gerberding_0001.jpg,ok,0.3112,0.4466
Julie_Gerberding_0002.jpg,ok,0.2820,0.2764
Julie_Gerberding_0003.jpg,ok,0.2541,0.3739
Julie_Gerberding_0004.jpg,ok,0.3341,0.4049
Julie_Gerberding_0005.jpg,ok,0.3421,0.4071
Julie_Gerberding_0006.jpg,ok,0.3227,0.4241
Julie_Gerberding_0007.jpg,ok,0.3510,0.4202
Julie_Gerberding_0008.jpg,ok,0.3341,0.3484
Julie_Gerberding_0009.jpg,ok,0.3128,0.3333
Julie_Gerberding_0010.jpg,ok,0.4627,0.4046
Julie_Gerberding_0011.jpg,ok,0.3468,0.3325
Julie_Gerberding_0012.jpg,ok,0.3898,0.3694
Julie_Gerberding_0013.jpg,ok,0.4572,0.4760
Julie_Gerberding_0014.jpg,ok,0.4025,0.4624
Julie_Gerberding_0015.jpg,ok,0.3469,0.3692
Julie_Goodenough_0001.jpg,ok,0.3506,0.4034
Julie_Infante_0001.jpg,ok,0.4321,0.4790
Julie_Taymor_0001.jpg,ok,0.4017,0.4652
Julie_Taymor_0002.jpg,ok,0.4318,0.4309
Julien_Boutter_0001.jpg,ok,0.4627,0.4546
Julien_Varlet_0001.jpg,ok,0.3956,0.4561
Juliette_Binoche_0001.jpg,ok,0.4533,0.5169
Juliette_Lewis_0001.jpg,ok,0.5117,0.4485
Julio_Cesar_Chavez_0001.jpg,ok,0.3731,0.3462
Julio_Cesar_Franco_0001.jpg,ok,0.4640,0.5021
Julio_De_Brun_0001.jpg,ok,0.4432,0.4130
Julio_Iglesias_Jr_0001.jpg,ok,0.3565,0.3040
Julio_Iglesias_Jr_0002.jpg,ok,0.4320,0.4554
Julio_Rossi_0001.jpg,ok,0.4658,0.5303
Julio_Toro_0001.jpg,ok,0.3906,0.4096
Julius_Barnes_0001.jpg,ok,0.4654,0.4558
Julius_Erving_0001.jpg,ok,0.4145,0.4597
Juljia_Vysotskij_0001.jpg,ok,0.3576,0.4234
Jung_Bong_0001.jpg,ok,0.5299,0.4972
Junichi_Inamoto_0001.jpg,ok,0.4895,0.4712
Junichiro_Koizumi_0001.jpg,ok,0.4281,0.4561
Junichiro_Koizumi_0002.jpg,ok,0.4428,0.4595
Junichiro_Koizumi_0003.jpg,ok,0.4677,0.4828
Junichiro_Koizumi_0004.jpg,ok,0.4294,0.4862
Junichiro_Koizumi_0005.jpg,ok,0.4852,0.4981
Junichiro_Koizumi_0006.jpg,ok,0.4682,0.4938
Junichiro_Koizumi_0007.jpg,ok,0.4503,0.5029
Junichiro_Koizumi_0008.jpg,ok,0.4855,0.5441
Junichiro_Koizumi_0009.jpg,ok,0.4792,0.5099
Junichiro_Koizumi_0010.jpg,ok,0.4774,0.5108
Junichiro_Koizumi_0011.jpg,ok,0.5921,0.5721
Junichiro_Koizumi_0012.jpg,ok,0.4976,0.5176
Junichiro_Koizumi_0013.jpg,ok,0.4888,0.4578
Junichiro_Koizumi_0014.jpg,ok,0.4777,0.4410
Junichiro_Koizumi_0015.jpg,ok,0.4494,0.4858
Junichiro_Koizumi_0016.jpg,ok,0.4645,0.4578
Junichiro_Koizumi_0017.jpg,ok,0.5015,0.4798
Junichiro_Koizumi_0018.jpg,ok,0.4721,0.5298
Junichiro_Koizumi_0019.jpg,ok,0.4290,0.4602
Junichiro_Koizumi_0020.jpg,ok,0.3909,0.5029
Junichiro_Koizumi_0021.jpg,ok,0.3936,0.3848
Junichiro_Koizumi_0022.jpg,ok,0.5070,0.5197
Junichiro_Koizumi_0023.jpg,ok,0.4545,0.5433
Junichiro_Koizumi_0024.jpg,ok,0.5004,0.4840
Junichiro_Koizumi_0025.jpg,ok,0.3868,0.4996
Junichiro_Koizumi_0026.jpg,ok,0.4906,0.4514
Junichiro_Koizumi_0027.jpg,ok,0.4332,0.5147
Junichiro_Koizumi_0028.jpg,ok,0.4314,0.5544
Junichiro_Koizumi_0029.jpg,ok,0.5085,0.4609
Junichiro_Koizumi_0030.jpg,ok,0.4880,0.4726
Junichiro_Koizumi_0031.jpg,ok,0.4277,0.5377
Junichiro_Koizumi_0032.jpg,ok,0.4623,0.5059
Junichiro_Koizumi_0033.jpg,ok,0.5011,0.4946
Junichiro_Koizumi_0034.jpg,ok,0.5089,0.5404
Junichiro_Koizumi_0035.jpg,ok,0.4223,0.4988
Junichiro_Koizumi_0036.jpg,ok,0.4918,0.4951
Junichiro_Koizumi_0037.jpg,ok,0.5033,0.5143
Junichiro_Koizumi_0038.jpg,ok,0.4960,0.5023
Junichiro_Koizumi_0039.jpg,ok,0.4700,0.4765
Junichiro_Koizumi_0040.jpg,ok,0.5023,0.5125
Junichiro_Koizumi_0041.jpg,ok,0.4715,0.4465
Junichiro_Koizumi_0042.jpg,ok,0.4024,0.4725
Junichiro_Koizumi_0043.jpg,ok,0.4838,0.4790
Junichiro_Koizumi_0044.jpg,ok,0.4710,0.4898
Junichiro_Koizumi_0045.jpg,ok,0.4902,0.5108
Junichiro_Koizumi_0046.jpg,ok,0.5336,0.5107
Junichiro_Koizumi_0047.jpg,ok,0.4417,0.4133
Junichiro_Koizumi_0048.jpg,ok,0.5443,0.5213
Junichiro_Koizumi_0049.jpg,ok,0.5033,0.5166
Junichiro_Koizumi_0050.jpg,ok,0.3093,0.2994
Junichiro_Koizumi_0051.jpg,ok,0.4636,0.4889
Junichiro_Koizumi_0052.jpg,ok,0.5124,0.5266
Junichiro_Koizumi_0053.jpg,ok,0.4485,0.4898
Junichiro_Koizumi_0054.jpg,ok,0.5327,0.5611
Junichiro_Koizumi_0055.jpg,ok,0.5003,0.4835
Junichiro_Koizumi_0056.jpg,ok,0.4941,0.5211
Junichiro_Koizumi_0057.jpg,ok,0.4225,0.4886
Junichiro_Koizumi_0058.jpg,ok,0.4707,0.4803
Junichiro_Koizumi_0059.jpg,ok,0.5264,0.5111
Junichiro_Koizumi_0060.jpg,ok,0.4905,0.4877
Junko_Tabei_0001.jpg,ok,0.3960,0.4304
Justin_Gatlin_0001.jpg,ok,0.3890,0.4123
Justin_Gatlin_0002.jpg,ok,0.3743,0.3806
Justin_Guarini_0001.jpg,ok,0.4953,0.4514
Justin_Guarini_0002.jpg,ok,0.2505,0.2860
Justin_Guarini_0003.jpg,ok,0.3224,0.3117
Justin_Leonard_0001.jpg,ok,0.4553,0.4883
Justin_Leonard_0002.jpg,ok,0.2847,0.3872
Justin_Leonard_0003.jpg,ok,0.5095,0.5288
Justin_Leonard_0004.jpg,ok,0.3389,0.4253
Justin_Marshall_0001.jpg,ok,0.3448,0.4760
Justin_Timberlake_0001.jpg,ok,0.5929,0.5603
Justin_Timberlake_0002.jpg,ok,0.3395,0.3598
Justin_Timberlake_0003.jpg,ok,0.4532,0.3532
Justin_Timberlake_0004.jpg,ok,0.4482,0.5284
Justin_Timberlake_0005.jpg,ok,0.4500,0.3576
Justin_Timberlake_0006.jpg,ok,0.4036,0.4527
Justin_Timberlake_0007.jpg,ok,0.5721,0.4316
Justin_Timberlake_0008.jpg,ok,0.4585,0.4512
Justin_Wilson_0001.jpg,ok,0.5050,0.4133
Justine_Henin_0001.jpg,ok,0.4835,0.5103
Justine_Henin_0002.jpg,ok,0.4638,0.5216
Justine_Henin_0003.jpg,ok,0.4988,0.5056
Justine_Pasek_0001.jpg,ok,0.2872,0.3174
Justine_Pasek_0002.jpg,ok,0.4438,0.4126
Justine_Pasek_0003.jpg,ok,0.2538,0.3375
Justine_Pasek_0004.jpg,ok,0.3979,0.3476
Justine_Pasek_0005.jpg,ok,0.4627,0.4986
Justine_Pasek_0006.jpg,ok,0.2144,0.2815
Justine_Pasek_0007.jpg,ok,0.3737,0.3839
Kai-Uwe_Ricke_0001.jpg,ok,0.3518,0.3608
Kaio_Almeida_0001.jpg,ok,0.4848,0.4837
Kaisser_Bazan_0001.jpg,ok,0.4572,0.5263
Kajsa_Bergqvist_0001.jpg,ok,0.4216,0.4299
Kalid_Kaid_0001.jpg,ok,0.5127,0.4874
Kalpana_Chawla_0001.jpg,ok,0.4687,0.4898
Kalpana_Chawla_0002.jpg,ok,0.3286,0.3515
Kalpana_Chawla_0003.jpg,ok,0.3017,0.4760
Kalpana_Chawla_0004.jpg,ok,0.4375,0.4930
Kalpana_Chawla_0005.jpg,ok,0.4478,0.5398
Kamal_Kharrazi_0001.jpg,ok,0.4852,0.4172
Kamal_Kharrazi_0002.jpg,ok,0.4386,0.5130
Kamal_Kharrazi_0003.jpg,ok,0.5136,0.5244
Kamal_Kharrazi_0004.jpg,ok,0.4752,0.5208
Kamal_Kharrazi_0005.jpg,ok,0.4742,0.3850
Kamal_Kharrazi_0006.jpg,ok,0.4874,0.4877
Kamel_Morjane_0001.jpg,ok,0.4156,0.4927
Kang_Gum-sil_0001.jpg,ok,0.4255,0.5112
Kaoru_Hasuike_0001.jpg,ok,0.3926,0.4429
Kara_Lynn_Joyce_0001.jpg,ok,0.4506,0.4385
Kareena_Kapoor_0001.jpg,ok,0.4235,0.5128
Karen_Allen_0001.jpg,ok,0.3383,0.3541
Karen_Clarkson_0001.jpg,ok,0.4168,0.4392
Karen_Lynn_Gorney_0001.jpg,ok,0.3461,0.3840
Karen_Mok_0001.jpg,ok,0.5070,0.4578
Karen_Mok_0002.jpg,ok,0.5276,0.5115
Karen_Pereiras_0001.jpg,ok,0.4660,0.4283
Karen_Sharpe_Kramer_0001.jpg,ok,0.3766,0.3751
Karin_Pilsaeter_0001.jpg,ok,0.3890,0.4474
Karin_Stoiber_0001.jpg,ok,0.3468,0.4669
Karin_Stoiber_0002.jpg,ok,0.4490,0.4608
Karin_Viard_0001.jpg,ok,0.3477,0.4046
Karl-Heinz_Rummenigge_0001.jpg,ok,0.3846,0.4184
Karol_Kucera_0001.jpg,ok,0.4994,0.4879
Kaspar_Villiger_0001.jpg,ok,0.4166,0.4125
Katalin_Kollat_0001.jpg,ok,0.4630,0.4842
Kate_Burton_0001.jpg,ok,0.3436,0.3884
Kate_Capshaw_0001.jpg,ok,0.4003,0.3130
Kate_Capshaw_0002.jpg,ok,0.4001,0.3688
Kate_Hudson_0001.jpg,ok,0.3123,0.2901
Kate_Hudson_0002.jpg,ok,0.4263,0.4392
Kate_Hudson_0003.jpg,ok,0.3342,0.3773
Kate_Hudson_0004.jpg,ok,0.4516,0.4271
Kate_Hudson_0005.jpg,ok,0.4045,0.4415
Kate_Hudson_0006.jpg,ok,0.4481,0.4658
Kate_Hudson_0007.jpg,ok,0.4624,0.3942
Kate_Hudson_0008.jpg,ok,0.3431,0.3905
Kate_Hudson_0009.jpg,ok,0.3358,0.4070
Kate_Lee_0001.jpg,ok,0.3705,0.3656
Kate_Moss_0001.jpg,ok,0.4031,0.4098
Kate_Richardson_0001.jpg,ok,0.3830,0.4241
Kate_Starbird_0001.jpg,ok,0.4273,0.4782
Kate_Winslet_0001.jpg,ok,0.4536,0.4835
Kate_Winslet_0002.jpg,ok,0.3568,0.4135
Kate_Winslet_0003.jpg,ok,0.3901,0.4737
Kate_Winslet_0004.jpg,ok,0.4003,0.3870
Katerina_Smrzova_0001.jpg,ok,0.2858,0.3256
Katharine_Hepburn_0001.jpg,ok,0.6074,0.5809
Katherine_Harris_0001.jpg,ok,0.4087,0.4572
Katherine_Harris_0002.jpg,ok,0.3619,0.3892
Katherine_Harris_0003.jpg,ok,0.3850,0.3847
Katherine_Harris_0004.jpg,ok,0.4209,0.4253
Kathie_Louise_Saunders_0001.jpg,ok,0.4050,0.5061
Kathleen_Abernathy_0001.jpg,ok,0.5471,0.5013
Kathleen_Glynn_0001.jpg,ok,0.4070,0.4323
Kathleen_Glynn_0002.jpg,ok,0.3662,0.2479
Kathleen_Kennedy_Townsend_0001.jpg,ok,0.3554,0.4358
Kathleen_Kennedy_Townsend_0002.jpg,ok,0.4191,0.4480
Kathleen_Kennedy_Townsend_0003.jpg,ok,0.3196,0.4394
Kathleen_Kennedy_Townsend_0004.jpg,ok,0.3467,0.4461
Kathryn_Bigelow_0001.jpg,ok,0.3510,0.4463
Kathryn_Bigelow_0002.jpg,ok,0.3132,0.3289
Kathryn_Grayson_0001.jpg,ok,0.4017,0.4489
Kathryn_Morris_0001.jpg,ok,0.4258,0.4126
Kathryn_Tucker_0001.jpg,ok,0.5410,0.4936
Kathy_Baker_0001.jpg,ok,0.3678,0.4146
Kathy_Bates_0001.jpg,ok,0.4139,0.3882
Kathy_Gannon_0001.jpg,ok,0.3438,0.3654
Kathy_Winters_0001.jpg,ok,0.4304,0.4792
Kathy_Winters_0002.jpg,ok,0.4977,0.5090
Katie_Boone_0001.jpg,ok,0.5447,0.3973
Katie_Couric_0001.jpg,ok,0.3165,0.3392
Katie_Harman_0001.jpg,ok,0.4599,0.5161
Katie_Harman_0002.jpg,ok,0.3752,0.4276
Katie_Harman_0003.jpg,ok,0.3207,0.3286
Katie_Holmes_0001.jpg,ok,0.3755,0.4147
Katie_Smith_0001.jpg,ok,0.4572,0.5211
Katie_Wagner_0001.jpg,ok,0.3233,0.3804
Katja_Riemann_0001.jpg,ok,0.2250,0.2132
Katrin_Cartlidge_0001.jpg,ok,0.3254,0.3735
Katrin_Susi_0001.jpg,ok,0.2812,0.3225
Kay_Bailey_Hutchison_0001.jpg,ok,0.4625,0.4489
Kay_Behrensmeyer_0001.jpg,ok,0.4414,0.4775
Kaye_Young_0001.jpg,ok,0.4034,0.3732
Keanu_Reeves_0001.jpg,ok,0.3956,0.4106
Keanu_Reeves_0002.jpg,ok,0.4789,0.4733
Keanu_Reeves_0003.jpg,ok,0.3776,0.3939
Keanu_Reeves_0004.jpg,ok,0.4293,0.4194
Keanu_Reeves_0005.jpg,ok,0.4777,0.3971
Keanu_Reeves_0006.jpg,ok,0.5765,0.4653
Keanu_Reeves_0007.jpg,ok,0.4815,0.4621
Keanu_Reeves_0008.jpg,ok,0.3708,0.4586
Keanu_Reeves_0009.jpg,ok,0.4061,0.4454
Keanu_Reeves_0010.jpg,ok,0.4134,0.4944
Keanu_Reeves_0011.jpg,ok,0.4155,0.4186
Keanu_Reeves_0012.jpg,ok,0.4404,0.4358
Keiko_Sofia_Fujimori_0001.jpg,ok,0.3878,0.3604
Keira_Knightley_0001.jpg,ok,0.5722,0.5294
Keira_Knightley_0002.jpg,ok,0.4802,0.4461
Keith_Bishop_Jr_0001.jpg,ok,0.3809,0.3587
Keith_Bogans_0001.jpg,ok,0.4690,0.4911
Keith_Bogans_0002.jpg,ok,0.3891,0.4783
Keith_Bogans_0003.jpg,ok,0.4016,0.4684
Keith_Brown_0001.jpg,ok,0.4336,0.3892
Keith_Fotta_0001.jpg,ok,0.3826,0.4386
Keith_Foulke_0001.jpg,ok,0.4125,0.3590
Keith_Lockhart_0001.jpg,ok,0.2933,0.3708
Keith_Lowen_0001.jpg,ok,0.5253,0.4652
Keith_Olbermann_0001.jpg,ok,0.3455,0.4141
Keith_Osik_0001.jpg,ok,0.4495,0.4889
Keith_Rodriguez_0001.jpg,ok,0.3598,0.2723
Keith_Snyder_0001.jpg,ok,0.3429,0.4305
Keith_Tyson_0001.jpg,ok,0.4216,0.3888
Keith_Urban_0001.jpg,ok,0.2750,0.2085
Keith_Van_Horn_0001.jpg,ok,0.4020,0.4742
Keizo_Yamada_0001.jpg,ok,0.4234,0.4511
Kelli_White_0001.jpg,ok,0.4487,0.4336
Kelli_White_0002.jpg,ok,0.4140,0.4078
Kellie_Coffey_0001.jpg,ok,0.3979,0.4694
Kellie_Greene_0001.jpg,ok,0.4636,0.4853
Kelly_Clarkson_0001.jpg,ok,0.4064,0.4754
Kelly_Clarkson_0002.jpg,ok,0.2799,0.4013
Kelly_Clarkson_0003.jpg,ok,0.3730,0.4229
Kelly_Leigh_0001.jpg,ok,0.4000,0.4306
Kelly_Osbourne_0001.jpg,ok,0.2615,0.3794
Kelly_Ripa_0001.jpg,ok,0.3305,0.3777
Kelly_Santos_0001.jpg,ok,0.3755,0.3603
Kelsey_Grammer_0001.jpg,ok,0.4099,0.4528
Kelvin_Sampson_0001.jpg,ok,0.4152,0.4481
Kelvin_Sampson_0002.jpg,ok,0.4763,0.4852
Kelvin_Sampson_0003.jpg,ok,0.3285,0.3577
Kemal_Dervis_0001.jpg,ok,0.4425,0.4203
Kemal_Dervis_0002.jpg,ok,0.4449,0.3999
Kemal_Dervis_0003.jpg,ok,0.5271,0.4758
Ken_Balk_0001.jpg,ok,0.5355,0.5133
Ken_Dorsey_0001.jpg,ok,0.4319,0.4139
Ken_Kutaragi_0001.jpg,ok,0.4476,0.5093
Ken_Loach_0001.jpg,ok,0.3488,0.3009
Ken_Macha_0001.jpg,ok,0.3530,0.3944
Ken_Macha_0002.jpg,ok,0.4212,0.4832
Ken_Macha_0003.jpg,ok,0.4829,0.4686
Ken_Watanabe_0001.jpg,ok,0.4917,0.4082
Ken_Watanabe_0002.jpg,ok,0.3755,0.2959
Ken_Wharfe_0001.jpg,ok,0.4533,0.4980
Kenenisa_Bekele_0001.jpg,ok,0.4691,0.4821
Kenneth_Bowersox_0001.jpg,ok,0.3541,0.3728
Kenneth_Bowersox_0002.jpg,ok,0.4134,0.4497
Kenneth_Bowersox_0003.jpg,ok,0.4057,0.4226
Kenneth_Branagh_0001.jpg,ok,0.4577,0.4283
Kenneth_Branagh_0002.jpg,ok,0.4287,0.4283
Kenneth_Brill_0001.jpg,ok,0.4147,0.4362
Kenneth_Carlsen_0001.jpg,ok,0.4582,0.5086
Kenneth_Cooper_0001.jpg,ok,0.4182,0.4220
Kenneth_Dam_0001.jpg,ok,0.3314,0.4347
Kenneth_Evans_0001.jpg,ok,0.4705,0.4460
Kenneth_Evans_0002.jpg,ok,0.4670,0.4112
Kenneth_Reichert_0001.jpg,ok,0.4394,0.4180
Kenny_Brack_0001.jpg,ok,0.3143,0.4178
Kenny_Chesney_0001.jpg,ok,0.4102,0.4661
Kent_McCord_0001.jpg,ok,0.4350,0.4770
Kent_Robinson_0001.jpg,ok,0.4624,0.4909
Kent_Rominger_0001.jpg,ok,0.4719,0.4502
Kent_Rominger_0002.jpg,ok,0.4453,0.4481
Kevin_Borseth_0001.jpg,ok,0.3713,0.4309
Kevin_Costner_0001.jpg,ok,0.3587,0.3541
Kevin_Costner_0002.jpg,ok,0.4566,0.4906
Kevin_Costner_0003.jpg,ok,0.3943,0.3450
Kevin_Costner_0004.jpg,ok,0.3755,0.4303
Kevin_Costner_0005.jpg,ok,0.4452,0.4456
Kevin_Costner_0006.jpg,ok,0.3967,0.4744
Kevin_Costner_0007.jpg,ok,0.3304,0.3818
Kevin_Costner_0008.jpg,ok,0.3366,0.4147
Kevin_Crane_0001.jpg,ok,0.4565,0.4337
Kevin_Garnett_0001.jpg,ok,0.4583,0.4192
Kevin_Gil_0001.jpg,ok,0.4201,0.3944
Kevin_Harvick_0001.jpg,ok,0.3812,0.4293
Kevin_Hearn_0001.jpg,ok,0.4097,0.4282
Kevin_James_0001.jpg,ok,0.5410,0.4183
Kevin_Keegan_0001.jpg,ok,0.3981,0.4254
Kevin_Marshall_0001.jpg,ok,0.4933,0.5222
Kevin_Millwood_0001.jpg,ok,0.3995,0.3358
Kevin_Nealon_0001.jpg,ok,0.4547,0.4895
Kevin_Satterfield_0001.jpg,ok,0.4333,0.4428
Kevin_Sorbo_0001.jpg,ok,0.2665,0.3246
Kevin_Spacey_0001.jpg,ok,0.3649,0.4011
Kevin_Spacey_0002.jpg,ok,0.4697,0.4131
Kevin_Spacey_0003.jpg,ok,0.4045,0.4241
Kevin_Spacey_0004.jpg,ok,0.4713,0.4761
Kevin_Spacey_0005.jpg,ok,0.4602,0.4446
Kevin_Stallings_0001.jpg,ok,0.4408,0.3681
Kevin_Stallings_0002.jpg,ok,0.4322,0.4404
Kevin_Tarrant_0001.jpg,ok,0.4540,0.3991
Khader_Rashid_Rahim_0001.jpg,ok,0.5280,0.4432
Khaled_Sawalhi_0001.jpg,ok,0.6586,0.6344
Khalid_Khannouchi_0001.jpg,ok,0.4016,0.4629
Khalid_Qazi_0001.jpg,ok,0.4033,0.4093
Khatol_Mohammad_Zai_0001.jpg,ok,0.5370,0.4936
Khin_Nyunt_0001.jpg,ok,0.4092,0.5385
Khum_Bahadur_Khadka_0001.jpg,ok,0.4112,0.4714
Kieran_Culkin_0001.jpg,ok,0.4678,0.3996
Kieran_Prendergast_0001.jpg,ok,0.4513,0.4755
Kieran_Prendergast_0002.jpg,ok,0.4131,0.4810
Kifah_Ajouri_0001.jpg,ok,0.4717,0.5171
Kifah_Ajouri_0002.jpg,ok,0.4066,0.4539
Kiki_Vandeweghe_0001.jpg,ok,0.3812,0.3605
Kiki_Vandeweghe_0002.jpg,ok,0.4361,0.4314
Kim_Cattrall_0001.jpg,ok,0.2355,0.2891
Kim_Chinn_0001.jpg,ok,0.3794,0.4040
Kim_Clijsters_0001.jpg,ok,0.4007,0.5224
Kim_Clijsters_0002.jpg,ok,0.4311,0.4381
Kim_Clijsters_0003.jpg,ok,0.3628,0.4904
Kim_Clijsters_0004.jpg,ok,0.3455,0.4947
Kim_Clijsters_0005.jpg,ok,0.3914,0.4927
Kim_Clijsters_0006.jpg,ok,0.4341,0.5516
Kim_Clijsters_0007.jpg,ok,0.5279,0.5162
Kim_Clijsters_0008.jpg,ok,0.4378,0.5023
Kim_Clijsters_0009.jpg,ok,0.5083,0.5112
Kim_Clijsters_0010.jpg,ok,0.5341,0.4896
Kim_Clijsters_0011.jpg,ok,0.3557,0.5032
Kim_Clijsters_0012.jpg,ok,0.5185,0.5259
Kim_Clijsters_0013.jpg,ok,0.3589,0.5026
Kim_Clijsters_0014.jpg,ok,0.4777,0.4689
Kim_Dae-jung_0001.jpg,ok,0.4690,0.4893
Kim_Dae-jung_0002.jpg,ok,0.4360,0.4391
Kim_Dae-jung_0003.jpg,ok,0.5129,0.5179
Kim_Dae-jung_0004.jpg,ok,0.4944,0.5014
Kim_Dae-jung_0005.jpg,ok,0.5144,0.5387
Kim_Dae-jung_0006.jpg,ok,0.3601,0.4905
Kim_Dae-jung_0007.jpg,ok,0.4785,0.5132
Kim_Dae-jung_0008.jpg,ok,0.4963,0.5353
Kim_Dong-hwa_0001.jpg,ok,0.5051,0.4723
Kim_Dong-tae_0001.jpg,ok,0.4390,0.5146
Kim_Gandy_0001.jpg,ok,0.4804,0.5008
Kim_Hong-gul_0001.jpg,ok,0.4401,0.4461
Kim_Hong-up_0001.jpg,ok,0.4229,0.4879
Kim_Jin-sun_0001.jpg,ok,0.4466,0.5284
Kim_Jin-sun_0002.jpg,ok,0.4775,0.5197
Kim_Jong-Il_0001.jpg,ok,0.4632,0.4800
Kim_Jong-Il_0002.jpg,ok,0.4556,0.5297
Kim_Jong-Il_0003.jpg,ok,0.4656,0.4518
Kim_Jong-Il_0004.jpg,ok,0.4517,0.5290
Kim_Ryong-sung_0001.jpg,ok,0.4829,0.5021
Kim_Ryong-sung_0002.jpg,ok,0.5352,0.5068
Kim_Ryong-sung_0003.jpg,ok,0.5424,0.5392
Kim_Ryong-sung_0004.jpg,ok,0.5264,0.4405
Kim_Ryong-sung_0005.jpg,ok,0.4443,0.4550
Kim_Ryong-sung_0006.jpg,ok,0.5249,0.5613
Kim_Ryong-sung_0007.jpg,ok,0.4617,0.3638
Kim_Ryong-sung_0008.jpg,ok,0.4949,0.5420
Kim_Ryong-sung_0009.jpg,ok,0.4908,0.4939
Kim_Ryong-sung_0010.jpg,ok,0.5134,0.5566
Kim_Ryong-sung_0011.jpg,ok,0.4474,0.5207
Kim_Su_Nam_0001.jpg,ok,0.3940,0.5075
Kim_Weeks_0001.jpg,ok,0.4553,0.4427
Kim_Yong-il_0001.jpg,ok,0.4170,0.4452
Kim_Yong-il_0002.jpg,ok,0.4990,0.5457
Kim_Yong-il_0003.jpg,ok,0.4743,0.5161
Kim_Yun-kyu_0001.jpg,ok,0.5027,0.5602
Kimberly_Bruckner_0001.jpg,ok,0.3940,0.5032
Kimberly_Stewart_0001.jpg,ok,0.3433,0.3704
Kimi_Raikkonen_0001.jpg,ok,0.4728,0.3516
Kimi_Raikkonen_0002.jpg,ok,0.3586,0.4146
Kimi_Raikkonen_0003.jpg,ok,0.4126,0.3706
Kimora_Lee_0001.jpg,ok,0.4123,0.4118
King_Abdullah_II_0001.jpg,ok,0.4803,0.5061
King_Abdullah_II_0002.jpg,ok,0.4238,0.4531
King_Abdullah_II_0003.jpg,ok,0.4900,0.5068
King_Abdullah_II_0004.jpg,ok,0.4446,0.4086
King_Abdullah_II_0005.jpg,ok,0.5204,0.5363
King_Bhumibol_Adulyadej_0001.jpg,ok,0.4697,0.4375
King_Gyanendra_0001.jpg,ok,0.4833,0.5134
Kirby_Puckett_0001.jpg,ok,0.4650,0.4742
Kirk_Doerger_0001.jpg,ok,0.3561,0.4517
Kirk_Douglas_0001.jpg,ok,0.4428,0.4286
Kirk_Ferentz_0001.jpg,ok,0.4989,0.4911
Kirk_Ferentz_0002.jpg,ok,0.3554,0.3587
Kirk_Franklin_0001.jpg,ok,0.3122,0.4302
Kirk_Johnson_0001.jpg,ok,0.3696,0.3931
Kirk_Johnson_0002.jpg,ok,0.3647,0.4712
Kirk_Johnson_0003.jpg,ok,0.3304,0.4003
Kirsten_Clark_0001.jpg,ok,0.3719,0.4243
Kirsten_Dunst_0001.jpg,ok,0.3993,0.4102
Kirsten_Gilham_0001.jpg,ok,0.3422,0.3960
Kit_Bond_0001.jpg,ok,0.4406,0.4553
Kitin_Munoz_0001.jpg,ok,0.4163,0.5206
Kjell_Magne_Bondevik_0001.jpg,ok,0.5103,0.4817
Kjell_Magne_Bondevik_0002.jpg,ok,0.5073,0.5116
Kjell_Magne_Bondevik_0003.jpg,ok,0.4799,0.4575
Klaus_Schwab_0001.jpg,ok,0.4096,0.3919
Klaus_Zwickel_0001.jpg,ok,0.4360,0.4452
Klaus_Zwickel_0002.jpg,ok,0.3065,0.2214
Kobe_Bryant_0001.jpg,ok,0.2739,0.3397
Kobe_Bryant_0002.jpg,ok,0.3621,0.4125
Kobe_Bryant_0003.jpg,ok,0.3797,0.3595
Kofi_Annan_0001.jpg,ok,0.4785,0.4800
Kofi_Annan_0002.jpg,ok,0.4269,0.4761
Kofi_Annan_0003.jpg,ok,0.3838,0.4209
Kofi_Annan_0004.jpg,ok,0.4454,0.4202
Kofi_Annan_0005.jpg,ok,0.4375,0.4460
Kofi_Annan_0006.jpg,ok,0.4033,0.3801
Kofi_Annan_0007.jpg,ok,0.4548,0.4774
Kofi_Annan_0008.jpg,ok,0.4367,0.4553
Kofi_Annan_0009.jpg,ok,0.4299,0.4796
Kofi_Annan_0010.jpg,ok,0.4245,0.4103
Kofi_Annan_0011.jpg,ok,0.4084,0.4362
Kofi_Annan_0012.jpg,ok,0.4531,0.4569
Kofi_Annan_0013.jpg,ok,0.4282,0.4493
Kofi_Annan_0014.jpg,ok,0.4458,0.3968
Kofi_Annan_0015.jpg,ok,0.3820,0.4791
Kofi_Annan_0016.jpg,ok,0.4843,0.5092
Kofi_Annan_0017.jpg,ok,0.4894,0.5318
Kofi_Annan_0018.jpg,ok,0.4805,0.4850
Kofi_Annan_0019.jpg,ok,0.4063,0.4118
Kofi_Annan_0020.jpg,ok,0.4637,0.5111
Kofi_Annan_0021.jpg,ok,0.4338,0.4617
Kofi_Annan_0022.jpg,ok,0.4374,0.4065
Kofi_Annan_0023.jpg,ok,0.3907,0.4034
Kofi_Annan_0024.jpg,ok,0.4349,0.4663
Kofi_Annan_0025.jpg,ok,0.4549,0.4929
Kofi_Annan_0026.jpg,ok,0.4546,0.5051
Kofi_Annan_0027.jpg,ok,0.4366,0.3923
Kofi_Annan_0028.jpg,ok,0.4285,0.4364
Kofi_Annan_0029.jpg,ok,0.3928,0.4003
Kofi_Annan_0030.jpg,ok,0.4227,0.4726
Kofi_Annan_0031.jpg,ok,0.4551,0.4308
Kofi_Annan_0032.jpg,ok,0.3957,0.3561
Koichi_Haraguchi_0001.jpg,ok,0.4713,0.5347
Koichi_Tanaka_0001.jpg,ok,0.4945,0.4924
Koichiro_Matsuura_0001.jpg,ok,0.4498,0.4200
Koji_Uehara_0001.jpg,ok,0.4334,0.4908
Kong_Quan_0001.jpg,ok,0.4499,0.5327
Kostya_Tszyu_0001.jpg,ok,0.2452,0.3145
Kosuke_Kitajima_0001.jpg,ok,0.4573,0.4854
Kosuke_Kitajima_0002.jpg,ok,0.4891,0.5063
Krishna_Bhadur_Mahara_0001.jpg,ok,0.4666,0.5075
Kristanna_Loken_0001.jpg,ok,0.3492,0.3923
Kristanna_Loken_0002.jpg,ok,0.3950,0.4336
Kristanna_Loken_0003.jpg,ok,0.3829,0.4457
Kristanna_Loken_0004.jpg,ok,0.3621,0.4792
Kristanna_Loken_0005.jpg,ok,0.4345,0.4570
Kristen_Breitweiser_0001.jpg,ok,0.3545,0.4285
Kristen_Breitweiser_0002.jpg,ok,0.3827,0.4734
Kristen_Breitweiser_0003.jpg,ok,0.3508,0.4712
Kristen_Rivera_0001.jpg,ok,0.4037,0.4881
Kristin_Chenoweth_0001.jpg,ok,0.3356,0.4477
Kristin_Davis_0001.jpg,ok,0.4071,0.3657
Kristin_Davis_0002.jpg,ok,0.3626,0.3563
Kristin_Davis_0003.jpg,ok,0.4382,0.4683
Kristin_Scott_0001.jpg,ok,0.2855,0.3916
Kristin_Scott_Thomas_0001.jpg,ok,0.3152,0.3674
Kristy_Curry_0001.jpg,ok,0.3809,0.4426
Kultida_Woods_0001.jpg,ok,0.4395,0.3992
Kurt_Budke_0001.jpg,ok,0.4029,0.4311
Kurt_Busch_0001.jpg,ok,0.5080,0.4532
Kurt_Busch_0002.jpg,ok,0.4684,0.4457
Kurt_Hellstrom_0001.jpg,ok,0.3768,0.4785
Kurt_Russell_0001.jpg,ok,0.4897,0.4619
Kurt_Russell_0002.jpg,ok,0.4166,0.4428
Kurt_Schottenheimer_0001.jpg,ok,0.3593,0.4003
Kurt_Suzuki_0001.jpg,ok,0.4688,0.4628
Kurt_Tanabe_0001.jpg,ok,0.5210,0.5026
Kurt_Thomas_0001.jpg,ok,0.4293,0.4134
Kurt_Warner_0001.jpg,ok,0.4692,0.4120
Kurt_Warner_0002.jpg,ok,0.3590,0.3996
Kurt_Warner_0003.jpg,ok,0.4888,0.5253
Kurt_Warner_0004.jpg,ok,0.3983,0.4278
Kurt_Warner_0005.jpg,ok,0.3106,0.3704
Kwame_Kilpatrick_0001.jpg,ok,0.4498,0.4627
Kweisi_Mfume_0001.jpg,ok,0.3494,0.4135
Kwon_Yang-sook_0001.jpg,ok,0.4251,0.4651
Kwon_Yang-sook_0002.jpg,ok,0.4753,0.5453
Kwon_Yang-sook_0003.jpg,ok,0.4712,0.5580
Kwon_Young-gil_0001.jpg,ok,0.4054,0.4834
Kyle_McLaren_0001.jpg,ok,0.2363,0.2821
Kyle_Shewfelt_0001.jpg,ok,0.4242,0.4428
Kyoko_Nakayama_0001.jpg,ok,0.3949,0.3215
Kyra_Sedgwick_0001.jpg,ok,0.3979,0.3708
LK_Advani_0001.jpg,ok,0.4127,0.4125
LK_Advani_0002.jpg,ok,0.4514,0.4449
LK_Advani_0003.jpg,ok,0.3364,0.4304
Lachlan_Murdoch_0001.jpg,ok,0.5146,0.5013
Laila_Ali_0001.jpg,ok,0.4061,0.3518
Laila_Ali_0002.jpg,ok,0.3933,0.4788
Laila_Ali_0003.jpg,ok,0.3018,0.3160
Lana_Clarkson_0001.jpg,ok,0.4324,0.4538
Lana_Clarkson_0002.jpg,ok,0.5127,0.4799
Lance_Armstrong_0001.jpg,ok,0.5222,0.5051
Lance_Armstrong_0002.jpg,ok,0.3533,0.3515
Lance_Armstrong_0003.jpg,ok,0.5125,0.5035
Lance_Armstrong_0004.jpg,ok,0.4397,0.4665
Lance_Armstrong_0005.jpg,ok,0.4553,0.4484
Lance_Armstrong_0006.jpg,ok,0.3338,0.3565
Lance_Armstrong_0007.jpg,ok,0.4771,0.3986
Lance_Armstrong_0008.jpg,ok,0.4462,0.4601
Lance_Armstrong_0009.jpg,ok,0.3555,0.3666
Lance_Armstrong_0010.jpg,ok,0.4500,0.4987
Lance_Armstrong_0011.jpg,ok,0.5099,0.4806
Lance_Armstrong_0012.jpg,ok,0.3076,0.3950
Lance_Armstrong_0013.jpg,ok,0.4534,0.5020
Lance_Armstrong_0014.jpg,ok,0.2848,0.3115
Lance_Armstrong_0015.jpg,ok,0.4471,0.4464
Lance_Armstrong_0016.jpg,ok,0.4431,0.4560
Lance_Armstrong_0017.jpg,ok,0.4536,0.4578
Lance_Armstrong_0018.jpg,ok,0.4685,0.4476
Lance_Bass_0001.jpg,ok,0.3933,0.3830
Lance_Bass_0002.jpg,ok,0.3089,0.3881
Lance_Bass_0003.jpg,ok,0.2735,0.3122
Lance_Bass_0004.jpg,ok,0.3493,0.3439
Lance_Bass_0005.jpg,ok,0.4166,0.4584
Landon_Donovan_0001.jpg,ok,0.3664,0.4243
Lane_Bryant_0001.jpg,ok,0.5247,0.4828
Lane_Odom_0001.jpg,ok,0.4253,0.3861
Lara_Logan_0001.jpg,ok,0.3040,0.3313
Larenz_Tate_0001.jpg,ok,0.3804,0.3970
Larry_Anderson_0001.jpg,ok,0.4294,0.4525
Larry_Beinfest_0001.jpg,ok,0.4140,0.4940
Larry_Bowa_0001.jpg,ok,0.4423,0.4264
Larry_Bowa_0002.jpg,ok,0.4626,0.4795
Larry_Brown_0001.jpg,ok,0.4579,0.5019
Larry_Brown_0002.jpg,ok,0.4007,0.4886
Larry_Brown_0003.jpg,ok,0.4608,0.5099
Larry_Brown_0004.jpg,ok,0.4129,0.4053
Larry_Brown_0005.jpg,ok,0.3058,0.2901
Larry_Brown_0006.jpg,ok,0.3400,0.4531
Larry_Brown_0007.jpg,ok,0.4405,0.4077
Larry_Campbell_0001.jpg,ok,0.4180,0.4246
Larry_Coker_0001.jpg,ok,0.3930,0.4439
Larry_Coker_0002.jpg,ok,0.4175,0.4511
Larry_Coker_0003.jpg,ok,0.4137,0.4320
Larry_Coker_0004.jpg,ok,0.4590,0.4241
Larry_Donald_0001.jpg,ok,0.4247,0.4123
Larry_Ellison_0001.jpg,ok,0.4009,0.3075
Larry_Ellison_0002.jpg,ok,0.3413,0.3021
Larry_Ellison_0003.jpg,ok,0.3466,0.3333
Larry_Eustachy_0001.jpg,ok,0.3949,0.3625
Larry_Flynt_0001.jpg,ok,0.3576,0.2499
Larry_Greene_0001.jpg,ok,0.3660,0.3315
Larry_Hagman_0001.jpg,ok,0.4046,0.4182
Larry_Hahn_0001.jpg,ok,0.5149,0.4683
Larry_Harris_0001.jpg,ok,0.5307,0.4518
Larry_Johnson_0001.jpg,ok,0.3351,0.4027
Larry_Johnson_0002.jpg,ok,0.3773,0.3730
Larry_Lindsey_0001.jpg,ok,0.4296,0.4573
Larry_Lindsey_0002.jpg,ok,0.4363,0.4274
Larry_Lucchino_0001.jpg,ok,0.4921,0.5064
Larry_Lucchino_0002.jpg,ok,0.4322,0.3643
Larry_Nichols_0001.jpg,ok,0.4689,0.4682
Larry_Pleau_0001.jpg,ok,0.4471,0.4400
Larry_Ralston_0001.jpg,ok,0.4702,0.4534
Larry_Tanenbaum_0001.jpg,ok,0.4764,0.5074
Larry_Templeton_0001.jpg,ok,0.5386,0.5544
Larry_Thompson_0001.jpg,ok,0.4521,0.4456
Larry_Thompson_0002.jpg,ok,0.4162,0.4848
Larry_Thompson_0003.jpg,ok,0.3956,0.4916
Larry_Thompson_0004.jpg,ok,0.4103,0.4860
Larry_Wilmore_0001.jpg,ok,0.3184,0.2902
Lars_Burgsmuller_0001.jpg,ok,0.5283,0.5330
Lars_Von_Trier_0001.jpg,ok,0.3558,0.4166
Lars_Von_Trier_0002.jpg,ok,0.4237,0.5057
Lars_Von_Trier_0003.jpg,ok,0.4005,0.3773
Laszlo_Kovacs_0001.jpg,ok,0.4778,0.5145
Latrell_Sprewell_0001.jpg,ok,0.4785,0.4669
Latrell_Sprewell_0002.jpg,ok,0.4265,0.4630
Laura_Bozzo_0001.jpg,ok,0.3445,0.3518
Laura_Bush_0001.jpg,ok,0.4837,0.4258
Laura_Bush_0002.jpg,ok,0.3898,0.4383
Laura_Bush_0003.jpg,ok,0.3518,0.4806
Laura_Bush_0004.jpg,ok,0.3223,0.3890
Laura_Bush_0005.jpg,ok,0.3703,0.4254
Laura_Bush_0006.jpg,ok,0.3492,0.4765
Laura_Bush_0007.jpg,ok,0.3598,0.4123
Laura_Bush_0008.jpg,ok,0.4700,0.5019
Laura_Bush_0009.jpg,ok,0.4384,0.5269
Laura_Bush_0010.jpg,ok,0.3848,0.4412
Laura_Bush_0011.jpg,ok,0.4232,0.3854
Laura_Bush_0012.jpg,ok,0.4092,0.4725
Laura_Bush_0013.jpg,ok,0.4062,0.3540
Laura_Bush_0014.jpg,ok,0.3162,0.4363
Laura_Bush_0015.jpg,ok,0.4284,0.4104
Laura_Bush_0016.jpg,ok,0.4410,0.4527
Laura_Bush_0017.jpg,ok,0.3915,0.4568
Laura_Bush_0018.jpg,ok,0.4562,0.4634
Laura_Bush_0019.jpg,ok,0.4187,0.4338
Laura_Bush_0020.jpg,ok,0.3729,0.4524
Laura_Bush_0021.jpg,ok,0.3047,0.4240
Laura_Bush_0022.jpg,ok,0.4039,0.4527
Laura_Bush_0023.jpg,ok,0.4595,0.4546
Laura_Bush_0024.jpg,ok,0.3904,0.4501
Laura_Bush_0025.jpg,ok,0.3377,0.3258
Laura_Bush_0026.jpg,ok,0.4022,0.4405
Laura_Bush_0027.jpg,ok,0.2976,0.4070
Laura_Bush_0028.jpg,ok,0.4407,0.5051
Laura_Bush_0029.jpg,ok,0.3670,0.4656
Laura_Bush_0030.jpg,ok,0.4806,0.4059
Laura_Bush_0031.jpg,ok,0.4306,0.4462
Laura_Bush_0032.jpg,ok,0.3543,0.4556
Laura_Bush_0033.jpg,ok,0.4268,0.4396
Laura_Bush_0034.jpg,ok,0.4108,0.4507
Laura_Bush_0035.jpg,ok,0.4008,0.4167
Laura_Bush_0036.jpg,ok,0.4365,0.4600
Laura_Bush_0037.jpg,ok,0.3890,0.4594
Laura_Bush_0038.jpg,ok,0.2999,0.4709
Laura_Bush_0039.jpg,ok,0.3631,0.3848
Laura_Bush_0040.jpg,ok,0.3451,0.3721
Laura_Bush_0041.jpg,ok,0.4647,0.4451
Laura_Elena_Harring_0001.jpg,ok,0.4429,0.4989
Laura_Flessel_0001.jpg,ok,0.3233,0.3710
Laura_Gobai_0001.jpg,ok,0.2714,0.4812
Laura_Hernandez_0001.jpg,ok,0.3059,0.3511
Laura_Hernandez_0002.jpg,ok,0.3525,0.3221
Laura_Linney_0001.jpg,ok,0.3568,0.4436
Laura_Linney_0002.jpg,ok,0.3782,0.4605
Laura_Linney_0003.jpg,ok,0.3609,0.4124
Laura_Linney_0004.jpg,ok,0.3790,0.3493
Laura_Marlow_0001.jpg,ok,0.3644,0.4043
Laura_Morante_0001.jpg,ok,0.3148,0.3554
Laura_Pausini_0001.jpg,ok,0.3759,0.4838
Laura_Romero_0001.jpg,ok,0.3732,0.3278
Laura_Schlessinger_0001.jpg,ok,0.3913,0.4747
Laura_Ziskin_0001.jpg,ok,0.4215,0.4127
Laurel_Clark_0001.jpg,ok,0.3882,0.3685
Lauren_Hutton_0001.jpg,ok,0.3264,0.3865
Lauren_Hutton_0002.jpg,ok,0.4041,0.4496
Lauren_Killian_0001.jpg,ok,0.4438,0.4399
Lauren_Killian_0002.jpg,ok,0.2804,0.3704
Laurence_Fishburne_0001.jpg,ok,0.3436,0.3850
Laurence_Tribe_0001.jpg,ok,0.3744,0.4346
Laurent_Gbagbo_0001.jpg,ok,0.4419,0.5101
Laurent_Gbagbo_0002.jpg,ok,0.3968,0.3420
Laurent_Jalabert_0001.jpg,ok,0.4636,0.5278
Laurent_Jalabert_0002.jpg,ok,0.3918,0.4734
Laurent_Woulzy_0001.jpg,ok,0.4178,0.3555
Laurie_Chan_0001.jpg,ok,0.4252,0.5208
Laurie_Hobbs_0001.jpg,ok,0.4048,0.4298
Laurie_Laychak_0001.jpg,ok,0.4050,0.4997
Laurie_Pirtle_0001.jpg,ok,0.4393,0.5314
Lawrence_Di_Rita_0001.jpg,ok,0.4089,0.4108
Lawrence_Foley_0001.jpg,ok,0.5262,0.5471
Lawrence_MacAulay_0001.jpg,ok,0.4285,0.4601
Lawrence_MacAulay_0002.jpg,ok,0.4642,0.4697
Lawrence_Roberts_0001.jpg,ok,0.4177,0.4764
Lawrence_Vito_0001.jpg,ok,0.4330,0.5044
Lazaro_Castro_0001.jpg,ok,0.3674,0.4635
LeAnn_Rimes_0001.jpg,ok,0.4696,0.4906
LeAnn_Rimes_0002.jpg,ok,0.4217,0.4162
LeBron_James_0001.jpg,ok,0.4450,0.4253
LeBron_James_0002.jpg,ok,0.4469,0.3634
LeBron_James_0003.jpg,ok,0.4717,0.4047
LeBron_James_0004.jpg,ok,0.4723,0.4702
LeBron_James_0005.jpg,ok,0.4350,0.3260
LeRoy_Millette_Jr_0001.jpg,ok,0.3702,0.3952
Lea_Fastow_0001.jpg,ok,0.5123,0.5120
Lea_Fastow_0002.jpg,ok,0.3851,0.3977
Leah_Remini_0001.jpg,ok,0.3793,0.4209
Leander_Paes_0001.jpg,ok,0.4125,0.4018
Leander_Paes_0002.jpg,ok,0.3730,0.3575
Leandrinho_Barbosa_0001.jpg,ok,0.4235,0.4494
Leandro_Andrade_0001.jpg,ok,0.4568,0.4474
Leandro_Garcia_0001.jpg,ok,0.4791,0.4592
Lech_Walesa_0001.jpg,ok,0.4734,0.5045
Lech_Walesa_0002.jpg,ok,0.4835,0.3997
Lee_Ann_Knight_0001.jpg,ok,0.3180,0.3664
Lee_Ann_Terlaji_0001.jpg,ok,0.2999,0.3798
Lee_Ann_Womack_0001.jpg,ok,0.3160,0.3992
Lee_Baca_0001.jpg,ok,0.4916,0.5122
Lee_Byung-woong_0001.jpg,ok,0.5191,0.5460
Lee_Chang-dong_0001.jpg,ok,0.4188,0.4237
Lee_Hoi-chang_0001.jpg,ok,0.5024,0.5271
Lee_Hoi-chang_0002.jpg,ok,0.4895,0.4801
Lee_Hoi-chang_0003.jpg,ok,0.4854,0.5198
Lee_Hoi-chang_0004.jpg,ok,0.3958,0.5090
Lee_Hong-ki_0001.jpg,ok,0.5306,0.5740
Lee_Hyung-taik_0001.jpg,ok,0.5103,0.5310
Lee_Jun_0001.jpg,ok,0.4593,0.4884
Lee_Jun_0002.jpg,ok,0.4592,0.5497
Lee_Nam-shin_0001.jpg,ok,0.4826,0.4828
Lee_Soo-hyuck_0001.jpg,ok,0.3799,0.3278
Lee_Soo-hyuck_0002.jpg,ok,0.3905,0.4907
Lee_Soo-hyuck_0003.jpg,ok,0.4725,0.4702
Lee_Tae-sik_0001.jpg,ok,0.4896,0.5112
Lee_Tae-sik_0002.jpg,ok,0.5121,0.5505
Lee_Yeo-jin_0001.jpg,ok,0.4640,0.4738
Lee_Yuan-tseh_0001.jpg,ok,0.3816,0.4566
Leigh_Winchell_0001.jpg,ok,0.4672,0.4711
Leisel_Jones_0001.jpg,ok,0.5208,0.4606
Lela_Rochon_0001.jpg,ok,0.3177,0.4116
Leland_Chapman_0001.jpg,ok,0.3763,0.2718
Leland_Chapman_0002.jpg,ok,0.4524,0.3942
Lemuel_Montulo_0001.jpg,ok,0.5002,0.5847
Len_Jenoff_0001.jpg,ok,0.3943,0.3805
Len_Jenoff_0002.jpg,ok,0.3517,0.3111
Lena_Katina_0001.jpg,ok,0.5256,0.3355
Lena_Olin_0001.jpg,ok,0.4039,0.3879
Lene_Espersen_0001.jpg,ok,0.3913,0.4965
Leni_Bjorklund_0001.jpg,ok,0.4127,0.3665
Lennart_Johansson_0001.jpg,ok,0.4353,0.4599
Lennox_Lewis_0001.jpg,ok,0.3814,0.3595
Lennox_Lewis_0002.jpg,ok,0.3638,0.3802
Lennox_Lewis_0003.jpg,ok,0.3792,0.4249
Lenny_Kravitz_0001.jpg,ok,0.3401,0.4214
Lenny_Wilkens_0001.jpg,ok,0.4144,0.4115
Lenny_Wilkens_0002.jpg,ok,0.3770,0.4513
Lenny_Wilkens_0003.jpg,ok,0.3039,0.2423
Leo_Mullin_0001.jpg,ok,0.4457,0.4341
Leo_Ramirez_0001.jpg,ok,0.4896,0.5439
Leon_Barmore_0001.jpg,ok,0.4523,0.4648
Leon_LaPorte_0001.jpg,ok,0.4760,0.5175
Leon_LaPorte_0002.jpg,ok,0.4562,0.4961
Leon_Lai_0001.jpg,ok,0.5191,0.4873
Leon_Silver_0001.jpg,ok,0.4907,0.4701
Leonard_Glick_0001.jpg,ok,0.4457,0.4723
Leonard_Hamilton_0001.jpg,ok,0.3758,0.4323
Leonard_Hamilton_0002.jpg,ok,0.3585,0.3495
Leonard_Schrank_0001.jpg,ok,0.4413,0.4468
Leonardo_Del_Vecchio_0001.jpg,ok,0.4658,0.5065
Leonardo_DiCaprio_0001.jpg,ok,0.5158,0.4979
Leonardo_DiCaprio_0002.jpg,ok,0.4641,0.4366
Leonardo_DiCaprio_0003.jpg,ok,0.4276,0.3430
Leonardo_DiCaprio_0004.jpg,ok,0.5078,0.4119
Leonardo_DiCaprio_0005.jpg,ok,0.4374,0.4479
Leonardo_DiCaprio_0006.jpg,ok,0.4248,0.4091
Leonardo_DiCaprio_0007.jpg,ok,0.3719,0.4620
Leonardo_DiCaprio_0008.jpg,ok,0.3892,0.3569
Leonardo_DiCaprio_0009.jpg,ok,0.3934,0.3814
Leonardo_Fernandez_0001.jpg,ok,0.4647,0.4301
Leonid_Kuchma_0001.jpg,ok,0.4376,0.4355
Leonid_Kuchma_0002.jpg,ok,0.4823,0.5151
Leonid_Kuchma_0003.jpg,ok,0.4626,0.5021
Leonid_Kuchma_0004.jpg,ok,0.4759,0.5192
Leonid_Kuchma_0005.jpg,ok,0.4233,0.4267
Leonid_Kuchma_0006.jpg,ok,0.4166,0.4183
Lesia_Burlak_0001.jpg,ok,0.3085,0.3371
Lesley_Coppin_0001.jpg,ok,0.4159,0.4015
Lesley_Flood_0001.jpg,ok,0.3354,0.3988
Lesley_McCulloch_0001.jpg,ok,0.4180,0.3765
Lesley_McCulloch_0002.jpg,ok,0.4187,0.4052
Lesley_McCulloch_0003.jpg,ok,0.3835,0.3747
Leslie_Ann_Woodward_0001.jpg,ok,0.2834,0.3961
Leslie_Ann_Woodward_0002.jpg,ok,0.2995,0.3710
Leslie_Caldwell_0001.jpg,ok,0.4425,0.4267
Leslie_Caldwell_0002.jpg,ok,0.3474,0.4114
Leslie_Caldwell_0003.jpg,ok,0.3787,0.4880
Leslie_Moonves_0001.jpg,ok,0.4692,0.5175
Leslie_Moonves_0002.jpg,ok,0.4040,0.3596
Leslie_Wiser_Jr_0001.jpg,ok,0.5252,0.5514
Lester_Holt_0001.jpg,ok,0.4444,0.4734
Leszek_Miller_0001.jpg,ok,0.4559,0.3912
Leszek_Miller_0002.jpg,ok,0.4610,0.5055
Leszek_Miller_0003.jpg,ok,0.4317,0.4989
Leticia_Dolera_0001.jpg,ok,0.4238,0.4212
Leticia_Van_de_Putte_0001.jpg,ok,0.4647,0.4394
Leuris_Pupo_0001.jpg,ok,0.3775,0.3473
Lew_Rywin_0001.jpg,ok,0.4565,0.3211
Lewis_Booth_0001.jpg,ok,0.4124,0.4822
Li_Changchun_0001.jpg,ok,0.4554,0.5133
Li_Ka-shing_0001.jpg,ok,0.4267,0.4682
Li_Peng_0001.jpg,ok,0.3585,0.3697
Li_Peng_0002.jpg,ok,0.4232,0.4023
Li_Peng_0003.jpg,ok,0.4042,0.4341
Li_Peng_0004.jpg,ok,0.3904,0.3686
Li_Peng_0005.jpg,ok,0.3221,0.3500
Li_Peng_0006.jpg,ok,0.4660,0.4839
Li_Peng_0007.jpg,ok,0.4891,0.4849
Li_Peng_0008.jpg,ok,0.3935,0.4710
Li_Peng_0009.jpg,ok,0.3928,0.4430
Li_Ruihuan_0001.jpg,ok,0.4217,0.4492
Li_Zhaoxing_0001.jpg,ok,0.4391,0.5234
Li_Zhaoxing_0002.jpg,ok,0.4937,0.5342
Li_Zhaoxing_0003.jpg,ok,0.3777,0.4619
Li_Zhaoxing_0004.jpg,ok,0.3777,0.4284
Li_Zhaoxing_0005.jpg,ok,0.4619,0.5159
Li_Zhaoxing_0006.jpg,ok,0.4707,0.4777
Li_Zhaoxing_0007.jpg,ok,0.4776,0.4580
Li_Zhaoxing_0008.jpg,ok,0.4353,0.4298
Liam_Neeson_0001.jpg,ok,0.4397,0.3848
Liam_Neeson_0002.jpg,ok,0.3119,0.3146
Liam_Neeson_0003.jpg,ok,0.4902,0.5168
Liane_Janda_0001.jpg,ok,0.4080,0.4710
Lidija_Djukanovic_0001.jpg,ok,0.3282,0.4201
Lili_Marinho_0001.jpg,ok,0.4298,0.3938
Lili_Taylor_0001.jpg,ok,0.4225,0.3983
Lili_Taylor_0002.jpg,ok,0.3785,0.4196
Liliana_Cavani_0001.jpg,ok,0.3588,0.4307
Lily_Safra_0001.jpg,ok,0.3973,0.5117
Lily_Tomlin_0001.jpg,ok,0.4260,0.4232
Lily_Tomlin_0002.jpg,ok,0.4745,0.4250
Lim_Dong-won_0001.jpg,ok,0.5034,0.5340
Lim_Dong-won_0002.jpg,ok,0.4970,0.5545
Lima_Azimi_0001.jpg,ok,0.4869,0.5061
Lin_Yi-fu_0001.jpg,ok,0.4613,0.5059
Lin_Yung_Hsi_0001.jpg,ok,0.4757,0.4802
Lina_Krasnoroutskaya_0001.jpg,ok,0.4994,0.4890
Lina_Krasnoroutskaya_0002.jpg,ok,0.4549,0.5163
Lincoln_Chafee_0001.jpg,ok,0.2614,0.4153
Linda_Amicangioli_0001.jpg,ok,0.3832,0.3952
Linda_Baboolal_0001.jpg,ok,0.4345,0.4760
Linda_Dano_0001.jpg,ok,0.4001,0.3554
Linda_Franklin_0001.jpg,ok,0.4657,0.4541
Linda_Ham_0001.jpg,ok,0.3086,0.3060
Linda_Lingle_0001.jpg,ok,0.3869,0.4255
Linda_Mason_0001.jpg,ok,0.3737,0.3963
Linda_Sanchez_0001.jpg,ok,0.4500,0.4293
Lindsay_Benko_0001.jpg,ok,0.4121,0.4132
Lindsay_Benko_0002.jpg,ok,0.3800,0.4061
Lindsay_Davenport_0001.jpg,ok,0.4955,0.4879
Lindsay_Davenport_0002.jpg,ok,0.4201,0.4889
Lindsay_Davenport_0003.jpg,ok,0.5200,0.4991
Lindsay_Davenport_0004.jpg,ok,0.4687,0.4802
Lindsay_Davenport_0005.jpg,ok,0.4437,0.5079
Lindsay_Davenport_0006.jpg,ok,0.4407,0.4978
Lindsay_Davenport_0007.jpg,ok,0.4751,0.4841
Lindsay_Davenport_0008.jpg,ok,0.4760,0.5038
Lindsay_Davenport_0009.jpg,ok,0.4794,0.5002
Lindsay_Davenport_0010.jpg,ok,0.4796,0.5006
Lindsay_Davenport_0011.jpg,ok,0.4734,0.4603
Lindsay_Davenport_0012.jpg,ok,0.4851,0.5093
Lindsay_Davenport_0013.jpg,ok,0.4328,0.4702
Lindsay_Davenport_0014.jpg,ok,0.5400,0.5250
Lindsay_Davenport_0015.jpg,ok,0.5012,0.5068
Lindsay_Davenport_0016.jpg,ok,0.5106,0.4999
Lindsay_Davenport_0017.jpg,ok,0.3498,0.4908
Lindsay_Davenport_0018.jpg,ok,0.4586,0.4672
Lindsay_Davenport_0019.jpg,ok,0.4347,0.4968
Lindsay_Davenport_0020.jpg,ok,0.4132,0.5001
Lindsay_Davenport_0021.jpg,ok,0.4423,0.4296
Lindsay_Davenport_0022.jpg,ok,0.5074,0.5105
Lindsay_Lohan_0001.jpg,ok,0.3346,0.3228
Lindsey_Graham_0001.jpg,ok,0.4334,0.4550
Lindsey_Graham_0002.jpg,ok,0.5185,0.4519
Lindy_Ruff_0001.jpg,ok,0.4283,0.4566
Linn_Thornton_0001.jpg,ok,0.3591,0.4225
Lino_Oviedo_0001.jpg,ok,0.4246,0.3820
Lino_Oviedo_0002.jpg,ok,0.4099,0.4751
Lino_Oviedo_0003.jpg,ok,0.4803,0.3493
Linus_Roache_0001.jpg,ok,0.4371,0.4911
Lionel_Chalmers_0001.jpg,ok,0.3915,0.4752
Lionel_Hampton_0001.jpg,ok,0.4204,0.4110
Lionel_Richie_0001.jpg,ok,0.3417,0.3368
Lionel_Richie_0002.jpg,ok,0.2896,0.3054
Lisa_Girman_0001.jpg,ok,0.4340,0.3697
Lisa_Gottsegen_0001.jpg,ok,0.3721,0.3304
Lisa_Gottsegen_0002.jpg,ok,0.4299,0.3872
Lisa_Leslie_0001.jpg,ok,0.4295,0.4206
Lisa_Ling_0001.jpg,ok,0.3476,0.3366
Lisa_Ling_0002.jpg,ok,0.3607,0.3839
Lisa_Marie_Presley_0001.jpg,ok,0.3245,0.3976
Lisa_Marie_Presley_0002.jpg,ok,0.3642,0.3797
Lisa_Marie_Presley_0003.jpg,ok,0.3676,0.4326
Lisa_Marie_Presley_0004.jpg,ok,0.4667,0.4632
Lisa_Murkowski_0001.jpg,ok,0.4172,0.4697
Lisa_Raymond_0001.jpg,ok,0.4731,0.4946
Lisa_Raymond_0002.jpg,ok,0.5046,0.4897
Lisa_Stansfield_0001.jpg,ok,0.4624,0.4354
Lisa_Stone_0001.jpg,ok,0.3846,0.4203
Liu_Mingkang_0001.jpg,ok,0.4372,0.5100
Liu_Mingkang_0002.jpg,ok,0.4200,0.4229
Liu_Xiaoqing_0001.jpg,ok,0.3950,0.4710
Liu_Ye_0001.jpg,ok,0.3905,0.4483
Liv_Tyler_0001.jpg,ok,0.3821,0.3057
Liza_Minnelli_0001.jpg,ok,0.3694,0.4293
Liza_Minnelli_0002.jpg,ok,0.4261,0.3734
Liza_Minnelli_0003.jpg,ok,0.3145,0.3011
Liza_Minnelli_0004.jpg,ok,0.4430,0.4201
Liza_Minnelli_0005.jpg,ok,0.4494,0.4138
Liza_Minnelli_0006.jpg,ok,0.4388,0.4537
Liza_Minnelli_0007.jpg,ok,0.3821,0.3998
Lleyton_Hewitt_0001.jpg,ok,0.4987,0.5078
Lleyton_Hewitt_0002.jpg,ok,0.4915,0.5133
Lleyton_Hewitt_0003.jpg,ok,0.4691,0.4793
Lleyton_Hewitt_0004.jpg,ok,0.4183,0.4991
Lleyton_Hewitt_0005.jpg,ok,0.4495,0.4795
Lleyton_Hewitt_0006.jpg,ok,0.4733,0.4785
Lleyton_Hewitt_0007.jpg,ok,0.5232,0.5111
Lleyton_Hewitt_0008.jpg,ok,0.4685,0.4970
Lleyton_Hewitt_0009.jpg,ok,0.5126,0.5321
Lleyton_Hewitt_0010.jpg,ok,0.4249,0.4969
Lleyton_Hewitt_0011.jpg,ok,0.4921,0.4920
Lleyton_Hewitt_0012.jpg,ok,0.4680,0.4929
Lleyton_Hewitt_0013.jpg,ok,0.4090,0.4796
Lleyton_Hewitt_0014.jpg,ok,0.4917,0.4674
Lleyton_Hewitt_0015.jpg,ok,0.4651,0.4633
Lleyton_Hewitt_0016.jpg,ok,0.5089,0.4767
Lleyton_Hewitt_0017.jpg,ok,0.4938,0.4892
Lleyton_Hewitt_0018.jpg,ok,0.4713,0.4694
Lleyton_Hewitt_0019.jpg,ok,0.4533,0.5079
Lleyton_Hewitt_0020.jpg,ok,0.4567,0.4916
Lleyton_Hewitt_0021.jpg,ok,0.5128,0.5161
Lleyton_Hewitt_0022.jpg,ok,0.4731,0.5098
Lleyton_Hewitt_0023.jpg,ok,0.4747,0.5268
Lleyton_Hewitt_0024.jpg,ok,0.5008,0.4850
Lleyton_Hewitt_0025.jpg,ok,0.4861,0.5199
Lleyton_Hewitt_0026.jpg,ok,0.4982,0.4906
Lleyton_Hewitt_0027.jpg,ok,0.4643,0.4713
Lleyton_Hewitt_0028.jpg,ok,0.5116,0.5085
Lleyton_Hewitt_0029.jpg,ok,0.4654,0.5050
Lleyton_Hewitt_0030.jpg,ok,0.4074,0.4124
Lleyton_Hewitt_0031.jpg,ok,0.4351,0.4586
Lleyton_Hewitt_0032.jpg,ok,0.3339,0.4296
Lleyton_Hewitt_0033.jpg,ok,0.4163,0.4920
Lleyton_Hewitt_0034.jpg,ok,0.4889,0.5026
Lleyton_Hewitt_0035.jpg,ok,0.4923,0.4937
Lleyton_Hewitt_0036.jpg,ok,0.5007,0.5206
Lleyton_Hewitt_0037.jpg,ok,0.3468,0.4676
Lleyton_Hewitt_0038.jpg,ok,0.4929,0.4844
Lleyton_Hewitt_0039.jpg,ok,0.4755,0.4900
Lleyton_Hewitt_0040.jpg,ok,0.4690,0.5204
Lleyton_Hewitt_0041.jpg,ok,0.5221,0.5126
Lloyd_Mudiwa_0001.jpg,ok,0.4517,0.4825
Lloyd_Novick_0001.jpg,ok,0.4503,0.4323
Lloyd_Richards_0001.jpg,ok,0.4563,0.4221
Lloyd_Ward_0001.jpg,ok,0.4366,0.4718
Lloyd_Ward_0002.jpg,ok,0.4301,0.4811
Lois_Smart_0001.jpg,ok,0.4357,0.4064
Lokendra_Bahadur_Chand_0001.jpg,ok,0.5335,0.4980
Lon_Kruger_0001.jpg,ok,0.4381,0.4783
Lon_Kruger_0002.jpg,ok,0.3861,0.3853
Lonnie_Donegan_0001.jpg,ok,0.3152,0.2835
Lope_Mendoza_0001.jpg,ok,0.3542,0.4863
Lord_Hutton_0001.jpg,ok,0.4391,0.5139
Lord_Hutton_0002.jpg,ok,0.4478,0.4015
Loretta_Lynn_Harper_0001.jpg,ok,0.3515,0.3938
Lori_Berenson_0001.jpg,ok,0.3216,0.3057
Lorne_Michaels_0001.jpg,ok,0.4344,0.4730
Lorraine_Bracco_0001.jpg,ok,0.3628,0.4276
Lorraine_Fenton_0001.jpg,ok,0.3997,0.4430
Lou_Lang_0001.jpg,ok,0.3882,0.4672
Lou_Piniella_0001.jpg,ok,0.4010,0.4352
Lou_Piniella_0002.jpg,ok,0.4852,0.4896
Lou_Piniella_0003.jpg,ok,0.4242,0.4565
Lou_Reed_0001.jpg,ok,0.4667,0.3931
Lou_Ye_0001.jpg,ok,0.2700,0.4081
Louis_Van_Gaal_0001.jpg,ok,0.3846,0.3864
Louisa_Baileche_0001.jpg,ok,0.3125,0.3215
Lubomir_Zaoralek_0001.jpg,ok,0.3917,0.4896
Luc_Montagnier_0001.jpg,ok,0.4244,0.4746
Luca_Cordero_di_Montezemolo_0001.jpg,ok,0.4472,0.4838
Lucas_Wysocki_0001.jpg,ok,0.4087,0.4944
Lucia_Kenny_Anthony_0001.jpg,ok,0.4402,0.4880
Luciano_Bovicelli_0001.jpg,ok,0.3217,0.3615
Luciano_Pavarotti_0001.jpg,ok,0.4572,0.5067
Luciano_Pavarotti_0002.jpg,ok,0.2765,0.4666
Luciano_Pavarotti_0003.jpg,ok,0.2734,0.3265
Lucie_Lapovsky_0001.jpg,ok,0.4519,0.4425
Lucio_Angulo_0001.jpg,ok,0.4095,0.4013
Lucio_Cecchinello_0001.jpg,ok,0.4147,0.4269
Lucio_Gutierrez_0001.jpg,ok,0.5287,0.4612
Lucio_Gutierrez_0002.jpg,ok,0.4395,0.4601
Lucio_Gutierrez_0003.jpg,ok,0.5138,0.5096
Lucio_Gutierrez_0004.jpg,ok,0.5204,0.5354
Lucio_Gutierrez_0005.jpg,ok,0.4606,0.5038
Lucio_Gutierrez_0006.jpg,ok,0.5168,0.5403
Lucio_Gutierrez_0007.jpg,ok,0.4478,0.4526
Lucio_Gutierrez_0008.jpg,ok,0.4998,0.5204
Lucio_Gutierrez_0009.jpg,ok,0.3995,0.4818
Lucio_Gutierrez_0010.jpg,ok,0.4705,0.5204
Lucio_Gutierrez_0011.jpg,ok,0.4799,0.5087
Lucio_Gutierrez_0012.jpg,ok,0.3814,0.3850
Lucio_Gutierrez_0013.jpg,ok,0.5155,0.5177
Lucio_Stanca_0001.jpg,ok,0.4114,0.4541
Lucrecia_Orozco_0001.jpg,ok,0.3380,0.3002
Lucy_Liu_0001.jpg,ok,0.3396,0.4082
Lucy_Liu_0002.jpg,ok,0.3024,0.3532
Lucy_Liu_0003.jpg,ok,0.3893,0.3690
Lucy_Liu_0004.jpg,ok,0.4771,0.4809
Lucy_Liu_0005.jpg,ok,0.5265,0.5030
Ludivine_Sagnier_0001.jpg,ok,0.2717,0.3278
Ludivine_Sagnier_0002.jpg,ok,0.3193,0.3516
Ludivine_Sagnier_0003.jpg,ok,0.2762,0.3527
Ludivine_Sagnier_0004.jpg,ok,0.3517,0.3455
Ludivine_Sagnier_0005.jpg,ok,0.3537,0.3566
Ludwig_Ovalle_0001.jpg,ok,0.4767,0.4746
Luis_Berrondo_0001.jpg,ok,0.5214,0.4800
Luis_Ernesto_Derbez_Bautista_0001.jpg,ok,0.4326,0.4743
Luis_Ernesto_Derbez_Bautista_0002.jpg,ok,0.4445,0.4889
Luis_Ernesto_Derbez_Bautista_0003.jpg,ok,0.3629,0.4283
Luis_Ernesto_Derbez_Bautista_0004.jpg,ok,0.4716,0.5058
Luis_Ernesto_Derbez_Bautista_0005.jpg,ok,0.4558,0.4927
Luis_Ernesto_Derbez_Bautista_0006.jpg,ok,0.4270,0.3948
Luis_Figo_0001.jpg,ok,0.5005,0.4676
Luis_Figo_0002.jpg,ok,0.5326,0.5113
Luis_Figo_0003.jpg,ok,0.4079,0.3333
Luis_Figo_0004.jpg,ok,0.4168,0.3867
Luis_Fonsi_0001.jpg,ok,0.5207,0.5748
Luis_Gonzalez_0001.jpg,ok,0.4934,0.5228
Luis_Gonzalez_Macchi_0001.jpg,ok,0.4236,0.4258
Luis_Gonzalez_Macchi_0002.jpg,ok,0.4626,0.5253
Luis_Gonzalez_Macchi_0003.jpg,ok,0.5212,0.5309
Luis_Gonzalez_Macchi_0004.jpg,ok,0.4910,0.4650
Luis_Gonzalez_Macchi_0005.jpg,ok,0.4771,0.4650
Luis_Guzman_0001.jpg,ok,0.3461,0.3790
Luis_Horna_0001.jpg,ok,0.5214,0.5006
Luis_Horna_0002.jpg,ok,0.5165,0.5018
Luis_Horna_0003.jpg,ok,0.4875,0.4957
Luis_Horna_0004.jpg,ok,0.5877,0.5419
Luis_Horna_0005.jpg,ok,0.5165,0.4915
Luis_Horna_0006.jpg,ok,0.4849,0.5038
Luis_Pujols_0001.jpg,ok,0.4807,0.4925
Luis_Rosario_Huertas_0001.jpg,ok,0.4333,0.4583
Luis_Sanchez_0001.jpg,ok,0.4978,0.4359
Luiz_Felipe_Scolari_0001.jpg,ok,0.4222,0.4493
Luiz_Felipe_Scolari_0002.jpg,ok,0.4669,0.4885
Luiz_Inacio_Lula_da_Silva_0001.jpg,ok,0.4571,0.3925
Luiz_Inacio_Lula_da_Silva_0002.jpg,ok,0.4220,0.4344
Luiz_Inacio_Lula_da_Silva_0003.jpg,ok,0.4282,0.4708
Luiz_Inacio_Lula_da_Silva_0004.jpg,ok,0.4714,0.4763
Luiz_Inacio_Lula_da_Silva_0005.jpg,ok,0.4652,0.5029
Luiz_Inacio_Lula_da_Silva_0006.jpg,ok,0.4796,0.4725
Luiz_Inacio_Lula_da_Silva_0007.jpg,ok,0.4565,0.4435
Luiz_Inacio_Lula_da_Silva_0008.jpg,ok,0.4728,0.4786
Luiz_Inacio_Lula_da_Silva_0009.jpg,ok,0.5014,0.5373
Luiz_Inacio_Lula_da_Silva_0010.jpg,ok,0.4464,0.5031
Luiz_Inacio_Lula_da_Silva_0011.jpg,ok,0.4625,0.4613
Luiz_Inacio_Lula_da_Silva_0012.jpg,ok,0.4765,0.4867
Luiz_Inacio_Lula_da_Silva_0013.jpg,ok,0.3762,0.4302
Luiz_Inacio_Lula_da_Silva_0014.jpg,ok,0.4844,0.4988
Luiz_Inacio_Lula_da_Silva_0015.jpg,ok,0.4731,0.5056
Luiz_Inacio_Lula_da_Silva_0016.jpg,ok,0.4611,0.4869
Luiz_Inacio_Lula_da_Silva_0017.jpg,ok,0.5119,0.5241
Luiz_Inacio_Lula_da_Silva_0018.jpg,ok,0.4601,0.4988
Luiz_Inacio_Lula_da_Silva_0019.jpg,ok,0.4446,0.4091
Luiz_Inacio_Lula_da_Silva_0020.jpg,ok,0.4982,0.4590
Luiz_Inacio_Lula_da_Silva_0021.jpg,ok,0.4038,0.4629
Luiz_Inacio_Lula_da_Silva_0022.jpg,ok,0.5537,0.5279
Luiz_Inacio_Lula_da_Silva_0023.jpg,ok,0.4175,0.4560
Luiz_Inacio_Lula_da_Silva_0024.jpg,ok,0.4523,0.3358
Luiz_Inacio_Lula_da_Silva_0025.jpg,ok,0.4402,0.5145
Luiz_Inacio_Lula_da_Silva_0026.jpg,ok,0.5233,0.4341
Luiz_Inacio_Lula_da_Silva_0027.jpg,ok,0.4662,0.5273
Luiz_Inacio_Lula_da_Silva_0028.jpg,ok,0.4718,0.4355
Luiz_Inacio_Lula_da_Silva_0029.jpg,ok,0.5420,0.5197
Luiz_Inacio_Lula_da_Silva_0030.jpg,ok,0.4843,0.5190
Luiz_Inacio_Lula_da_Silva_0031.jpg,ok,0.4993,0.5123
Luiz_Inacio_Lula_da_Silva_0032.jpg,ok,0.3940,0.4422
Luiz_Inacio_Lula_da_Silva_0033.jpg,ok,0.5084,0.5157
Luiz_Inacio_Lula_da_Silva_0034.jpg,ok,0.5074,0.5081
Luiz_Inacio_Lula_da_Silva_0035.jpg,ok,0.4864,0.4298
Luiz_Inacio_Lula_da_Silva_0036.jpg,ok,0.4237,0.4126
Luiz_Inacio_Lula_da_Silva_0037.jpg,ok,0.4637,0.5356
Luiz_Inacio_Lula_da_Silva_0038.jpg,ok,0.4966,0.5231
Luiz_Inacio_Lula_da_Silva_0039.jpg,ok,0.3960,0.4736
Luiz_Inacio_Lula_da_Silva_0040.jpg,ok,0.4493,0.4397
Luiz_Inacio_Lula_da_Silva_0041.jpg,ok,0.4783,0.4895
Luiz_Inacio_Lula_da_Silva_0042.jpg,ok,0.5309,0.4767
Luiz_Inacio_Lula_da_Silva_0043.jpg,ok,0.5184,0.5068
Luiz_Inacio_Lula_da_Silva_0044.jpg,ok,0.5066,0.5544
Luiz_Inacio_Lula_da_Silva_0045.jpg,ok,0.4879,0.4908
Luiz_Inacio_Lula_da_Silva_0046.jpg,ok,0.4770,0.5091
Luiz_Inacio_Lula_da_Silva_0047.jpg,ok,0.4543,0.5140
Luiz_Inacio_Lula_da_Silva_0048.jpg,ok,0.4985,0.4958
Luke_Ridnour_0001.jpg,ok,0.2912,0.4114
Luke_Smith_0001.jpg,ok,0.4013,0.4104
Luke_Walton_0001.jpg,ok,0.4320,0.4160
Luke_Walton_0002.jpg,ok,0.3752,0.3200
Luo_Linquan_0001.jpg,ok,0.4693,0.5157
Luther_Htu_0001.jpg,ok,0.4649,0.4502
Lutz_Freitag_0001.jpg,ok,0.2574,0.2903
Lydia_Shum_0001.jpg,ok,0.4526,0.4749
Lyle_Lovett_0001.jpg,ok,0.4401,0.4429
Lyle_Vanclief_0001.jpg,ok,0.4324,0.4711
Lyle_Vanclief_0002.jpg,ok,0.4512,0.4492
Lynn_Abraham_0001.jpg,ok,0.4328,0.4493
Lynn_Abraham_0002.jpg,ok,0.4223,0.4798
Lynn_Redgrave_0001.jpg,ok,0.4175,0.4546
Lynn_Redgrave_0002.jpg,ok,0.4039,0.4259
Lynn_Redgrave_0003.jpg,ok,0.4070,0.3640
Lynne_Cheney_0001.jpg,ok,0.3379,0.3858
Lynne_Cheney_0002.jpg,ok,0.4453,0.4625
Lynne_Cheney_0003.jpg,ok,0.3571,0.4403
Lynne_Slepian_0001.jpg,ok,0.3773,0.3336
Lynne_Thigpen_0001.jpg,ok,0.3057,0.4282
Lyudmila_Putin_0001.jpg,ok,0.4467,0.4680
MC_Hammer_0001.jpg,ok,0.3688,0.3316
Mack_Brown_0001.jpg,ok,0.2975,0.2760
Mack_Brown_0002.jpg,ok,0.3794,0.4194
Madeleine_Albright_0001.jpg,ok,0.3756,0.4523
Madeleine_Albright_0002.jpg,ok,0.4194,0.4527
Madeleine_Albright_0003.jpg,ok,0.3853,0.4246
Madeleine_Webber_0001.jpg,ok,0.3792,0.3780
Madge_Overhouse_0001.jpg,ok,0.3383,0.3521
Madonna_0001.jpg,ok,0.3947,0.4427
Madonna_0002.jpg,ok,0.5833,0.5199
Madonna_0003.jpg,ok,0.3831,0.2647
Madonna_0004.jpg,ok,0.2582,0.4022
Madonna_0005.jpg,ok,0.3260,0.4138
Mae_Jemison_0001.jpg,ok,0.4018,0.4114
Magda_Kertasz_0001.jpg,ok,0.3978,0.4496
Magdalena_Maleeva_0001.jpg,ok,0.5237,0.4819
Magdalena_Maleeva_0002.jpg,ok,0.4852,0.5143
Magdalena_Maleeva_0003.jpg,ok,0.4745,0.5018
Maggie_Cheung_0001.jpg,ok,0.3646,0.4365
Maggie_Smith_0001.jpg,ok,0.4063,0.4329
Maggie_Smith_0002.jpg,ok,0.2867,0.3945
Magui_Serna_0001.jpg,ok,0.5284,0.5212
Magui_Serna_0002.jpg,ok,0.4081,0.5061
Maha_Habib_0001.jpg,ok,0.5443,0.5426
Mahathir_Mohamad_0001.jpg,ok,0.3805,0.4482
Mahathir_Mohamad_0002.jpg,ok,0.4326,0.4827
Mahathir_Mohamad_0003.jpg,ok,0.4198,0.4438
Mahathir_Mohamad_0004.jpg,ok,0.4110,0.4421
Mahathir_Mohamad_0005.jpg,ok,0.4554,0.4878
Mahathir_Mohamad_0006.jpg,ok,0.3907,0.4621
Mahathir_Mohamad_0007.jpg,ok,0.5049,0.5238
Mahathir_Mohamad_0008.jpg,ok,0.3917,0.4940
Mahathir_Mohamad_0009.jpg,ok,0.3657,0.4135
Mahathir_Mohamad_0010.jpg,ok,0.4739,0.5048
Mahathir_Mohamad_0011.jpg,ok,0.4619,0.5377
Mahathir_Mohamad_0012.jpg,ok,0.4652,0.5624
Mahathir_Mohamad_0013.jpg,ok,0.5124,0.5389
Mahathir_Mohamad_0014.jpg,ok,0.4735,0.4572
Mahdi_Al_Bassam_0001.jpg,ok,0.5126,0.5187
Mahendra_Chaudhry_0001.jpg,ok,0.4585,0.4819
Mahima_Chaudhari_0001.jpg,ok,0.5546,0.4205
Mahmoud_Abbas_0001.jpg,ok,0.4690,0.4679
Mahmoud_Abbas_0002.jpg,ok,0.5044,0.5513
Mahmoud_Abbas_0003.jpg,ok,0.4644,0.5021
Mahmoud_Abbas_0004.jpg,ok,0.4790,0.4655
Mahmoud_Abbas_0005.jpg,ok,0.4703,0.5042
Mahmoud_Abbas_0006.jpg,ok,0.3988,0.4827
Mahmoud_Abbas_0007.jpg,ok,0.4506,0.5183
Mahmoud_Abbas_0008.jpg,ok,0.4782,0.4104
Mahmoud_Abbas_0009.jpg,ok,0.4341,0.3746
Mahmoud_Abbas_0010.jpg,ok,0.4549,0.5389
Mahmoud_Abbas_0011.jpg,ok,0.4929,0.4506
Mahmoud_Abbas_0012.jpg,ok,0.4670,0.4889
Mahmoud_Abbas_0013.jpg,ok,0.4936,0.4717
Mahmoud_Abbas_0014.jpg,ok,0.4394,0.4854
Mahmoud_Abbas_0015.jpg,ok,0.4035,0.4225
Mahmoud_Abbas_0016.jpg,ok,0.4368,0.5070
Mahmoud_Abbas_0017.jpg,ok,0.4701,0.4256
Mahmoud_Abbas_0018.jpg,ok,0.4881,0.5269
Mahmoud_Abbas_0019.jpg,ok,0.4612,0.5138
Mahmoud_Abbas_0020.jpg,ok,0.4438,0.5094
Mahmoud_Abbas_0021.jpg,ok,0.5192,0.5311
Mahmoud_Abbas_0022.jpg,ok,0.4289,0.4547
Mahmoud_Abbas_0023.jpg,ok,0.4605,0.4661
Mahmoud_Abbas_0024.jpg,ok,0.4418,0.4601
Mahmoud_Abbas_0025.jpg,ok,0.4501,0.4243
Mahmoud_Abbas_0026.jpg,ok,0.4788,0.5309
Mahmoud_Abbas_0027.jpg,ok,0.4829,0.4798
Mahmoud_Abbas_0028.jpg,ok,0.4605,0.5349
Mahmoud_Abbas_0029.jpg,ok,0.4882,0.4939
Mahmoud_Al_Zhar_0001.jpg,ok,0.4728,0.4853
Mahmoud_Diyab_al-Ahmed_0001.jpg,ok,0.5078,0.5525
Makhdoom_Amin_Fahim_0001.jpg,ok,0.4540,0.4351
Makhdoom_Amin_Fahim_0002.jpg,ok,0.4431,0.5314
Makhdoom_Amin_Fahim_0003.jpg,ok,0.4183,0.4853
Makiko_Tanaka_0001.jpg,ok,0.2830,0.4127
Makiya_Ali_Hassan_0001.jpg,ok,0.5619,0.5855
Malak_Habbak_0001.jpg,ok,0.5183,0.4959
Malcolm_Glazer_0001.jpg,ok,0.4301,0.4176
Malcolm_Jamal_Warner_0001.jpg,ok,0.3240,0.3278
Malcolm_Wild_0001.jpg,ok,0.4292,0.4393
Malik_Mahmud_0001.jpg,ok,0.4552,0.5361
Mamdouh_Habib_0001.jpg,ok,0.5061,0.5433
Manfred_Reyes_Villa_0001.jpg,ok,0.4812,0.5156
Manfred_Stolpe_0001.jpg,ok,0.4408,0.5233
Manfred_Stolpe_0002.jpg,ok,0.4519,0.4981
Manijeh_Hekmat_0001.jpg,ok,0.3157,0.3383
Manuel_Gehring_0001.jpg,ok,0.4081,0.4201
Manuel_Jesus_0001.jpg,ok,0.4292,0.5453
Manuel_Llorente_0001.jpg,ok,0.3730,0.4687
Manuel_Pellegrini_0001.jpg,ok,0.5205,0.5080
Manuel_Poggiali_0001.jpg,ok,0.4613,0.4422
Manuel_Poggiali_0002.jpg,ok,0.4670,0.5066
Manuel_Rosendo_0001.jpg,ok,0.4675,0.4965
Manuela_Montebrun_0001.jpg,ok,0.4908,0.4765
Mara_Georges_0001.jpg,ok,0.4351,0.4755
Marat_Safin_0001.jpg,ok,0.4860,0.5006
Marat_Safin_0002.jpg,ok,0.4866,0.4978
Marat_Safin_0003.jpg,ok,0.4726,0.4937
Marc-Andre_Fleury_0001.jpg,ok,0.4313,0.4162
Marc-Andre_Fleury_0002.jpg,ok,0.4076,0.4335
Marc_Anthony_0001.jpg,ok,0.4087,0.3866
Marc_Bulger_0001.jpg,ok,0.4251,0.3945
Marc_Gold_0001.jpg,ok,0.5141,0.5221
Marc_Grossman_0001.jpg,ok,0.3392,0.4285
Marc_Grossman_0002.jpg,ok,0.4529,0.3223
Marc_Grossman_0003.jpg,ok,0.4866,0.4881
Marc_Grossman_0004.jpg,ok,0.4043,0.4723
Marc_Leger_0001.jpg,ok,0.4884,0.5338
Marc_Racicot_0001.jpg,ok,0.3875,0.3806
Marc_Shaiman_0001.jpg,ok,0.3544,0.4048
Marcella_Anderson_0001.jpg,ok,0.3235,0.3341
Marcelo_Bielsa_0001.jpg,ok,0.3640,0.3343
Marcelo_Ebrard_0001.jpg,ok,0.4542,0.4978
Marcelo_Ebrard_0002.jpg,ok,0.4405,0.5146
Marcelo_Ebrard_0003.jpg,ok,0.4432,0.4614
Marcelo_Rios_0001.jpg,ok,0.5505,0.5158
Marcelo_Rios_0002.jpg,ok,0.3649,0.4822
Marcelo_Rios_0003.jpg,ok,0.4685,0.4856
Marcelo_Rios_0004.jpg,ok,0.4869,0.4118
Marcelo_Rios_0005.jpg,ok,0.4119,0.4586
Marcelo_Salas_0001.jpg,ok,0.3924,0.4451
Marcelo_Salas_0002.jpg,ok,0.5052,0.5243
Marcelo_Salas_0003.jpg,ok,0.5529,0.5427
Marcio_de_Souza_0001.jpg,ok,0.4752,0.4718
Marco_Antonio_Barrera_0001.jpg,ok,0.3410,0.3329
Marco_Antonio_Barrera_0002.jpg,ok,0.4360,0.4865
Marco_Antonio_Barrera_0003.jpg,ok,0.5158,0.4880
Marco_Antonio_Barrera_0004.jpg,ok,0.3759,0.3425
Marco_Antonio_Barrera_0005.jpg,ok,0.4029,0.5172
Marco_Antonio_Barrera_0006.jpg,ok,0.2980,0.4480
Marco_Archer_Cardoso_Moreira_0001.jpg,ok,0.4159,0.3903
Marco_Irizarry_0001.jpg,ok,0.3038,0.3354
Marco_Pantani_0001.jpg,ok,0.3833,0.3563
Marcos_Cafu_0001.jpg,ok,0.4517,0.4909
Marcos_Daniel_Jimenez_0001.jpg,ok,0.4532,0.4650
Marcos_Milinkovic_0001.jpg,ok,0.4730,0.5120
Marcus_Allen_0001.jpg,ok,0.4223,0.4516
Marcus_Garrettson_0001.jpg,ok,0.4914,0.5038
Marcus_Gronholm_0001.jpg,ok,0.4427,0.4599
Marcus_Gronholm_0002.jpg,ok,0.4946,0.5086
Margaret_Caruso_0001.jpg,ok,0.5046,0.3773
Margaret_Hasley_0001.jpg,ok,0.3425,0.4332
Margaret_Hoelzer_0001.jpg,ok,0.4073,0.4098
Margaret_Okayo_0001.jpg,ok,0.3569,0.4217
Margaret_Thatcher_0001.jpg,ok,0.4938,0.5016
Margaret_Thatcher_0002.jpg,ok,0.4399,0.4856
Margerry_Bakley_0001.jpg,ok,0.3244,0.3727
Margie_Puente_0001.jpg,ok,0.3471,0.4194
Maria_Bello_0001.jpg,ok,0.4254,0.4010
Maria_Burks_0001.jpg,ok,0.4308,0.4039
Maria_Callas_0001.jpg,ok,0.4773,0.5078
Maria_Conchita_Alonso_0001.jpg,ok,0.3639,0.3780
Maria_Garcia_0001.jpg,ok,0.4653,0.3415
Maria_Guida_0001.jpg,ok,0.4531,0.4809
Maria_Luisa_Mendonca_0001.jpg,ok,0.2536,0.2468
Maria_Luisa_Mendonca_0002.jpg,ok,0.3124,0.3793
Maria_Sanchez_Lorenzo_0001.jpg,ok,0.3062,0.5104
Maria_Shkolnikova_0001.jpg,ok,0.4931,0.4756
Maria_Shriver_0001.jpg,ok,0.4208,0.4864
Maria_Shriver_0002.jpg,ok,0.4564,0.4305
Maria_Shriver_0003.jpg,ok,0.3269,0.3800
Maria_Shriver_0004.jpg,ok,0.3051,0.4329
Maria_Shriver_0005.jpg,ok,0.3744,0.4001
Maria_Shriver_0006.jpg,ok,0.5306,0.5243
Maria_Shriver_0007.jpg,ok,0.4403,0.4196
Maria_Shriver_0008.jpg,ok,0.3607,0.4450
Maria_Simon_0001.jpg,ok,0.3843,0.4457
Maria_Soledad_Alvear_Valenzuela_0001.jpg,ok,0.5258,0.5263
Maria_Soledad_Alvear_Valenzuela_0002.jpg,ok,0.3915,0.4246
Maria_Soledad_Alvear_Valenzuela_0003.jpg,ok,0.4236,0.4674
Maria_Soledad_Alvear_Valenzuela_0004.jpg,ok,0.3657,0.4125
Maria_Soledad_Alvear_Valenzuela_0005.jpg,ok,0.3948,0.4589
Maria_Wetterstrand_0001.jpg,ok,0.3596,0.4455
Mariah_Carey_0001.jpg,ok,0.4379,0.4623
Mariah_Carey_0002.jpg,ok,0.2927,0.3507
Mariah_Carey_0003.jpg,ok,0.4981,0.5582
Mariah_Carey_0004.jpg,ok,0.5139,0.4309
Mariah_Carey_0005.jpg,ok,0.4333,0.4766
Mariah_Carey_0006.jpg,ok,0.4039,0.4327
Mariah_Carey_0007.jpg,ok,0.4688,0.3543
Mariam_Ali_Hassan_0001.jpg,ok,0.5216,0.5115
Marian_Dolan_0001.jpg,ok,0.4125,0.4048
Mariana_Gonzalez_0001.jpg,ok,0.4057,0.3686
Mariana_Ohata_0001.jpg,ok,0.3490,0.4526
Mariana_Pollack_0001.jpg,ok,0.3461,0.3778
Mariana_Pollack_0002.jpg,ok,0.4860,0.4351
Mariana_Pollack_0003.jpg,ok,0.4486,0.4717
Mariangel_Ruiz_Torrealba_0001.jpg,ok,0.3232,0.4564
Mariangel_Ruiz_Torrealba_0002.jpg,ok,0.4304,0.4386
Mariangel_Ruiz_Torrealba_0003.jpg,ok,0.4360,0.4176
Marianne_Stanley_0001.jpg,ok,0.4518,0.4518
Mariano_Zabaleta_0001.jpg,ok,0.4077,0.3749
Maribel_Dominguez_0001.jpg,ok,0.4873,0.4488
Marie-Josee_Croze_0001.jpg,ok,0.3578,0.4149
Marie-Reine_Le_Gougne_0001.jpg,ok,0.4533,0.4612
Marie-Reine_Le_Gougne_0002.jpg,ok,0.3580,0.3071
Marie_Haghal_0001.jpg,ok,0.3724,0.3753
Marieta_Chrousala_0001.jpg,ok,0.4224,0.2863
Marieta_Chrousala_0002.jpg,ok,0.2947,0.2326
Marieta_Chrousala_0003.jpg,ok,0.4450,0.4056
Marilyn_Monroe_0001.jpg,ok,0.5075,0.5588
Marilyn_Monroe_0002.jpg,ok,0.3602,0.4901
Marina_Anissina_0001.jpg,ok,0.3384,0.4454
Marina_Anissina_0002.jpg,ok,0.3182,0.4743
Marina_Canetti_0001.jpg,ok,0.5137,0.5000
Marina_Hands_0001.jpg,ok,0.3608,0.4341
Marina_Kuptsova_0001.jpg,ok,0.3497,0.4714
Marina_Silva_0001.jpg,ok,0.4299,0.4583
Mario_Alfaro-Lopez_0001.jpg,ok,0.3337,0.4113
Mario_Austin_0001.jpg,ok,0.3119,0.3807
Mario_Cipollini_0001.jpg,ok,0.3408,0.4719
Mario_Cipollini_0002.jpg,ok,0.3682,0.5025
Mario_Dominguez_0001.jpg,ok,0.4190,0.4410
Mario_Dumont_0001.jpg,ok,0.5356,0.5180
Mario_Dumont_0002.jpg,ok,0.4275,0.4199
Mario_Gallegos_0001.jpg,ok,0.3815,0.3968
Mario_Jardel_0001.jpg,ok,0.5372,0.5108
Mario_Kreutzberger_0001.jpg,ok,0.3035,0.3613
Mario_Kreutzberger_0002.jpg,ok,0.4655,0.3904
Mario_Lemieux_0001.jpg,ok,0.4029,0.4183
Mario_Lobo_Zagallo_0001.jpg,ok,0.4649,0.4929
Mario_Puzo_0001.jpg,ok,0.2851,0.2920
Mario_Vasquez_Rana_0001.jpg,ok,0.4827,0.5397
Marion_Barry_0001.jpg,ok,0.3871,0.3628
Marion_Fahnestock_0001.jpg,ok,0.5585,0.5658
Marisa_Tomei_0001.jpg,ok,0.4475,0.5114
Marisa_Tomei_0002.jpg,ok,0.5119,0.4825
Marisol_Breton_0001.jpg,ok,0.4791,0.4460
Marisol_Martinez_Sambran_0001.jpg,ok,0.3869,0.3762
Marissa_Jaret_Winokur_0001.jpg,ok,0.3153,0.3198
Marissa_Jaret_Winokur_0002.jpg,ok,0.3259,0.3836
Maritza_Macias_Furano_0001.jpg,ok,0.5417,0.5165
Mark_Andrew_0001.jpg,ok,0.5381,0.5238
Mark_Bellhorn_0001.jpg,ok,0.5120,0.5126
Mark_Broxmeyer_0001.jpg,ok,0.4503,0.4301
Mark_Butcher_0001.jpg,ok,0.4443,0.5155
Mark_Cuban_0001.jpg,ok,0.4583,0.4553
Mark_Cuban_0002.jpg,ok,0.5110,0.4569
Mark_Dacey_0001.jpg,ok,0.4346,0.3361
Mark_Dacey_0002.jpg,ok,0.5142,0.4315
Mark_Everson_0001.jpg,ok,0.4572,0.5079
Mark_Foley_0001.jpg,ok,0.4317,0.4444
Mark_Gangloff_0001.jpg,ok,0.4619,0.4641
Mark_Geragos_0001.jpg,ok,0.5257,0.5129
Mark_Geragos_0002.jpg,ok,0.5154,0.4997
Mark_Gottfried_0001.jpg,ok,0.4316,0.4731
Mark_Gottfried_0002.jpg,ok,0.3590,0.4266
Mark_Gottfried_0003.jpg,ok,0.5011,0.4743
Mark_Hamister_0001.jpg,ok,0.3311,0.4722
Mark_Hamister_0002.jpg,ok,0.4209,0.4596
Mark_Hanson_0001.jpg,ok,0.3650,0.4447
Mark_Heller_0001.jpg,ok,0.4677,0.4539
Mark_Heller_0002.jpg,ok,0.4606,0.4467
Mark_Hogan_0001.jpg,ok,0.4159,0.4419
Mark_Hurlbert_0001.jpg,ok,0.4622,0.4945
Mark_Hurlbert_0002.jpg,ok,0.3668,0.3639
Mark_Hurlbert_0003.jpg,ok,0.4260,0.3342
Mark_Hurlbert_0004.jpg,ok,0.4207,0.3966
Mark_Hurlbert_0005.jpg,ok,0.4557,0.4308
Mark_Kelly_0001.jpg,ok,0.4243,0.4127
Mark_Komara_0001.jpg,ok,0.4220,0.4428
Mark_Lazarus_0001.jpg,ok,0.4913,0.4518
Mark_Leno_0001.jpg,ok,0.3599,0.4063
Mark_Mariscal_0001.jpg,ok,0.4215,0.4469
Mark_Martin_0001.jpg,ok,0.4807,0.4473
Mark_McClellan_0001.jpg,ok,0.2794,0.4896
Mark_Mishkin_0001.jpg,ok,0.4310,0.4167
Mark_Mulder_0001.jpg,ok,0.4160,0.4544
Mark_Philippoussis_0001.jpg,ok,0.4866,0.4904
Mark_Philippoussis_0002.jpg,ok,0.5236,0.4926
Mark_Philippoussis_0003.jpg,ok,0.5039,0.4871
Mark_Philippoussis_0004.jpg,ok,0.3961,0.4824
Mark_Philippoussis_0005.jpg,ok,0.4985,0.4774
Mark_Philippoussis_0006.jpg,ok,0.4971,0.4829
Mark_Philippoussis_0007.jpg,ok,0.5249,0.4518
Mark_Philippoussis_0008.jpg,ok,0.4800,0.4829
Mark_Philippoussis_0009.jpg,ok,0.5366,0.5304
Mark_Philippoussis_0010.jpg,ok,0.5107,0.5143
Mark_Philippoussis_0011.jpg,ok,0.5477,0.5229
Mark_Podlesny_0001.jpg,ok,0.4952,0.5112
Mark_Polansky_0001.jpg,ok,0.3967,0.3560
Mark_Redman_0001.jpg,ok,0.4909,0.5071
Mark_Richt_0001.jpg,ok,0.4511,0.4556
Mark_Richt_0002.jpg,ok,0.4750,0.4501
Mark_Richt_0003.jpg,ok,0.4833,0.4429
Mark_Rosenbaum_0001.jpg,ok,0.4515,0.4423
Mark_Sacco_0001.jpg,ok,0.4975,0.4133
Mark_Salter_0001.jpg,ok,0.3377,0.3055
Mark_Schweiker_0001.jpg,ok,0.5181,0.4884
Mark_Schweiker_0002.jpg,ok,0.3831,0.4143
Mark_Shapiro_0001.jpg,ok,0.4250,0.3419
Mark_Sisk_0001.jpg,ok,0.4597,0.4921
Mark_Stuart_0001.jpg,ok,0.5418,0.4108
Mark_Swartz_0001.jpg,ok,0.4024,0.4468
Mark_Wahlberg_0001.jpg,ok,0.4853,0.4244
Mark_Wahlberg_0002.jpg,ok,0.4555,0.4166
Mark_Wahlberg_0003.jpg,ok,0.4313,0.4061
Mark_Wahlberg_0004.jpg,ok,0.4126,0.3231
Mark_Warner_0001.jpg,ok,0.4691,0.3563
Mark_Warner_0002.jpg,ok,0.4048,0.4065
Markus_Beyer_0001.jpg,ok,0.5067,0.4801
Markus_Naslund_0001.jpg,ok,0.3697,0.4376
Markus_Naslund_0002.jpg,ok,0.4188,0.4733
Marlene_Weingartner_0001.jpg,ok,0.5016,0.4966
Marlene_Weingartner_0002.jpg,ok,0.5267,0.4582
Marlon_Devonish_0001.jpg,ok,0.4283,0.4481
Marquier_Montano_Contreras_0001.jpg,ok,0.4789,0.4744
Marquis_Estill_0001.jpg,ok,0.4491,0.4427
Marricia_Tate_0001.jpg,ok,0.3627,0.2613
Marsah_Ambrosius_0001.jpg,ok,0.3767,0.4000
Marsha_Sharp_0001.jpg,ok,0.4075,0.4755
Marsha_Thomason_0001.jpg,ok,0.3982,0.3684
Marta_Dominguz_0001.jpg,ok,0.3557,0.4649
Martha_Beatriz_Roque_0001.jpg,ok,0.4256,0.3837
Martha_Beatriz_Roque_0002.jpg,ok,0.3380,0.3603
Martha_Bowen_0001.jpg,ok,0.3663,0.4586
Martha_Bowen_0002.jpg,ok,0.3813,0.4467
Martha_Burk_0001.jpg,ok,0.4196,0.4535
Martha_Burk_0002.jpg,ok,0.5123,0.4726
Martha_Burk_0003.jpg,ok,0.4170,0.2823
Martha_Burk_0004.jpg,ok,0.3848,0.4404
Martha_Lucia_Ramirez_0001.jpg,ok,0.4550,0.4410
Martha_Lucia_Ramirez_0002.jpg,ok,0.4325,0.4415
Martha_Lucia_Ramirez_0003.jpg,ok,0.3731,0.3606
Martha_Lucia_Ramirez_0004.jpg,ok,0.3140,0.3979
Martha_Martinez_Flores_0001.jpg,ok,0.4505,0.5145
Martha_Sahagun_de_Fox_0001.jpg,ok,0.4196,0.4123
Martha_Smith_0001.jpg,ok,0.3524,0.3445
Martha_Stewart_0001.jpg,ok,0.3360,0.3207
Martha_Stewart_0002.jpg,ok,0.2843,0.4383
Martha_Stewart_0003.jpg,ok,0.3524,0.4374
Martha_Stewart_0004.jpg,ok,0.3922,0.4291
Martha_Stewart_0005.jpg,ok,0.3897,0.3896
Martie_Maguire_0001.jpg,ok,0.3552,0.3667
Martin_Bandier_0001.jpg,ok,0.4175,0.4183
Martin_Boryczewski_0001.jpg,ok,0.5950,0.6613
Martin_Brodeur_0001.jpg,ok,0.4355,0.3972
Martin_Brodeur_0002.jpg,ok,0.3268,0.3727
Martin_Brooke_0001.jpg,ok,0.4326,0.4642
Martin_Burnham_0001.jpg,ok,0.4913,0.4303
Martin_Cauchon_0001.jpg,ok,0.4655,0.4676
Martin_Cauchon_0002.jpg,ok,0.4658,0.4433
Martin_Frost_0001.jpg,ok,0.4421,0.4314
Martin_Gecht_0001.jpg,ok,0.3853,0.4477
Martin_Hoellwarth_0001.jpg,ok,0.3975,0.3978
Martin_Hoellwarth_0002.jpg,ok,0.2964,0.4369
Martin_Howard_0001.jpg,ok,0.4196,0.5073
Martin_Keown_0001.jpg,ok,0.4490,0.4470
Martin_Kristof_0001.jpg,ok,0.4696,0.4100
Martin_Landau_0001.jpg,ok,0.4130,0.4342
Martin_Lawrence_0001.jpg,ok,0.3617,0.3842
Martin_Luther_King_III_0001.jpg,ok,0.3321,0.3896
Martin_McCauley_0001.jpg,ok,0.4593,0.4914
Martin_McCauley_0002.jpg,ok,0.4790,0.4676
Martin_McGuinness_0001.jpg,ok,0.4204,0.4907
Martin_McGuinness_0002.jpg,ok,0.4693,0.4486
Martin_McGuinness_0003.jpg,ok,0.4725,0.5151
Martin_McGuinness_0004.jpg,ok,0.4127,0.4105
Martin_McGuinness_0005.jpg,ok,0.4817,0.4938
Martin_ONeill_0001.jpg,ok,0.4375,0.2521
Martin_Rodriguez_0001.jpg,ok,0.4115,0.4297
Martin_Scorsese_0001.jpg,ok,0.4398,0.4859
Martin_Scorsese_0002.jpg,ok,0.5550,0.5002
Martin_Scorsese_0003.jpg,ok,0.4629,0.4765
Martin_Scorsese_0004.jpg,ok,0.4170,0.3719
Martin_Scorsese_0005.jpg,ok,0.4753,0.4496
Martin_Scorsese_0006.jpg,ok,0.4024,0.3927
Martin_Scorsese_0007.jpg,ok,0.4255,0.4557
Martin_Sheen_0001.jpg,ok,0.4945,0.4336
Martin_Sheen_0002.jpg,ok,0.4636,0.5196
Martin_Short_0001.jpg,ok,0.4605,0.4060
Martin_Torrijos_0001.jpg,ok,0.5240,0.5103
Martin_Verkerk_0001.jpg,ok,0.5004,0.5205
Martin_Verkerk_0002.jpg,ok,0.4840,0.5326
Martin_Verkerk_0003.jpg,ok,0.4931,0.5083
Martina_Hingis_0001.jpg,ok,0.3615,0.4494
Martina_Hingis_0002.jpg,ok,0.5290,0.5263
Martina_Hingis_0003.jpg,ok,0.4987,0.5013
Martina_McBride_0001.jpg,ok,0.3293,0.4135
Martina_McBride_0002.jpg,ok,0.3233,0.4469
Martina_McBride_0003.jpg,ok,0.4502,0.4591
Martina_McBride_0004.jpg,ok,0.4477,0.4830
Martina_McBride_0005.jpg,ok,0.4007,0.4939
Marty_Mornhinweg_0001.jpg,ok,0.3687,0.3267
Marty_Mornhinweg_0002.jpg,ok,0.3506,0.4384
Marty_Mornhinweg_0003.jpg,ok,0.4788,0.4478
Marvan_Atapattu_0001.jpg,ok,0.3732,0.3906
Marwan_Barghouthi_0001.jpg,ok,0.3266,0.4809
Marwan_Barghouthi_0002.jpg,ok,0.4242,0.5371
Marwan_Muasher_0001.jpg,ok,0.4024,0.3351
Mary-Kate_Olsen_0001.jpg,ok,0.3954,0.4311
Mary-Kate_Olsen_0002.jpg,ok,0.4323,0.4807
Mary-Kate_Olsen_0003.jpg,ok,0.3567,0.4017
Mary_Anne_Souza_0001.jpg,ok,0.3824,0.3053
Mary_Blige_0001.jpg,ok,0.3362,0.3218
Mary_Bono_0001.jpg,ok,0.4560,0.4686
Mary_Carey_0001.jpg,ok,0.3515,0.3666
Mary_Carey_0002.jpg,ok,0.3429,0.3432
Mary_Carey_0003.jpg,ok,0.3148,0.4224
Mary_Carey_0004.jpg,ok,0.3482,0.3461
Mary_Catherine_Correll_0001.jpg,ok,0.3566,0.3577
Mary_Descenza_0001.jpg,ok,0.3106,0.4493
Mary_Elizabeth_Mastrantonio_0001.jpg,ok,0.3004,0.3370
Mary_Frances_Seiter_0001.jpg,ok,0.3723,0.4368
Mary_Hill_0001.jpg,ok,0.3999,0.4922
Mary_Jo_Myers_0001.jpg,ok,0.4440,0.4766
Mary_Katherine_Smart_0001.jpg,ok,0.3311,0.3403
Mary_Landrieu_0001.jpg,ok,0.3479,0.4205
Mary_Landrieu_0002.jpg,ok,0.3500,0.4441
Mary_Landrieu_0003.jpg,ok,0.3818,0.3465
Mary_Lou_Markakis_0001.jpg,ok,0.3852,0.4198
Mary_Lou_Retton_0001.jpg,ok,0.3440,0.3743
Mary_Maddux_0001.jpg,ok,0.4210,0.4819
Mary_Matalin_0001.jpg,ok,0.4213,0.4532
Mary_McCarty_0001.jpg,ok,0.3838,0.4406
Mary_Robinson_0001.jpg,ok,0.3419,0.4051
Mary_Steenburgen_0001.jpg,ok,0.3057,0.4722
Mary_Steenburgen_0002.jpg,ok,0.4074,0.4248
Mary_Steenburgen_0003.jpg,ok,0.4306,0.4427
Mary_Sue_Coleman_0001.jpg,ok,0.4397,0.4903
Mary_Tyler_Moore_0001.jpg,ok,0.3543,0.4499
Mary_Tyler_Moore_0002.jpg,ok,0.4170,0.4011
Mary_Zorn_0001.jpg,ok,0.3458,0.3804
Maryn_McKenna_0001.jpg,ok,0.2688,0.2428
Masahiko_Nagasawa_0001.jpg,ok,0.5507,0.4609
Masahiko_Nagasawa_0002.jpg,ok,0.5246,0.5112
Masamori_Tokuyama_0001.jpg,ok,0.4086,0.4765
Masao_Azuma_0001.jpg,ok,0.4979,0.5632
Masaru_Hayami_0001.jpg,ok,0.4922,0.5117
Masatoshi_Koshiba_0001.jpg,ok,0.3005,0.4870
Masja_Juel_0001.jpg,ok,0.3311,0.3820
Massoud_Barzani_0001.jpg,ok,0.3900,0.5233
Masum_Turker_0001.jpg,ok,0.4770,0.3628
Masum_Turker_0002.jpg,ok,0.4827,0.4336
Masum_Turker_0003.jpg,ok,0.4583,0.5117
Mathias_Reichhold_0001.jpg,ok,0.3277,0.3880
Mathias_Reichhold_0002.jpg,ok,0.4513,0.4408
Mathias_Reichhold_0003.jpg,ok,0.3533,0.4065
Mathilda_Karel_Spak_0001.jpg,ok,0.4242,0.4582
Matt_Anderson_0001.jpg,ok,0.4739,0.4572
Matt_Braker_0001.jpg,ok,0.3839,0.3533
Matt_Damon_0001.jpg,ok,0.3899,0.3174
Matt_Damon_0002.jpg,ok,0.4303,0.4226
Matt_Damon_0003.jpg,ok,0.3549,0.4012
Matt_Damon_0004.jpg,ok,0.4936,0.4630
Matt_Dillon_0001.jpg,ok,0.5379,0.5477
Matt_Dillon_0002.jpg,ok,0.3880,0.3995
Matt_Dillon_0003.jpg,ok,0.3639,0.3892
Matt_Doherty_0001.jpg,ok,0.4423,0.4337
Matt_Doherty_0002.jpg,ok,0.4288,0.4843
Matt_Doherty_0003.jpg,ok,0.4692,0.4049
Matt_Herden_0001.jpg,ok,0.4725,0.5287
Matt_LeBlanc_0001.jpg,ok,0.4173,0.3898
Matt_Morris_0001.jpg,ok,0.4081,0.3807
Matt_Roney_0001.jpg,ok,0.5160,0.5247
Matt_Siebrandt_0001.jpg,ok,0.2670,0.3817
Matt_Walters_0001.jpg,ok,0.3412,0.3360
Matt_Welsh_0001.jpg,ok,0.4295,0.4708
Matthew_Broderick_0001.jpg,ok,0.4276,0.4353
Matthew_Broderick_0002.jpg,ok,0.5786,0.4977
Matthew_Broderick_0003.jpg,ok,0.4204,0.3910
Matthew_Broderick_0004.jpg,ok,0.4827,0.4414
Matthew_During_0001.jpg,ok,0.4704,0.4801
Matthew_McConaughey_0001.jpg,ok,0.3133,0.3499
Matthew_Ouimet_0001.jpg,ok,0.3071,0.3264
Matthew_Perry_0001.jpg,ok,0.5026,0.4969
Matthew_Perry_0002.jpg,ok,0.4714,0.5010
Matthew_Perry_0003.jpg,ok,0.4041,0.4296
Matthew_Perry_0004.jpg,ok,0.4461,0.4516
Matthew_Perry_0005.jpg,ok,0.3647,0.3647
Matthew_Perry_0006.jpg,ok,0.4074,0.3892
Matthew_Perry_0007.jpg,ok,0.4435,0.4044
Matthew_Vaughan_0001.jpg,ok,0.4405,0.5141
Matthias_Sammer_0001.jpg,ok,0.3516,0.4594
Maura_Tierney_0001.jpg,ok,0.3668,0.4389
Maureen_Fanning_0001.jpg,ok,0.3133,0.4295
Maureen_Fanning_0002.jpg,ok,0.3992,0.4949
Maureen_Kanka_0001.jpg,ok,0.4542,0.4670
Maurice_Cheeks_0001.jpg,ok,0.4315,0.4261
Maurice_Papon_0001.jpg,ok,0.3735,0.4383
Maurice_Strong_0001.jpg,ok,0.4141,0.4621
Mauricio_Macri_0001.jpg,ok,0.3482,0.4703
Mauricio_Pochetino_0001.jpg,ok,0.4842,0.4889
Mauro_Viza_0001.jpg,ok,0.3914,0.4099
Max_Baucus_0001.jpg,ok,0.4628,0.4719
Max_Biaggi_0001.jpg,ok,0.3843,0.5015
Max_Mayfield_0001.jpg,ok,0.4039,0.4054
Max_Mayfield_0002.jpg,ok,0.4076,0.4304
Max_Mosley_0001.jpg,ok,0.4789,0.4396
Max_von_Sydow_0001.jpg,ok,0.3096,0.4398
Maxim_Afinogenov_0001.jpg,ok,0.4739,0.4778
Mayumi_Moriyama_0001.jpg,ok,0.4809,0.5188
McGuire_Gibson_0001.jpg,ok,0.4602,0.4456
Meg_Mallon_0001.jpg,ok,0.4505,0.3965
Meg_Wakeman_0001.jpg,ok,0.3784,0.4431
Megan_Mullally_0001.jpg,ok,0.4764,0.4222
Megan_Mullally_0002.jpg,ok,0.3692,0.4276
Megan_Mullally_0003.jpg,ok,0.2113,0.2309
Megawati_Sukarnoputri_0001.jpg,ok,0.2623,0.3125
Megawati_Sukarnoputri_0002.jpg,ok,0.4326,0.4719
Megawati_Sukarnoputri_0003.jpg,ok,0.4119,0.4602
Megawati_Sukarnoputri_0004.jpg,ok,0.3299,0.4350
Megawati_Sukarnoputri_0005.jpg,ok,0.3695,0.5013
Megawati_Sukarnoputri_0006.jpg,ok,0.3974,0.4487
Megawati_Sukarnoputri_0007.jpg,ok,0.4467,0.4506
Megawati_Sukarnoputri_0008.jpg,ok,0.4168,0.4543
Megawati_Sukarnoputri_0009.jpg,ok,0.3760,0.4370
Megawati_Sukarnoputri_0010.jpg,ok,0.4111,0.5051
Megawati_Sukarnoputri_0011.jpg,ok,0.4211,0.5163
Megawati_Sukarnoputri_0012.jpg,ok,0.4528,0.5373
Megawati_Sukarnoputri_0013.jpg,ok,0.4729,0.5226
Megawati_Sukarnoputri_0014.jpg,ok,0.4317,0.4679
Megawati_Sukarnoputri_0015.jpg,ok,0.4201,0.5334
Megawati_Sukarnoputri_0016.jpg,ok,0.3837,0.4791
Megawati_Sukarnoputri_0017.jpg,ok,0.5552,0.5487
Megawati_Sukarnoputri_0018.jpg,ok,0.3521,0.4674
Megawati_Sukarnoputri_0019.jpg,ok,0.3582,0.4232
Megawati_Sukarnoputri_0020.jpg,ok,0.5411,0.4900
Megawati_Sukarnoputri_0021.jpg,ok,0.4080,0.4682
Megawati_Sukarnoputri_0022.jpg,ok,0.4912,0.5169
Megawati_Sukarnoputri_0023.jpg,ok,0.4535,0.4905
Megawati_Sukarnoputri_0024.jpg,ok,0.4281,0.4662
Megawati_Sukarnoputri_0025.jpg,ok,0.3043,0.4473
Megawati_Sukarnoputri_0026.jpg,ok,0.4010,0.4078
Megawati_Sukarnoputri_0027.jpg,ok,0.4342,0.4555
Megawati_Sukarnoputri_0028.jpg,ok,0.3926,0.4021
Megawati_Sukarnoputri_0029.jpg,ok,0.5101,0.5219
Megawati_Sukarnoputri_0030.jpg,ok,0.3454,0.4907
Megawati_Sukarnoputri_0031.jpg,ok,0.4578,0.5285
Megawati_Sukarnoputri_0032.jpg,ok,0.4354,0.4388
Megawati_Sukarnoputri_0033.jpg,ok,0.4919,0.4764
Meghann_Shaughnessy_0001.jpg,ok,0.4433,0.4319
Meghann_Shaughnessy_0002.jpg,ok,0.5135,0.5361
Mehdi_Baala_0001.jpg,ok,0.4423,0.5339
Mehmet_Ali_Sahin_0001.jpg,ok,0.4424,0.4619
Mehmet_Okur_0001.jpg,ok,0.4413,0.3353
Meirion_Evans_0001.jpg,ok,0.3722,0.3861
Mekhi_Phifer_0001.jpg,ok,0.3285,0.3837
Mel_Brooks_0001.jpg,ok,0.4029,0.4438
Mel_Brooks_0002.jpg,ok,0.4336,0.4344
Mel_Gibson_0001.jpg,ok,0.4521,0.4309
Mel_Gibson_0002.jpg,ok,0.4198,0.4249
Mel_Karmazin_0001.jpg,ok,0.3994,0.4259
Melana_Scantlin_0001.jpg,ok,0.4105,0.4178
Melanie_Griffith_0001.jpg,ok,0.4570,0.4628
Melanie_Griffith_0002.jpg,ok,0.4355,0.4211
Melanie_Griffith_0003.jpg,ok,0.4429,0.4475
Melchor_Cob_Castro_0001.jpg,ok,0.5094,0.4740
Meles_Zenawi_0001.jpg,ok,0.2972,0.4442
Melina_Kanakaredes_0001.jpg,ok,0.2192,0.2174
Melinda_Czink_0001.jpg,ok,0.4960,0.5119
Melissa_Etheridge_0001.jpg,ok,0.3535,0.2884
Melissa_Etheridge_0002.jpg,ok,0.2557,0.3002
Melissa_Gilbert_0001.jpg,ok,0.4692,0.4238
Melissa_Joan_Hart_0001.jpg,ok,0.3391,0.2573
Melissa_Manchester_0001.jpg,ok,0.3561,0.3245
Melissa_Mulloy_0001.jpg,ok,0.2721,0.3442
Melissa_Stark_0001.jpg,ok,0.3659,0.2951
Melvin_Talbert_0001.jpg,ok,0.4379,0.4243
Mercedes_Amor_0001.jpg,ok,0.4436,0.4578
Meryl_Streep_0001.jpg,ok,0.4764,0.5314
Meryl_Streep_0002.jpg,ok,0.4160,0.4801
Meryl_Streep_0003.jpg,ok,0.3874,0.4241
Meryl_Streep_0004.jpg,ok,0.6759,0.5254
Meryl_Streep_0005.jpg,ok,0.4676,0.5241
Meryl_Streep_0006.jpg,ok,0.3253,0.3838
Meryl_Streep_0007.jpg,ok,0.3788,0.4457
Meryl_Streep_0008.jpg,ok,0.4084,0.4864
Meryl_Streep_0009.jpg,ok,0.3935,0.4069
Meryl_Streep_0010.jpg,ok,0.4363,0.4755
Meryl_Streep_0011.jpg,ok,0.5188,0.4621
Meryl_Streep_0012.jpg,ok,0.4731,0.4651
Meryl_Streep_0013.jpg,ok,0.3902,0.4131
Meryl_Streep_0014.jpg,ok,0.5272,0.4727
Meryl_Streep_0015.jpg,ok,0.5150,0.5124
Mesut_Yilmaz_0001.jpg,ok,0.4099,0.4979
Mesut_Yilmaz_0002.jpg,ok,0.4167,0.3619
Mia_Mottley_0001.jpg,ok,0.4300,0.4522
Mian_Khursheed_Mehmood_Kasuri_0001.jpg,ok,0.3821,0.4671
Mian_Khursheed_Mehmood_Kasuri_0002.jpg,ok,0.4097,0.4645
Mian_Khursheed_Mehmood_Kasuri_0003.jpg,ok,0.5188,0.5430
Mian_Khursheed_Mehmood_Kasuri_0004.jpg,ok,0.4424,0.4561
Micah_Knorr_0001.jpg,ok,0.3324,0.3312
Michael_Adams_0001.jpg,ok,0.4406,0.4959
Michael_Andretti_0001.jpg,ok,0.2878,0.2275
Michael_Arif_0001.jpg,ok,0.4714,0.4347
Michael_Ballack_0001.jpg,ok,0.4953,0.4555
Michael_Ballack_0002.jpg,ok,0.4503,0.5278
Michael_Ballack_0003.jpg,ok,0.5077,0.5102
Michael_Bloomberg_0001.jpg,ok,0.4764,0.4958
Michael_Bloomberg_0002.jpg,ok,0.4650,0.4825
Michael_Bloomberg_0003.jpg,ok,0.4218,0.4529
Michael_Bloomberg_0004.jpg,ok,0.4018,0.4456
Michael_Bloomberg_0005.jpg,ok,0.4332,0.4993
Michael_Bloomberg_0006.jpg,ok,0.4690,0.3933
Michael_Bloomberg_0007.jpg,ok,0.4580,0.4558
Michael_Bloomberg_0008.jpg,ok,0.4745,0.4870
Michael_Bloomberg_0009.jpg,ok,0.4148,0.4643
Michael_Bloomberg_0010.jpg,ok,0.4042,0.4620
Michael_Bloomberg_0011.jpg,ok,0.4578,0.4634
Michael_Bloomberg_0012.jpg,ok,0.3484,0.4415
Michael_Bloomberg_0013.jpg,ok,0.3038,0.3736
Michael_Bloomberg_0014.jpg,ok,0.3764,0.4192
Michael_Bloomberg_0015.jpg,ok,0.4480,0.4391
Michael_Bloomberg_0016.jpg,ok,0.4617,0.4374
Michael_Bloomberg_0017.jpg,ok,0.3778,0.3636
Michael_Bloomberg_0018.jpg,ok,0.5292,0.5181
Michael_Bloomberg_0019.jpg,ok,0.4175,0.3970
Michael_Bloomberg_0020.jpg,ok,0.3711,0.4722
Michael_Bolton_0001.jpg,ok,0.4926,0.5285
Michael_Bouchard_0001.jpg,ok,0.5051,0.3870
Michael_Boyce_0001.jpg,ok,0.5096,0.5135
Michael_Brandon_0001.jpg,ok,0.3843,0.3706
Michael_Broad_0001.jpg,ok,0.4105,0.4566
Michael_Caine_0001.jpg,ok,0.4293,0.4782
Michael_Caine_0002.jpg,ok,0.4666,0.4527
Michael_Caine_0003.jpg,ok,0.4906,0.3896
Michael_Caine_0004.jpg,ok,0.4231,0.3853
Michael_Capellas_0001.jpg,ok,0.4707,0.4468
Michael_Capellas_0002.jpg,ok,0.4461,0.4886
Michael_Chang_0001.jpg,ok,0.4092,0.3470
Michael_Chang_0002.jpg,ok,0.3454,0.4461
Michael_Chang_0003.jpg,ok,0.4808,0.5165
Michael_Chang_0004.jpg,ok,0.5029,0.5750
Michael_Chang_0005.jpg,ok,0.3873,0.4882
Michael_Chang_0006.jpg,ok,0.3910,0.4365
Michael_Chang_0007.jpg,ok,0.4844,0.4816
Michael_Chang_0008.jpg,ok,0.4357,0.5317
Michael_Chertoff_0001.jpg,ok,0.3686,0.4968
Michael_Chiklis_0001.jpg,ok,0.4096,0.4891
Michael_Chiklis_0002.jpg,ok,0.4650,0.4892
Michael_Chiklis_0003.jpg,ok,0.3629,0.3398
Michael_Chiklis_0004.jpg,ok,0.4713,0.4857
Michael_Chiklis_0005.jpg,ok,0.3970,0.4210
Michael_Clarke_Duncan_0001.jpg,ok,0.3450,0.2748
Michael_DeMinico_0001.jpg,ok,0.4391,0.3968
Michael_Dell_0001.jpg,ok,0.4164,0.4251
Michael_Denzel_0001.jpg,ok,0.3920,0.3207
Michael_Deutsch_0001.jpg,ok,0.3446,0.4630
Michael_Diekmann_0001.jpg,ok,0.4402,0.4443
Michael_Doleac_0001.jpg,ok,0.5305,0.4821
Michael_Donovan_0001.jpg,ok,0.4347,0.3737
Michael_Douglas_0001.jpg,ok,0.3986,0.2760
Michael_Douglas_0002.jpg,ok,0.4616,0.4548
Michael_Douglas_0003.jpg,ok,0.4951,0.4797
Michael_Douglas_0004.jpg,ok,0.4408,0.4906
Michael_Douglas_0005.jpg,ok,0.4661,0.4337
Michael_Douglas_0006.jpg,ok,0.4856,0.4539
Michael_Fitzgerald_0001.jpg,ok,0.4830,0.4012
Michael_Frayn_0001.jpg,ok,0.3745,0.3917
Michael_Friedman_0001.jpg,ok,0.4016,0.4745
Michael_Goldrich_0001.jpg,ok,0.3586,0.4144
Michael_Guiler_0001.jpg,ok,0.5039,0.5226
Michael_Hagee_0001.jpg,ok,0.3810,0.4158
Michael_Haneke_0001.jpg,ok,0.5057,0.4055
Michael_Hoffa_0001.jpg,ok,0.3883,0.3990
Michael_J_Fox_0001.jpg,ok,0.4106,0.4621
Michael_J_Sheehan_0001.jpg,ok,0.4008,0.4308
Michael_J_Sheehan_0002.jpg,ok,0.3922,0.4400
Michael_Jackson_0001.jpg,ok,0.3787,0.3231
Michael_Jackson_0002.jpg,ok,0.6808,0.4845
Michael_Jackson_0003.jpg,ok,0.3357,0.4396
Michael_Jackson_0004.jpg,ok,0.3070,0.3333
Michael_Jackson_0005.jpg,ok,0.4208,0.4137
Michael_Jackson_0006.jpg,ok,0.4085,0.5051
Michael_Jackson_0007.jpg,ok,0.4206,0.4105
Michael_Jackson_0008.jpg,ok,0.4420,0.4319
Michael_Jackson_0009.jpg,ok,0.6630,0.6656
Michael_Jackson_0010.jpg,ok,0.3698,0.3248
Michael_Jackson_0011.jpg,ok,0.4004,0.4083
Michael_Jackson_0012.jpg,ok,0.3138,0.2942
Michael_Jasny_0001.jpg,ok,0.4604,0.4811
Michael_Jordan_0001.jpg,ok,0.3726,0.3109
Michael_Jordan_0002.jpg,ok,0.4797,0.4747
Michael_Jordan_0003.jpg,ok,0.3765,0.3743
Michael_Jordan_0004.jpg,ok,0.4857,0.4507
Michael_Kahn_0001.jpg,ok,0.4227,0.4705
Michael_Keaton_0001.jpg,ok,0.3475,0.4710
Michael_Keaton_0002.jpg,ok,0.3498,0.2582
Michael_Killeen_0001.jpg,ok,0.3125,0.3643
Michael_Kirby_0001.jpg,ok,0.3408,0.4629
Michael_Kors_0001.jpg,ok,0.3881,0.4313
Michael_Kostelnik_0001.jpg,ok,0.4841,0.5164
Michael_Kostelnik_0002.jpg,ok,0.4853,0.5179
Michael_Leavitt_0001.jpg,ok,0.4855,0.4598
Michael_Leavitt_0002.jpg,ok,0.4692,0.4540
Michael_Lechner_0001.jpg,ok,0.4548,0.4216
Michael_Linscott_0001.jpg,ok,0.4375,0.4364
Michael_Lopez-Alegria_0001.jpg,ok,0.4579,0.3620
Michael_McNeely_0001.jpg,ok,0.4605,0.4677
Michael_Michele_0001.jpg,ok,0.4266,0.3926
Michael_Milton_0001.jpg,ok,0.3792,0.4614
Michael_Moore_0001.jpg,ok,0.3970,0.3368
Michael_Moore_0002.jpg,ok,0.4554,0.4352
Michael_Moore_0003.jpg,ok,0.4456,0.4298
Michael_Munoz_0001.jpg,ok,0.5416,0.4823
Michael_Olowokandi_0001.jpg,ok,0.4328,0.4732
Michael_Patrick_King_0001.jpg,ok,0.4372,0.4177
Michael_Patrick_King_0002.jpg,ok,0.3801,0.3278
Michael_Peat_0001.jpg,ok,0.4257,0.4945
Michael_Pfleger_0001.jpg,ok,0.4337,0.4686
Michael_Phelps_0001.jpg,ok,0.4903,0.5097
Michael_Phelps_0002.jpg,ok,0.4940,0.4732
Michael_Phelps_0003.jpg,ok,0.4322,0.4926
Michael_Phelps_0004.jpg,ok,0.5155,0.4823
Michael_Phelps_0005.jpg,ok,0.2279,0.3487
Michael_Piuze_0001.jpg,ok,0.3766,0.4207
Michael_Powell_0001.jpg,ok,0.4513,0.4259
Michael_Powell_0002.jpg,ok,0.4402,0.5005
Michael_Powell_0003.jpg,ok,0.3459,0.4606
Michael_Powell_0004.jpg,ok,0.3180,0.3716
Michael_Powell_0005.jpg,ok,0.4583,0.4688
Michael_Richards_0001.jpg,ok,0.3510,0.3570
Michael_Rolinee_0001.jpg,ok,0.4071,0.4832
Michael_Schumacher_0001.jpg,ok,0.4016,0.3905
Michael_Schumacher_0002.jpg,ok,0.4947,0.4303
Michael_Schumacher_0003.jpg,ok,0.4707,0.4847
Michael_Schumacher_0004.jpg,ok,0.4862,0.4107
Michael_Schumacher_0005.jpg,ok,0.4815,0.5414
Michael_Schumacher_0006.jpg,ok,0.3976,0.3878
Michael_Schumacher_0007.jpg,ok,0.5182,0.4627
Michael_Schumacher_0008.jpg,ok,0.4222,0.5006
Michael_Schumacher_0009.jpg,ok,0.3155,0.4529
Michael_Schumacher_0010.jpg,ok,0.4724,0.4918
Michael_Schumacher_0011.jpg,ok,0.4347,0.4805
Michael_Schumacher_0012.jpg,ok,0.3536,0.3614
Michael_Schumacher_0013.jpg,ok,0.4253,0.4524
Michael_Schumacher_0014.jpg,ok,0.4890,0.4354
Michael_Schumacher_0015.jpg,ok,0.5617,0.4826
Michael_Schumacher_0016.jpg,ok,0.3742,0.4238
Michael_Schumacher_0017.jpg,ok,0.4576,0.5264
Michael_Schumacher_0018.jpg,ok,0.4140,0.4848
Michael_Shane_Jolly_0001.jpg,ok,0.4523,0.4357
Michael_Sheehan_0001.jpg,ok,0.4029,0.3651
Michael_Shelby_0001.jpg,ok,0.3938,0.4063
Michael_Smith_Foster_0001.jpg,ok,0.3849,0.3480
Michael_Stark_0001.jpg,ok,0.4375,0.3910
Michael_Sullivan_0001.jpg,ok,0.4848,0.5078
Michael_Sullivan_0002.jpg,ok,0.3876,0.4599
Michael_Taylor_0001.jpg,ok,0.4832,0.4166
Michael_Wayne_0001.jpg,ok,0.4406,0.5011
Michael_Weiss_0001.jpg,ok,0.4288,0.4770
Michael_Winterbottom_0001.jpg,ok,0.3090,0.4249
Michael_Winterbottom_0002.jpg,ok,0.3600,0.3273
Michael_Winterbottom_0003.jpg,ok,0.3746,0.2810
Michalis_Chrisohoides_0001.jpg,ok,0.4728,0.4991
Micheal_Jourdain_Jr_0001.jpg,ok,0.4564,0.4283
Michel_Charles_Chretien_0001.jpg,ok,0.4970,0.5524
Michel_Duclos_0001.jpg,ok,0.4927,0.4882
Michel_Duclos_0002.jpg,ok,0.4525,0.5027
Michel_Kratochvil_0001.jpg,ok,0.5112,0.5161
Michel_Minard_0001.jpg,ok,0.4551,0.4750
Michel_Temer_0001.jpg,ok,0.3781,0.4050
Michel_Temer_0002.jpg,ok,0.4951,0.4425
Michel_Therrien_0001.jpg,ok,0.3612,0.4684
Michel_Therrien_0002.jpg,ok,0.3382,0.3711
Michelangelo_Antonioni_0001.jpg,ok,0.3803,0.3030
Michele_Placido_0001.jpg,ok,0.3336,0.3546
Michelle_Bachelet_0001.jpg,ok,0.4614,0.4967
Michelle_Branch_0001.jpg,ok,0.5128,0.4082
Michelle_Branch_0002.jpg,ok,0.5172,0.5556
Michelle_Chiklis_0001.jpg,ok,0.4112,0.4299
Michelle_Collins_0001.jpg,ok,0.4341,0.3994
Michelle_Collins_0002.jpg,ok,0.4057,0.3711
Michelle_Hofland_0001.jpg,ok,0.4182,0.3613
Michelle_Kwan_0001.jpg,ok,0.4079,0.4942
Michelle_Kwan_0002.jpg,ok,0.4895,0.5372
Michelle_Kwan_0003.jpg,ok,0.5522,0.4885
Michelle_Kwan_0004.jpg,ok,0.4556,0.4836
Michelle_Kwan_0005.jpg,ok,0.4512,0.4487
Michelle_Kwan_0006.jpg,ok,0.4671,0.4791
Michelle_Kwan_0007.jpg,ok,0.5338,0.5035
Michelle_Kwan_0008.jpg,ok,0.3909,0.4630
Michelle_Lecky_0001.jpg,ok,0.3321,0.3221
Michelle_Pfeiffer_0001.jpg,ok,0.3017,0.4225
Michelle_Pfeiffer_0002.jpg,ok,0.2638,0.3045
Michelle_Pfeiffer_0003.jpg,ok,0.3663,0.4205
Michelle_Rodriguez_0001.jpg,ok,0.3571,0.3480
Michelle_Rodriguez_0002.jpg,ok,0.3925,0.3750
Michelle_Yeoh_0001.jpg,ok,0.3919,0.3307
Michelle_Yeoh_0002.jpg,ok,0.4967,0.5257
Michelle_Yeoh_0003.jpg,ok,0.5538,0.5503
Michelle_Yeoh_0004.jpg,ok,0.4785,0.5639
Michelle_Yeoh_0005.jpg,ok,0.4927,0.5359
Mick_Jagger_0001.jpg,ok,0.4681,0.5177
Mick_Jagger_0002.jpg,ok,0.4538,0.4313
Mick_Jagger_0003.jpg,ok,0.3660,0.4575
Mick_Jagger_0004.jpg,ok,0.4322,0.4593
Mick_Jagger_0005.jpg,ok,0.3919,0.4820
Mick_McCarthy_0001.jpg,ok,0.3916,0.5390
Mickey_Gilley_0001.jpg,ok,0.2970,0.2796
Mickey_Loomis_0001.jpg,ok,0.3539,0.4459
Mickey_Rooney_0001.jpg,ok,0.4347,0.4166
Mickey_Sherman_0001.jpg,ok,0.4516,0.4068
Micky_Arison_0001.jpg,ok,0.4168,0.4118
Micky_Ward_0001.jpg,ok,0.4847,0.5077
Miguel_Aldana_Ibarra_0001.jpg,ok,0.4126,0.4144
Miguel_Angel_Rodriguez_0001.jpg,ok,0.3788,0.4655
Miguel_Contreras_0001.jpg,ok,0.4798,0.4635
Miguel_Contreras_0002.jpg,ok,0.3986,0.4189
Miguel_Cotto_0001.jpg,ok,0.3719,0.4960
Miguel_Estrada_0001.jpg,ok,0.4171,0.3985
Miguel_Estrada_0002.jpg,ok,0.3872,0.3908
Miguel_Hakim_0001.jpg,ok,0.4774,0.5197
Miguel_Jimenez_0001.jpg,ok,0.3991,0.4168
Miguel_Juarez_Perez_0001.jpg,ok,0.3085,0.3685
Miguel_Rosseto_0001.jpg,ok,0.4888,0.5309
Mika_Hakkinen_0001.jpg,ok,0.4620,0.4187
Mike_Alden_0001.jpg,ok,0.3245,0.4209
Mike_Babcock_0001.jpg,ok,0.3563,0.3250
Mike_Babcock_0002.jpg,ok,0.3514,0.3790
Mike_Bair_0001.jpg,ok,0.4614,0.4492
Mike_Brey_0001.jpg,ok,0.4190,0.3858
Mike_Brey_0002.jpg,ok,0.4267,0.3932
Mike_Bryan_0001.jpg,ok,0.3822,0.5058
Mike_Carona_0001.jpg,ok,0.2624,0.3785
Mike_Cunning_0001.jpg,ok,0.3394,0.4447
Mike_Davis_0001.jpg,ok,0.4288,0.4047
Mike_Duke_0001.jpg,ok,0.3021,0.3243
Mike_Easley_0001.jpg,ok,0.4154,0.4201
Mike_Eskew_0001.jpg,ok,0.4332,0.4270
Mike_Farrar_0001.jpg,ok,0.4763,0.4335
Mike_Fisher_0001.jpg,ok,0.3838,0.4421
Mike_Flanagan_0001.jpg,ok,0.3939,0.3712
Mike_Gable_0001.jpg,ok,0.2912,0.2210
Mike_Helton_0001.jpg,ok,0.4399,0.5030
Mike_Helton_0002.jpg,ok,0.4845,0.4907
Mike_Holmgren_0001.jpg,ok,0.4627,0.4208
Mike_Holmgren_0002.jpg,ok,0.4552,0.4462
Mike_Johanns_0001.jpg,ok,0.4502,0.5082
Mike_Krzyzewski_0001.jpg,ok,0.4266,0.4601
Mike_Krzyzewski_0002.jpg,ok,0.3198,0.3248
Mike_Krzyzewski_0003.jpg,ok,0.4188,0.4414
Mike_Krzyzewski_0004.jpg,ok,0.4276,0.4505
Mike_Krzyzewski_0005.jpg,ok,0.4087,0.5231
Mike_Krzyzewski_0006.jpg,ok,0.3155,0.3783
Mike_Leach_0001.jpg,ok,0.4151,0.4489
Mike_Maroth_0001.jpg,ok,0.5181,0.5132
Mike_Martz_0001.jpg,ok,0.4221,0.4296
Mike_Martz_0002.jpg,ok,0.4252,0.4697
Mike_Martz_0003.jpg,ok,0.4435,0.3885
Mike_Martz_0004.jpg,ok,0.4395,0.3919
Mike_Martz_0005.jpg,ok,0.4598,0.4532
Mike_Martz_0006.jpg,ok,0.4695,0.3696
Mike_Martz_0007.jpg,ok,0.3394,0.3314
Mike_Matheny_0001.jpg,ok,0.4879,0.4338
Mike_Matthews_0001.jpg,ok,0.5258,0.5048
Mike_Miller_0001.jpg,ok,0.3411,0.3588
Mike_Miller_0002.jpg,ok,0.4667,0.4752
Mike_Montgomery_0001.jpg,ok,0.4047,0.4452
Mike_Montgomery_0002.jpg,ok,0.3797,0.4251
Mike_Myers_0001.jpg,ok,0.2767,0.3197
Mike_Myers_0002.jpg,ok,0.2965,0.3520
Mike_Myers_0003.jpg,ok,0.4517,0.4242
Mike_Myers_0004.jpg,ok,0.5074,0.5209
Mike_Myers_0005.jpg,ok,0.4270,0.3354
Mike_Myers_0006.jpg,ok,0.4850,0.5208
Mike_Myers_0007.jpg,ok,0.3825,0.4156
Mike_OConnell_0001.jpg,ok,0.4990,0.4640
Mike_Price_0001.jpg,ok,0.4342,0.4331
Mike_Price_0002.jpg,ok,0.3819,0.3767
Mike_Richter_0001.jpg,ok,0.4445,0.4736
Mike_Samp_0001.jpg,ok,0.3840,0.4344
Mike_Scioscia_0001.jpg,ok,0.4025,0.4698
Mike_Scioscia_0002.jpg,ok,0.3805,0.4350
Mike_Sherman_0001.jpg,ok,0.3965,0.4236
Mike_Slive_0001.jpg,ok,0.4544,0.4080
Mike_Smith_0001.jpg,ok,0.3486,0.4602
Mike_Stefanik_0001.jpg,ok,0.3013,0.3593
Mike_Sweeney_0001.jpg,ok,0.5103,0.4933
Mike_Szymanczyk_0001.jpg,ok,0.4726,0.4602
Mike_Thibault_0001.jpg,ok,0.4154,0.4190
Mike_Tice_0001.jpg,ok,0.4619,0.4373
Mike_Tyson_0001.jpg,ok,0.4088,0.4895
Mike_Tyson_0002.jpg,ok,0.3925,0.3761
Mike_Tyson_0003.jpg,ok,0.3316,0.4518
Mike_Tyson_0004.jpg,ok,0.4364,0.4622
Mike_Webster_0001.jpg,ok,0.4339,0.4603
Mike_Weir_0001.jpg,ok,0.4969,0.4899
Mike_Weir_0002.jpg,ok,0.5157,0.5012
Mike_Weir_0003.jpg,ok,0.5296,0.4950
Mike_Weir_0004.jpg,ok,0.4971,0.4924
Mike_Weir_0005.jpg,ok,0.5147,0.5100
Mike_Weir_0006.jpg,ok,0.4730,0.4268
Mike_Weir_0007.jpg,ok,0.5298,0.5271
Mike_Weir_0008.jpg,ok,0.3190,0.2640
Mike_Weir_0009.jpg,ok,0.5304,0.4914
Mike_Weir_0010.jpg,ok,0.4219,0.4175
Mike_Weir_0011.jpg,ok,0.4453,0.4875
Mikhail_Gorbachev_0001.jpg,ok,0.4432,0.4393
Mikhail_Gorbachev_0002.jpg,ok,0.4402,0.3580
Mikhail_Kalashnikov_0001.jpg,ok,0.5064,0.5311
Mikhail_Kasyanov_0001.jpg,ok,0.4032,0.3792
Mikhail_Kasyanov_0002.jpg,ok,0.4674,0.4966
Mikhail_Kasyanov_0003.jpg,ok,0.4809,0.4806
Mikhail_Kasyanov_0004.jpg,ok,0.4715,0.4721
Mikhail_Khodorkovsky_0001.jpg,ok,0.4820,0.4551
Mikhail_Shvydkoi_0001.jpg,ok,0.4548,0.5040
Mikhail_Wehbe_0001.jpg,ok,0.3593,0.4747
Mikhail_Wehbe_0002.jpg,ok,0.4365,0.4706
Mikhail_Wehbe_0003.jpg,ok,0.4178,0.3202
Mikhail_Wehbe_0004.jpg,ok,0.4348,0.4271
Mikhail_Youzhny_0001.jpg,ok,0.4326,0.5017
Mikhail_Youzhny_0002.jpg,ok,0.5076,0.5129
Mikhail_Youzhny_0003.jpg,ok,0.5134,0.5151
Mikulas_Dzurinda_0001.jpg,ok,0.4544,0.4505
Mikulas_Dzurinda_0002.jpg,ok,0.4356,0.4285
Milan_Kucan_0001.jpg,ok,0.4447,0.4182
Milan_Milutinovic_0001.jpg,ok,0.4857,0.4869
Mile_Mrksic_0001.jpg,ok,0.3593,0.3497
Miles_Stewart_0001.jpg,ok,0.4598,0.4862
Millicent_Martin_0001.jpg,ok,0.4349,0.4929
Milo_Djukanovic_0001.jpg,ok,0.5340,0.4602
Milo_Djukanovic_0002.jpg,ok,0.3772,0.4363
Milo_Djukanovic_0003.jpg,ok,0.5075,0.4683
Milo_Maestrecampo_0001.jpg,ok,0.3615,0.4574
Milo_Maestrecampo_0002.jpg,ok,0.3939,0.5348
Milo_Maestrecampo_0003.jpg,ok,0.4409,0.4584
Milt_Heflin_0001.jpg,ok,0.4413,0.4410
Milt_Palacio_0001.jpg,ok,0.3976,0.3877
Milton_Berle_0001.jpg,ok,0.3356,0.4053
Milton_Wynants_0001.jpg,ok,0.4731,0.4921
Minnie_Driver_0001.jpg,ok,0.3434,0.3574
Minnie_Driver_0002.jpg,ok,0.3886,0.3126
Minnie_Mendoza_0001.jpg,ok,0.3952,0.3875
Mira_Sorvino_0001.jpg,ok,0.3882,0.3137
Miranda_Gaddis_0001.jpg,ok,0.5884,0.5256
Miranda_Otto_0001.jpg,ok,0.3853,0.4116
Mireille_Jospin-Dandieu_0001.jpg,ok,0.2896,0.4163
Mirela_Manjani_0001.jpg,ok,0.4558,0.4852
Mireya_Elisa_Moscoso_Rodriguez_0001.jpg,ok,0.4245,0.3946
Mireya_Moscoso_0001.jpg,ok,0.4434,0.4255
Mireya_Moscoso_0002.jpg,ok,0.3862,0.4336
Mireya_Moscoso_0003.jpg,ok,0.4320,0.4594
Mireya_Moscoso_0004.jpg,ok,0.2786,0.4385
Mireya_Moscoso_0005.jpg,ok,0.3842,0.4497
Miroljub_0001.jpg,ok,0.4182,0.4597
Miroljub_0002.jpg,ok,0.4726,0.4570
Missy_Crider_0001.jpg,ok,0.3793,0.4222
Misty_Dawn_Clymer_0001.jpg,ok,0.3092,0.3516
Mitar_Rasevic_0001.jpg,ok,0.4487,0.4265
Mitch_Kupchak_0001.jpg,ok,0.3223,0.2466
Mitchell_Crooks_0001.jpg,ok,0.3277,0.3731
Mitchell_Daniels_0001.jpg,ok,0.4993,0.5207
Mitchell_Daniels_0002.jpg,ok,0.4628,0.3777
Mitchell_Daniels_0003.jpg,ok,0.3883,0.4247
Mitchell_Daniels_0004.jpg,ok,0.4393,0.4664
Mitchell_Garabedian_0001.jpg,ok,0.4480,0.4574
Mitchell_McLaughlin_0001.jpg,ok,0.4668,0.4503
Mitchell_Potter_0001.jpg,ok,0.4971,0.4632
Mitchell_Swartz_0001.jpg,ok,0.3578,0.3529
Mitoji_Yabunaka_0001.jpg,ok,0.4586,0.5203
Mitoji_Yabunaka_0002.jpg,ok,0.4597,0.5064
Mitsou_Gelinas_0001.jpg,ok,0.3681,0.4365
Mitt_Romney_0001.jpg,ok,0.4454,0.3992
Mitzi_Gaynor_0001.jpg,ok,0.3696,0.4350
Miyako_Miyazaki_0001.jpg,ok,0.3310,0.3050
Miyako_Miyazaki_0002.jpg,ok,0.3642,0.4076
Mladen_Naletilic_0001.jpg,ok,0.3995,0.4367
Mo_Elleithee_0001.jpg,ok,0.3997,0.4572
Moby_0001.jpg,ok,0.5105,0.5174
Mohamed_Benaissa_0001.jpg,ok,0.4401,0.4496
Mohamed_Benaissa_0002.jpg,ok,0.5009,0.4921
Mohamed_ElBaradei_0001.jpg,ok,0.5454,0.5250
Mohamed_ElBaradei_0002.jpg,ok,0.4698,0.5060
Mohamed_ElBaradei_0003.jpg,ok,0.4726,0.4207
Mohamed_ElBaradei_0004.jpg,ok,0.4168,0.4893
Mohamed_ElBaradei_0005.jpg,ok,0.5167,0.5532
Mohamed_ElBaradei_0006.jpg,ok,0.4817,0.5550
Mohamed_ElBaradei_0007.jpg,ok,0.4824,0.4205
Mohamed_ElBaradei_0008.jpg,ok,0.4145,0.4487
Mohamed_Hammam_0001.jpg,ok,0.4875,0.4473
Mohamed_Seineldin_0001.jpg,ok,0.4112,0.3711
Mohammad_Aktar_0001.jpg,ok,0.4614,0.4195
Mohammad_Al-Sharief_0001.jpg,ok,0.3508,0.4206
Mohammad_Fares_0001.jpg,ok,0.3963,0.3829
Mohammad_Hasanein_0001.jpg,ok,0.6706,0.7146
Mohammad_Khatami_0001.jpg,ok,0.3902,0.3568
Mohammad_Khatami_0002.jpg,ok,0.3519,0.3275
Mohammad_Khatami_0003.jpg,ok,0.3826,0.4790
Mohammad_Khatami_0004.jpg,ok,0.4456,0.4227
Mohammad_Khatami_0005.jpg,ok,0.4069,0.4419
Mohammad_Khatami_0006.jpg,ok,0.4599,0.4495
Mohammad_Khatami_0007.jpg,ok,0.4117,0.2598
Mohammad_Khatami_0008.jpg,ok,0.4853,0.5106
Mohammad_Khatami_0009.jpg,ok,0.3941,0.4547
Mohammad_Khatami_0010.jpg,ok,0.4657,0.4656
Mohammad_Mustapha_Miro_0001.jpg,ok,0.4421,0.5114
Mohammaed_Ahmad_Al_Jarallah_0001.jpg,ok,0.4355,0.3888
Mohammed_Abu_Sharia_0001.jpg,ok,0.3232,0.4618
Mohammed_Abulhasan_0001.jpg,ok,0.4929,0.4790
Mohammed_Al-Douri_0001.jpg,ok,0.4477,0.4707
Mohammed_Al-Douri_0002.jpg,ok,0.5023,0.5107
Mohammed_Al-Douri_0003.jpg,ok,0.3718,0.4451
Mohammed_Al-Douri_0004.jpg,ok,0.4128,0.4632
Mohammed_Al-Douri_0005.jpg,ok,0.4694,0.4747
Mohammed_Al-Douri_0006.jpg,ok,0.4818,0.5055
Mohammed_Al-Douri_0007.jpg,ok,0.4402,0.4974
Mohammed_Al-Douri_0008.jpg,ok,0.4555,0.4795
Mohammed_Al-Douri_0009.jpg,ok,0.4467,0.4523
Mohammed_Al-Douri_0010.jpg,ok,0.4805,0.5154
Mohammed_Al-Douri_0011.jpg,ok,0.4142,0.4144
Mohammed_Al-Douri_0012.jpg,ok,0.4689,0.4369
Mohammed_Al-Douri_0013.jpg,ok,0.4991,0.4882
Mohammed_Al-Douri_0014.jpg,ok,0.4608,0.4172
Mohammed_Al-Douri_0015.jpg,ok,0.4441,0.3937
Mohammed_Al_Hindi_0001.jpg,ok,0.4111,0.4790
Mohammed_Ashraf_Hafiz_0001.jpg,ok,0.4143,0.4553
Mohammed_Baqir_al-Hakim_0001.jpg,ok,0.4887,0.4660
Mohammed_Baqir_al-Hakim_0002.jpg,ok,0.4079,0.4441
Mohammed_Baqir_al-Hakim_0003.jpg,ok,0.5233,0.4790
Mohammed_Dahlan_0001.jpg,ok,0.5210,0.5405
Mohammed_Mehdi_Saleh_0001.jpg,ok,0.4408,0.4795
Mohammed_Salmane_0001.jpg,ok,0.3879,0.4439
Molly_Sims_0001.jpg,ok,0.3951,0.3976
Momcilo_Perisic_0001.jpg,ok,0.3688,0.4847
Momir_Nikolic_0001.jpg,ok,0.4469,0.4480
Mona_Ayoub_0001.jpg,ok,0.3281,0.3899
Mona_Locke_0001.jpg,ok,0.4317,0.4709
Mona_Rishmawi_0001.jpg,ok,0.3527,0.5087
Monica_Bellucci_0001.jpg,ok,0.4076,0.4901
Monica_Bellucci_0002.jpg,ok,0.5730,0.4833
Monica_Bellucci_0003.jpg,ok,0.5878,0.4921
Monica_Bellucci_0004.jpg,ok,0.5916,0.5031
Monica_Gabrielle_0001.jpg,ok,0.3691,0.4775
Monica_Lewinsky_0001.jpg,ok,0.3375,0.4320
Monica_Lewinsky_0002.jpg,ok,0.3258,0.3284
Monica_Lewinsky_0003.jpg,ok,0.4399,0.4121
Monica_Seles_0001.jpg,ok,0.5113,0.4853
Monica_Seles_0002.jpg,ok,0.4835,0.4927
Monica_Seles_0003.jpg,ok,0.4444,0.5042
Monica_Seles_0004.jpg,ok,0.4694,0.5107
Monica_Seles_0005.jpg,ok,0.4884,0.5035
Monica_Seles_0006.jpg,ok,0.4854,0.5099
Monica_Serra_0001.jpg,ok,0.2629,0.3986
Monica_Vergara_0001.jpg,ok,0.4859,0.6177
Monique_Ferreira_0001.jpg,ok,0.3959,0.4411
Monique_Gagnon-Tremblay_0001.jpg,ok,0.4546,0.4541
Monique_Garbrecht-Enfeldt_0001.jpg,ok,0.4717,0.4062
Monique_Garbrecht-Enfeldt_0002.jpg,ok,0.4126,0.4006
Monique_Garbrecht-Enfeldt_0003.jpg,ok,0.5169,0.4332
Monte_Kiffin_0001.jpg,ok,0.4833,0.5029
Moon-So-ri_0001.jpg,ok,0.4161,0.4834
Morgan_Fairchild_0001.jpg,ok,0.3994,0.4331
Morgan_Freeman_0001.jpg,ok,0.3884,0.4354
Morgan_Freeman_0002.jpg,ok,0.2523,0.3085
Morgan_Hentzen_0001.jpg,ok,0.3397,0.4772
Morris_Dees_0001.jpg,ok,0.4307,0.4623
Morris_Watts_0001.jpg,ok,0.4301,0.4395
Moshe_Katsav_0001.jpg,ok,0.4465,0.4533
Moshe_Katsav_0002.jpg,ok,0.4018,0.4407
Moshe_Katsav_0003.jpg,ok,0.3739,0.5061
Moshe_Katsav_0004.jpg,ok,0.5344,0.5877
Mother_Teresa_0001.jpg,ok,0.4595,0.4478
Ms_Dynamite_0001.jpg,ok,0.4309,0.5159
Mstislav_Rostropovich_0001.jpg,ok,0.3443,0.4670
Muammar_Gaddafi_0001.jpg,ok,0.4656,0.5286
Muammar_Gaddafi_0002.jpg,ok,0.4386,0.3961
Muffet_McGraw_0001.jpg,ok,0.4636,0.4938
Mufti_Mohammad_Syed_0001.jpg,ok,0.3272,0.2757
Muhammad_Ali_0001.jpg,ok,0.4836,0.5179
Muhammad_Ali_0002.jpg,ok,0.4375,0.4376
Muhammad_Ali_0003.jpg,ok,0.4936,0.3823
Muhammad_Ali_0004.jpg,ok,0.4888,0.4587
Muhammad_Ali_0005.jpg,ok,0.4031,0.4293
Muhammad_Ali_0006.jpg,ok,0.3660,0.4165
Muhammad_Ali_0007.jpg,ok,0.5404,0.4733
Muhammad_Ali_0008.jpg,ok,0.4747,0.4202
Muhammad_Ali_0009.jpg,ok,0.4808,0.4142
Muhammad_Ali_0010.jpg,ok,0.4888,0.5299
Muhammad_Ibrahim_Bilal_0001.jpg,ok,0.5141,0.4546
Muhammad_Saeed_al-Sahhaf_0001.jpg,ok,0.5236,0.5089
Muhammad_Saeed_al-Sahhaf_0002.jpg,ok,0.4768,0.5377
Muhammad_Saeed_al-Sahhaf_0003.jpg,ok,0.5890,0.6152
Muhammad_Saeed_al-Sahhaf_0004.jpg,ok,0.4145,0.4107
Muhammad_Saeed_al-Sahhaf_0005.jpg,ok,0.5838,0.5868
Mukesh_Ambani_0001.jpg,ok,0.4071,0.4673
Mukesh_Ambani_0002.jpg,ok,0.5571,0.5391
Mukesh_Ambani_0003.jpg,ok,0.5048,0.5466
Mukhtar_Alytnbayev_0001.jpg,ok,0.5096,0.5220
Munir_Akram_0001.jpg,ok,0.4080,0.4090
Munir_Akram_0002.jpg,ok,0.4512,0.3717
Muwafak_al-Ani_0001.jpg,ok,0.4098,0.3867
Myung_Yang_0001.jpg,ok,0.4224,0.4660
Na_Na_Keum_0001.jpg,ok,0.4074,0.4051
Nabil_Shaath_0001.jpg,ok,0.4748,0.4937
Nabil_Shaath_0002.jpg,ok,0.4765,0.5056
Nabil_Shaath_0003.jpg,ok,0.4554,0.5485
Nadia_Forte_0001.jpg,ok,0.3505,0.2752
Nadia_Petrova_0001.jpg,ok,0.5527,0.5332
Nadia_Petrova_0002.jpg,ok,0.5149,0.5221
Nadia_Petrova_0003.jpg,ok,0.5068,0.5124
Nadia_Petrova_0004.jpg,ok,0.5276,0.4711
Nadia_Petrova_0005.jpg,ok,0.5154,0.4973
Nadine_Vinzens_0001.jpg,ok,0.4484,0.5643
Nadine_Vinzens_0002.jpg,ok,0.2373,0.3533
Naji_Sabri_0001.jpg,ok,0.5229,0.5108
Naji_Sabri_0002.jpg,ok,0.4483,0.5082
Naji_Sabri_0003.jpg,ok,0.4775,0.5672
Naji_Sabri_0004.jpg,ok,0.5140,0.4913
Naji_Sabri_0005.jpg,ok,0.4880,0.5531
Naji_Sabri_0006.jpg,ok,0.5447,0.5841
Naji_Sabri_0007.jpg,ok,0.3836,0.4807
Naji_Sabri_0008.jpg,ok,0.4497,0.4921
Najib_al-Salhi_0001.jpg,ok,0.4075,0.4076
Namuddu_Florence_0001.jpg,ok,0.4200,0.4214
Nan_Wang_0001.jpg,ok,0.4882,0.5204
Nan_Wang_0002.jpg,ok,0.4556,0.4945
Nan_Wang_0003.jpg,ok,0.5394,0.5277
Nan_Wang_0004.jpg,ok,0.4674,0.4798
Nancy_Demme_0001.jpg,ok,0.4219,0.4384
Nancy_Demme_0002.jpg,ok,0.4510,0.4765
Nancy_Greenlaw_0001.jpg,ok,0.3278,0.4690
Nancy_Humbert_0001.jpg,ok,0.4468,0.3128
Nancy_Kerrigan_0001.jpg,ok,0.5528,0.5170
Nancy_Pelosi_0001.jpg,ok,0.4064,0.4847
Nancy_Pelosi_0002.jpg,ok,0.2733,0.3542
Nancy_Pelosi_0003.jpg,ok,0.3300,0.4003
Nancy_Pelosi_0004.jpg,ok,0.4074,0.4111
Nancy_Pelosi_0005.jpg,ok,0.4997,0.5167
Nancy_Pelosi_0006.jpg,ok,0.3880,0.4747
Nancy_Pelosi_0007.jpg,ok,0.4494,0.4792
Nancy_Pelosi_0008.jpg,ok,0.4227,0.4915
Nancy_Pelosi_0009.jpg,ok,0.4176,0.4525
Nancy_Pelosi_0010.jpg,ok,0.3729,0.4781
Nancy_Pelosi_0011.jpg,ok,0.4203,0.4841
Nancy_Pelosi_0012.jpg,ok,0.2884,0.3771
Nancy_Pelosi_0013.jpg,ok,0.3215,0.4378
Nancy_Pelosi_0014.jpg,ok,0.4159,0.4179
Nancy_Pelosi_0015.jpg,ok,0.4108,0.4421
Nancy_Powell_0001.jpg,ok,0.3325,0.3333
Nancy_Reagan_0001.jpg,ok,0.3622,0.4591
Nancy_Reagan_0002.jpg,ok,0.7207,0.6708
Nancy_Sinatra_0001.jpg,ok,0.3732,0.3788
Nancy_Sinatra_0002.jpg,ok,0.4249,0.4475
Nancy_Smith_0001.jpg,ok,0.2890,0.3505
Nanni_Moretti_0001.jpg,ok,0.4189,0.4961
Nanni_Moretti_0002.jpg,ok,0.4316,0.4895
Naomi_Bronstein_0001.jpg,ok,0.5126,0.4745
Naomi_Campbell_0001.jpg,ok,0.3946,0.4370
Naomi_Campbell_0002.jpg,ok,0.3551,0.4485
Naomi_Hayashi_0001.jpg,ok,0.4637,0.4036
Naomi_Watts_0001.jpg,ok,0.4057,0.4595
Naomi_Watts_0002.jpg,ok,0.4403,0.4225
Naomi_Watts_0003.jpg,ok,0.4292,0.4745
Naomi_Watts_0004.jpg,ok,0.3910,0.3632
Naomi_Watts_0005.jpg,ok,0.3036,0.4529
Naomi_Watts_0006.jpg,ok,0.3630,0.4157
Naomi_Watts_0007.jpg,ok,0.4102,0.3916
Naomi_Watts_0008.jpg,ok,0.4126,0.3731
Naomi_Watts_0009.jpg,ok,0.3868,0.4383
Naomi_Watts_0010.jpg,ok,0.3623,0.4129
Naomi_Watts_0011.jpg,ok,0.5240,0.5144
Naomi_Watts_0012.jpg,ok,0.4202,0.3090
Naomi_Watts_0013.jpg,ok,0.4335,0.4274
Naomi_Watts_0014.jpg,ok,0.3836,0.3630
Naomi_Watts_0015.jpg,ok,0.3925,0.4026
Naomi_Watts_0016.jpg,ok,0.3527,0.3739
Naomi_Watts_0017.jpg,ok,0.3474,0.3654
Naomi_Watts_0018.jpg,ok,0.3656,0.4264
Naomi_Watts_0019.jpg,ok,0.3411,0.3481
Naomi_Watts_0020.jpg,ok,0.3835,0.3150
Naomi_Watts_0021.jpg,ok,0.3802,0.4166
Naomi_Watts_0022.jpg,ok,0.3257,0.4401
Naoto_Kan_0001.jpg,ok,0.4232,0.5144
Naoto_Kan_0002.jpg,ok,0.5066,0.5244
Naoto_Kan_0003.jpg,ok,0.3846,0.4911
Naoto_Kan_0004.jpg,ok,0.4170,0.4880
Narayan_Singh_Pun_0001.jpg,ok,0.3618,0.3749
Narendra_Modi_0001.jpg,ok,0.3796,0.4256
Nasser_al-Kidwa_0001.jpg,ok,0.4827,0.4926
Nasser_al-Kidwa_0002.jpg,ok,0.3695,0.5076
Nastassia_Kinski_0001.jpg,ok,0.3815,0.3504
Nastassia_Kinski_0002.jpg,ok,0.3772,0.3090
Nastia_Liukin_0001.jpg,ok,0.4966,0.4722
Natalia_Dmitrieva_0001.jpg,ok,0.3431,0.3940
Natalia_Motuziuk_0001.jpg,ok,0.4991,0.4994
Natalia_Verbeke_0001.jpg,ok,0.4712,0.4523
Natalia_Vodonova_0001.jpg,ok,0.2735,0.2841
Natalie_Cole_0001.jpg,ok,0.3743,0.3185
Natalie_Cole_0002.jpg,ok,0.3442,0.4394
Natalie_Cole_0003.jpg,ok,0.3968,0.4058
Natalie_Coughlin_0001.jpg,ok,0.3283,0.4377
Natalie_Coughlin_0002.jpg,ok,0.3646,0.4272
Natalie_Coughlin_0003.jpg,ok,0.4463,0.4492
Natalie_Coughlin_0004.jpg,ok,0.4383,0.4560
Natalie_Coughlin_0005.jpg,ok,0.4006,0.4509
Natalie_Coughlin_0006.jpg,ok,0.4404,0.4807
Natalie_Imbruglia_0001.jpg,ok,0.2310,0.2984
Natalie_Juniardi_0001.jpg,ok,0.4061,0.3794
Natalie_Maines_0001.jpg,ok,0.4091,0.3998
Natalie_Maines_0002.jpg,ok,0.3643,0.4041
Natalie_Maines_0003.jpg,ok,0.3790,0.4213
Natalie_Maines_0004.jpg,ok,0.3729,0.4077
Natalie_Maines_0005.jpg,ok,0.3839,0.4898
Natalie_Stewart_0001.jpg,ok,0.3817,0.4284
Natalie_Williams_0001.jpg,ok,0.5025,0.4712
Natalya_Sazanovich_0001.jpg,ok,0.4093,0.4972
Natanaela_Barnova_0001.jpg,ok,0.2789,0.3820
Natasa_Micic_0001.jpg,ok,0.4329,0.5239
Natasha_Henstridge_0001.jpg,ok,0.2826,0.3655
Natasha_Lyonne_0001.jpg,ok,0.4038,0.3157
Natasha_McElhone_0001.jpg,ok,0.4038,0.4072
Natasha_McElhone_0002.jpg,ok,0.3911,0.3115
Natasha_McElhone_0003.jpg,ok,0.3863,0.3598
Nate_Blackwell_0001.jpg,ok,0.3765,0.3892
Nate_Huffman_0001.jpg,ok,0.4878,0.4718
Nate_Hybl_0001.jpg,ok,0.3999,0.4406
Nathalia_Gillot_0001.jpg,ok,0.3893,0.4573
Nathalie_Baye_0001.jpg,ok,0.4399,0.4839
Nathalie_Baye_0002.jpg,ok,0.3508,0.4393
Nathalie_Baye_0003.jpg,ok,0.3776,0.3810
Nathalie_Baye_0004.jpg,ok,0.4448,0.4282
Nathalie_Dechy_0001.jpg,ok,0.4238,0.4028
Nathalie_Gagnon_0001.jpg,ok,0.4057,0.4536
Nathan_Doudney_0001.jpg,ok,0.4426,0.4360
Nathan_Lane_0001.jpg,ok,0.3588,0.3667
Nathan_Lane_0002.jpg,ok,0.3816,0.3761
Nathan_Powell_0001.jpg,ok,0.3799,0.3863
Nathan_Smith_0001.jpg,ok,0.6628,0.5690
Nathirah_Hussein_0001.jpg,ok,0.5138,0.5575
Nawabzada_Nasrullah_Khan_0001.jpg,ok,0.2991,0.5017
Nebojsa_Pavkovic_0001.jpg,ok,0.4387,0.4395
Nebojsa_Pavkovic_0002.jpg,ok,0.4652,0.5375
Neil_Goldman_0001.jpg,ok,0.4213,0.4220
Neil_Moritz_0001.jpg,ok,0.4045,0.4523
Nelson_Acosta_0001.jpg,ok,0.4722,0.4396
Nelson_Mandela_0001.jpg,ok,0.3530,0.4014
Nelson_Mandela_0002.jpg,ok,0.3613,0.4368
Nelson_Mandela_0003.jpg,ok,0.3891,0.4071
Nelson_Mandela_0004.jpg,ok,0.3794,0.3960
Nelson_Shanks_0001.jpg,ok,0.3439,0.4627
Neri_Marcore_0001.jpg,ok,0.3153,0.2881
Neri_Marcore_0002.jpg,ok,0.3620,0.4005
Nestor_Gonzalez_0001.jpg,ok,0.4795,0.5347
Nestor_Kirchner_0001.jpg,ok,0.4916,0.4572
Nestor_Kirchner_0002.jpg,ok,0.3218,0.4244
Nestor_Kirchner_0003.jpg,ok,0.3765,0.4199
Nestor_Kirchner_0004.jpg,ok,0.4362,0.4723
Nestor_Kirchner_0005.jpg,ok,0.4587,0.4827
Nestor_Kirchner_0006.jpg,ok,0.3054,0.4524
Nestor_Kirchner_0007.jpg,ok,0.4444,0.4558
Nestor_Kirchner_0008.jpg,ok,0.4463,0.4621
Nestor_Kirchner_0009.jpg,ok,0.5036,0.5053
Nestor_Kirchner_0010.jpg,ok,0.4291,0.3663
Nestor_Kirchner_0011.jpg,ok,0.3739,0.3160
Nestor_Kirchner_0012.jpg,ok,0.4269,0.4430
Nestor_Kirchner_0013.jpg,ok,0.4560,0.3958
Nestor_Kirchner_0014.jpg,ok,0.4317,0.4939
Nestor_Kirchner_0015.jpg,ok,0.4721,0.3181
Nestor_Kirchner_0016.jpg,ok,0.4205,0.4589
Nestor_Kirchner_0017.jpg,ok,0.4474,0.4668
Nestor_Kirchner_0018.jpg,ok,0.3240,0.3355
Nestor_Kirchner_0019.jpg,ok,0.4465,0.3550
Nestor_Kirchner_0020.jpg,ok,0.4834,0.4122
Nestor_Kirchner_0021.jpg,ok,0.4283,0.4441
Nestor_Kirchner_0022.jpg,ok,0.2652,0.4159
Nestor_Kirchner_0023.jpg,ok,0.4412,0.4653
Nestor_Kirchner_0024.jpg,ok,0.4334,0.3678
Nestor_Kirchner_0025.jpg,ok,0.4014,0.4527
Nestor_Kirchner_0026.jpg,ok,0.4473,0.4641
Nestor_Kirchner_0027.jpg,ok,0.4771,0.5448
Nestor_Kirchner_0028.jpg,ok,0.4730,0.4415
Nestor_Kirchner_0029.jpg,ok,0.4174,0.4684
Nestor_Kirchner_0030.jpg,ok,0.4819,0.5137
Nestor_Kirchner_0031.jpg,ok,0.4389,0.5497
Nestor_Kirchner_0032.jpg,ok,0.3302,0.3939
Nestor_Kirchner_0033.jpg,ok,0.4216,0.5160
Nestor_Kirchner_0034.jpg,ok,0.4817,0.5474
Nestor_Kirchner_0035.jpg,ok,0.4283,0.3455
Nestor_Kirchner_0036.jpg,ok,0.4296,0.5070
Nestor_Kirchner_0037.jpg,ok,0.3780,0.4421
Nestor_Santillan_0001.jpg,ok,0.4197,0.5060
Newt_Gingrich_0001.jpg,ok,0.4064,0.4630
Newton_Carlton_Slawson_0001.jpg,ok,0.3232,0.3343
Nia_Vardalos_0001.jpg,ok,0.4444,0.4179
Nia_Vardalos_0002.jpg,ok,0.2274,0.3304
Nia_Vardalos_0003.jpg,ok,0.5286,0.5643
Nia_Vardalos_0004.jpg,ok,0.3087,0.3314
Nia_Vardalos_0005.jpg,ok,0.3622,0.4160
Niall_Connolly_0001.jpg,ok,0.3887,0.4488
Nicanor_Duarte_Frutos_0001.jpg,ok,0.3494,0.4674
Nicanor_Duarte_Frutos_0002.jpg,ok,0.4747,0.3784
Nicanor_Duarte_Frutos_0003.jpg,ok,0.4455,0.4847
Nicanor_Duarte_Frutos_0004.jpg,ok,0.4357,0.4254
Nicanor_Duarte_Frutos_0005.jpg,ok,0.3323,0.4406
Nicanor_Duarte_Frutos_0006.jpg,ok,0.4628,0.4673
Nicanor_Duarte_Frutos_0007.jpg,ok,0.4166,0.4276
Nicanor_Duarte_Frutos_0008.jpg,ok,0.5182,0.4675
Nicanor_Duarte_Frutos_0009.jpg,ok,0.4532,0.4522
Nicanor_Duarte_Frutos_0010.jpg,ok,0.4592,0.4674
Nicanor_Duarte_Frutos_0011.jpg,ok,0.4251,0.4558
Nicholas_Byron_0001.jpg,ok,0.5274,0.4833
Nicholas_Byron_0002.jpg,ok,0.4735,0.4201
Nicholas_Tse_0001.jpg,ok,0.4544,0.5070
Nicholas_Tse_0002.jpg,ok,0.5412,0.5629
Nicholoas_DiMarzio_0001.jpg,ok,0.4273,0.4483
Nick_Cassavetes_0001.jpg,ok,0.4414,0.4256
Nick_Markakis_0001.jpg,ok,0.4748,0.4512
Nick_Nolte_0001.jpg,ok,0.4938,0.4439
Nick_Nolte_0002.jpg,ok,0.3062,0.4533
Nick_Nolte_0003.jpg,ok,0.4321,0.4172
Nick_Nolte_0004.jpg,ok,0.4557,0.3419
Nick_Nolte_0005.jpg,ok,0.3003,0.2203
Nick_Price_0001.jpg,ok,0.4609,0.4741
Nick_Rahall_0001.jpg,ok,0.4160,0.4297
Nick_Reilly_0001.jpg,ok,0.3909,0.4724
Nick_Rimando_0001.jpg,ok,0.4961,0.5200
Nick_Turner_0001.jpg,ok,0.3916,0.3767
Nicklas_Lidstrom_0001.jpg,ok,0.4098,0.5420
Nicola_Bono_0001.jpg,ok,0.4859,0.5101
Nicola_Wells_0001.jpg,ok,0.3345,0.4692
Nicolas_Cage_0001.jpg,ok,0.3188,0.3186
Nicolas_Cage_0002.jpg,ok,0.4402,0.4027
Nicolas_Cage_0003.jpg,ok,0.3737,0.3651
Nicolas_Cage_0004.jpg,ok,0.5172,0.4679
Nicolas_Escude_0001.jpg,ok,0.4869,0.4882
Nicolas_Escude_0002.jpg,ok,0.5451,0.5164
Nicolas_Eyzaguirre_0001.jpg,ok,0.4342,0.4771
Nicolas_Kiefer_0001.jpg,ok,0.3378,0.4843
Nicolas_Lapentti_0001.jpg,ok,0.5021,0.4982
Nicolas_Lapentti_0002.jpg,ok,0.4778,0.4745
Nicolas_Latorre_0001.jpg,ok,0.4054,0.3660
Nicolas_Macrozonaris_0001.jpg,ok,0.4669,0.4905
Nicolas_Massu_0001.jpg,ok,0.4886,0.5065
Nicolas_Sarkozy_0001.jpg,ok,0.3641,0.4011
Nicole_0001.jpg,ok,0.3646,0.2809
Nicole_Hiltz_0001.jpg,ok,0.3770,0.4073
Nicole_Kidman_0001.jpg,ok,0.3922,0.3342
Nicole_Kidman_0002.jpg,ok,0.3449,0.4942
Nicole_Kidman_0003.jpg,ok,0.3785,0.4383
Nicole_Kidman_0004.jpg,ok,0.3947,0.3771
Nicole_Kidman_0005.jpg,ok,0.4115,0.4521
Nicole_Kidman_0006.jpg,ok,0.3560,0.3993
Nicole_Kidman_0007.jpg,ok,0.3971,0.4518
Nicole_Kidman_0008.jpg,ok,0.4699,0.4768
Nicole_Kidman_0009.jpg,ok,0.4219,0.4396
Nicole_Kidman_0010.jpg,ok,0.4206,0.4736
Nicole_Kidman_0011.jpg,ok,0.4166,0.4700
Nicole_Kidman_0012.jpg,ok,0.4661,0.4256
Nicole_Kidman_0013.jpg,ok,0.4731,0.4515
Nicole_Kidman_0014.jpg,ok,0.4857,0.4935
Nicole_Kidman_0015.jpg,ok,0.2940,0.3022
Nicole_Kidman_0016.jpg,ok,0.4108,0.4998
Nicole_Kidman_0017.jpg,ok,0.3556,0.3654
Nicole_Kidman_0018.jpg,ok,0.4288,0.3471
Nicole_Kidman_0019.jpg,ok,0.5111,0.4605
Nicole_Parker_0001.jpg,ok,0.3489,0.3690
Nicoletta_Braschi_0001.jpg,ok,0.4120,0.4562
Nida_Blanca_0001.jpg,ok,0.5369,0.5799
Nigel_Redden_0001.jpg,ok,0.4115,0.3255
Nikki_Cascone_0001.jpg,ok,0.3704,0.3806
Nikki_McKibbin_0001.jpg,ok,0.3745,0.4193
Nikki_Reed_0001.jpg,ok,0.3801,0.3915
Nikki_Reed_0002.jpg,ok,0.3861,0.3676
Nikki_Teasley_0001.jpg,ok,0.3617,0.4426
Nikolay_Davydenko_0001.jpg,ok,0.4717,0.5371
Nila_Ferran_0001.jpg,ok,0.5470,0.5037
Nina_Jacobson_0001.jpg,ok,0.3810,0.4477
Nina_Pecari_0001.jpg,ok,0.4462,0.4124
Nino_DAngelo_0001.jpg,ok,0.3835,0.3893
Nizar_Trabelsi_0001.jpg,ok,0.4906,0.4356
Noah_Wyle_0001.jpg,ok,0.4286,0.4691
Noah_Wyle_0002.jpg,ok,0.4438,0.4775
Noah_Wyle_0003.jpg,ok,0.3740,0.3968
Nobuyuki_Idei_0001.jpg,ok,0.4496,0.4875
Noel_Forgeard_0001.jpg,ok,0.4442,0.4579
Noel_Niell_0001.jpg,ok,0.3736,0.4046
Noelle_Bush_0001.jpg,ok,0.4057,0.4140
Noelle_Bush_0002.jpg,ok,0.4276,0.4326
Noelle_Bush_0003.jpg,ok,0.3899,0.4575
Noelle_Bush_0004.jpg,ok,0.3254,0.3560
Noer_Moeis_0001.jpg,ok,0.4497,0.5100
Noer_Muis_0001.jpg,ok,0.4923,0.4255
Nona_Gaye_0001.jpg,ok,0.3481,0.3415
Nong_Duc_Manh_0001.jpg,ok,0.4832,0.5337
Noor_Mohammed_0001.jpg,ok,0.5080,0.4622
Nora_Bendijo_0001.jpg,ok,0.5793,0.5352
Nora_Bendijo_0002.jpg,ok,0.4190,0.3173
Nora_Ephron_0001.jpg,ok,0.4409,0.4663
Norah_Jones_0001.jpg,ok,0.2811,0.3620
Norah_Jones_0002.jpg,ok,0.3843,0.5371
Norah_Jones_0003.jpg,ok,0.4002,0.5724
Norah_Jones_0004.jpg,ok,0.3643,0.4137
Norah_Jones_0005.jpg,ok,0.6239,0.5370
Norah_Jones_0006.jpg,ok,0.4945,0.5309
Norah_Jones_0007.jpg,ok,0.4027,0.4573
Norah_Jones_0008.jpg,ok,0.4776,0.3856
Norah_Jones_0009.jpg,ok,0.4050,0.4127
Norah_Jones_0010.jpg,ok,0.3831,0.4344
Norah_Jones_0011.jpg,ok,0.3160,0.4595
Norah_Jones_0012.jpg,ok,0.5026,0.4905
Norah_Jones_0013.jpg,ok,0.4552,0.3681
Norah_Jones_0014.jpg,ok,0.3373,0.4575
Norah_Jones_0015.jpg,ok,0.4291,0.3913
Norbert_van_Heyst_0001.jpg,ok,0.4098,0.3924
Norio_Ohga_0001.jpg,ok,0.4790,0.4176
Norm_Coleman_0001.jpg,ok,0.3734,0.4595
Norm_Coleman_0002.jpg,ok,0.4757,0.4685
Norm_Coleman_0003.jpg,ok,0.4860,0.5090
Norm_Coleman_0004.jpg,ok,0.3346,0.4835
Norm_Coleman_0005.jpg,ok,0.5290,0.4951
Norm_Coleman_0006.jpg,ok,0.4022,0.4219
Norm_Coleman_0007.jpg,ok,0.4435,0.4206
Norm_Macdonald_0001.jpg,ok,0.3983,0.3693
Norman_Jewison_0001.jpg,ok,0.4061,0.4820
Norman_Jewison_0002.jpg,ok,0.4547,0.4324
Norman_Mailer_0001.jpg,ok,0.5058,0.5528
Norman_Mineta_0001.jpg,ok,0.4396,0.4169
Normand_Legault_0001.jpg,ok,0.3155,0.3162
Norodom_Chakrapong_0001.jpg,ok,0.3473,0.4566
Norodom_Sihanouk_0001.jpg,ok,0.3603,0.3905
Norodom_Sihanouk_0002.jpg,ok,0.3645,0.4439
Norodom_Sihanouk_0003.jpg,ok,0.4074,0.5066
Nova_Esther_Guthrie_0001.jpg,ok,0.5883,0.4964
Nuon_Chea_0001.jpg,ok,0.4002,0.4373
Nur_Jaafar_0001.jpg,ok,0.3919,0.4262
Nursultan_Nazarbayev_0001.jpg,ok,0.4484,0.3912
Nursultan_Nazarbayev_0002.jpg,ok,0.4433,0.5051
OJ_Simpson_0001.jpg,ok,0.3430,0.4501
OJ_Simpson_0002.jpg,ok,0.4088,0.3377
Octavio_Lara_0001.jpg,ok,0.2513,0.3862
Odai_Hussein_0001.jpg,ok,0.5194,0.4814
Odilia_Collazo_0001.jpg,ok,0.4250,0.4641
Oleg_Romantsev_0001.jpg,ok,0.4023,0.3975
Oleksandr_Moroz_0001.jpg,ok,0.4519,0.4409
Oleksandr_Moroz_0002.jpg,ok,0.5174,0.4786
Olene_Walker_0001.jpg,ok,0.4127,0.3741
Olesya_Bonabarenko_0001.jpg,ok,0.4003,0.4133
Olesya_Bonabarenko_0002.jpg,ok,0.3974,0.5828
Oliver_Neuville_0001.jpg,ok,0.4425,0.4600
Oliver_Phelps_0001.jpg,ok,0.3394,0.3335
Oliver_Stone_0001.jpg,ok,0.4561,0.4844
Olivera_Labus_0001.jpg,ok,0.3258,0.4152
Olivia_Newton-John_0001.jpg,ok,0.3839,0.3744
Olivia_Newton-John_0002.jpg,ok,0.4127,0.4139
Olivier_Boulay_0001.jpg,ok,0.3002,0.4126
Olivier_Rochus_0001.jpg,ok,0.4894,0.4888
Olympia_Dukakis_0001.jpg,ok,0.3708,0.4262
Omar_Khan_Sharif_0001.jpg,ok,0.5837,0.5563
Omar_Sharif_0001.jpg,ok,0.4413,0.5043
Omar_Sharif_0002.jpg,ok,0.4185,0.4870
Omar_Sharif_0003.jpg,ok,0.4087,0.4158
Omar_Sharif_0004.jpg,ok,0.4852,0.3981
Omar_Vizquel_0001.jpg,ok,0.4596,0.5128
Omar_el-Heib_0001.jpg,ok,0.4541,0.5265
Ontario_Lett_0001.jpg,ok,0.4227,0.4448
Oprah_Winfrey_0001.jpg,ok,0.4019,0.4361
Oprah_Winfrey_0002.jpg,ok,0.3753,0.3892
Oprah_Winfrey_0003.jpg,ok,0.3955,0.4144
Oprah_Winfrey_0004.jpg,ok,0.4150,0.3830
Oracene_Williams_0001.jpg,ok,0.3663,0.3608
Orlando_Bloom_0001.jpg,ok,0.4889,0.5130
Orlando_Bloom_0002.jpg,ok,0.6108,0.5815
Orlando_Bloom_0003.jpg,ok,0.4027,0.4177
Ornella_Muti_0001.jpg,ok,0.3885,0.4798
Orrin_Hatch_0001.jpg,ok,0.4505,0.4808
Orrin_Hatch_0002.jpg,ok,0.4645,0.5129
Osama_Al_Baz_0001.jpg,ok,0.4080,0.4851
Osama_bin_Laden_0001.jpg,ok,0.4091,0.4421
Osama_bin_Laden_0002.jpg,ok,0.5067,0.4840
Osama_bin_Laden_0003.jpg,ok,0.4157,0.4434
Osama_bin_Laden_0004.jpg,ok,0.3882,0.4294
Oscar_Bolanos_0001.jpg,ok,0.4969,0.5482
Oscar_DLeon_0001.jpg,ok,0.3350,0.3421
Oscar_De_La_Hoya_0001.jpg,ok,0.3098,0.4595
Oscar_De_La_Hoya_0002.jpg,ok,0.3754,0.3547
Oscar_De_La_Hoya_0003.jpg,ok,0.3929,0.4127
Oscar_De_La_Hoya_0004.jpg,ok,0.4200,0.4905
Oscar_De_La_Hoya_0005.jpg,ok,0.3517,0.4199
Oscar_De_La_Hoya_0006.jpg,ok,0.3430,0.4123
Oscar_De_La_Hoya_0007.jpg,ok,0.4815,0.4997
Oscar_Elias_Biscet_0001.jpg,ok,0.4518,0.3813
Oscar_Elias_Biscet_0002.jpg,ok,0.4546,0.4572
Oscar_de_la_Renta_0001.jpg,ok,0.4557,0.3109
Osmond_Smith_0001.jpg,ok,0.3816,0.4953
Osrat_Iosef_0001.jpg,ok,0.4080,0.4746
Oswald_Gruebel_0001.jpg,ok,0.5344,0.4940
Oswaldo_Paya_0001.jpg,ok,0.4756,0.4286
Oswaldo_Paya_0002.jpg,ok,0.4412,0.4698
Oswaldo_Paya_0003.jpg,ok,0.3536,0.4526
Oswaldo_Paya_0004.jpg,ok,0.4362,0.4639
Oswaldo_Paya_0005.jpg,ok,0.4320,0.4238
Otto_Reich_0001.jpg,ok,0.4611,0.4657
Otto_Schily_0001.jpg,ok,0.3853,0.3808
Owen_Nolan_0001.jpg,ok,0.2854,0.2744
Owen_Wilson_0001.jpg,ok,0.4208,0.4005
Owen_Wilson_0002.jpg,ok,0.4194,0.4661
Oxana_Fedorova_0001.jpg,ok,0.4246,0.4293
Oxana_Fedorova_0002.jpg,ok,0.3332,0.4424
Oxana_Fedorova_0003.jpg,ok,0.4246,0.4167
Oxana_Fedorova_0004.jpg,ok,0.3456,0.4109
Ozzie_Smith_0001.jpg,ok,0.3913,0.4083
Ozzy_Osbourne_0001.jpg,ok,0.3938,0.4243
Ozzy_Osbourne_0002.jpg,ok,0.3100,0.3518
Ozzy_Osbourne_0003.jpg,ok,0.3773,0.3646
Pa_Kou_Hang_0001.jpg,ok,0.4454,0.4804
Pablo_Khulental_0001.jpg,ok,0.4619,0.5014
Pablo_Latras_0001.jpg,ok,0.4731,0.5143
Paddy_Long_0001.jpg,ok,0.3289,0.3482
Paddy_Torsney_0001.jpg,ok,0.3979,0.3804
Padraig_Harrington_0001.jpg,ok,0.4851,0.4855
Padraig_Harrington_0002.jpg,ok,0.4917,0.4894
Padraig_Harrington_0003.jpg,ok,0.4478,0.4768
Padraig_Harrington_0004.jpg,ok,0.5294,0.5257
Paek_Nam_Sun_0001.jpg,ok,0.4398,0.5075
Paige_Fitzgerald_0001.jpg,ok,0.3625,0.4839
Pak_Gil_Yon_0001.jpg,ok,0.4480,0.4654
Pamela_Anderson_0001.jpg,ok,0.4058,0.4105
Pamela_Anderson_0002.jpg,ok,0.3170,0.4207
Pamela_Anderson_0003.jpg,ok,0.3898,0.3910
Pamela_Anderson_0004.jpg,ok,0.3813,0.3541
Pamela_Anderson_0005.jpg,ok,0.4629,0.4089
Pamela_Melroy_0001.jpg,ok,0.4298,0.3569
Paola_Espinoza_0001.jpg,ok,0.4100,0.4781
Paradorn_Srichaphan_0001.jpg,ok,0.5274,0.4929
Paradorn_Srichaphan_0002.jpg,ok,0.3894,0.4896
Paradorn_Srichaphan_0003.jpg,ok,0.4575,0.5009
Paradorn_Srichaphan_0004.jpg,ok,0.4547,0.4987
Paradorn_Srichaphan_0005.jpg,ok,0.4524,0.4447
Paradorn_Srichaphan_0006.jpg,ok,0.4790,0.4815
Paradorn_Srichaphan_0007.jpg,ok,0.5259,0.4450
Paradorn_Srichaphan_0008.jpg,ok,0.5496,0.5148
Paradorn_Srichaphan_0009.jpg,ok,0.4986,0.5006
Paradorn_Srichaphan_0010.jpg,ok,0.5032,0.4981
Paris_Hilton_0001.jpg,ok,0.3177,0.3723
Paris_Hilton_0002.jpg,ok,0.3232,0.3835
Park_Jie-won_0001.jpg,ok,0.4852,0.4330
Park_Jung_Sung_0001.jpg,ok,0.4076,0.5041
Park_Na-kyong_0001.jpg,ok,0.4622,0.4907
Parris_Glendening_0001.jpg,ok,0.3957,0.4376
Parris_Glendening_0002.jpg,ok,0.3651,0.4851
Parthiv_Patel_0001.jpg,ok,0.5023,0.5324
Pascal_Affi_Nguessan_0001.jpg,ok,0.4228,0.4168
Pascal_Lamy_0001.jpg,ok,0.3587,0.4879
Pascal_Lamy_0002.jpg,ok,0.4818,0.5043
Pascal_Quignard_0001.jpg,ok,0.4698,0.4983
Pascal_Quignard_0002.jpg,ok,0.3453,0.4321
Pascal_Quignard_0003.jpg,ok,0.4102,0.4119
Pascal_Rheaume_0001.jpg,ok,0.4366,0.4686
Pat_Burns_0001.jpg,ok,0.5201,0.4984
Pat_Burns_0002.jpg,ok,0.3134,0.3298
Pat_Cox_0001.jpg,ok,0.4510,0.4895
Pat_Cox_0002.jpg,ok,0.4739,0.4850
Pat_DAmuro_0001.jpg,ok,0.4580,0.4617
Pat_Riley_0001.jpg,ok,0.3705,0.4543
Pat_Rochester_0001.jpg,ok,0.4043,0.4416
Pat_Summerall_0001.jpg,ok,0.4507,0.4441
Pat_Summitt_0001.jpg,ok,0.4024,0.4723
Pat_Wharton_0001.jpg,ok,0.3451,0.4133
Patrice_Chereau_0001.jpg,ok,0.4006,0.4456
Patrice_Chereau_0002.jpg,ok,0.4962,0.4392
Patricia_Clarkson_0001.jpg,ok,0.3453,0.3645
Patricia_Clarkson_0002.jpg,ok,0.3361,0.2865
Patricia_Clarkson_0003.jpg,ok,0.3212,0.2692
Patricia_Clarkson_0004.jpg,ok,0.3619,0.2887
Patricia_Garone_0001.jpg,ok,0.4150,0.3346
Patricia_Hearst_0001.jpg,ok,0.3515,0.4031
Patricia_Heaton_0001.jpg,ok,0.4666,0.4017
Patricia_Heaton_0002.jpg,ok,0.3459,0.4037
Patricia_Johnson_0001.jpg,ok,0.3085,0.3415
Patricia_Medina_0001.jpg,ok,0.4729,0.3716
Patricia_Phillips_0001.jpg,ok,0.5587,0.5143
Patricia_Russo_0001.jpg,ok,0.2472,0.4222
Patricia_Wartusch_0001.jpg,ok,0.5040,0.4834
Patrick_Bourrat_0001.jpg,ok,0.3552,0.3583
Patrick_Clawsen_0001.jpg,ok,0.4467,0.4586
Patrick_Coleman_0001.jpg,ok,0.3339,0.4230
Patrick_Dennehy_0001.jpg,ok,0.3976,0.4554
Patrick_Eaves_0001.jpg,ok,0.3906,0.4317
Patrick_Ewing_0001.jpg,ok,0.3367,0.4597
Patrick_Ewing_0002.jpg,ok,0.3662,0.4005
Patrick_Kron_0001.jpg,ok,0.3865,0.4315
Patrick_Leahy_0001.jpg,ok,0.4592,0.4783
Patrick_Leahy_0002.jpg,ok,0.4620,0.5273
Patrick_McEnroe_0001.jpg,ok,0.4503,0.5278
Patrick_McEnroe_0002.jpg,ok,0.5077,0.3898
Patrick_Rafter_0001.jpg,ok,0.3684,0.4495
Patrick_Roy_0001.jpg,ok,0.4436,0.5041
Patrick_Roy_0002.jpg,ok,0.3936,0.3567
Patrick_Stewart_0001.jpg,ok,0.4382,0.4420
Patrick_Stewart_0002.jpg,ok,0.4398,0.4162
Patrik_Kristiansson_0001.jpg,ok,0.4897,0.3987
Patsy_Hardy_0001.jpg,ok,0.4592,0.3845
Patsy_Kensit_0001.jpg,ok,0.3847,0.2894
Patsy_Mink_0001.jpg,ok,0.5857,0.5490
Patti_Balgojevich_0001.jpg,ok,0.3674,0.4425
Patti_Labelle_0001.jpg,ok,0.3810,0.4330
Patti_Labelle_0002.jpg,ok,0.3973,0.3650
Patti_Labelle_0003.jpg,ok,0.3739,0.4400
Patti_Lank_0001.jpg,ok,0.2807,0.3187
Patti_Smith_0001.jpg,ok,0.6632,0.5009
Patty_Duke_0001.jpg,ok,0.4497,0.4566
Patty_Schnyder_0001.jpg,ok,0.5036,0.5101
Patty_Schnyder_0002.jpg,ok,0.5131,0.5073
Patty_Schnyder_0003.jpg,ok,0.4048,0.4300
Patty_Schnyder_0004.jpg,ok,0.4447,0.4896
Patty_Sheehan_0001.jpg,ok,0.4235,0.5064
Paul-Henri_Mathieu_0001.jpg,ok,0.5053,0.4882
Paul-Henri_Mathieu_0002.jpg,ok,0.5022,0.5052
Paul-Henri_Mathieu_0003.jpg,ok,0.3514,0.4854
Paul_Bettany_0001.jpg,ok,0.3378,0.4092
Paul_Brandt_0001.jpg,ok,0.6298,0.4939
Paul_Bremer_0001.jpg,ok,0.4254,0.4764
Paul_Bremer_0002.jpg,ok,0.4442,0.4570
Paul_Bremer_0003.jpg,ok,0.4741,0.4923
Paul_Bremer_0004.jpg,ok,0.4262,0.4444
Paul_Bremer_0005.jpg,ok,0.4973,0.5169
Paul_Bremer_0006.jpg,ok,0.4778,0.4756
Paul_Bremer_0007.jpg,ok,0.4092,0.4186
Paul_Bremer_0008.jpg,ok,0.4760,0.4936
Paul_Bremer_0009.jpg,ok,0.4751,0.4914
Paul_Bremer_0010.jpg,ok,0.4123,0.4527
Paul_Bremer_0011.jpg,ok,0.3380,0.4433
Paul_Bremer_0012.jpg,ok,0.4707,0.5043
Paul_Bremer_0013.jpg,ok,0.4911,0.4904
Paul_Bremer_0014.jpg,ok,0.4444,0.4518
Paul_Bremer_0015.jpg,ok,0.4265,0.5040
Paul_Bremer_0016.jpg,ok,0.4556,0.4688
Paul_Bremer_0017.jpg,ok,0.3871,0.4662
Paul_Bremer_0018.jpg,ok,0.4217,0.4664
Paul_Bremer_0019.jpg,ok,0.3858,0.4702
Paul_Bremer_0020.jpg,ok,0.3562,0.4412
Paul_Burrell_0001.jpg,ok,0.4866,0.4460
Paul_Burrell_0002.jpg,ok,0.4899,0.4879
Paul_Burrell_0003.jpg,ok,0.4651,0.4772
Paul_Burrell_0004.jpg,ok,0.4895,0.4776
Paul_Burrell_0005.jpg,ok,0.4997,0.5203
Paul_Burrell_0006.jpg,ok,0.4898,0.5044
Paul_Burrell_0007.jpg,ok,0.4178,0.4028
Paul_Burrell_0008.jpg,ok,0.4497,0.4502
Paul_Burrell_0009.jpg,ok,0.3445,0.4486
Paul_Burrell_0010.jpg,ok,0.4834,0.4898
Paul_Burrell_0011.jpg,ok,0.4600,0.4720
Paul_Byrd_0001.jpg,ok,0.3092,0.3225
Paul_Byrd_0002.jpg,ok,0.3534,0.3987
Paul_Celluci_0001.jpg,ok,0.3640,0.4696
Paul_Cerjan_0001.jpg,ok,0.4668,0.4721
Paul_Clark_0001.jpg,ok,0.3981,0.4238
Paul_Coppin_0001.jpg,ok,0.4243,0.3843
Paul_Coppin_0002.jpg,ok,0.4206,0.4696
Paul_Crake_0001.jpg,ok,0.5002,0.4973
Paul_Desmarais_0001.jpg,ok,0.4063,0.4433
Paul_Ebert_0001.jpg,ok,0.4363,0.4878
Paul_Farley_0001.jpg,ok,0.4323,0.3212
Paul_Gannon_0001.jpg,ok,0.3697,0.3722
Paul_Gascoigne_0001.jpg,ok,0.5029,0.5074
Paul_Gascoigne_0002.jpg,ok,0.4733,0.4248
Paul_Gascoigne_0003.jpg,ok,0.4874,0.5548
Paul_Greengrass_0001.jpg,ok,0.2626,0.2485
Paul_Henderson_0001.jpg,ok,0.4872,0.5319
Paul_Hogan_0001.jpg,ok,0.3160,0.4039
Paul_Hogan_0002.jpg,ok,0.3966,0.3290
Paul_Johnson_0001.jpg,ok,0.3831,0.3567
Paul_Kagame_0001.jpg,ok,0.3818,0.4519
Paul_Kagame_0002.jpg,ok,0.3712,0.3713
Paul_Kariya_0001.jpg,ok,0.4471,0.4594
Paul_Kelleher_0001.jpg,ok,0.4044,0.3779
Paul_Krueger_0001.jpg,ok,0.4621,0.4207
Paul_LeClerc_0001.jpg,ok,0.4875,0.4663
Paul_Li_Calsi_0001.jpg,ok,0.4334,0.5038
Paul_Lo_Duca_0001.jpg,ok,0.5025,0.3903
Paul_Lockhart_0001.jpg,ok,0.4034,0.3917
Paul_Luvera_0001.jpg,ok,0.4075,0.3952
Paul_Martin_0001.jpg,ok,0.4690,0.4615
Paul_Martin_0002.jpg,ok,0.3612,0.4452
Paul_Martin_0003.jpg,ok,0.4853,0.4854
Paul_Martin_0004.jpg,ok,0.4552,0.4262
Paul_Martin_0005.jpg,ok,0.4084,0.3364
Paul_Martin_0006.jpg,ok,0.3298,0.3133
Paul_Martin_0007.jpg,ok,0.3485,0.3324
Paul_Martin_0008.jpg,ok,0.4020,0.4669
Paul_McCartney_0001.jpg,ok,0.4654,0.4200
Paul_McCartney_0002.jpg,ok,0.4121,0.2782
Paul_McCartney_0003.jpg,ok,0.3702,0.3370
Paul_McCartney_0004.jpg,ok,0.4093,0.4327
Paul_McCartney_0005.jpg,ok,0.4633,0.4624
Paul_McCartney_0006.jpg,ok,0.4690,0.3598
Paul_McCartney_0007.jpg,ok,0.4273,0.4813
Paul_McNulty_0001.jpg,ok,0.4079,0.4376
Paul_McNulty_0002.jpg,ok,0.4547,0.4595
Paul_Michael_Daniels_0001.jpg,ok,0.4204,0.3854
Paul_Murphy_0001.jpg,ok,0.5007,0.4981
Paul_Newman_0001.jpg,ok,0.4265,0.4407
Paul_ONeill_0001.jpg,ok,0.4689,0.5110
Paul_ONeill_0002.jpg,ok,0.5027,0.4796
Paul_ONeill_0003.jpg,ok,0.4178,0.4584
Paul_ONeill_0004.jpg,ok,0.3846,0.3350
Paul_ONeill_0005.jpg,ok,0.5028,0.4626
Paul_ONeill_0006.jpg,ok,0.4723,0.5255
Paul_ONeill_0007.jpg,ok,0.4899,0.5108
Paul_ONeill_0008.jpg,ok,0.4460,0.5429
Paul_ONeill_0009.jpg,ok,0.4138,0.4450
Paul_Otellini_0001.jpg,ok,0.4238,0.5116
Paul_Patton_0001.jpg,ok,0.4472,0.3556
Paul_Patton_0002.jpg,ok,0.4206,0.4165
Paul_Pierce_0001.jpg,ok,0.4164,0.4076
Paul_Pierce_0002.jpg,ok,0.4044,0.4713
Paul_Reiser_0001.jpg,ok,0.3666,0.3081
Paul_Sarbanes_0001.jpg,ok,0.4324,0.4913
Paul_Sarbanes_0002.jpg,ok,0.4263,0.4337
Paul_Sarbanes_0003.jpg,ok,0.4555,0.4798
Paul_Schrader_0001.jpg,ok,0.4322,0.3466
Paul_Shanley_0001.jpg,ok,0.4673,0.4654
Paul_Shanley_0002.jpg,ok,0.4274,0.4121
Paul_Shanley_0003.jpg,ok,0.4503,0.4309
Paul_Tagliabue_0001.jpg,ok,0.4425,0.4285
Paul_Tagliabue_0002.jpg,ok,0.5010,0.4923
Paul_Tagliabue_0003.jpg,ok,0.3884,0.2950
Paul_Tagliabue_0004.jpg,ok,0.4574,0.4629
Paul_Tracy_0001.jpg,ok,0.3827,0.3725
Paul_Vathis_0001.jpg,ok,0.2678,0.4479
Paul_Walker_0001.jpg,ok,0.4569,0.3837
Paul_Wals_0001.jpg,ok,0.3388,0.4439
Paul_Wellstone_0001.jpg,ok,0.4842,0.5115
Paul_Wellstone_0002.jpg,ok,0.4282,0.3685
Paul_Wellstone_0003.jpg,ok,0.3357,0.3710
Paul_William_Hurley_0001.jpg,ok,0.4727,0.4862
Paul_William_Hurley_0002.jpg,ok,0.4338,0.3841
Paul_Wilson_0001.jpg,ok,0.4647,0.4867
Paul_Wolfowitz_0001.jpg,ok,0.4138,0.4610
Paul_Wolfowitz_0002.jpg,ok,0.4371,0.4322
Paul_Wolfowitz_0003.jpg,ok,0.4474,0.4771
Paul_Wolfowitz_0004.jpg,ok,0.5018,0.4386
Paul_Wolfowitz_0005.jpg,ok,0.4591,0.4982
Paul_Wolfowitz_0006.jpg,ok,0.4696,0.4117
Paul_Wolfowitz_0007.jpg,ok,0.4262,0.4828
Paul_Wolfowitz_0008.jpg,ok,0.3200,0.3682
Paul_Wolfowitz_0009.jpg,ok,0.5802,0.5891
Paul_Wolfowitz_0010.jpg,ok,0.4259,0.4421
Paul_Wollnough_0001.jpg,ok,0.3776,0.3130
Paula_Abdul_0001.jpg,ok,0.2671,0.3494
Paula_Dobriansky_0001.jpg,ok,0.3553,0.4112
Paula_Locke_0001.jpg,ok,0.3641,0.4709
Paula_Prentiss_0001.jpg,ok,0.4108,0.3616
Paula_Radcliffe_0001.jpg,ok,0.4220,0.3132
Paula_Radcliffe_0002.jpg,ok,0.3886,0.3993
Paula_Radcliffe_0003.jpg,ok,0.4375,0.4312
Paula_Radcliffe_0004.jpg,ok,0.3767,0.3993
Paula_Radcliffe_0005.jpg,ok,0.3238,0.4400
Paula_Radcliffe_0006.jpg,ok,0.3361,0.3881
Paula_Zahn_0001.jpg,ok,0.3125,0.3529
Paula_Zahn_0002.jpg,ok,0.4165,0.4350
Pauley_Perrette_0001.jpg,ok,0.3518,0.3524
Paulie_Ayala_0001.jpg,ok,0.4297,0.4920
Paulina_Rodriguez_Davila_0001.jpg,ok,0.4137,0.4709
Pauline_Landers_0001.jpg,ok,0.6071,0.6099
Pauline_Phillips_0001.jpg,ok,0.3186,0.4461
Paulo_Cesar_Pinheiro_0001.jpg,ok,0.4070,0.4495
Paulo_Cesar_Pinheiro_0002.jpg,ok,0.4094,0.5048
Pedro_Almodovar_0001.jpg,ok,0.3444,0.4521
Pedro_Almodovar_0002.jpg,ok,0.4507,0.4252
Pedro_Almodovar_0003.jpg,ok,0.4626,0.4813
Pedro_Almodovar_0004.jpg,ok,0.3654,0.4276
Pedro_Almodovar_0005.jpg,ok,0.2998,0.3715
Pedro_Almodovar_0006.jpg,ok,0.4180,0.4667
Pedro_Almodovar_0007.jpg,ok,0.3442,0.2969
Pedro_Alvarez_0001.jpg,ok,0.4822,0.5001
Pedro_Duque_0001.jpg,ok,0.4013,0.3358
Pedro_Mahecha_0001.jpg,ok,0.4146,0.4854
Pedro_Malan_0001.jpg,ok,0.4523,0.4838
Pedro_Malan_0002.jpg,ok,0.4052,0.4527
Pedro_Malan_0003.jpg,ok,0.4372,0.4359
Pedro_Malan_0004.jpg,ok,0.3662,0.3570
Pedro_Malan_0005.jpg,ok,0.4718,0.4309
Pedro_Martinez_0001.jpg,ok,0.4317,0.3963
Pedro_Pauleta_0001.jpg,ok,0.2981,0.3686
Pedro_Solbes_0001.jpg,ok,0.4807,0.4743
Pedro_Solbes_0002.jpg,ok,0.4895,0.5225
Pedro_Solbes_0003.jpg,ok,0.4324,0.4725
Pedro_Solbes_0004.jpg,ok,0.4386,0.4485
Pedro_Velasquez_0001.jpg,ok,0.4174,0.4888
Peggy_McGuinness_0001.jpg,ok,0.3436,0.4009
Pele_0001.jpg,ok,0.4389,0.4425
Penelope_Ann_Miller_0001.jpg,ok,0.3924,0.4508
Penelope_Ann_Miller_0002.jpg,ok,0.3769,0.4521
Penelope_Cruz_0001.jpg,ok,0.2877,0.4258
Penelope_Cruz_0002.jpg,ok,0.6791,0.5279
Penelope_Cruz_0003.jpg,ok,0.4053,0.4378
Penelope_Taylor_0001.jpg,ok,0.3807,0.4449
Penny_Dupuie_0001.jpg,ok,0.3129,0.4210
Penny_Lancaster_0001.jpg,ok,0.4214,0.3303
Percy_Gibson_0001.jpg,ok,0.3409,0.3926
Peri_Gilpin_0001.jpg,ok,0.4181,0.3587
Pernilla_Bjorn_0001.jpg,ok,0.5012,0.4559
Perri_Shaw_0001.jpg,ok,0.3322,0.3313
Perry_Compton_0001.jpg,ok,0.4181,0.4271
Perry_Farrell_0001.jpg,ok,0.3651,0.3098
Perry_Gibbs_0001.jpg,ok,0.4419,0.4802
Pervez_Musharraf_0001.jpg,ok,0.4395,0.5254
Pervez_Musharraf_0002.jpg,ok,0.4611,0.4708
Pervez_Musharraf_0003.jpg,ok,0.5049,0.5064
Pervez_Musharraf_0004.jpg,ok,0.4804,0.5012
Pervez_Musharraf_0005.jpg,ok,0.4652,0.5350
Pervez_Musharraf_0006.jpg,ok,0.4662,0.4245
Pervez_Musharraf_0007.jpg,ok,0.5476,0.5854
Pervez_Musharraf_0008.jpg,ok,0.5192,0.5409
Pervez_Musharraf_0009.jpg,ok,0.4576,0.5054
Pervez_Musharraf_0010.jpg,ok,0.4376,0.5283
Pervez_Musharraf_0011.jpg,ok,0.4814,0.5419
Pervez_Musharraf_0012.jpg,ok,0.4861,0.5089
Pervez_Musharraf_0013.jpg,ok,0.3468,0.4535
Pervez_Musharraf_0014.jpg,ok,0.4837,0.4536
Pervez_Musharraf_0015.jpg,ok,0.5204,0.5022
Pervez_Musharraf_0016.jpg,ok,0.4861,0.4440
Pervez_Musharraf_0017.jpg,ok,0.4550,0.3901
Pervez_Musharraf_0018.jpg,ok,0.4863,0.4865
Pete_Aldridge_0001.jpg,ok,0.4674,0.4686
Pete_Beaudrault_0001.jpg,ok,0.4086,0.4481
Pete_Carroll_0001.jpg,ok,0.4616,0.4632
Pete_Carroll_0002.jpg,ok,0.3692,0.3629
Pete_Carroll_0003.jpg,ok,0.4728,0.4704
Pete_Gillen_0001.jpg,ok,0.4466,0.3994
Pete_Rose_0001.jpg,ok,0.4639,0.4897
Pete_Rose_0002.jpg,ok,0.4323,0.4530
Pete_Sampras_0001.jpg,ok,0.3264,0.4856
Pete_Sampras_0002.jpg,ok,0.4583,0.5775
Pete_Sampras_0003.jpg,ok,0.4630,0.4728
Pete_Sampras_0004.jpg,ok,0.4817,0.4989
Pete_Sampras_0005.jpg,ok,0.4868,0.5068
Pete_Sampras_0006.jpg,ok,0.4604,0.5395
Pete_Sampras_0007.jpg,ok,0.4831,0.4948
Pete_Sampras_0008.jpg,ok,0.5222,0.5492
Pete_Sampras_0009.jpg,ok,0.4456,0.4862
Pete_Sampras_0010.jpg,ok,0.4237,0.4949
Pete_Sampras_0011.jpg,ok,0.5222,0.5043
Pete_Sampras_0012.jpg,ok,0.5080,0.5067
Pete_Sampras_0013.jpg,ok,0.5067,0.5002
Pete_Sampras_0014.jpg,ok,0.4846,0.4602
Pete_Sampras_0015.jpg,ok,0.4297,0.4905
Pete_Sampras_0016.jpg,ok,0.4583,0.4435
Pete_Sampras_0017.jpg,ok,0.4309,0.4553
Pete_Sampras_0018.jpg,ok,0.5251,0.4915
Pete_Sampras_0019.jpg,ok,0.3262,0.4381
Pete_Sampras_0020.jpg,ok,0.2698,0.3823
Pete_Sampras_0021.jpg,ok,0.2841,0.2911
Pete_Sampras_0022.jpg,ok,0.2716,0.3044
Peter_Ahearn_0001.jpg,ok,0.3917,0.4587
Peter_Albertsen_0001.jpg,ok,0.3396,0.4137
Peter_Arnett_0001.jpg,ok,0.4791,0.4492
Peter_Arnett_0002.jpg,ok,0.5157,0.4622
Peter_Arnett_0003.jpg,ok,0.5661,0.6205
Peter_Bacanovic_0001.jpg,ok,0.3034,0.4494
Peter_Bacanovic_0002.jpg,ok,0.3970,0.5000
Peter_Camejo_0001.jpg,ok,0.4516,0.4031
Peter_Care_0001.jpg,ok,0.4191,0.4554
Peter_Caruana_0001.jpg,ok,0.3923,0.4932
Peter_Chan_0001.jpg,ok,0.3891,0.4194
Peter_Costello_0001.jpg,ok,0.5138,0.4883
Peter_Costello_0002.jpg,ok,0.4143,0.4274
Peter_Fisher_0001.jpg,ok,0.3887,0.4142
Peter_Fitzgerald_0001.jpg,ok,0.3664,0.4789
Peter_Fonda_0001.jpg,ok,0.4168,0.4225
Peter_Gabriel_0001.jpg,ok,0.4395,0.5092
Peter_Gilmour_0001.jpg,ok,0.4282,0.3836
Peter_Goldmark_0001.jpg,ok,0.3533,0.4844
Peter_Greenaway_0001.jpg,ok,0.3882,0.4329
Peter_Greenaway_0002.jpg,ok,0.4136,0.4201
Peter_Greenspun_0001.jpg,ok,0.4843,0.5166
Peter_Harrison_0001.jpg,ok,0.4108,0.3972
Peter_Harrison_0002.jpg,ok,0.4661,0.4680
Peter_Hartz_0001.jpg,ok,0.4612,0.4446
Peter_Harvey_0001.jpg,ok,0.4980,0.4993
Peter_Hillary_0001.jpg,ok,0.4128,0.5432
Peter_Hillary_0002.jpg,ok,0.3857,0.4485
Peter_Hollingworth_0001.jpg,ok,0.4692,0.4482
Peter_Holmberg_0001.jpg,ok,0.4237,0.4117
Peter_Hunt_0001.jpg,ok,0.4466,0.5142
Peter_Lundgren_0001.jpg,ok,0.4258,0.4011
Peter_Mackay_0001.jpg,ok,0.3895,0.4709
Peter_Mansbridge_0001.jpg,ok,0.3797,0.4526
Peter_Max_0001.jpg,ok,0.3556,0.3428
Peter_Medgyessy_0001.jpg,ok,0.4720,0.4893
Peter_Mugyeni_0001.jpg,ok,0.4373,0.4606
Peter_Mullan_0001.jpg,ok,0.4026,0.4366
Peter_OToole_0001.jpg,ok,0.4076,0.3317
Peter_Rasch_0001.jpg,ok,0.4384,0.5197
Peter_Rasmussen_0001.jpg,ok,0.4207,0.4701
Peter_Schultz_0001.jpg,ok,0.3810,0.4619
Peter_Sejna_0001.jpg,ok,0.4209,0.3694
Peter_Shaw_0001.jpg,ok,0.4055,0.3149
Peter_Struck_0001.jpg,ok,0.5084,0.4117
Peter_Struck_0002.jpg,ok,0.4325,0.3994
Peter_Struck_0003.jpg,ok,0.4785,0.5112
Peter_Struck_0004.jpg,ok,0.4639,0.4267
Peter_Struck_0005.jpg,ok,0.3387,0.4344
Peter_Ueberroth_0001.jpg,ok,0.4302,0.4893
Petria_Thomas_0001.jpg,ok,0.4583,0.4892
Petria_Thomas_0002.jpg,ok,0.4210,0.4029
Petria_Thomas_0003.jpg,ok,0.4577,0.4403
Petro_Symonenko_0001.jpg,ok,0.4875,0.4192
Petro_Symonenko_0002.jpg,ok,0.4525,0.3818
Pham_Sy_Chien_0001.jpg,ok,0.4005,0.5388
Pham_Thi_Mai_Phuong_0001.jpg,ok,0.5417,0.4928
Phan_Van_Khai_0001.jpg,ok,0.4622,0.5522
Phan_Van_Khai_0002.jpg,ok,0.4644,0.5157
Phan_Van_Khai_0003.jpg,ok,0.5347,0.5429
Pharrell_Williams_0001.jpg,ok,0.3549,0.3951
Phil_Bennett_0001.jpg,ok,0.3943,0.3686
Phil_Bredesen_0001.jpg,ok,0.3822,0.3815
Phil_Cline_0001.jpg,ok,0.4627,0.4903
Phil_Cullen_0001.jpg,ok,0.4473,0.4243
Phil_Donahue_0001.jpg,ok,0.4403,0.4284
Phil_Gramm_0001.jpg,ok,0.4501,0.4457
Phil_Gramm_0002.jpg,ok,0.4695,0.4607
Phil_Jackson_0001.jpg,ok,0.3283,0.3236
Phil_Johnson_0001.jpg,ok,0.4146,0.4819
Phil_McGraw_0001.jpg,ok,0.3482,0.3164
Phil_Mickelson_0001.jpg,ok,0.5383,0.5133
Phil_Mickelson_0002.jpg,ok,0.4894,0.5018
Phil_Morris_0001.jpg,ok,0.3994,0.3406
Phil_Vassar_0001.jpg,ok,0.3444,0.3374
Phil_Vassar_0002.jpg,ok,0.3191,0.3318
Philip_Cummings_0001.jpg,ok,0.3376,0.3445
Philip_Murtaugh_0001.jpg,ok,0.4716,0.4795
Philip_Zalewski_0001.jpg,ok,0.4334,0.3713
Philippe_Gagnon_0001.jpg,ok,0.3794,0.4844
Philippe_Noiret_0001.jpg,ok,0.3727,0.4325
Philippe_Noiret_0002.jpg,ok,0.5242,0.4963
Phillip_Fulmer_0001.jpg,ok,0.4705,0.4870
Phillip_Seymor_Hoffmann_0001.jpg,ok,0.3701,0.4002
Phillipe_Comtois_0001.jpg,ok,0.5189,0.4779
Phillips_Idowu_0001.jpg,ok,0.4129,0.3933
Phoenix_Chang_0001.jpg,ok,0.5551,0.5482
Picabo_Street_0001.jpg,ok,0.4378,0.4732
Pier_Ferdinando_Casini_0001.jpg,ok,0.4266,0.5134
Pierce_Brosnan_0001.jpg,ok,0.3013,0.3869
Pierce_Brosnan_0002.jpg,ok,0.4418,0.3616
Pierce_Brosnan_0003.jpg,ok,0.4437,0.4159
Pierce_Brosnan_0004.jpg,ok,0.4630,0.4667
Pierce_Brosnan_0005.jpg,ok,0.4029,0.4425
Pierce_Brosnan_0006.jpg,ok,0.5034,0.4579
Pierce_Brosnan_0007.jpg,ok,0.5090,0.4668
Pierce_Brosnan_0008.jpg,ok,0.4337,0.4186
Pierce_Brosnan_0009.jpg,ok,0.4224,0.4353
Pierce_Brosnan_0010.jpg,ok,0.4683,0.4632
Pierce_Brosnan_0011.jpg,ok,0.3502,0.3858
Pierce_Brosnan_0012.jpg,ok,0.4313,0.3646
Pierce_Brosnan_0013.jpg,ok,0.3981,0.4344
Pierce_Brosnan_0014.jpg,ok,0.4705,0.4507
Pierce_Brosnan_0015.jpg,ok,0.4539,0.4998
Pierre_Boulanger_0001.jpg,ok,0.4431,0.5003
Pierre_Boulanger_0002.jpg,ok,0.3845,0.4303
Pierre_Gagnon_0001.jpg,ok,0.3589,0.4492
Pierre_Lacroix_0001.jpg,ok,0.5015,0.4762
Pierre_Pettigrew_0001.jpg,ok,0.4461,0.4626
Pierre_Pettigrew_0002.jpg,ok,0.3873,0.3388
Pierre_Pettigrew_0003.jpg,ok,0.4482,0.5202
Pierre_Png_0001.jpg,ok,0.2325,0.2394
Pierre_Van_Hooijdonk_0001.jpg,ok,0.4604,0.4731
Piers_Sellers_0001.jpg,ok,0.6223,0.5104
Pieter_Bouw_0001.jpg,ok,0.4364,0.4561
Pilar_Montenegro_0001.jpg,ok,0.5615,0.6139
Pinar_del_Rio_0001.jpg,ok,0.4379,0.3995
Pio_Laghi_0001.jpg,ok,0.5065,0.4963
Piotr_Anderszewski_0001.jpg,ok,0.4825,0.4928
Placido_Domingo_0001.jpg,ok,0.4472,0.4714
Placido_Domingo_0002.jpg,ok,0.4108,0.5112
Placido_Domingo_0003.jpg,ok,0.4089,0.5328
Platon_Lebedev_0001.jpg,ok,0.3696,0.4456
Poala_Suarez_0001.jpg,ok,0.5219,0.5132
Polona_Bas_0001.jpg,ok,0.3073,0.3216
Porter_Goss_0001.jpg,ok,0.4297,0.4470
Portia_de_Rossi_0001.jpg,ok,0.4791,0.4820
Prakash_Hinduja_0001.jpg,ok,0.4609,0.5276
Prem_Kumar_Nair_0001.jpg,ok,0.4346,0.4443
Prince_Charles_0001.jpg,ok,0.4911,0.4716
Prince_Charles_0002.jpg,ok,0.4394,0.4943
Prince_Charles_0003.jpg,ok,0.4580,0.4710
Prince_Charles_0004.jpg,ok,0.4010,0.4786
Prince_Charles_0005.jpg,ok,0.6835,0.6198
Prince_Claus_0001.jpg,ok,0.4628,0.4987
Prince_Claus_0002.jpg,ok,0.4491,0.4440
Prince_Claus_0003.jpg,ok,0.4957,0.5393
Prince_Claus_0004.jpg,ok,0.4425,0.4363
Prince_Edward_0001.jpg,ok,0.5256,0.4976
Prince_Edward_0002.jpg,ok,0.3654,0.3544
Prince_Felipe_0001.jpg,ok,0.5055,0.5712
Prince_Harry_0001.jpg,ok,0.4988,0.4202
Prince_Harry_0002.jpg,ok,0.4427,0.4925
Prince_Harry_0003.jpg,ok,0.4141,0.4831
Prince_Naruhito_0001.jpg,ok,0.4315,0.4738
Prince_Naruhito_0002.jpg,ok,0.4722,0.4765
Prince_Naruhito_0003.jpg,ok,0.4694,0.5442
Prince_Philippe_0001.jpg,ok,0.3746,0.3833
Prince_Rainier_III_0001.jpg,ok,0.4756,0.5207
Prince_Willem-Alexander_0001.jpg,ok,0.4160,0.4957
Prince_Willem-Alexander_0002.jpg,ok,0.4727,0.4120
Prince_Willem-Alexander_0003.jpg,ok,0.4644,0.4436
Prince_William_0001.jpg,ok,0.4730,0.5358
Prince_William_0002.jpg,ok,0.4576,0.4295
Princess_Aiko_0001.jpg,ok,0.5553,0.4681
Princess_Aiko_0002.jpg,ok,0.4631,0.4884
Princess_Anne_0001.jpg,ok,0.4302,0.4867
Princess_Anne_0002.jpg,ok,0.2774,0.4061
Princess_Caroline_0001.jpg,ok,0.3354,0.3364
Princess_Caroline_0002.jpg,ok,0.3682,0.4341
Princess_Caroline_0003.jpg,ok,0.3475,0.3980
Princess_Caroline_0004.jpg,ok,0.3902,0.3882
Princess_Caroline_0005.jpg,ok,0.4844,0.4632
Princess_Diana_0001.jpg,ok,0.6825,0.5693
Princess_Elisabeth_0001.jpg,ok,0.4288,0.4342
Princess_Elisabeth_0002.jpg,ok,0.4515,0.5146
Princess_Hisako_0001.jpg,ok,0.4068,0.4616
Princess_Masako_0001.jpg,ok,0.3778,0.4888
Princess_Masako_0002.jpg,ok,0.5678,0.4894
Princess_Maxima_0001.jpg,ok,0.3705,0.4386
Princess_Stephanie_0001.jpg,ok,0.3339,0.4557
Princess_Victoria_0001.jpg,ok,0.4718,0.5103
Pringe_Ernst_August_0001.jpg,ok,0.3823,0.4622
Priscilla_Owen_0001.jpg,ok,0.2484,0.2958
Priscilla_Owen_0002.jpg,ok,0.3396,0.3215
Priscilla_Presley_0001.jpg,ok,0.3641,0.4723
Priscilla_Presley_0002.jpg,ok,0.3991,0.3940
Priyanka_Chopra_0001.jpg,ok,0.4047,0.3859
Prospero_Pichay_0001.jpg,ok,0.4031,0.4149
Pupi_Avati_0001.jpg,ok,0.4588,0.3141
Pupi_Avati_0002.jpg,ok,0.4423,0.3909
Pupi_Avati_0003.jpg,ok,0.3393,0.4034
Pupi_Avati_0004.jpg,ok,0.3496,0.2783
Pyar_Jung_Thapa_0001.jpg,ok,0.4995,0.5454
Qais_al-Kazali_0001.jpg,ok,0.4130,0.4404
Qazi_Afzal_0001.jpg,ok,0.3977,0.5028
Qazi_Hussain_Ahmed_0001.jpg,ok,0.4637,0.4510
Qian_Qichen_0001.jpg,ok,0.4718,0.5200
Queen_Beatrix_0001.jpg,ok,0.4200,0.4749
Queen_Beatrix_0002.jpg,ok,0.3538,0.4838
Queen_Beatrix_0003.jpg,ok,0.5114,0.4948
Queen_Beatrix_0004.jpg,ok,0.3072,0.4150
Queen_Elizabeth_II_0001.jpg,ok,0.4409,0.4536
Queen_Elizabeth_II_0002.jpg,ok,0.4707,0.4658
Queen_Elizabeth_II_0003.jpg,ok,0.4760,0.4677
Queen_Elizabeth_II_0004.jpg,ok,0.4449,0.4699
Queen_Elizabeth_II_0005.jpg,ok,0.4211,0.4244
Queen_Elizabeth_II_0006.jpg,ok,0.4672,0.4914
Queen_Elizabeth_II_0007.jpg,ok,0.4319,0.4471
Queen_Elizabeth_II_0008.jpg,ok,0.3859,0.4777
Queen_Elizabeth_II_0009.jpg,ok,0.4018,0.4746
Queen_Elizabeth_II_0010.jpg,ok,0.4176,0.4905
Queen_Elizabeth_II_0011.jpg,ok,0.4488,0.4758
Queen_Elizabeth_II_0012.jpg,ok,0.3773,0.4467
Queen_Elizabeth_II_0013.jpg,ok,0.4354,0.4457
Queen_Latifah_0001.jpg,ok,0.3708,0.3788
Queen_Latifah_0002.jpg,ok,0.4333,0.3817
Queen_Latifah_0003.jpg,ok,0.3937,0.3854
Queen_Latifah_0004.jpg,ok,0.3477,0.3314
Queen_Noor_0001.jpg,ok,0.4217,0.4819
Queen_Rania_0001.jpg,ok,0.5178,0.4960
Queen_Rania_0002.jpg,ok,0.4752,0.4046
Queen_Rania_0003.jpg,ok,0.3978,0.4494
Queen_Rania_0004.jpg,ok,0.2789,0.2313
Queen_Rania_0005.jpg,ok,0.4552,0.5060
Queen_Silvia_0001.jpg,ok,0.4998,0.4868
Queen_Sofia_0001.jpg,ok,0.3624,0.3962
Quin_Snyder_0001.jpg,ok,0.4719,0.4870
Quincy_Jones_0001.jpg,ok,0.4029,0.3791
Qusai_Hussein_0001.jpg,ok,0.6646,0.6213
Raaf_Schefter_0001.jpg,ok,0.4399,0.4477
Raag_Singhal_0001.jpg,ok,0.3396,0.4238
Rachel_Corrie_0001.jpg,ok,0.3570,0.3470
Rachel_Griffiths_0001.jpg,ok,0.4302,0.3911
Rachel_Griffiths_0002.jpg,ok,0.4184,0.4746
Rachel_Griffiths_0003.jpg,ok,0.3491,0.4463
Rachel_Hunter_0001.jpg,ok,0.4303,0.4511
Rachel_Hunter_0002.jpg,ok,0.3897,0.3213
Rachel_Hunter_0003.jpg,ok,0.3442,0.3765
Rachel_Hunter_0004.jpg,ok,0.3746,0.4190
Rachel_Kempson_0001.jpg,ok,0.4066,0.4513
Rachel_Leigh_Cook_0001.jpg,ok,0.3289,0.3281
Rachel_Roy_0001.jpg,ok,0.3345,0.3692
Rachel_Wadsworth_0001.jpg,ok,0.3890,0.3612
Rachel_Wheatley_0001.jpg,ok,0.3231,0.3569
Radovan_Karadzic_0001.jpg,ok,0.4407,0.4109
Raf_Vallone_0001.jpg,ok,0.3849,0.3662
Rafael_Bielsa_0001.jpg,ok,0.4936,0.4749
Rafael_Ramirez_0001.jpg,ok,0.3572,0.3114
Rafael_Ramirez_0002.jpg,ok,0.4169,0.4000
Rafael_Ramirez_0003.jpg,ok,0.4147,0.4695
Rafael_Ramirez_0004.jpg,ok,0.4568,0.4019
Rafael_Vinoly_0001.jpg,ok,0.3721,0.3925
Rafeeuddin_Ahmed_0001.jpg,ok,0.4593,0.5051
Rafidah_Aziz_0001.jpg,ok,0.3929,0.4935
Rafiq_Hariri_0001.jpg,ok,0.4341,0.4394
Raghad_Saddam_Hussein_0001.jpg,ok,0.4417,0.4512
Raghad_Saddam_Hussein_0002.jpg,ok,0.3750,0.4378
Rahul_Dravid_0001.jpg,ok,0.3883,0.4602
Rainer_Geulen_0001.jpg,ok,0.4840,0.4914
Rainer_Gut_0001.jpg,ok,0.4534,0.4593
Rainer_Schuettler_0001.jpg,ok,0.4856,0.5050
Rainer_Schuettler_0002.jpg,ok,0.4580,0.4885
Rainer_Schuettler_0003.jpg,ok,0.4918,0.5040
Rainer_Schuettler_0004.jpg,ok,0.4223,0.5035
Rainer_Schuettler_0005.jpg,ok,0.5163,0.5174
Raja_Ibrahim_0001.jpg,ok,0.5093,0.6674
Raja_Qureshi_0001.jpg,ok,0.4432,0.4173
Raja_Ramani_0001.jpg,ok,0.4761,0.5276
Raja_Zafar-ul-Haq_0001.jpg,ok,0.3228,0.3457
Ralf_Schumacher_0001.jpg,ok,0.4086,0.3300
Ralf_Schumacher_0002.jpg,ok,0.3996,0.4318
Ralf_Schumacher_0003.jpg,ok,0.4458,0.4836
Ralf_Schumacher_0004.jpg,ok,0.3136,0.4493
Ralf_Schumacher_0005.jpg,ok,0.4761,0.4918
Ralf_Schumacher_0006.jpg,ok,0.4980,0.5032
Ralf_Schumacher_0007.jpg,ok,0.4537,0.3972
Ralf_Schumacher_0008.jpg,ok,0.3811,0.4500
Ralph_Fiennes_0001.jpg,ok,0.3849,0.4395
Ralph_Firman_0001.jpg,ok,0.3448,0.2895
Ralph_Firman_0002.jpg,ok,0.4532,0.4244
Ralph_Friedgen_0001.jpg,ok,0.3915,0.4577
Ralph_Goodale_0001.jpg,ok,0.4611,0.4240
Ralph_Klein_0001.jpg,ok,0.4127,0.4443
Ralph_Klein_0002.jpg,ok,0.4296,0.4567
Ralph_Lauren_0001.jpg,ok,0.3720,0.3698
Ralph_Lauren_0002.jpg,ok,0.4505,0.4389
Ralph_Nader_0001.jpg,ok,0.4064,0.4222
Ralph_Sampson_0001.jpg,ok,0.3986,0.4138
Ramiro_Goben_Reducindo_0001.jpg,ok,0.3561,0.4344
Ramon_Cardenas_0001.jpg,ok,0.4056,0.4565
Ramon_Delgado_0001.jpg,ok,0.5139,0.5079
Ramon_Ponce_de_Leon_0001.jpg,ok,0.3589,0.4082
Ramon_Santana_0001.jpg,ok,0.3256,0.4199
Ramona_Rispton_0001.jpg,ok,0.3841,0.4069
Rand_Beers_0001.jpg,ok,0.5101,0.5196
Rand_Miller_0001.jpg,ok,0.3529,0.3247
Randall_Terry_0001.jpg,ok,0.2770,0.3874
Randall_Tobias_0001.jpg,ok,0.4682,0.4830
Randy_Brown_0001.jpg,ok,0.4143,0.4134
Randy_Dryer_0001.jpg,ok,0.3644,0.3696
Randy_Ferbey_0001.jpg,ok,0.4087,0.4170
Randy_Jackson_0001.jpg,ok,0.4174,0.3297
Randy_Johnson_0001.jpg,ok,0.3383,0.3695
Randy_Travis_0001.jpg,ok,0.3866,0.4160
Rani_Mukherjee_0001.jpg,ok,0.5703,0.6420
Ranil_Wickremasinghe_0001.jpg,ok,0.4576,0.5011
Ranil_Wickremasinghe_0002.jpg,ok,0.4364,0.5513
Ranil_Wickremasinghe_0003.jpg,ok,0.4316,0.4710
Raoul_Ruiz_0001.jpg,ok,0.3752,0.3196
Raoul_Ruiz_0002.jpg,ok,0.4358,0.3723
Raoul_Ruiz_0003.jpg,ok,0.3963,0.3928
Raoul_Ruiz_0004.jpg,ok,0.3736,0.2756
Raquel_Welch_0001.jpg,ok,0.4407,0.5132
Raquel_Welch_0002.jpg,ok,0.4627,0.4086
Rashid_Qureshi_0001.jpg,ok,0.3726,0.4713
Ratna_Sari_Dewi_Sukarno_0001.jpg,ok,0.4340,0.4101
Raul_Castaneda_0001.jpg,ok,0.4348,0.4813
Raul_Chacon_0001.jpg,ok,0.4539,0.4674
Raul_Cubas_0001.jpg,ok,0.5079,0.5159
Raul_Gonzalez_0001.jpg,ok,0.5212,0.5144
Raul_Ibanez_0001.jpg,ok,0.4676,0.4681
Raul_Mondesi_0001.jpg,ok,0.4234,0.4707
Raul_Rivero_0001.jpg,ok,0.3645,0.3432
Ravan_AG_Farhadi_0001.jpg,ok,0.4372,0.4771
Ray_Allen_0001.jpg,ok,0.4092,0.3641
Ray_Allen_0002.jpg,ok,0.3773,0.4655
Ray_Allen_0003.jpg,ok,0.3394,0.4174
Ray_Bradbury_0001.jpg,ok,0.3890,0.4124
Ray_Evernham_0001.jpg,ok,0.4088,0.4060
Ray_Halbritter_0001.jpg,ok,0.4194,0.4250
Ray_Lewis_0001.jpg,ok,0.4108,0.4402
Ray_Liotta_0001.jpg,ok,0.4435,0.4645
Ray_Lucas_0001.jpg,ok,0.2287,0.2252
Ray_Morrough_0001.jpg,ok,0.5079,0.4978
Ray_Nagin_0001.jpg,ok,0.4001,0.4585
Ray_Nagin_0002.jpg,ok,0.5041,0.5010
Ray_Price_0001.jpg,ok,0.4325,0.3939
Ray_Romano_0001.jpg,ok,0.3530,0.4168
Ray_Romano_0002.jpg,ok,0.3991,0.3853
Ray_Romano_0003.jpg,ok,0.2550,0.3056
Ray_Romano_0004.jpg,ok,0.3601,0.3855
Ray_Romano_0005.jpg,ok,0.5149,0.4810
Ray_Romano_0006.jpg,ok,0.3349,0.2943
Ray_Romano_0007.jpg,ok,0.3894,0.3750
Ray_Romano_0008.jpg,ok,0.5376,0.5415
Ray_Romano_0009.jpg,ok,0.4476,0.4460
Ray_Sherman_0001.jpg,ok,0.4058,0.4200
Ray_Wasden_0001.jpg,ok,0.4405,0.4436
Ray_Young_0001.jpg,ok,0.3681,0.4528
Raymond_Arthurs_0001.jpg,ok,0.3622,0.4733
Raymond_Odierno_0001.jpg,ok,0.4114,0.4344
Raymond_Odierno_0002.jpg,ok,0.4740,0.5009
Raza_Rabbani_0001.jpg,ok,0.5054,0.4854
Razali_Ismail_0001.jpg,ok,0.4056,0.3856
Rebecca_Romijn-Stamos_0001.jpg,ok,0.3836,0.3484
Rebecca_Romijn-Stamos_0002.jpg,ok,0.3434,0.3810
Rebecca_Romijn-Stamos_0003.jpg,ok,0.3382,0.4591
Rebecca_Romijn-Stamos_0004.jpg,ok,0.3610,0.3559
Rebekah_Chantay_Revels_0001.jpg,ok,0.4451,0.3686
Rebekah_Chantay_Revels_0002.jpg,ok,0.4936,0.5433
Rebekah_Chantay_Revels_0003.jpg,ok,0.2559,0.4189
Rebekah_Chantay_Revels_0004.jpg,ok,0.2865,0.4149
Recep_Tayyip_Erdogan_0001.jpg,ok,0.4635,0.4748
Recep_Tayyip_Erdogan_0002.jpg,ok,0.4634,0.3988
Recep_Tayyip_Erdogan_0003.jpg,ok,0.4758,0.4257
Recep_Tayyip_Erdogan_0004.jpg,ok,0.4274,0.4456
Recep_Tayyip_Erdogan_0005.jpg,ok,0.4687,0.4325
Recep_Tayyip_Erdogan_0006.jpg,ok,0.4470,0.4666
Recep_Tayyip_Erdogan_0007.jpg,ok,0.4683,0.4803
Recep_Tayyip_Erdogan_0008.jpg,ok,0.2957,0.4716
Recep_Tayyip_Erdogan_0009.jpg,ok,0.4115,0.5198
Recep_Tayyip_Erdogan_0010.jpg,ok,0.4540,0.4851
Recep_Tayyip_Erdogan_0011.jpg,ok,0.4344,0.5248
Recep_Tayyip_Erdogan_0012.jpg,ok,0.4719,0.4198
Recep_Tayyip_Erdogan_0013.jpg,ok,0.4775,0.5136
Recep_Tayyip_Erdogan_0014.jpg,ok,0.4734,0.5005
Recep_Tayyip_Erdogan_0015.jpg,ok,0.4847,0.5025
Recep_Tayyip_Erdogan_0016.jpg,ok,0.3717,0.4322
Recep_Tayyip_Erdogan_0017.jpg,ok,0.3896,0.4644
Recep_Tayyip_Erdogan_0018.jpg,ok,0.3815,0.4789
Recep_Tayyip_Erdogan_0019.jpg,ok,0.4821,0.5296
Recep_Tayyip_Erdogan_0020.jpg,ok,0.4266,0.4347
Recep_Tayyip_Erdogan_0021.jpg,ok,0.4500,0.4165
Recep_Tayyip_Erdogan_0022.jpg,ok,0.4392,0.4661
Recep_Tayyip_Erdogan_0023.jpg,ok,0.5032,0.4895
Recep_Tayyip_Erdogan_0024.jpg,ok,0.4428,0.5122
Recep_Tayyip_Erdogan_0025.jpg,ok,0.4848,0.5004
Recep_Tayyip_Erdogan_0026.jpg,ok,0.4679,0.5127
Recep_Tayyip_Erdogan_0027.jpg,ok,0.4265,0.4268
Recep_Tayyip_Erdogan_0028.jpg,ok,0.5139,0.5112
Recep_Tayyip_Erdogan_0029.jpg,ok,0.4266,0.5163
Recep_Tayyip_Erdogan_0030.jpg,ok,0.4931,0.4627
Red_Auerbach_0001.jpg,ok,0.3130,0.4265
Reese_Witherspoon_0001.jpg,ok,0.3715,0.3845
Reese_Witherspoon_0002.jpg,ok,0.2974,0.2911
Reese_Witherspoon_0003.jpg,ok,0.2910,0.2515
Reese_Witherspoon_0004.jpg,ok,0.4002,0.4456
Reggie_Lewis_0001.jpg,ok,0.3649,0.4045
Reggie_Miller_0001.jpg,ok,0.4336,0.4444
Reggie_Miller_0002.jpg,ok,0.4401,0.4587
Reggie_Sanders_0001.jpg,ok,0.4673,0.4618
Regina_Ip_0001.jpg,ok,0.4539,0.4777
Reginald_Hudlin_0001.jpg,ok,0.3436,0.4106
Reina_Hayes_0001.jpg,ok,0.3295,0.4516
Reinhard_Buetikofer_0001.jpg,ok,0.3749,0.4237
Ren_Qingjin_0001.jpg,ok,0.5037,0.4646
Rena_Sofer_0001.jpg,ok,0.3767,0.4063
Renato_Soru_0001.jpg,ok,0.4381,0.4015
Rene_Antonio_Leon_Rodriguez_0001.jpg,ok,0.4267,0.4362
Rene_Portland_0001.jpg,ok,0.3749,0.4206
Renee_Zellweger_0001.jpg,ok,0.4542,0.4349
Renee_Zellweger_0002.jpg,ok,0.4127,0.4510
Renee_Zellweger_0003.jpg,ok,0.4471,0.3911
Renee_Zellweger_0004.jpg,ok,0.3929,0.3829
Renee_Zellweger_0005.jpg,ok,0.3566,0.3747
Renee_Zellweger_0006.jpg,ok,0.3302,0.4591
Renee_Zellweger_0007.jpg,ok,0.3786,0.3386
Renee_Zellweger_0008.jpg,ok,0.4229,0.4109
Renee_Zellweger_0009.jpg,ok,0.4115,0.4235
Renee_Zellweger_0010.jpg,ok,0.2640,0.3024
Renee_Zellweger_0011.jpg,ok,0.3453,0.4857
Renee_Zellweger_0012.jpg,ok,0.4387,0.3793
Renee_Zellweger_0013.jpg,ok,0.3198,0.3288
Renee_Zellweger_0014.jpg,ok,0.4111,0.4571
Renee_Zellweger_0015.jpg,ok,0.3647,0.3522
Renee_Zellweger_0016.jpg,ok,0.3452,0.4273
Renee_Zellweger_0017.jpg,ok,0.3480,0.3866
Retief_Goosen_0001.jpg,ok,0.4590,0.4322
Rey_Sanchez_0001.jpg,ok,0.3352,0.4217
Reyyan_Uzuner_0001.jpg,ok,0.5437,0.5436
Rhett_Warrener_0001.jpg,ok,0.3207,0.2683
Rhina_Villatoro_0001.jpg,ok,0.4365,0.5197
Ricardo_Lagos_0001.jpg,ok,0.4886,0.5065
Ricardo_Lagos_0002.jpg,ok,0.4614,0.4927
Ricardo_Lagos_0003.jpg,ok,0.4303,0.5010
Ricardo_Lagos_0004.jpg,ok,0.4945,0.5386
Ricardo_Lagos_0005.jpg,ok,0.5362,0.4905
Ricardo_Lagos_0006.jpg,ok,0.4785,0.5105
Ricardo_Lagos_0007.jpg,ok,0.4600,0.4961
Ricardo_Lagos_0008.jpg,ok,0.4641,0.4631
Ricardo_Lagos_0009.jpg,ok,0.4712,0.4454
Ricardo_Lagos_0010.jpg,ok,0.3922,0.4385
Ricardo_Lagos_0011.jpg,ok,0.3391,0.4682
Ricardo_Lagos_0012.jpg,ok,0.4316,0.4455
Ricardo_Lagos_0013.jpg,ok,0.3530,0.4434
Ricardo_Lagos_0014.jpg,ok,0.4690,0.3901
Ricardo_Lagos_0015.jpg,ok,0.3712,0.4741
Ricardo_Lagos_0016.jpg,ok,0.4125,0.4876
Ricardo_Lagos_0017.jpg,ok,0.4385,0.4385
Ricardo_Lagos_0018.jpg,ok,0.4403,0.5107
Ricardo_Lagos_0019.jpg,ok,0.4811,0.4984
Ricardo_Lagos_0020.jpg,ok,0.4128,0.4722
Ricardo_Lagos_0021.jpg,ok,0.4444,0.4941
Ricardo_Lagos_0022.jpg,ok,0.4769,0.4889
Ricardo_Lagos_0023.jpg,ok,0.4832,0.4876
Ricardo_Lagos_0024.jpg,ok,0.3079,0.4476
Ricardo_Lagos_0025.jpg,ok,0.4888,0.4989
Ricardo_Lagos_0026.jpg,ok,0.4101,0.4848
Ricardo_Lagos_0027.jpg,ok,0.4576,0.5274
Ricardo_Lopez_Murphy_0001.jpg,ok,0.4143,0.4358
Ricardo_Lopez_Murphy_0002.jpg,ok,0.4187,0.4252
Ricardo_Maduro_0001.jpg,ok,0.4564,0.4504
Ricardo_Maduro_0002.jpg,ok,0.4591,0.4666
Ricardo_Mayorga_0001.jpg,ok,0.4817,0.3929
Ricardo_Monasterio_0001.jpg,ok,0.3602,0.3893
Ricardo_Monasterio_0002.jpg,ok,0.3836,0.3864
Ricardo_Sanchez_0001.jpg,ok,0.3749,0.3843
Ricardo_Sanchez_0002.jpg,ok,0.4239,0.3853
Ricardo_Sanchez_0003.jpg,ok,0.4028,0.4758
Ricardo_Sanchez_0004.jpg,ok,0.4345,0.3548
Ricardo_Sanchez_0005.jpg,ok,0.4921,0.4093
Ricardo_Sanchez_0006.jpg,ok,0.5081,0.5079
Riccardo_Muti_0001.jpg,ok,0.4413,0.4580
Rich_Brooks_0001.jpg,ok,0.4463,0.4754
Rich_Gannon_0001.jpg,ok,0.3518,0.3761
Rich_Gannon_0002.jpg,ok,0.3984,0.4126
Richard_Armitage_0001.jpg,ok,0.4593,0.4414
Richard_Armitage_0002.jpg,ok,0.5029,0.4854
Richard_Armitage_0003.jpg,ok,0.4351,0.4793
Richard_Armitage_0004.jpg,ok,0.3908,0.4030
Richard_Armitage_0005.jpg,ok,0.4474,0.4839
Richard_Armitage_0006.jpg,ok,0.4246,0.4341
Richard_Armitage_0007.jpg,ok,0.3203,0.4129
Richard_Armitage_0008.jpg,ok,0.3477,0.2918
Richard_Armitage_0009.jpg,ok,0.3981,0.3525
Richard_Barry_0001.jpg,ok,0.5144,0.5138
Richard_Branson_0001.jpg,ok,0.4378,0.4625
Richard_Branson_0002.jpg,ok,0.3257,0.3616
Richard_Butler_0001.jpg,ok,0.4482,0.4397
Richard_Butler_0002.jpg,ok,0.4322,0.4805
Richard_Carl_0001.jpg,ok,0.2993,0.3974
Richard_Chamberlain_0001.jpg,ok,0.4363,0.4494
Richard_Cohen_0001.jpg,ok,0.4408,0.4759
Richard_Crenna_0001.jpg,ok,0.3590,0.3114
Richard_Crenna_0002.jpg,ok,0.3789,0.3746
Richard_Daley_0001.jpg,ok,0.4663,0.4575
Richard_Dreyfuss_0001.jpg,ok,0.5734,0.4707
Richard_Fine_0001.jpg,ok,0.4052,0.3794
Richard_Gephardt_0001.jpg,ok,0.4456,0.4030
Richard_Gephardt_0002.jpg,ok,0.4775,0.4627
Richard_Gephardt_0003.jpg,ok,0.4229,0.4068
Richard_Gephardt_0004.jpg,ok,0.4407,0.4383
Richard_Gephardt_0005.jpg,ok,0.4528,0.4363
Richard_Gephardt_0006.jpg,ok,0.4366,0.4354
Richard_Gephardt_0007.jpg,ok,0.3855,0.4323
Richard_Gephardt_0008.jpg,ok,0.3832,0.4049
Richard_Gephardt_0009.jpg,ok,0.4045,0.4180
Richard_Gephardt_0010.jpg,ok,0.4089,0.3674
Richard_Gephardt_0011.jpg,ok,0.4142,0.4258
Richard_Gere_0001.jpg,ok,0.4144,0.3971
Richard_Gere_0002.jpg,ok,0.3856,0.4726
Richard_Gere_0003.jpg,ok,0.3922,0.4780
Richard_Gere_0004.jpg,ok,0.4574,0.4758
Richard_Gere_0005.jpg,ok,0.3370,0.4417
Richard_Gere_0006.jpg,ok,0.3696,0.4730
Richard_Gere_0007.jpg,ok,0.4005,0.4162
Richard_Gere_0008.jpg,ok,0.4403,0.4668
Richard_Gere_0009.jpg,ok,0.4466,0.4736
Richard_Gere_0010.jpg,ok,0.4318,0.4179
Richard_Greenberg_0001.jpg,ok,0.3704,0.4564
Richard_Haass_0001.jpg,ok,0.3955,0.4560
Richard_Haass_0002.jpg,ok,0.4629,0.4504
Richard_Hamilton_0001.jpg,ok,0.3857,0.4228
Richard_Harris_0001.jpg,ok,0.4644,0.4287
Richard_Hellfant_0001.jpg,ok,0.2378,0.3997
Richard_Jefferson_0001.jpg,ok,0.4504,0.4117
Richard_Jewell_0001.jpg,ok,0.4537,0.4636
Richard_Krajicek_0001.jpg,ok,0.5318,0.4993
Richard_Krajicek_0002.jpg,ok,0.4393,0.5136
Richard_Krajicek_0003.jpg,ok,0.4681,0.5039
Richard_Langille_0001.jpg,ok,0.2212,0.3591
Richard_Lennon_0001.jpg,ok,0.3659,0.4483
Richard_Levin_0001.jpg,ok,0.4312,0.4953
Richard_Lugar_0001.jpg,ok,0.4706,0.5120
Richard_Myers_0001.jpg,ok,0.4714,0.4617
Richard_Myers_0002.jpg,ok,0.4538,0.4897
Richard_Myers_0003.jpg,ok,0.4942,0.4743
Richard_Myers_0004.jpg,ok,0.4680,0.4667
Richard_Myers_0005.jpg,ok,0.3706,0.3614
Richard_Myers_0006.jpg,ok,0.3976,0.4389
Richard_Myers_0007.jpg,ok,0.4287,0.4099
Richard_Myers_0008.jpg,ok,0.3771,0.4690
Richard_Myers_0009.jpg,ok,0.4843,0.4981
Richard_Myers_0010.jpg,ok,0.4820,0.4511
Richard_Myers_0011.jpg,ok,0.5097,0.4759
Richard_Myers_0012.jpg,ok,0.4092,0.4679
Richard_Myers_0013.jpg,ok,0.3911,0.4719
Richard_Myers_0014.jpg,ok,0.4328,0.4323
Richard_Myers_0015.jpg,ok,0.4620,0.4157
Richard_Myers_0016.jpg,ok,0.4398,0.4430
Richard_Myers_0017.jpg,ok,0.3580,0.4483
Richard_Myers_0018.jpg,ok,0.4646,0.4692
Richard_Naughton_0001.jpg,ok,0.3869,0.4712
Richard_Norton-Taylor_0001.jpg,ok,0.4470,0.4233
Richard_Norton-Taylor_0002.jpg,ok,0.4810,0.4912
Richard_Palmer_0001.jpg,ok,0.3708,0.3400
Richard_Parsons_0001.jpg,ok,0.3462,0.3546
Richard_Paul_Evans_0001.jpg,ok,0.3057,0.3438
Richard_Penniman_0001.jpg,ok,0.2215,0.2405
Richard_Pennington_0001.jpg,ok,0.3981,0.4645
Richard_Perle_0001.jpg,ok,0.4651,0.4754
Richard_Regenhard_0001.jpg,ok,0.4840,0.4922
Richard_Reid_0001.jpg,ok,0.4548,0.4736
Richard_Rodriguez_0001.jpg,ok,0.3366,0.3555
Richard_Sambrook_0001.jpg,ok,0.4551,0.4494
Richard_Sambrook_0002.jpg,ok,0.5157,0.5090
Richard_Shelby_0001.jpg,ok,0.4567,0.4120
Richard_Shelby_0002.jpg,ok,0.4586,0.4817
Richard_Sterner_0001.jpg,ok,0.4148,0.4386
Richard_Tubb_0001.jpg,ok,0.4020,0.3356
Richard_Virenque_0001.jpg,ok,0.3273,0.5110
Richard_Virenque_0002.jpg,ok,0.3939,0.4268
Richard_Virenque_0003.jpg,ok,0.4956,0.5364
Richard_Virenque_0004.jpg,ok,0.4989,0.4359
Richard_Virenque_0005.jpg,ok,0.3500,0.4225
Richard_Virenque_0006.jpg,ok,0.4721,0.4585
Richard_Virenque_0007.jpg,ok,0.4189,0.4289
Richard_Virenque_0008.jpg,ok,0.4839,0.4826
Richard_Ward_0001.jpg,ok,0.3996,0.4068
Richie_Adubato_0001.jpg,ok,0.4509,0.5069
Richie_Adubato_0002.jpg,ok,0.3909,0.4513
Rick_Barnes_0001.jpg,ok,0.4877,0.4703
Rick_Barnes_0002.jpg,ok,0.4037,0.4520
Rick_Barnes_0003.jpg,ok,0.4674,0.4108
Rick_Bland_0001.jpg,ok,0.4511,0.4486
Rick_Bragg_0001.jpg,ok,0.3038,0.3782
Rick_Carlisle_0001.jpg,ok,0.4264,0.5114
Rick_Carlisle_0002.jpg,ok,0.4577,0.4918
Rick_Carlisle_0003.jpg,ok,0.4989,0.5140
Rick_Carlisle_0004.jpg,ok,0.4760,0.4496
Rick_Caruso_0001.jpg,ok,0.4260,0.4042
Rick_Dinse_0001.jpg,ok,0.4345,0.4535
Rick_Dinse_0002.jpg,ok,0.4308,0.3996
Rick_Dinse_0003.jpg,ok,0.3608,0.3723
Rick_Husband_0001.jpg,ok,0.3922,0.4372
Rick_Lu_0001.jpg,ok,0.4735,0.4489
Rick_Perry_0001.jpg,ok,0.4175,0.4363
Rick_Perry_0002.jpg,ok,0.4521,0.5115
Rick_Perry_0003.jpg,ok,0.3652,0.3647
Rick_Perry_0004.jpg,ok,0.3390,0.4069
Rick_Perry_0005.jpg,ok,0.4060,0.3583
Rick_Perry_0006.jpg,ok,0.4308,0.4295
Rick_Pitino_0001.jpg,ok,0.3236,0.3919
Rick_Pitino_0002.jpg,ok,0.3602,0.4055
Rick_Pitino_0003.jpg,ok,0.3069,0.3369
Rick_Pitino_0004.jpg,ok,0.4223,0.4283
Rick_Reed_0001.jpg,ok,0.4793,0.5068
Rick_Rickert_0001.jpg,ok,0.4519,0.4232
Rick_Romley_0001.jpg,ok,0.5080,0.5055
Rick_Romley_0002.jpg,ok,0.3714,0.3534
Rick_Romley_0003.jpg,ok,0.3528,0.4008
Rick_Santorum_0001.jpg,ok,0.4180,0.4365
Rick_Santorum_0002.jpg,ok,0.4249,0.4250
Rick_Santorum_0003.jpg,ok,0.5516,0.4876
Rick_Stansbury_0001.jpg,ok,0.4361,0.3967
Rick_Stansbury_0002.jpg,ok,0.4412,0.4027
Rick_Stansbury_0003.jpg,ok,0.3913,0.3977
Rick_Wagoner_0001.jpg,ok,0.4410,0.4553
Rick_Wagoner_0002.jpg,ok,0.4721,0.4490
Ricky_Barnes_0001.jpg,ok,0.4042,0.3726
Ricky_Barnes_0002.jpg,ok,0.4973,0.4779
Ricky_Cottrill_0001.jpg,ok,0.4387,0.4804
Ricky_Martin_0001.jpg,ok,0.2685,0.2785
Ricky_Martin_0002.jpg,ok,0.4349,0.4082
Ricky_Ponting_0001.jpg,ok,0.5240,0.4910
Ricky_Ponting_0002.jpg,ok,0.4709,0.3709
Ricky_Quick_0001.jpg,ok,0.3503,0.3892
Ricky_Ray_0001.jpg,ok,0.5172,0.4703
Ridley_Scott_0001.jpg,ok,0.4431,0.4165
Riek_Blanjaar_0001.jpg,ok,0.4086,0.4028
Rien_Long_0001.jpg,ok,0.2497,0.3292
Rina_Lazo_0001.jpg,ok,0.4216,0.4445
Ringo_Starr_0001.jpg,ok,0.3668,0.2608
Rio_Ferdinand_0001.jpg,ok,0.3355,0.3687
Rio_Ferdinand_0002.jpg,ok,0.5197,0.5475
Rita_Grande_0001.jpg,ok,0.4624,0.4924
Rita_Grande_0002.jpg,ok,0.5274,0.4976
Rita_Grande_0003.jpg,ok,0.3892,0.5352
Rita_Moreno_0001.jpg,ok,0.3846,0.4306
Rita_Moreno_0002.jpg,ok,0.3175,0.2805
Rita_Wilson_0001.jpg,ok,0.3691,0.3649
Rita_Wilson_0002.jpg,ok,0.4255,0.4488
Rita_Wilson_0003.jpg,ok,0.3838,0.4782
Rita_Wilson_0004.jpg,ok,0.3551,0.4540
Rob_Lowe_0001.jpg,ok,0.3611,0.3634
Rob_Lowe_0002.jpg,ok,0.2985,0.3664
Rob_Lowe_0003.jpg,ok,0.3361,0.3225
Rob_Lowe_0004.jpg,ok,0.4201,0.4434
Rob_Marshall_0001.jpg,ok,0.3795,0.4687
Rob_Marshall_0002.jpg,ok,0.3566,0.4067
Rob_Marshall_0003.jpg,ok,0.3373,0.4174
Rob_Marshall_0004.jpg,ok,0.3599,0.4039
Rob_Marshall_0005.jpg,ok,0.4338,0.3919
Rob_Marshall_0006.jpg,ok,0.3095,0.4302
Rob_Moore_0001.jpg,ok,0.4913,0.4495
Rob_Morrow_0001.jpg,ok,0.4357,0.4677
Rob_Niedermayer_0001.jpg,ok,0.2830,0.3885
Rob_Ramsay_0001.jpg,ok,0.5276,0.5450
Rob_Schneider_0001.jpg,ok,0.2312,0.3027
Rob_Schneider_0002.jpg,ok,0.3238,0.4703
Robbie_Coltrane_0001.jpg,ok,0.4350,0.3845
Robbie_Fowler_0001.jpg,ok,0.4130,0.4647
Robbie_Fowler_0002.jpg,ok,0.4150,0.4396
Robbie_Mc_Ewen_0001.jpg,ok,0.4246,0.4856
Robbie_Naish_0001.jpg,ok,0.3772,0.3809
Robbie_Williams_0001.jpg,ok,0.5045,0.4383
Robbie_Williams_0002.jpg,ok,0.4661,0.4477
Robbie_Williams_0003.jpg,ok,0.4829,0.3766
Robby_Ginepri_0001.jpg,ok,0.4795,0.4714
Robby_Ginepri_0002.jpg,ok,0.4605,0.5082
Robert_Altman_0001.jpg,ok,0.4248,0.4590
Robert_Beck_0001.jpg,ok,0.4731,0.4759
Robert_Blackwill_0001.jpg,ok,0.4564,0.5108
Robert_Blackwill_0002.jpg,ok,0.4222,0.5238
Robert_Blake_0001.jpg,ok,0.4478,0.4177
Robert_Blake_0002.jpg,ok,0.4487,0.4714
Robert_Blake_0003.jpg,ok,0.4978,0.5089
Robert_Blake_0004.jpg,ok,0.4810,0.5014
Robert_Blake_0005.jpg,ok,0.3790,0.3961
Robert_Blake_0006.jpg,ok,0.4492,0.5107
Robert_Blake_0007.jpg,ok,0.3093,0.3463
Robert_Blake_0008.jpg,ok,0.4133,0.5323
Robert_Bonner_0001.jpg,ok,0.4451,0.4682
Robert_Bonner_0002.jpg,ok,0.4589,0.4665
Robert_Bonner_0003.jpg,ok,0.4699,0.4949
Robert_Bullock_0001.jpg,ok,0.4575,0.4562
Robert_Bullock_0002.jpg,ok,0.4206,0.3968
Robert_DeFraites_0001.jpg,ok,0.4621,0.4678
Robert_DeFraites_0002.jpg,ok,0.4500,0.5252
Robert_De_Niro_0001.jpg,ok,0.4898,0.4287
Robert_De_Niro_0002.jpg,ok,0.4252,0.4270
Robert_De_Niro_0003.jpg,ok,0.4447,0.5074
Robert_De_Niro_0004.jpg,ok,0.4221,0.3723
Robert_De_Niro_0005.jpg,ok,0.4896,0.4704
Robert_De_Niro_0006.jpg,ok,0.5028,0.4370
Robert_Douglas_0001.jpg,ok,0.4749,0.4128
Robert_Downey_Jr_0001.jpg,ok,0.3872,0.3146
Robert_Durst_0001.jpg,ok,0.4168,0.4851
Robert_Duvall_0001.jpg,ok,0.4608,0.4687
Robert_Duvall_0002.jpg,ok,0.4245,0.4398
Robert_Duvall_0003.jpg,ok,0.4030,0.4257
Robert_Duvall_0004.jpg,ok,0.4485,0.4114
Robert_Duvall_0005.jpg,ok,0.3967,0.3776
Robert_Duvall_0006.jpg,ok,0.3579,0.4783
Robert_Duvall_0007.jpg,ok,0.4079,0.3548
Robert_Duvall_0008.jpg,ok,0.3560,0.3432
Robert_Ehrlich_0001.jpg,ok,0.4512,0.4940
Robert_Ehrlich_0002.jpg,ok,0.4803,0.4961
Robert_Evans_0001.jpg,ok,0.4163,0.3705
Robert_Evans_0002.jpg,ok,0.3390,0.4310
Robert_Evans_0003.jpg,ok,0.4328,0.3835
Robert_F_Kennedy_Jr_0001.jpg,ok,0.3078,0.3890
Robert_Fico_0001.jpg,ok,0.4411,0.4287
Robert_Fico_0002.jpg,ok,0.4717,0.4834
Robert_Flodquist_0001.jpg,ok,0.4862,0.4044
Robert_Gallo_0001.jpg,ok,0.4477,0.4513
Robert_Gordon_Card_0001.jpg,ok,0.4491,0.5088
Robert_Hanssen_0001.jpg,ok,0.4556,0.4792
Robert_Horan_0001.jpg,ok,0.4660,0.4523
Robert_Horan_0002.jpg,ok,0.4851,0.4673
Robert_Hyatt_0001.jpg,ok,0.4260,0.4085
Robert_Kipkoech_Cheruiyot_0001.jpg,ok,0.3142,0.3324
Robert_Kocharian_0001.jpg,ok,0.3500,0.3992
Robert_Kocharian_0002.jpg,ok,0.4494,0.4075
Robert_Kocharian_0003.jpg,ok,0.4181,0.5376
Robert_Kocharian_0004.jpg,ok,0.4016,0.4586
Robert_Kocharian_0005.jpg,ok,0.2591,0.2394
Robert_Korzeniowski_0001.jpg,ok,0.4759,0.4884
Robert_Lange_0001.jpg,ok,0.3820,0.4045
Robert_Lee_Yates_Jr_0001.jpg,ok,0.5141,0.4584
Robert_Marshall_0001.jpg,ok,0.3436,0.4313
Robert_McKee_0001.jpg,ok,0.4166,0.4981
Robert_Morvillo_0001.jpg,ok,0.4620,0.4980
Robert_Mueller_0001.jpg,ok,0.4422,0.4873
Robert_Mueller_0002.jpg,ok,0.4836,0.5030
Robert_Mueller_0003.jpg,ok,0.4545,0.4951
Robert_Mueller_0004.jpg,ok,0.3817,0.4214
Robert_Mueller_0005.jpg,ok,0.4769,0.4345
Robert_Mugabe_0001.jpg,ok,0.5031,0.4925
Robert_Mugabe_0002.jpg,ok,0.4225,0.4402
Robert_Nardelli_0001.jpg,ok,0.4395,0.4435
Robert_Nillson_0001.jpg,ok,0.4350,0.4811
Robert_Pollack_0001.jpg,ok,0.4444,0.4396
Robert_Redford_0001.jpg,ok,0.3547,0.3910
Robert_Redford_0002.jpg,ok,0.3979,0.4421
Robert_Redford_0003.jpg,ok,0.3310,0.3448
Robert_Redford_0004.jpg,ok,0.3766,0.4315
Robert_Redford_0005.jpg,ok,0.3915,0.4642
Robert_Redford_0006.jpg,ok,0.4720,0.3849
Robert_Redford_0007.jpg,ok,0.4208,0.4453
Robert_Redford_0008.jpg,ok,0.3882,0.4255
Robert_Schuller_0001.jpg,ok,0.4391,0.4315
Robert_Stack_0001.jpg,ok,0.4185,0.4051
Robert_Stack_0002.jpg,ok,0.3736,0.3989
Robert_Torricelli_0001.jpg,ok,0.3912,0.4645
Robert_Torricelli_0002.jpg,ok,0.3837,0.4637
Robert_Torricelli_0003.jpg,ok,0.4312,0.4866
Robert_Towne_0001.jpg,ok,0.4991,0.4929
Robert_Tyrrell_0001.jpg,ok,0.4035,0.4326
Robert_Vowler_0001.jpg,ok,0.3105,0.4652
Robert_Wagner_0001.jpg,ok,0.3246,0.3549
Robert_Weitzel_0001.jpg,ok,0.3773,0.4267
Robert_Wiener_0001.jpg,ok,0.4236,0.4328
Robert_Witt_0001.jpg,ok,0.4541,0.3944
Robert_Witt_0002.jpg,ok,0.4353,0.3347
Robert_Woody_Johnson_0001.jpg,ok,0.4504,0.4431
Robert_Zoellick_0001.jpg,ok,0.3963,0.4120
Robert_Zoellick_0002.jpg,ok,0.3932,0.4006
Robert_Zoellick_0003.jpg,ok,0.3668,0.4811
Robert_Zoellick_0004.jpg,ok,0.3518,0.3330
Robert_Zoellick_0005.jpg,ok,0.3648,0.4132
Robert_Zoellick_0006.jpg,ok,0.4874,0.4304
Robert_Zoellick_0007.jpg,ok,0.4483,0.4972
Roberta_Combs_0001.jpg,ok,0.4510,0.4940
Roberto_Arguelles_0001.jpg,ok,0.3176,0.2889
Roberto_Benigni_0001.jpg,ok,0.4323,0.4778
Roberto_Benigni_0002.jpg,ok,0.3024,0.3028
Roberto_Canessa_0001.jpg,ok,0.4275,0.4206
Roberto_Carlos_0001.jpg,ok,0.4986,0.4886
Roberto_Carlos_0002.jpg,ok,0.4470,0.4470
Roberto_Carlos_0003.jpg,ok,0.4224,0.4921
Roberto_Carlos_0004.jpg,ok,0.4860,0.4550
Roberto_Cavalli_0001.jpg,ok,0.4672,0.4773
Roberto_Cercelletta_0001.jpg,ok,0.4597,0.4796
Roberto_Guaterroma_0001.jpg,ok,0.3627,0.4367
Roberto_Laratro_0001.jpg,ok,0.5398,0.4724
Roberto_Lavagna_0001.jpg,ok,0.4559,0.4350
Roberto_Marinho_0001.jpg,ok,0.4133,0.4652
Roberto_Marinho_0002.jpg,ok,0.3814,0.4415
Roberto_Marinho_0003.jpg,ok,0.3215,0.4377
Roberto_Robaina_0001.jpg,ok,0.4434,0.3899
Roberto_Tovar_0001.jpg,ok,0.4637,0.4587
Robin_Cook_0001.jpg,ok,0.3803,0.3889
Robin_Cook_0002.jpg,ok,0.4706,0.4340
Robin_Johansen_0001.jpg,ok,0.4430,0.4028
Robin_McGraw_0001.jpg,ok,0.3677,0.3053
Robin_McLaurin_Williams_0001.jpg,ok,0.3108,0.3617
Robin_McLaurin_Williams_0002.jpg,ok,0.4350,0.4373
Robin_Tunney_0001.jpg,ok,0.5430,0.4733
Robin_Wagner_0001.jpg,ok,0.3837,0.3942
Robin_Williams_0001.jpg,ok,0.4764,0.5045
Robin_Wright_Penn_0001.jpg,ok,0.3377,0.3994
Robinson_Stevenin_0001.jpg,ok,0.2661,0.4445
Robinson_Stevenin_0002.jpg,ok,0.3010,0.3210
Rocco_Buttiglione_0001.jpg,ok,0.4034,0.4171
Rod_Blagojevich_0001.jpg,ok,0.3778,0.4494
Rod_Blagojevich_0002.jpg,ok,0.4530,0.5176
Rod_Bryden_0001.jpg,ok,0.4039,0.4128
Rod_Jong-il_0001.jpg,ok,0.4411,0.4105
Rod_Paige_0001.jpg,ok,0.4412,0.4805
Rod_Stewart_0001.jpg,ok,0.4667,0.4760
Rod_Stewart_0002.jpg,ok,0.3638,0.3424
Rod_Stewart_0003.jpg,ok,0.4658,0.4424
Rod_Thorn_0001.jpg,ok,0.4603,0.4618
Rodney_Dangerfield_0001.jpg,ok,0.4614,0.5031
Rodney_Rempt_0001.jpg,ok,0.4596,0.4267
Rodolfo_Abalos_0001.jpg,ok,0.3993,0.4132
Rodrigo_Borja_0001.jpg,ok,0.4040,0.4068
Rodrigo_Borja_0002.jpg,ok,0.4380,0.4885
Rodrigo_Rato_0001.jpg,ok,0.4236,0.4599
Rodrigo_de_la_Cerna_0001.jpg,ok,0.4272,0.4168
Roel_Campos_0001.jpg,ok,0.4522,0.4774
Rogelio_Montemayor_0001.jpg,ok,0.4472,0.5030
Rogelio_Ramos_0001.jpg,ok,0.4134,0.4990
Roger_Clemens_0001.jpg,ok,0.5252,0.4846
Roger_Clemens_0002.jpg,ok,0.4847,0.4854
Roger_Cook_0001.jpg,ok,0.3742,0.3814
Roger_Corbett_0001.jpg,ok,0.4886,0.4929
Roger_Daltrey_0001.jpg,ok,0.4633,0.4334
Roger_Etchegaray_0001.jpg,ok,0.3913,0.4099
Roger_Federer_0001.jpg,ok,0.3387,0.5850
Roger_Federer_0002.jpg,ok,0.4654,0.5128
Roger_Federer_0003.jpg,ok,0.5397,0.5196
Roger_Federer_0004.jpg,ok,0.4366,0.5196
Roger_Federer_0005.jpg,ok,0.5007,0.5108
Roger_Federer_0006.jpg,ok,0.4151,0.4442
Roger_Federer_0007.jpg,ok,0.4580,0.5606
Roger_Federer_0008.jpg,ok,0.4166,0.5053
Roger_Federer_0009.jpg,ok,0.4810,0.5118
Roger_Federer_0010.jpg,ok,0.4944,0.5213
Roger_Federer_0011.jpg,ok,0.4830,0.5023
Roger_Federer_0012.jpg,ok,0.4911,0.5030
Roger_Federer_0013.jpg,ok,0.5265,0.4820
Roger_Federer_0014.jpg,ok,0.4375,0.5172
Roger_Grimes_0001.jpg,ok,0.4056,0.3517
Roger_King_0001.jpg,ok,0.3598,0.3581
Roger_Lyons_0001.jpg,ok,0.4320,0.4973
Roger_Machado_0001.jpg,ok,0.4601,0.4982
Roger_Mahony_0001.jpg,ok,0.4606,0.4364
Roger_Moore_0001.jpg,ok,0.4185,0.4295
Roger_Moore_0002.jpg,ok,0.3990,0.4358
Roger_Moore_0003.jpg,ok,0.4396,0.4084
Roger_Moore_0004.jpg,ok,0.4336,0.3873
Roger_Moore_0005.jpg,ok,0.3868,0.4192
Roger_Penske_0001.jpg,ok,0.4460,0.4294
Roger_Staubach_0001.jpg,ok,0.4668,0.4110
Roger_Suarez_0001.jpg,ok,0.5137,0.5573
Roger_Toussaint_0001.jpg,ok,0.3377,0.2984
Roger_Winter_0001.jpg,ok,0.4001,0.5109
Rogerio_Romero_0001.jpg,ok,0.4501,0.4370
Rogerio_Romero_0002.jpg,ok,0.5110,0.4094
Roh_Moo-hyun_0001.jpg,ok,0.4527,0.5220
Roh_Moo-hyun_0002.jpg,ok,0.4399,0.5017
Roh_Moo-hyun_0003.jpg,ok,0.4639,0.5062
Roh_Moo-hyun_0004.jpg,ok,0.3423,0.4785
Roh_Moo-hyun_0005.jpg,ok,0.3569,0.4400
Roh_Moo-hyun_0006.jpg,ok,0.3331,0.5179
Roh_Moo-hyun_0007.jpg,ok,0.5043,0.4533
Roh_Moo-hyun_0008.jpg,ok,0.5079,0.5652
Roh_Moo-hyun_0009.jpg,ok,0.5024,0.4406
Roh_Moo-hyun_0010.jpg,ok,0.5430,0.5476
Roh_Moo-hyun_0011.jpg,ok,0.4701,0.4942
Roh_Moo-hyun_0012.jpg,ok,0.4186,0.4185
Roh_Moo-hyun_0013.jpg,ok,0.4136,0.4761
Roh_Moo-hyun_0014.jpg,ok,0.4366,0.5430
Roh_Moo-hyun_0015.jpg,ok,0.5059,0.5185
Roh_Moo-hyun_0016.jpg,ok,0.4150,0.4597
Roh_Moo-hyun_0017.jpg,ok,0.4514,0.3943
Roh_Moo-hyun_0018.jpg,ok,0.4871,0.5282
Roh_Moo-hyun_0019.jpg,ok,0.4867,0.4600
Roh_Moo-hyun_0020.jpg,ok,0.3952,0.4787
Roh_Moo-hyun_0021.jpg,ok,0.4641,0.4870
Roh_Moo-hyun_0022.jpg,ok,0.5080,0.4852
Roh_Moo-hyun_0023.jpg,ok,0.4695,0.5149
Roh_Moo-hyun_0024.jpg,ok,0.4470,0.4812
Roh_Moo-hyun_0025.jpg,ok,0.4776,0.4939
Roh_Moo-hyun_0026.jpg,ok,0.4919,0.4941
Roh_Moo-hyun_0027.jpg,ok,0.4412,0.4323
Roh_Moo-hyun_0028.jpg,ok,0.4781,0.4336
Roh_Moo-hyun_0029.jpg,ok,0.4079,0.4922
Roh_Moo-hyun_0030.jpg,ok,0.3183,0.4696
Roh_Moo-hyun_0031.jpg,ok,0.4749,0.5026
Roh_Moo-hyun_0032.jpg,ok,0.3961,0.4962
Rohinton_Mistry_0001.jpg,ok,0.3884,0.4290
Rohman_al-Ghozi_0001.jpg,ok,0.3159,0.4596
Roland_Koch_0001.jpg,ok,0.2493,0.3994
Rolandas_Paksas_0001.jpg,ok,0.5079,0.5057
Rolandas_Paksas_0002.jpg,ok,0.3778,0.3518
Rolf_Eckrodt_0001.jpg,ok,0.4024,0.4119
Rolf_Eckrodt_0002.jpg,ok,0.4394,0.3578
Rolf_Zimmermann_0001.jpg,ok,0.4177,0.4275
Rollie_Massimino_0001.jpg,ok,0.3664,0.3940
Romain_Duris_0001.jpg,ok,0.3307,0.3885
Roman_Abramovich_0001.jpg,ok,0.3344,0.2345
Roman_Coppola_0001.jpg,ok,0.2767,0.3606
Roman_Polanski_0001.jpg,ok,0.4412,0.4439
Roman_Polanski_0002.jpg,ok,0.4652,0.4790
Roman_Polanski_0003.jpg,ok,0.4717,0.4928
Roman_Polanski_0004.jpg,ok,0.4345,0.4860
Roman_Polanski_0005.jpg,ok,0.4496,0.4937
Roman_Polanski_0006.jpg,ok,0.4431,0.4614
Roman_Tam_0001.jpg,ok,0.4692,0.4377
Romano_Prodi_0001.jpg,ok,0.4226,0.4948
Romano_Prodi_0002.jpg,ok,0.4173,0.4683
Romano_Prodi_0003.jpg,ok,0.4622,0.5049
Romano_Prodi_0004.jpg,ok,0.4379,0.4326
Romano_Prodi_0005.jpg,ok,0.4810,0.4730
Romano_Prodi_0006.jpg,ok,0.4098,0.3989
Romano_Prodi_0007.jpg,ok,0.4373,0.4833
Romario_Farias_0001.jpg,ok,0.4600,0.5260
Romeo_Gigli_0001.jpg,ok,0.4615,0.4831
Ron_Dittemore_0001.jpg,ok,0.4608,0.4613
Ron_Dittemore_0002.jpg,ok,0.3341,0.4447
Ron_Dittemore_0003.jpg,ok,0.3294,0.3745
Ron_Dittemore_0004.jpg,ok,0.3946,0.4462
Ron_Dittemore_0005.jpg,ok,0.4298,0.4015
Ron_Dittemore_0006.jpg,ok,0.3575,0.3909
Ron_Dittemore_0007.jpg,ok,0.5530,0.4306
Ron_Dittemore_0008.jpg,ok,0.3022,0.3866
Ron_Gonzales_0001.jpg,ok,0.3740,0.4218
Ron_Howard_0001.jpg,ok,0.3702,0.3972
Ron_Howard_0002.jpg,ok,0.3981,0.3834
Ron_Kirk_0001.jpg,ok,0.4468,0.4258
Ron_Lantz_0001.jpg,ok,0.3483,0.3474
Ron_Zook_0001.jpg,ok,0.4694,0.4012
Ronald_Brower_0001.jpg,ok,0.4807,0.4834
Ronald_Harwood_0001.jpg,ok,0.4055,0.4388
Ronald_Ito_0001.jpg,ok,0.5228,0.4962
Ronald_Kadish_0001.jpg,ok,0.4689,0.4852
Ronald_Kessler_0001.jpg,ok,0.3767,0.3954
Ronald_Perelman_0001.jpg,ok,0.3767,0.3995
Ronald_Post_0001.jpg,ok,0.4177,0.4202
Ronald_Reagan_0001.jpg,ok,0.3390,0.4267
Ronald_Reagan_0002.jpg,ok,0.6512,0.5692
Ronald_Reagan_0003.jpg,ok,0.4345,0.4767
Ronald_White_0001.jpg,ok,0.4084,0.3548
Ronald_Young_Jr_0001.jpg,ok,0.4396,0.4133
Ronaldo_Luis_Nazario_de_Lima_0001.jpg,ok,0.3871,0.4269
Ronaldo_Luis_Nazario_de_Lima_0002.jpg,ok,0.4700,0.4950
Ronaldo_Luis_Nazario_de_Lima_0003.jpg,ok,0.3830,0.4723
Ronaldo_Luis_Nazario_de_Lima_0004.jpg,ok,0.3791,0.4528
Ronde_Barber_0001.jpg,ok,0.4837,0.4124
Ronnie_Jagday_0001.jpg,ok,0.3967,0.4839
Ronnie_Musgrove_0001.jpg,ok,0.4170,0.3787
Rosa_Haywa_de_Condori_0001.jpg,ok,0.3954,0.4767
Rosalie_Perkov_0001.jpg,ok,0.3319,0.3552
Rosalyn_Carter_0001.jpg,ok,0.3460,0.4249
Rosario_Dawson_0001.jpg,ok,0.4348,0.3973
Rose_Linkins_0001.jpg,ok,0.4214,0.4898
Rose_Marie_0001.jpg,ok,0.3666,0.3848
Roseanne_Barr_0001.jpg,ok,0.3640,0.4376
Roseanne_Barr_0002.jpg,ok,0.4322,0.4143
Roseanne_Barr_0003.jpg,ok,0.4423,0.4672
Rosemarie_Stack_0001.jpg,ok,0.4155,0.3683
Rosemarie_Stack_0002.jpg,ok,0.3708,0.3712
Rosie_Perez_0001.jpg,ok,0.3998,0.3792
Rosny_Desroches_0001.jpg,ok,0.4449,0.4732
Ross_Verba_0001.jpg,ok,0.3006,0.2822
Rowan_Williams_0001.jpg,ok,0.4082,0.3926
Roy_Blunt_0001.jpg,ok,0.4784,0.4977
Roy_Chaderton_0001.jpg,ok,0.3745,0.3777
Roy_Halladay_0001.jpg,ok,0.4925,0.5020
Roy_Jones_Jr_0001.jpg,ok,0.4527,0.4784
Roy_Jones_Jr_0002.jpg,ok,0.4135,0.4305
Roy_Moore_0001.jpg,ok,0.3747,0.3494
Roy_Moore_0002.jpg,ok,0.4416,0.4651
Roy_Moore_0003.jpg,ok,0.4396,0.4699
Roy_Moore_0004.jpg,ok,0.4080,0.4540
Roy_Moore_0005.jpg,ok,0.4220,0.4649
Roy_Moore_0006.jpg,ok,0.4336,0.4947
Roy_Rogers_0001.jpg,ok,0.3808,0.4191
Roy_Romanow_0001.jpg,ok,0.4706,0.4768
Roy_Williams_0001.jpg,ok,0.4403,0.4644
Roy_Williams_0002.jpg,ok,0.3916,0.4178
Roy_Williams_0003.jpg,ok,0.4197,0.4327
Roy_Williams_0004.jpg,ok,0.3727,0.4574
Ruano_Pascual_0001.jpg,ok,0.4955,0.4704
Ruben_Sierra_0001.jpg,ok,0.4084,0.4458
Ruben_Studdard_0001.jpg,ok,0.3634,0.4186
Ruben_Studdard_0002.jpg,ok,0.3964,0.3726
Ruben_Wolkowyski_0001.jpg,ok,0.4438,0.4748
Rubens_Barrichello_0001.jpg,ok,0.3722,0.4805
Rubens_Barrichello_0002.jpg,ok,0.3630,0.4226
Rubens_Barrichello_0003.jpg,ok,0.4285,0.4723
Rubens_Barrichello_0004.jpg,ok,0.4242,0.4193
Rubens_Barrichello_0005.jpg,ok,0.5497,0.4610
Rubens_Barrichello_0006.jpg,ok,0.3995,0.4327
Rubens_Barrichello_0007.jpg,ok,0.4164,0.4325
Rubens_Barrichello_0008.jpg,ok,0.3189,0.3495
Rubens_Barrichello_0009.jpg,ok,0.4989,0.4467
Rubens_Barrichello_0010.jpg,ok,0.3289,0.4245
Rubens_Barrichello_0011.jpg,ok,0.4175,0.4124
Rubens_Barrichello_0012.jpg,ok,0.3719,0.3969
Rudi_Voeller_0001.jpg,ok,0.3597,0.4630
Rudolf_Schuster_0001.jpg,ok,0.4447,0.4563
Rudolph_Giuliani_0001.jpg,ok,0.4494,0.5137
Rudolph_Giuliani_0002.jpg,ok,0.4290,0.5002
Rudolph_Giuliani_0003.jpg,ok,0.4555,0.4913
Rudolph_Giuliani_0004.jpg,ok,0.3459,0.3968
Rudolph_Giuliani_0005.jpg,ok,0.4006,0.4829
Rudolph_Giuliani_0006.jpg,ok,0.4499,0.4498
Rudolph_Giuliani_0007.jpg,ok,0.4040,0.4462
Rudolph_Giuliani_0008.jpg,ok,0.4163,0.4216
Rudolph_Giuliani_0009.jpg,ok,0.4251,0.5434
Rudolph_Giuliani_0010.jpg,ok,0.4110,0.4861
Rudolph_Giuliani_0011.jpg,ok,0.4151,0.4400
Rudolph_Giuliani_0012.jpg,ok,0.4524,0.4679
Rudolph_Giuliani_0013.jpg,ok,0.4466,0.4629
Rudolph_Giuliani_0014.jpg,ok,0.3910,0.3060
Rudolph_Giuliani_0015.jpg,ok,0.4326,0.4667
Rudolph_Giuliani_0016.jpg,ok,0.2901,0.4473
Rudolph_Giuliani_0017.jpg,ok,0.3905,0.3500
Rudolph_Giuliani_0018.jpg,ok,0.4593,0.4829
Rudolph_Giuliani_0019.jpg,ok,0.2667,0.2649
Rudolph_Giuliani_0020.jpg,ok,0.3981,0.4696
Rudolph_Giuliani_0021.jpg,ok,0.4134,0.5053
Rudolph_Giuliani_0022.jpg,ok,0.4841,0.5117
Rudolph_Giuliani_0023.jpg,ok,0.4585,0.5484
Rudolph_Giuliani_0024.jpg,ok,0.4761,0.5068
Rudolph_Giuliani_0025.jpg,ok,0.4490,0.4438
Rudolph_Giuliani_0026.jpg,ok,0.3989,0.4503
Rudolph_Holton_0001.jpg,ok,0.4780,0.4704
Rudy_Tomjanovich_0001.jpg,ok,0.3542,0.3777
Rulon_Gardner_0001.jpg,ok,0.4206,0.4751
Rupert_Grint_0001.jpg,ok,0.4506,0.4506
Rupert_Grint_0002.jpg,ok,0.3574,0.3604
Rupert_Grint_0003.jpg,ok,0.3565,0.3871
Rupert_Murdoch_0001.jpg,ok,0.4179,0.4288
Rupert_Murdoch_0002.jpg,ok,0.3950,0.4761
Russ_Ortiz_0001.jpg,ok,0.4063,0.4013
Russell_Coutts_0001.jpg,ok,0.4017,0.4793
Russell_Coutts_0002.jpg,ok,0.3477,0.3653
Russell_Crowe_0001.jpg,ok,0.5058,0.4579
Russell_Crowe_0002.jpg,ok,0.4349,0.2929
Russell_Simmons_0001.jpg,ok,0.3986,0.3294
Russell_Simmons_0002.jpg,ok,0.4260,0.3993
Russell_Simmons_0003.jpg,ok,0.2893,0.3669
Russell_Simmons_0004.jpg,ok,0.4128,0.4541
Russell_Simmons_0005.jpg,ok,0.3926,0.3533
Rustu_Recber_0001.jpg,ok,0.4436,0.4742
Ruth_Bader_Ginsburg_0001.jpg,ok,0.3223,0.3650
Ruth_Christofferson_0001.jpg,ok,0.4425,0.3952
Ruth_Dreifuss_0001.jpg,ok,0.4115,0.4544
Ruth_Dreifuss_0002.jpg,ok,0.4156,0.4486
Ruth_Harlow_0001.jpg,ok,0.3377,0.4547
Ruth_Harlow_0002.jpg,ok,0.3655,0.3986
Ruth_Pearce_0001.jpg,ok,0.3212,0.4467
Ruth_Stubbs_0001.jpg,ok,0.4275,0.4197
Ryan_Drese_0001.jpg,ok,0.4945,0.4221
Ryan_Goodman_0001.jpg,ok,0.5178,0.4533
Ryan_Leaf_0001.jpg,ok,0.3908,0.4005
Ryan_Newman_0001.jpg,ok,0.3941,0.4712
Ryan_Nyquist_0001.jpg,ok,0.3564,0.4348
SJ_Twu_0001.jpg,ok,0.5330,0.5424
S_Jayakumar_0001.jpg,ok,0.4372,0.4870
S_Jayakumar_0002.jpg,ok,0.4722,0.5258
Saadi_Gadhafi_0001.jpg,ok,0.4043,0.4065
Sabah_Al-Ahmad_Al-Jaber_Al-Sabah_0001.jpg,ok,0.5170,0.4793
Saburo_Kawabuchi_0001.jpg,ok,0.4991,0.4429
Saburo_Kawabuchi_0002.jpg,ok,0.4901,0.4496
Sachiko_Yamada_0001.jpg,ok,0.4438,0.4286
Sachiko_Yamada_0002.jpg,ok,0.4424,0.5186
Sachiko_Yamada_0003.jpg,ok,0.3939,0.4443
Sachiko_Yamada_0004.jpg,ok,0.5698,0.4013
Sachin_Tendulkar_0001.jpg,ok,0.3989,0.4720
Sada_Jacobson_0001.jpg,ok,0.3961,0.5008
Sadam_Hassan_0001.jpg,ok,0.5022,0.4925
Saddam_Hussein_0001.jpg,ok,0.5017,0.5694
Saddam_Hussein_0002.jpg,ok,0.5097,0.5046
Saddam_Hussein_0003.jpg,ok,0.5960,0.5753
Saddam_Hussein_0004.jpg,ok,0.5462,0.5899
Saddam_Hussein_0005.jpg,ok,0.4816,0.4941
Saddam_Hussein_0006.jpg,ok,0.5528,0.5678
Saddam_Hussein_0007.jpg,ok,0.5670,0.5655
Saddam_Hussein_0008.jpg,ok,0.5966,0.5703
Saddam_Hussein_0009.jpg,ok,0.4646,0.4567
Saddam_Hussein_0010.jpg,ok,0.6300,0.5794
Saddam_Hussein_0011.jpg,ok,0.4360,0.4993
Saddam_Hussein_0012.jpg,ok,0.5310,0.5743
Saddam_Hussein_0013.jpg,ok,0.5564,0.5871
Saddam_Hussein_0014.jpg,ok,0.5639,0.5654
Saddam_Hussein_0015.jpg,ok,0.5498,0.5378
Saddam_Hussein_0016.jpg,ok,0.4946,0.4988
Saddam_Hussein_0017.jpg,ok,0.5517,0.5546
Saddam_Hussein_0018.jpg,ok,0.5377,0.5362
Saddam_Hussein_0019.jpg,ok,0.5517,0.5651
Saddam_Hussein_0020.jpg,ok,0.5817,0.5549
Saddam_Hussein_0021.jpg,ok,0.5114,0.5483
Saddam_Hussein_0022.jpg,ok,0.5478,0.5622
Saddam_Hussein_0023.jpg,ok,0.3200,0.3509
Sadie_Frost_0001.jpg,ok,0.4614,0.4672
Sadie_Frost_0002.jpg,ok,0.5151,0.5219
Sadie_Frost_0003.jpg,ok,0.2934,0.3166
Saeb_Erekat_0001.jpg,ok,0.4167,0.4259
Saeb_Erekat_0002.jpg,ok,0.4045,0.4278
Saeed_Anwar_0001.jpg,ok,0.3358,0.3958
Saeed_Mortazavi_0001.jpg,ok,0.4223,0.3288
Sahim_Alwan_0001.jpg,ok,0.5421,0.4406
Saied_Hadi_al_Mudarissi_0001.jpg,ok,0.4099,0.5149
Sally_Clark_0001.jpg,ok,0.3246,0.4165
Sally_Field_0001.jpg,ok,0.3853,0.4192
Sally_Field_0002.jpg,ok,0.4189,0.4928
Sally_Field_0003.jpg,ok,0.4392,0.4801
Sally_Field_0004.jpg,ok,0.4048,0.3318
Sally_Kirkland_0001.jpg,ok,0.3938,0.3792
Sally_Kirkland_0002.jpg,ok,0.4049,0.3973
Sally_Kirkland_0003.jpg,ok,0.4255,0.4535
Sally_Kirkland_0004.jpg,ok,0.4488,0.4188
Sally_Ride_0001.jpg,ok,0.3539,0.4215
Sally_Ride_0002.jpg,ok,0.3664,0.4459
Salma_Hayek_0001.jpg,ok,0.4418,0.4966
Salma_Hayek_0002.jpg,ok,0.4336,0.4369
Salma_Hayek_0003.jpg,ok,0.3883,0.4181
Salma_Hayek_0004.jpg,ok,0.4173,0.4626
Salma_Hayek_0005.jpg,ok,0.3297,0.2288
Salma_Hayek_0006.jpg,ok,0.3850,0.4113
Salma_Hayek_0007.jpg,ok,0.4530,0.4563
Salma_Hayek_0008.jpg,ok,0.5559,0.4028
Salma_Hayek_0009.jpg,ok,0.3627,0.4896
Salma_Hayek_0010.jpg,ok,0.4370,0.4640
Salma_Hayek_0011.jpg,ok,0.5390,0.4476
Salma_Hayek_0012.jpg,ok,0.3208,0.3161
Salma_Hayek_0013.jpg,ok,0.5071,0.4216
Salman_Khan_0001.jpg,ok,0.6606,0.6445
Salman_Rushdie_0001.jpg,ok,0.4130,0.4115
Salman_Rushdie_0002.jpg,ok,0.3748,0.3194
Salman_Rushdie_0003.jpg,ok,0.3915,0.3125
Sam_Bith_0001.jpg,ok,0.3685,0.4129
Sam_Bith_0002.jpg,ok,0.5126,0.5132
Sam_Bith_0003.jpg,ok,0.4620,0.5261
Sam_Brownback_0001.jpg,ok,0.4142,0.4190
Sam_Gerald_0001.jpg,ok,0.5458,0.5138
Sam_Mendes_0001.jpg,ok,0.4335,0.3914
Sam_Mendes_0002.jpg,ok,0.2999,0.3215
Sam_Rockwell_0001.jpg,ok,0.4430,0.4764
Sam_Torrance_0001.jpg,ok,0.4236,0.4433
Sam_Torrance_0002.jpg,ok,0.4633,0.4833
Sam_Torrance_0003.jpg,ok,0.4739,0.4896
Saman_Shali_0001.jpg,ok,0.4535,0.4964
Samantha_Daniels_0001.jpg,ok,0.3413,0.4123
Samantha_Ledster_0001.jpg,ok,0.3526,0.3902
Sami_Al-Arian_0001.jpg,ok,0.4614,0.4498
Samira_Makhmalbaf_0001.jpg,ok,0.3351,0.3007
Samira_Makhmalbaf_0002.jpg,ok,0.2937,0.3726
Sammy_Knight_0001.jpg,ok,0.2933,0.2884
Sammy_Sosa_0001.jpg,ok,0.3817,0.4113
Sammy_Sosa_0002.jpg,ok,0.3519,0.4309
Samuel_Waksal_0001.jpg,ok,0.4198,0.4571
Samuel_Waksal_0002.jpg,ok,0.3976,0.4097
Samuel_Waksal_0003.jpg,ok,0.3141,0.4013
Samuel_Waksal_0004.jpg,ok,0.3841,0.3917
San_Lan_0001.jpg,ok,0.4692,0.4092
Sananda_Maitreya_0001.jpg,ok,0.3980,0.3742
Sandra_Banning_0001.jpg,ok,0.2996,0.3182
Sandra_Bullock_0001.jpg,ok,0.4509,0.4870
Sandra_Bullock_0002.jpg,ok,0.5091,0.4166
Sandra_Bullock_0003.jpg,ok,0.4242,0.4782
Sandra_Bullock_0004.jpg,ok,0.4153,0.4535
Sandra_Ceccarelli_0001.jpg,ok,0.3895,0.5007
Sandra_Day_OConner_0001.jpg,ok,0.4034,0.4486
Sandra_Milo_0001.jpg,ok,0.4375,0.4287
Sandra_Shamas_0001.jpg,ok,0.3146,0.3551
Sandy_Smith_0001.jpg,ok,0.4184,0.4508
Sandy_Wise_0001.jpg,ok,0.4466,0.4544
Sanja_Papic_0001.jpg,ok,0.3010,0.3430
Sanjay_Chawla_0001.jpg,ok,0.3798,0.5066
Sanjay_Gupta_0001.jpg,ok,0.2520,0.3308
Santiago_Botero_0001.jpg,ok,0.4517,0.4996
Saoud_Al_Faisal_0001.jpg,ok,0.4622,0.4829
Saparmurat_Niyazov_0001.jpg,ok,0.4072,0.4846
Saparmurat_Niyazov_0002.jpg,ok,0.4633,0.4973
Sara_Elisabeth_Ahmad_0001.jpg,ok,0.4952,0.5041
Sara_Silverman_0001.jpg,ok,0.3304,0.3080
Sarah_Canale_0001.jpg,ok,0.2345,0.2455
Sarah_Hughes_0001.jpg,ok,0.3217,0.4339
Sarah_Hughes_0002.jpg,ok,0.3964,0.4730
Sarah_Hughes_0003.jpg,ok,0.2122,0.2769
Sarah_Hughes_0004.jpg,ok,0.2943,0.3198
Sarah_Hughes_0005.jpg,ok,0.4068,0.4741
Sarah_Hughes_0006.jpg,ok,0.3112,0.4504
Sarah_Jessica_Parker_0001.jpg,ok,0.4622,0.5492
Sarah_Jessica_Parker_0002.jpg,ok,0.3862,0.4339
Sarah_Jessica_Parker_0003.jpg,ok,0.4150,0.4591
Sarah_Jessica_Parker_0004.jpg,ok,0.3605,0.3958
Sarah_Jessica_Parker_0005.jpg,ok,0.4376,0.4160
Sarah_Jessica_Parker_0006.jpg,ok,0.3673,0.4298
Sarah_Michelle_Gellar_0001.jpg,ok,0.4429,0.5382
Sarah_Michelle_Gellar_0002.jpg,ok,0.3892,0.4480
Sarah_Michelle_Gellar_0003.jpg,ok,0.3786,0.4259
Sarah_Price_0001.jpg,ok,0.4303,0.4512
Sarah_Weddington_0001.jpg,ok,0.3991,0.4358
Sarah_Wynter_0001.jpg,ok,0.3069,0.3401
Sargis_Sargsian_0001.jpg,ok,0.5163,0.5132
Sasha_Alexander_0001.jpg,ok,0.4081,0.3965
Sasha_Cohen_0001.jpg,ok,0.4321,0.4462
Satnarine_Sharma_0001.jpg,ok,0.4951,0.5169
Scott_Blum_0001.jpg,ok,0.3734,0.3501
Scott_Dalton_0001.jpg,ok,0.4574,0.4335
Scott_Dickson_0001.jpg,ok,0.4777,0.4827
Scott_Fawell_0001.jpg,ok,0.4624,0.4858
Scott_Gorelick_0001.jpg,ok,0.4699,0.4108
Scott_Hamilton_0001.jpg,ok,0.3132,0.3740
Scott_Hoch_0001.jpg,ok,0.4774,0.3872
Scott_Hubbard_0001.jpg,ok,0.3285,0.4012
Scott_McClellan_0001.jpg,ok,0.4462,0.4317
Scott_McClellan_0002.jpg,ok,0.3713,0.4360
Scott_McClellan_0003.jpg,ok,0.4584,0.4654
Scott_McClellan_0004.jpg,ok,0.5164,0.5359
Scott_McClellan_0005.jpg,ok,0.4680,0.5040
Scott_McNealy_0001.jpg,ok,0.4055,0.4152
Scott_McNealy_0002.jpg,ok,0.4536,0.4397
Scott_OGrady_0001.jpg,ok,0.3691,0.4085
Scott_Peterson_0001.jpg,ok,0.4716,0.4888
Scott_Peterson_0002.jpg,ok,0.3851,0.4390
Scott_Peterson_0003.jpg,ok,0.3729,0.3744
Scott_Peterson_0004.jpg,ok,0.4506,0.4410
Scott_Peterson_0005.jpg,ok,0.4220,0.4601
Scott_Ritter_0001.jpg,ok,0.3399,0.3353
Scott_Ritter_0002.jpg,ok,0.4558,0.4654
Scott_Rolen_0001.jpg,ok,0.3916,0.2913
Scott_Rudin_0001.jpg,ok,0.3754,0.3443
Scott_Rudin_0002.jpg,ok,0.3624,0.3949
Scott_Sullivan_0001.jpg,ok,0.4471,0.4465
Scott_Sullivan_0002.jpg,ok,0.5017,0.4578
Scott_Verplank_0001.jpg,ok,0.4747,0.5102
Scott_Wallach_0001.jpg,ok,0.4994,0.4316
Scott_Weiland_0001.jpg,ok,0.4731,0.5414
Scott_Wittman_0001.jpg,ok,0.4029,0.4071
Scott_Wolf_0001.jpg,ok,0.3743,0.4448
Scott_Wolf_0002.jpg,ok,0.4345,0.3835
Scott_Yates_0001.jpg,ok,0.4526,0.4177
Se_Hyuk_Joo_0001.jpg,ok,0.4574,0.4850
Sean_Astin_0001.jpg,ok,0.3140,0.3261
Sean_Astin_0002.jpg,ok,0.4124,0.4478
Sean_Astin_0003.jpg,ok,0.4333,0.3189
Sean_Combs_0001.jpg,ok,0.4444,0.4954
Sean_Hayes_0001.jpg,ok,0.3661,0.3617
Sean_Hayes_0002.jpg,ok,0.4114,0.3756
Sean_OKeefe_0001.jpg,ok,0.3963,0.4648
Sean_OKeefe_0002.jpg,ok,0.4801,0.5267
Sean_OKeefe_0003.jpg,ok,0.3400,0.4093
Sean_OKeefe_0004.jpg,ok,0.4234,0.3963
Sean_OKeefe_0005.jpg,ok,0.3593,0.4298
Sean_Patrick_OMalley_0001.jpg,ok,0.4084,0.2682
Sean_Patrick_OMalley_0002.jpg,ok,0.4162,0.3262
Sean_Patrick_OMalley_0003.jpg,ok,0.5084,0.4971
Sean_Patrick_Thomas_0001.jpg,ok,0.3936,0.4287
Sean_Penn_0001.jpg,ok,0.4148,0.4385
Sean_Penn_0002.jpg,ok,0.4257,0.3977
Sean_Penn_0003.jpg,ok,0.3531,0.4467
Sean_Townsend_0001.jpg,ok,0.3187,0.4623
Sebastian_Cuattrin_0001.jpg,ok,0.3367,0.4324
Sebastian_Porto_0001.jpg,ok,0.3918,0.4270
Sebastian_Saja_0001.jpg,ok,0.5388,0.4835
Sebastian_Saja_0002.jpg,ok,0.6374,0.4888
Sebastian_Saja_0003.jpg,ok,0.5085,0.5037
Sebastien_Grosjean_0001.jpg,ok,0.5078,0.5094
Sebastien_Grosjean_0002.jpg,ok,0.3893,0.5067
Sebastien_Grosjean_0003.jpg,ok,0.5090,0.5022
Sebastien_Grosjean_0004.jpg,ok,0.4989,0.4863
Sedigh_Barmak_0001.jpg,ok,0.2273,0.3474
Selma_Phoenix_0001.jpg,ok,0.3837,0.4729
Sepp_Blatter_0001.jpg,ok,0.4822,0.4942
Sepp_Blatter_0002.jpg,ok,0.5088,0.5390
Sepp_Blatter_0003.jpg,ok,0.4627,0.3668
Sepp_Blatter_0004.jpg,ok,0.4424,0.4762
Serena_Karlan_0001.jpg,ok,0.4365,0.4538
Serena_Williams_0001.jpg,ok,0.4235,0.4924
Serena_Williams_0002.jpg,ok,0.4107,0.4686
Serena_Williams_0003.jpg,ok,0.3171,0.2786
Serena_Williams_0004.jpg,ok,0.4275,0.4423
Serena_Williams_0005.jpg,ok,0.4048,0.5029
Serena_Williams_0006.jpg,ok,0.4145,0.4989
Serena_Williams_0007.jpg,ok,0.4177,0.5094
Serena_Williams_0008.jpg,ok,0.3824,0.4991
Serena_Williams_0009.jpg,ok,0.4035,0.4344
Serena_Williams_0010.jpg,ok,0.4188,0.4808
Serena_Williams_0011.jpg,ok,0.4507,0.4978
Serena_Williams_0012.jpg,ok,0.4215,0.4654
Serena_Williams_0013.jpg,ok,0.4144,0.4981
Serena_Williams_0014.jpg,ok,0.4412,0.4162
Serena_Williams_0015.jpg,ok,0.4202,0.4854
Serena_Williams_0016.jpg,ok,0.4075,0.4970
Serena_Williams_0017.jpg,ok,0.4170,0.4396
Serena_Williams_0018.jpg,ok,0.3378,0.3362
Serena_Williams_0019.jpg,ok,0.2864,0.3430
Serena_Williams_0020.jpg,ok,0.2792,0.2621
Serena_Williams_0021.jpg,ok,0.3370,0.3495
Serena_Williams_0022.jpg,ok,0.3611,0.4466
Serena_Williams_0023.jpg,ok,0.4994,0.4866
Serena_Williams_0024.jpg,ok,0.3624,0.3654
Serena_Williams_0025.jpg,ok,0.3664,0.4494
Serena_Williams_0026.jpg,ok,0.3286,0.3030
Serena_Williams_0027.jpg,ok,0.3937,0.3865
Serena_Williams_0028.jpg,ok,0.4114,0.4788
Serena_Williams_0029.jpg,ok,0.4300,0.4850
Serena_Williams_0030.jpg,ok,0.3991,0.4291
Serena_Williams_0031.jpg,ok,0.4376,0.4763
Serena_Williams_0032.jpg,ok,0.4098,0.4483
Serena_Williams_0033.jpg,ok,0.4349,0.4573
Serena_Williams_0034.jpg,ok,0.4240,0.4000
Serena_Williams_0035.jpg,ok,0.3961,0.4380
Serena_Williams_0036.jpg,ok,0.4183,0.4890
Serena_Williams_0037.jpg,ok,0.3809,0.4075
Serena_Williams_0038.jpg,ok,0.3638,0.3783
Serena_Williams_0039.jpg,ok,0.4265,0.4767
Serena_Williams_0040.jpg,ok,0.4153,0.4206
Serena_Williams_0041.jpg,ok,0.4445,0.4942
Serena_Williams_0042.jpg,ok,0.4784,0.5047
Serena_Williams_0043.jpg,ok,0.3440,0.4505
Serena_Williams_0044.jpg,ok,0.4296,0.5041
Serena_Williams_0045.jpg,ok,0.4317,0.4921
Serena_Williams_0046.jpg,ok,0.2807,0.3615
Serena_Williams_0047.jpg,ok,0.4682,0.4544
Serena_Williams_0048.jpg,ok,0.4053,0.5039
Serena_Williams_0049.jpg,ok,0.4115,0.3825
Serena_Williams_0050.jpg,ok,0.3610,0.4816
Serena_Williams_0051.jpg,ok,0.4141,0.4845
Serena_Williams_0052.jpg,ok,0.4323,0.4740
Sereyvuth_Kem_0001.jpg,ok,0.3761,0.3684
Serge_Klarsfeld_0001.jpg,ok,0.4055,0.4197
Serge_Melac_0001.jpg,ok,0.4152,0.4391
Serge_Tchuruk_0001.jpg,ok,0.3145,0.3577
Sergei_Alexandrovitch_Ordzhonikidze_0001.jpg,ok,0.3579,0.3917
Sergei_Ivanov_0001.jpg,ok,0.3796,0.4677
Sergei_Ivanov_0002.jpg,ok,0.3871,0.4465
Sergei_Ivanov_0003.jpg,ok,0.5311,0.5082
Sergei_Ivanov_0004.jpg,ok,0.4193,0.4590
Sergei_Ivanov_0005.jpg,ok,0.3245,0.3199
Sergei_Yastrzhembsky_0001.jpg,ok,0.3510,0.2763
Sergei_Yushenkov_0001.jpg,ok,0.4113,0.3544
Sergey_Lavrov_0001.jpg,ok,0.3731,0.4645
Sergey_Lavrov_0002.jpg,ok,0.3894,0.4216
Sergey_Lavrov_0003.jpg,ok,0.4046,0.5247
Sergey_Lavrov_0004.jpg,ok,0.4942,0.4832
Sergey_Lavrov_0005.jpg,ok,0.4798,0.4544
Sergey_Lavrov_0006.jpg,ok,0.4260,0.4843
Sergey_Lavrov_0007.jpg,ok,0.4168,0.4932
Sergey_Lavrov_0008.jpg,ok,0.4039,0.3974
Sergey_Lavrov_0009.jpg,ok,0.4143,0.4635
Sergey_Lavrov_0010.jpg,ok,0.4699,0.5008
Sergey_Lavrov_0011.jpg,ok,0.4558,0.4746
Sergio_Castellitto_0001.jpg,ok,0.3850,0.4499
Sergio_Garcia_0001.jpg,ok,0.5092,0.4556
Sergio_Garcia_0002.jpg,ok,0.3786,0.3852
Sergio_Vieira_De_Mello_0001.jpg,ok,0.4733,0.4524
Sergio_Vieira_De_Mello_0002.jpg,ok,0.4672,0.5160
Sergio_Vieira_De_Mello_0003.jpg,ok,0.4314,0.5101
Sergio_Vieira_De_Mello_0004.jpg,ok,0.3983,0.5136
Sergio_Vieira_De_Mello_0005.jpg,ok,0.3438,0.2947
Sergio_Vieira_De_Mello_0006.jpg,ok,0.4861,0.4197
Sergio_Vieira_De_Mello_0007.jpg,ok,0.3775,0.3622
Sergio_Vieira_De_Mello_0008.jpg,ok,0.4334,0.4630
Sergio_Vieira_De_Mello_0009.jpg,ok,0.4050,0.4819
Sergio_Vieira_De_Mello_0010.jpg,ok,0.4384,0.4415
Sergio_Vieira_De_Mello_0011.jpg,ok,0.4838,0.4077
Seth_Gorney_0001.jpg,ok,0.4500,0.3479
Severino_Antinori_0001.jpg,ok,0.4259,0.3508
Seydou_Diarra_0001.jpg,ok,0.4181,0.3941
Seymour_Cassell_0001.jpg,ok,0.4213,0.4150
Shae-Lynn_Bourne_0001.jpg,ok,0.3062,0.3949
Shafal_Mosed_0001.jpg,ok,0.4863,0.4876
Shamai_Leibowitz_0001.jpg,ok,0.3858,0.4260
Shane_Hmiel_0001.jpg,ok,0.3393,0.2920
Shane_Loux_0001.jpg,ok,0.5379,0.5118
Shane_Mosley_0001.jpg,ok,0.3831,0.2992
Shane_Mosley_0002.jpg,ok,0.3368,0.3393
Shane_Phillips_0001.jpg,ok,0.3867,0.3885
Shane_Reynolds_0001.jpg,ok,0.5373,0.5283
Shane_Warne_0001.jpg,ok,0.4874,0.4818
Shane_Warne_0002.jpg,ok,0.3982,0.4062
Shania_Twain_0001.jpg,ok,0.4523,0.4672
Shanna_Zolman_0001.jpg,ok,0.4831,0.4745
Shannon_OBrien_0001.jpg,ok,0.3395,0.4330
Shannon_OBrien_0002.jpg,ok,0.4009,0.4527
Shannyn_Sossamon_0001.jpg,ok,0.5300,0.5121
Sharess_Harrell_0001.jpg,ok,0.3535,0.3445
Sharon_Davis_0001.jpg,ok,0.4307,0.4415
Sharon_Davis_0002.jpg,ok,0.4477,0.4911
Sharon_Frey_0001.jpg,ok,0.3407,0.3233
Sharon_Frey_0002.jpg,ok,0.3520,0.3384
Sharon_Osbourne_0001.jpg,ok,0.3075,0.3140
Sharon_Osbourne_0002.jpg,ok,0.3587,0.3689
Sharon_Osbourne_0003.jpg,ok,0.4684,0.5172
Sharon_Robinson_0001.jpg,ok,0.4128,0.4361
Sharon_Stone_0001.jpg,ok,0.4232,0.4865
Sharon_Stone_0002.jpg,ok,0.3650,0.3615
Sharon_Stone_0003.jpg,ok,0.5796,0.5663
Sharon_Stone_0004.jpg,ok,0.4255,0.4432
Sharon_Stone_0005.jpg,ok,0.3877,0.3808
Shaukat_Aziz_0001.jpg,ok,0.4528,0.5185
Shaukat_Aziz_0002.jpg,ok,0.4413,0.3647
Shaul_Mofaz_0001.jpg,ok,0.2537,0.3379
Shaul_Mofaz_0002.jpg,ok,0.4365,0.4733
Shaul_Mofaz_0003.jpg,ok,0.3342,0.3457
Shaun_Pollock_0001.jpg,ok,0.4517,0.5086
Shaun_Rusling_0001.jpg,ok,0.4840,0.4383
Shavon_Earp_0001.jpg,ok,0.4530,0.4786
Shawn_Bradley_0001.jpg,ok,0.4130,0.4667
Shawn_Kemp_0001.jpg,ok,0.3514,0.3753
Shawn_Marion_0001.jpg,ok,0.4628,0.4581
Sheikh_Ahmed_Yassin_0001.jpg,ok,0.5158,0.5021
Sheila_Copps_0001.jpg,ok,0.4137,0.4874
Sheila_Copps_0002.jpg,ok,0.3789,0.4303
Sheila_Copps_0003.jpg,ok,0.4128,0.3902
Sheila_Copps_0004.jpg,ok,0.4338,0.4605
Sheila_Fraser_0001.jpg,ok,0.4080,0.4270
Sheila_Fraser_0002.jpg,ok,0.4327,0.4374
Sheila_Taormina_0001.jpg,ok,0.4338,0.4854
Sheila_Wellstone_0001.jpg,ok,0.5501,0.5636
Sheila_Wellstone_0002.jpg,ok,0.4553,0.4862
Sheldon_Silver_0001.jpg,ok,0.4263,0.4451
Sherri_Coale_0001.jpg,ok,0.3560,0.3603
Sherry_Fisher_0001.jpg,ok,0.3799,0.4570
Sherry_Irving_0001.jpg,ok,0.6114,0.5861
Sheryl_Crow_0001.jpg,ok,0.3961,0.4622
Sheryl_Crow_0002.jpg,ok,0.3463,0.3538
Sheryl_Crow_0003.jpg,ok,0.3881,0.3882
Sheryl_Crow_0004.jpg,ok,0.3507,0.2468
Sheryl_Crow_0005.jpg,ok,0.4098,0.5159
Sheryl_Crow_0006.jpg,ok,0.2909,0.2428
Sheryl_Crow_0007.jpg,ok,0.4083,0.4779
Sheryl_Crow_0008.jpg,ok,0.2697,0.3741
Shi_Guangsheng_0001.jpg,ok,0.4874,0.4645
Shia_LaBeouf_0001.jpg,ok,0.2616,0.4817
Shia_LaBeouf_0002.jpg,ok,0.4675,0.5483
Shigeo_Nagashima_0001.jpg,ok,0.4399,0.4404
Shigeru_Ishiba_0001.jpg,ok,0.4425,0.5044
Shimon_Peres_0001.jpg,ok,0.4461,0.4739
Shimon_Peres_0002.jpg,ok,0.4394,0.5166
Shimon_Peres_0003.jpg,ok,0.2977,0.4638
Shimon_Peres_0004.jpg,ok,0.4588,0.5625
Shimon_Peres_0005.jpg,ok,0.4222,0.4802
Shimon_Peres_0006.jpg,ok,0.4123,0.4779
Shimon_Peres_0007.jpg,ok,0.4802,0.4566
Shimon_Peres_0008.jpg,ok,0.4449,0.3783
Shingo_Katayama_0001.jpg,ok,0.4895,0.4933
Shingo_Suetsugu_0001.jpg,ok,0.4514,0.4542
Shinya_Taniguchi_0001.jpg,ok,0.5373,0.5090
Shinzo_Abe_0001.jpg,ok,0.5361,0.4744
Shireen_Amir_Begum_0001.jpg,ok,0.6395,0.5767
Shirley_Jones_0001.jpg,ok,0.4719,0.4736
Shobha_De_0001.jpg,ok,0.4192,0.4661
Shoshana_Johnson_0001.jpg,ok,0.4365,0.4865
Shoshannah_Stern_0001.jpg,ok,0.4149,0.4173
Sid_Caesar_0001.jpg,ok,0.4170,0.3084
Sidney_Kimmel_0001.jpg,ok,0.5050,0.4776
Sidney_Poitier_0001.jpg,ok,0.3854,0.4030
Sigourney_Weaver_0001.jpg,ok,0.4484,0.4216
Sila_Calderon_0001.jpg,ok,0.4637,0.4182
Sila_Calderon_0002.jpg,ok,0.2695,0.4169
Sila_Calderon_0003.jpg,ok,0.3991,0.5031
Sila_Calderon_0004.jpg,ok,0.3535,0.4635
Silvan_Shalom_0001.jpg,ok,0.4962,0.4926
Silvan_Shalom_0002.jpg,ok,0.3936,0.3915
Silvan_Shalom_0003.jpg,ok,0.4554,0.4144
Silvan_Shalom_0004.jpg,ok,0.4593,0.5029
Silvan_Shalom_0005.jpg,ok,0.4458,0.4494
Silvan_Shalom_0006.jpg,ok,0.4760,0.4540
Silvia_Farina_Elia_0001.jpg,ok,0.4752,0.4886
Silvia_Farina_Elia_0002.jpg,ok,0.4916,0.5055
Silvia_Farina_Elia_0003.jpg,ok,0.4943,0.5215
Silvie_Cabero_0001.jpg,ok,0.4155,0.4314
Silvio_Berlusconi_0001.jpg,ok,0.4209,0.5126
Silvio_Berlusconi_0002.jpg,ok,0.4951,0.5215
Silvio_Berlusconi_0003.jpg,ok,0.4642,0.5343
Silvio_Berlusconi_0004.jpg,ok,0.4671,0.4752
Silvio_Berlusconi_0005.jpg,ok,0.4950,0.5771
Silvio_Berlusconi_0006.jpg,ok,0.3867,0.3815
Silvio_Berlusconi_0007.jpg,ok,0.3272,0.3622
Silvio_Berlusconi_0008.jpg,ok,0.4249,0.4573
Silvio_Berlusconi_0009.jpg,ok,0.3786,0.4699
Silvio_Berlusconi_0010.jpg,ok,0.4093,0.4163
Silvio_Berlusconi_0011.jpg,ok,0.4620,0.4866
Silvio_Berlusconi_0012.jpg,ok,0.3800,0.4745
Silvio_Berlusconi_0013.jpg,ok,0.4793,0.4697
Silvio_Berlusconi_0014.jpg,ok,0.4247,0.4606
Silvio_Berlusconi_0015.jpg,ok,0.4181,0.4196
Silvio_Berlusconi_0016.jpg,ok,0.3969,0.5006
Silvio_Berlusconi_0017.jpg,ok,0.3408,0.4350
Silvio_Berlusconi_0018.jpg,ok,0.4365,0.4734
Silvio_Berlusconi_0019.jpg,ok,0.3490,0.4127
Silvio_Berlusconi_0020.jpg,ok,0.3589,0.4138
Silvio_Berlusconi_0021.jpg,ok,0.4295,0.5062
Silvio_Berlusconi_0022.jpg,ok,0.4535,0.4495
Silvio_Berlusconi_0023.jpg,ok,0.4164,0.5109
Silvio_Berlusconi_0024.jpg,ok,0.4149,0.4367
Silvio_Berlusconi_0025.jpg,ok,0.4624,0.5177
Silvio_Berlusconi_0026.jpg,ok,0.4011,0.3914
Silvio_Berlusconi_0027.jpg,ok,0.4195,0.4409
Silvio_Berlusconi_0028.jpg,ok,0.4177,0.4526
Silvio_Berlusconi_0029.jpg,ok,0.3656,0.5129
Silvio_Berlusconi_0030.jpg,ok,0.5019,0.5296
Silvio_Berlusconi_0031.jpg,ok,0.3731,0.4645
Silvio_Berlusconi_0032.jpg,ok,0.2815,0.3457
Silvio_Berlusconi_0033.jpg,ok,0.3887,0.4726
Silvio_Fernandez_0001.jpg,ok,0.3978,0.3722
Silvio_Fernandez_0002.jpg,ok,0.4822,0.4729
Sim_Yong_0001.jpg,ok,0.4366,0.5033
Simon_Chalk_0001.jpg,ok,0.3090,0.3475
Simon_Cowell_0001.jpg,ok,0.3785,0.3931
Simon_Cowell_0002.jpg,ok,0.4179,0.2937
Simon_Larose_0001.jpg,ok,0.4589,0.4963
Simon_Yam_0001.jpg,ok,0.4517,0.4021
Simona_Hradil_0001.jpg,ok,0.3092,0.2812
Sinead_OConnor_0001.jpg,ok,0.5633,0.4791
Sivan_Klein_0001.jpg,ok,0.3471,0.4012
Skip_Prosser_0001.jpg,ok,0.4923,0.4921
Slobodan_Milosevic_0001.jpg,ok,0.4643,0.4769
Slobodan_Milosevic_0002.jpg,ok,0.4361,0.4745
Slobodan_Milosevic_0003.jpg,ok,0.4468,0.5316
Slobodan_Milosevic_0004.jpg,ok,0.4314,0.5125
Soenarno_0001.jpg,ok,0.5105,0.5205
Sofia_Milos_0001.jpg,ok,0.3038,0.3169
Sofyan_Dawood_0001.jpg,ok,0.4881,0.5027
Sohail_Abbas_0001.jpg,ok,0.4939,0.5212
Sok_An_0001.jpg,ok,0.4531,0.4909
Solomon_Passy_0001.jpg,ok,0.3881,0.3198
Sonia_Gandhi_0001.jpg,ok,0.5893,0.5672
Sonia_Gandhi_0002.jpg,ok,0.6409,0.6849
Sonia_Gandhi_0003.jpg,ok,0.4752,0.4919
Sonia_Gandhi_0004.jpg,ok,0.5545,0.5062
Sonia_Lopez_0001.jpg,ok,0.4160,0.5114
Sonja_Kesselschlager_0001.jpg,ok,0.3204,0.4704
Sonya_Walger_0001.jpg,ok,0.4047,0.3456
Soon_Yi_0001.jpg,ok,0.3464,0.3550
Sophia_Loren_0001.jpg,ok,0.4228,0.4399
Sophia_Loren_0002.jpg,ok,0.3406,0.2757
Sophia_Loren_0003.jpg,ok,0.3235,0.3945
Sophia_Loren_0004.jpg,ok,0.3666,0.4129
Sophia_Loren_0005.jpg,ok,0.3252,0.3693
Sophia_Loren_0006.jpg,ok,0.3612,0.4450
Sophia_Loren_0007.jpg,ok,0.3300,0.4229
Sophie_0001.jpg,ok,0.4336,0.4063
Sourav_Ganguly_0001.jpg,ok,0.4580,0.3655
Sourav_Ganguly_0002.jpg,ok,0.4507,0.5310
Sourav_Ganguly_0003.jpg,ok,0.3905,0.4354
Sourav_Ganguly_0004.jpg,ok,0.3172,0.4217
Sourav_Ganguly_0005.jpg,ok,0.4406,0.4681
Spencer_Abraham_0001.jpg,ok,0.4507,0.5028
Spencer_Abraham_0002.jpg,ok,0.3252,0.3698
Spencer_Abraham_0003.jpg,ok,0.4494,0.4479
Spencer_Abraham_0004.jpg,ok,0.4759,0.4284
Spencer_Abraham_0005.jpg,ok,0.4755,0.4856
Spencer_Abraham_0006.jpg,ok,0.4169,0.4479
Spencer_Abraham_0007.jpg,ok,0.4826,0.4558
Spencer_Abraham_0008.jpg,ok,0.4784,0.4762
Spencer_Abraham_0009.jpg,ok,0.3653,0.4776
Spencer_Abraham_0010.jpg,ok,0.4500,0.3559
Spencer_Abraham_0011.jpg,ok,0.4286,0.4544
Spencer_Abraham_0012.jpg,ok,0.4673,0.4590
Spencer_Abraham_0013.jpg,ok,0.4509,0.4166
Spencer_Abraham_0014.jpg,ok,0.4072,0.3816
Spencer_Abraham_0015.jpg,ok,0.4495,0.4454
Spencer_Abraham_0016.jpg,ok,0.4451,0.4822
Spencer_Abraham_0017.jpg,ok,0.4589,0.4630
Spike_Helmick_0001.jpg,ok,0.4705,0.5135
Spike_Jonze_0001.jpg,ok,0.4422,0.4915
Spike_Lee_0001.jpg,ok,0.3994,0.3650
Stacey_Dales-Schuman_0001.jpg,ok,0.3960,0.4780
Stacey_Jones_0001.jpg,ok,0.5233,0.4410
Stacey_Yamaguchi_0001.jpg,ok,0.4121,0.4414
Stacy_Dragila_0001.jpg,ok,0.3364,0.4345
Stacy_Dragila_0002.jpg,ok,0.4224,0.4829
Stacy_Nelson_0001.jpg,ok,0.3866,0.3946
Stan_Heath_0001.jpg,ok,0.3717,0.3802
Stan_Heath_0002.jpg,ok,0.4041,0.3779
Stan_Kasten_0001.jpg,ok,0.4275,0.3729
Stan_Kroenke_0001.jpg,ok,0.4400,0.4236
Stanislas_Wawrinka_0001.jpg,ok,0.4400,0.5025
Stanley_Ho_0001.jpg,ok,0.4166,0.5288
Stanley_McChrystal_0001.jpg,ok,0.5019,0.4762
Stanley_McChrystal_0002.jpg,ok,0.4002,0.4834
Stanley_McChrystal_0003.jpg,ok,0.4943,0.4905
Stanley_Nelson_0001.jpg,ok,0.4055,0.3936
Stanley_Tong_0001.jpg,ok,0.5162,0.4686
Stanley_Tong_0002.jpg,ok,0.3499,0.4663
Stefaan_Declerk_0001.jpg,ok,0.4299,0.4257
Stefan_Holm_0001.jpg,ok,0.4348,0.5088
Stefan_Koubek_0001.jpg,ok,0.4660,0.4907
Stefan_Tafrov_0001.jpg,ok,0.3969,0.4139
Stefanie_De_Roux_0001.jpg,ok,0.2860,0.4273
Stefano_Accorsi_0001.jpg,ok,0.3004,0.3626
Stefano_Accorsi_0002.jpg,ok,0.2031,0.4232
Stefano_Basalini_0001.jpg,ok,0.4349,0.4361
Stefano_Gabbana_0001.jpg,ok,0.3878,0.3035
Steffeny_Holtz_0001.jpg,ok,0.3462,0.4686
Steffi_Graf_0001.jpg,ok,0.4788,0.4807
Steffi_Graf_0002.jpg,ok,0.4153,0.4674
Steffi_Graf_0003.jpg,ok,0.3441,0.3534
Steffi_Graf_0004.jpg,ok,0.3308,0.2866
Steffi_Graf_0005.jpg,ok,0.3598,0.3879
Stella_Keitel_0001.jpg,ok,0.3341,0.3182
Stella_McCartney_0001.jpg,ok,0.3313,0.2518
Stella_Tennant_0001.jpg,ok,0.4873,0.5042
Stellan_Skarsgard_0001.jpg,ok,0.3665,0.4379
Stellan_Skarsgard_0002.jpg,ok,0.4564,0.4924
Steny_Hoyer_0001.jpg,ok,0.4321,0.4270
Stepan_Demirchian_0001.jpg,ok,0.3245,0.4988
Stephan_Eberharter_0001.jpg,ok,0.4259,0.4945
Stephane_Delajoux_0001.jpg,ok,0.4630,0.4808
Stephane_Rochon_0001.jpg,ok,0.3298,0.4199
Stephane_Rousseau_0001.jpg,ok,0.3930,0.3370
Stephanie_Cohen_Aloro_0001.jpg,ok,0.4765,0.5132
Stephanie_Moore_0001.jpg,ok,0.3919,0.3546
Stephanie_Zimbalist_0001.jpg,ok,0.3997,0.4294
Stephen_Ambrose_0001.jpg,ok,0.5092,0.4933
Stephen_Ambrose_0002.jpg,ok,0.4535,0.4806
Stephen_Arigbabu_0001.jpg,ok,0.4284,0.4667
Stephen_Cooper_0001.jpg,ok,0.3932,0.3982
Stephen_Covey_0001.jpg,ok,0.4401,0.4322
Stephen_Crampton_0001.jpg,ok,0.4894,0.4925
Stephen_Daldry_0001.jpg,ok,0.3780,0.3788
Stephen_Daldry_0002.jpg,ok,0.4550,0.3662
Stephen_Ebberharter_0001.jpg,ok,0.4147,0.4145
Stephen_Frears_0001.jpg,ok,0.3667,0.4569
Stephen_Friedman_0001.jpg,ok,0.5315,0.5204
Stephen_Friedman_0002.jpg,ok,0.4509,0.5243
Stephen_Funk_0001.jpg,ok,0.4325,0.3499
Stephen_Glassroth_0001.jpg,ok,0.4532,0.4516
Stephen_Joseph_0001.jpg,ok,0.3863,0.3677
Stephen_Keener_0001.jpg,ok,0.4085,0.4632
Stephen_Oake_0001.jpg,ok,0.5679,0.5303
Stephen_Push_0001.jpg,ok,0.4736,0.4786
Stephen_Silas_0001.jpg,ok,0.4523,0.4701
Stephen_Swindal_0001.jpg,ok,0.4591,0.4728
Stephen_Thompson_0001.jpg,ok,0.3859,0.4322
Stephen_Webster_0001.jpg,ok,0.3436,0.3895
Sterling_Hitchcock_0001.jpg,ok,0.3744,0.3755
Steve-O_0001.jpg,ok,0.4660,0.5275
Steve_Alford_0001.jpg,ok,0.4425,0.4853
Steve_Allan_0001.jpg,ok,0.4483,0.5360
Steve_Allee_0001.jpg,ok,0.3980,0.4550
Steve_Austin_0001.jpg,ok,0.4475,0.4493
Steve_Avery_0001.jpg,ok,0.3841,0.4106
Steve_Backley_0001.jpg,ok,0.4804,0.4762
Steve_Backley_0002.jpg,ok,0.4611,0.4762
Steve_Ballmer_0001.jpg,ok,0.4026,0.5059
Steve_Ballmer_0002.jpg,ok,0.4028,0.3884
Steve_Ballmer_0003.jpg,ok,0.3853,0.3924
Steve_Blake_0001.jpg,ok,0.5235,0.4936
Steve_Blankenship_0001.jpg,ok,0.3764,0.3168
Steve_Case_0001.jpg,ok,0.3782,0.4656
Steve_Coogan_0001.jpg,ok,0.4737,0.4608
Steve_Coterill_0001.jpg,ok,0.4857,0.4822
Steve_Cox_0001.jpg,ok,0.5008,0.5082
Steve_Cutler_0001.jpg,ok,0.4220,0.4704
Steve_Fehr_0001.jpg,ok,0.4230,0.3359
Steve_Karsay_0001.jpg,ok,0.3190,0.4409
Steve_Kerr_0001.jpg,ok,0.4625,0.4491
Steve_Largent_0001.jpg,ok,0.3681,0.3656
Steve_Lavin_0001.jpg,ok,0.4328,0.4148
Steve_Lavin_0002.jpg,ok,0.3168,0.2979
Steve_Lavin_0003.jpg,ok,0.4537,0.4374
Steve_Lavin_0004.jpg,ok,0.3150,0.3298
Steve_Lavin_0005.jpg,ok,0.4095,0.4618
Steve_Lavin_0006.jpg,ok,0.4478,0.4732
Steve_Lenard_0001.jpg,ok,0.4635,0.3906
Steve_Mariucci_0001.jpg,ok,0.4556,0.4670
Steve_Mariucci_0002.jpg,ok,0.4277,0.4949
Steve_Mariucci_0003.jpg,ok,0.4391,0.4205
Steve_McManaman_0001.jpg,ok,0.4783,0.4197
Steve_Nash_0001.jpg,ok,0.4123,0.2905
Steve_Nash_0002.jpg,ok,0.4415,0.4431
Steve_Nash_0003.jpg,ok,0.4848,0.4514
Steve_Nash_0004.jpg,ok,0.4891,0.4343
Steve_Nash_0005.jpg,ok,0.5211,0.4711
Steve_Nesbitt_0001.jpg,ok,0.4573,0.4772
Steve_Pagliuca_0001.jpg,ok,0.4280,0.4249
Steve_Park_0001.jpg,ok,0.4084,0.3940
Steve_Park_0002.jpg,ok,0.3856,0.4529
Steve_Patterson_0001.jpg,ok,0.4685,0.4599
Steve_Peace_0001.jpg,ok,0.3377,0.4850
Steve_Phillips_0001.jpg,ok,0.3801,0.4168
Steve_Redgrave_0001.jpg,ok,0.4448,0.4209
Steve_Rush_0001.jpg,ok,0.3362,0.3927
Steve_Shiver_0001.jpg,ok,0.5325,0.5191
Steve_Spurrier_0001.jpg,ok,0.3393,0.3007
Steve_Spurrier_0002.jpg,ok,0.4911,0.5150
Steve_Stirling_0001.jpg,ok,0.3228,0.4371
Steve_Valentine_0001.jpg,ok,0.2890,0.2767
Steve_Wariner_0001.jpg,ok,0.3501,0.4700
Steve_Waugh_0001.jpg,ok,0.2991,0.3024
Steve_Waugh_0002.jpg,ok,0.2839,0.3462
Steve_Zahn_0001.jpg,ok,0.2386,0.3002
Steven_Briggs_0001.jpg,ok,0.4730,0.4853
Steven_Craig_0001.jpg,ok,0.4588,0.4626
Steven_Curtis_Chapman_0001.jpg,ok,0.3396,0.3158
Steven_Feldman_0001.jpg,ok,0.3541,0.3946
Steven_Hatfill_0001.jpg,ok,0.4903,0.4279
Steven_Hatfill_0002.jpg,ok,0.5128,0.4851
Steven_Kinlock_0001.jpg,ok,0.4199,0.4631
Steven_Seagal_0001.jpg,ok,0.3943,0.3637
Steven_Seagal_0002.jpg,ok,0.3077,0.3192
Steven_Spielberg_0001.jpg,ok,0.4656,0.4682
Steven_Spielberg_0002.jpg,ok,0.4449,0.3318
Steven_Spielberg_0003.jpg,ok,0.4658,0.4377
Steven_Spielberg_0004.jpg,ok,0.4732,0.4669
Steven_Spielberg_0005.jpg,ok,0.4388,0.4227
Steven_Spielberg_0006.jpg,ok,0.4817,0.4466
Steven_Spielberg_0007.jpg,ok,0.4460,0.4733
Steven_Tyler_0001.jpg,ok,0.3032,0.3458
Steven_Van_Zandt_0001.jpg,ok,0.3842,0.4461
Stipe_Mesic_0001.jpg,ok,0.4889,0.4688
Stockard_Channing_0001.jpg,ok,0.4322,0.4454
Stockard_Channing_0002.jpg,ok,0.4029,0.4705
Stockard_Channing_0003.jpg,ok,0.4873,0.4762
Strom_Thurmond_0001.jpg,ok,0.4516,0.4553
Strom_Thurmond_0002.jpg,ok,0.3511,0.4366
Strom_Thurmond_0003.jpg,ok,0.4401,0.4179
Stuart_Knoll_0001.jpg,ok,0.4492,0.4740
Stuart_Townsend_0001.jpg,ok,0.4033,0.3739
Stuart_Whitman_0001.jpg,ok,0.4282,0.4083
Sue_Grafton_0001.jpg,ok,0.3632,0.3378
Sue_Guevara_0001.jpg,ok,0.4414,0.5037
Sue_Johnston_0001.jpg,ok,0.3126,0.3881
Sue_Slavec_0001.jpg,ok,0.4570,0.4926
Sue_Wicks_0001.jpg,ok,0.4926,0.4881
Sue_Wicks_0002.jpg,ok,0.3855,0.3971
Suh_Chung-won_0001.jpg,ok,0.4790,0.5425
Suh_Young-hoon_0001.jpg,ok,0.5042,0.5179
Suk_Chung_Hong_0001.jpg,ok,0.5765,0.5266
Sultan_Qaboos_0001.jpg,ok,0.4241,0.4802
Sun_Myung_Moon_0001.jpg,ok,0.3144,0.3636
Sung_Hong_Choi_0001.jpg,ok,0.4828,0.5599
Supachai_Panitchpakdi_0001.jpg,ok,0.5105,0.5160
Surakait_Sathirathai_0001.jpg,ok,0.4385,0.4808
Surakait_Sathirathai_0002.jpg,ok,0.4430,0.4034
Sureyya_Ayhan_0001.jpg,ok,0.4839,0.4957
Surya_Bahadur_Thapa_0001.jpg,ok,0.5497,0.5166
Susan_Collins_0001.jpg,ok,0.4700,0.4959
Susan_Collins_0002.jpg,ok,0.4331,0.4624
Susan_Sarandon_0001.jpg,ok,0.3114,0.3941
Susan_Sarandon_0002.jpg,ok,0.3245,0.3244
Susan_Sarandon_0003.jpg,ok,0.3117,0.4128
Susan_Sarandon_0004.jpg,ok,0.3478,0.4030
Susan_Sarandon_0005.jpg,ok,0.5104,0.4492
Susan_Sarandon_0006.jpg,ok,0.3096,0.3983
Susan_Walvius_0001.jpg,ok,0.3813,0.4223
Susan_Whelan_0001.jpg,ok,0.4580,0.4662
Sushma_Swaraj_0001.jpg,ok,0.4143,0.3494
Susie_Castillo_0001.jpg,ok,0.3434,0.3881
Susie_Castillo_0002.jpg,ok,0.3749,0.3696
Susilo_Bambang_Yudhoyono_0001.jpg,ok,0.4283,0.5052
Susilo_Bambang_Yudhoyono_0002.jpg,ok,0.4526,0.4952
Susilo_Bambang_Yudhoyono_0003.jpg,ok,0.4278,0.5270
Susilo_Bambang_Yudhoyono_0004.jpg,ok,0.4724,0.4636
Suzanne_Fox_0001.jpg,ok,0.3861,0.3828
Suzanne_Gaudet_0001.jpg,ok,0.3716,0.4229
Suzanne_Gaudet_0002.jpg,ok,0.3360,0.3721
Suzanne_Haik_Terrell_0001.jpg,ok,0.4286,0.4788
Suzanne_Mubarak_0001.jpg,ok,0.3911,0.4483
Suzanne_Somers_0001.jpg,ok,0.3240,0.3748
Suzanne_Torrance_0001.jpg,ok,0.4137,0.4253
Suzie_McConnell_Serio_0001.jpg,ok,0.3673,0.4416
Sven_Goran_Eriksson_0001.jpg,ok,0.4548,0.4621
Sven_Ottke_0001.jpg,ok,0.4723,0.5117
Svend_Aage_Jensby_0001.jpg,ok,0.4272,0.4879
Svend_Robinson_0001.jpg,ok,0.4900,0.4355
Svetislav_Pesic_0001.jpg,ok,0.3927,0.3595
Svetlana_Belousova_0001.jpg,ok,0.3595,0.3408
Svetlana_Koroleva_0001.jpg,ok,0.3315,0.4253
Svetlana_Koroleva_0002.jpg,ok,0.5034,0.4583
Svetoslav_Todorov_0001.jpg,ok,0.5666,0.6044
Sybille_Schmid_0001.jpg,ok,0.4185,0.3971
Syed_Abdul_Rahman_Geelani_0001.jpg,ok,0.3659,0.5058
Syed_Ibrahim_0001.jpg,ok,0.4649,0.4433
Sylvester_Stallone_0001.jpg,ok,0.4815,0.5132
Sylvester_Stallone_0002.jpg,ok,0.3203,0.4194
Sylvester_Stallone_0003.jpg,ok,0.3469,0.4040
Sylvester_Stallone_0004.jpg,ok,0.5177,0.5868
Sylvester_Stallone_0005.jpg,ok,0.4638,0.4739
Sylvester_Stallone_0006.jpg,ok,0.3809,0.4544
Sylvester_Stallone_0007.jpg,ok,0.4993,0.4686
Sylvester_Stallone_0008.jpg,ok,0.3100,0.3895
Sylvester_Stallone_0009.jpg,ok,0.3761,0.4318
Sylvia_Plachy_0001.jpg,ok,0.3926,0.4077
Sylvie_Guillem_0001.jpg,ok,0.2905,0.3319
Szu_Yu_Chen_0001.jpg,ok,0.5692,0.5056
TA_McLendon_0001.jpg,ok,0.4133,0.4036
TJ_Ford_0001.jpg,ok,0.3795,0.4081
T_Boone_Pickens_0001.jpg,ok,0.4158,0.3955
Tab_Baldwin_0001.jpg,ok,0.4420,0.4180
Tab_Turner_0001.jpg,ok,0.4406,0.4051
Tabare_Vazquez_0001.jpg,ok,0.4978,0.4985
Taha_Yassin_Ramadan_0001.jpg,ok,0.4158,0.5272
Taha_Yassin_Ramadan_0002.jpg,ok,0.3796,0.4868
Taha_Yassin_Ramadan_0003.jpg,ok,0.4372,0.4933
Taha_Yassin_Ramadan_0004.jpg,ok,0.4053,0.4924
Taha_Yassin_Ramadan_0005.jpg,ok,0.4799,0.5272
Taha_Yassin_Ramadan_0006.jpg,ok,0.4067,0.5651
Taha_Yassin_Ramadan_0007.jpg,ok,0.3698,0.4749
Taha_Yassin_Ramadan_0008.jpg,ok,0.5722,0.5547
Taha_Yassin_Ramadan_0009.jpg,ok,0.3362,0.5169
Taha_Yassin_Ramadan_0010.jpg,ok,0.3953,0.4046
Taha_Yassin_Ramadan_0011.jpg,ok,0.4398,0.5119
Taha_Yassin_Ramadan_0012.jpg,ok,0.4553,0.5030
Taha_Yassin_Ramadan_0013.jpg,ok,0.5252,0.5763
Taha_Yassin_Ramadan_0014.jpg,ok,0.4795,0.5716
Taha_Yassin_Ramadan_0015.jpg,ok,0.4824,0.4467
Taia_Balk_0001.jpg,ok,0.5036,0.5918
Takahiro_Mori_0001.jpg,ok,0.5129,0.5120
Takaloo_0001.jpg,ok,0.3630,0.4983
Takashi_Sorimachi_0001.jpg,ok,0.4498,0.4036
Takashi_Sorimachi_0002.jpg,ok,0.4714,0.3256
Takashi_Yamamoto_0001.jpg,ok,0.4077,0.4854
Takenori_Kanzaki_0001.jpg,ok,0.4404,0.5003
Takeo_Fukui_0001.jpg,ok,0.4459,0.4670
Takeo_Hiranuma_0001.jpg,ok,0.5320,0.5097
Takeshi_Kitano_0001.jpg,ok,0.3338,0.3068
Taku_Yamasaki_0001.jpg,ok,0.4566,0.4903
Takuma_Sato_0001.jpg,ok,0.3735,0.2831
Talal_Keenaan_0001.jpg,ok,0.4378,0.4938
Tali_Imani_0001.jpg,ok,0.3667,0.3620
Talisa_Bratt_0001.jpg,ok,0.4428,0.5368
Talisa_Soto_0001.jpg,ok,0.3396,0.4386
Tamara_Brooks_0001.jpg,ok,0.3865,0.4247
Tamara_Brooks_0002.jpg,ok,0.4547,0.4484
Tamara_Mowry_0001.jpg,ok,0.3426,0.2919
Tamara_Stokes_0001.jpg,ok,0.3772,0.4166
Tamika_Catchings_0001.jpg,ok,0.3734,0.4102
Tammy_Helm_0001.jpg,ok,0.4034,0.3623
Tammy_Lynn_Michaels_0001.jpg,ok,0.2897,0.3681
Tammy_Lynn_Michaels_0002.jpg,ok,0.2730,0.3222
Tang_Jiaxuan_0001.jpg,ok,0.4443,0.4382
Tang_Jiaxuan_0002.jpg,ok,0.4996,0.5117
Tang_Jiaxuan_0003.jpg,ok,0.4900,0.4577
Tang_Jiaxuan_0004.jpg,ok,0.4815,0.4796
Tang_Jiaxuan_0005.jpg,ok,0.3924,0.4303
Tang_Jiaxuan_0006.jpg,ok,0.4725,0.5199
Tang_Jiaxuan_0007.jpg,ok,0.4049,0.4639
Tang_Jiaxuan_0008.jpg,ok,0.3994,0.4612
Tang_Jiaxuan_0009.jpg,ok,0.4241,0.4545
Tang_Jiaxuan_0010.jpg,ok,0.4703,0.4626
Tang_Jiaxuan_0011.jpg,ok,0.4519,0.5169
Tangra_Riggle_0001.jpg,ok,0.3812,0.3598
Tanya_Holyk_0001.jpg,ok,0.4356,0.5668
Tanya_Lindenmuth_0001.jpg,ok,0.3180,0.4513
Taoufik_Mathlouthi_0001.jpg,ok,0.4621,0.4466
Tara_Dawn_Christensen_0001.jpg,ok,0.4315,0.5347
Tara_Kirk_0001.jpg,ok,0.3587,0.3373
Tara_Reid_0001.jpg,ok,0.3819,0.3500
Tara_VanDerveer_0001.jpg,ok,0.3626,0.4729
Tariq_Aziz_0001.jpg,ok,0.4471,0.5114
Tariq_Aziz_0002.jpg,ok,0.4085,0.3829
Tariq_Aziz_0003.jpg,ok,0.4428,0.4822
Tariq_Aziz_0004.jpg,ok,0.4807,0.5469
Tariq_Aziz_0005.jpg,ok,0.4423,0.5386
Tariq_Aziz_0006.jpg,ok,0.4742,0.4888
Tassos_Papadopoulos_0001.jpg,ok,0.4522,0.4792
Tassos_Papadopoulos_0002.jpg,ok,0.3703,0.4239
Tassos_Papadopoulos_0003.jpg,ok,0.4736,0.4707
Tatiana_Gratcheva_0001.jpg,ok,0.5195,0.4790
Tatiana_Kennedy_Schlossberg_0001.jpg,ok,0.3913,0.3683
Tatiana_Panova_0001.jpg,ok,0.5147,0.5220
Tatiana_Paus_0001.jpg,ok,0.2986,0.3379
Tatiana_Shchegoleva_0001.jpg,ok,0.5396,0.4646
Tatjana_Gsell_0001.jpg,ok,0.4013,0.4065
Tatsuya_Fuji_0001.jpg,ok,0.3005,0.3702
Tatyana_Tomashova_0001.jpg,ok,0.3359,0.4692
Taufik_Hidayat_0001.jpg,ok,0.4844,0.5147
Taufik_Hidayat_0002.jpg,ok,0.4865,0.5318
Taufik_Hidayat_0003.jpg,ok,0.5147,0.5020
Taufik_Kiemas_0001.jpg,ok,0.4223,0.5005
Tavis_Smiley_0001.jpg,ok,0.3198,0.4176
Taylor_Twellman_0001.jpg,ok,0.3897,0.4342
Taylyn_Solomon_0001.jpg,ok,0.5167,0.5094
Tayshaun_Prince_0001.jpg,ok,0.3779,0.3487
Tayyeb_Abdel_Rahim_0001.jpg,ok,0.4073,0.4432
Ted_Christopher_0001.jpg,ok,0.3667,0.5030
Ted_Costa_0001.jpg,ok,0.4880,0.4884
Ted_Maher_0001.jpg,ok,0.4794,0.5064
Ted_Maher_0002.jpg,ok,0.4185,0.4727
Ted_Nolan_0001.jpg,ok,0.3730,0.3676
Ted_Turner_0001.jpg,ok,0.3955,0.4148
Ted_Washington_0001.jpg,ok,0.3622,0.3077
Ted_Williams_0001.jpg,ok,0.4806,0.4858
Teddy_Kollek_0001.jpg,ok,0.4498,0.4580
Terence_Newman_0001.jpg,ok,0.3947,0.4121
Teresa_Graves_0001.jpg,ok,0.4050,0.4762
Teresa_Heinz_Kerry_0001.jpg,ok,0.3675,0.4065
Teresa_Williams_0001.jpg,ok,0.4950,0.4137
Teresa_Worbis_0001.jpg,ok,0.5230,0.5861
Teri_Files_0001.jpg,ok,0.4252,0.4984
Teri_Garr_0001.jpg,ok,0.3490,0.3249
Teri_ORourke_0001.jpg,ok,0.4376,0.3262
Terje_Roed-Larsen_0001.jpg,ok,0.4026,0.4228
Terje_Roed-Larsen_0002.jpg,ok,0.4427,0.4825
Terrell_Suggs_0001.jpg,ok,0.3616,0.3270
Terrell_Suggs_0002.jpg,ok,0.4041,0.4279
Terrence_Kiel_0001.jpg,ok,0.3385,0.4312
Terrence_Trammell_0001.jpg,ok,0.4810,0.5068
Terri_Clark_0001.jpg,ok,0.3795,0.4834
Terry_Bradshaw_0001.jpg,ok,0.4542,0.4925
Terry_Gilliam_0001.jpg,ok,0.4208,0.4338
Terry_Hoeppner_0001.jpg,ok,0.4058,0.4963
Terry_Lynn_Barton_0001.jpg,ok,0.3310,0.3793
Terry_McAuliffe_0001.jpg,ok,0.3609,0.4599
Terry_McAuliffe_0002.jpg,ok,0.4359,0.4633
Terry_McAuliffe_0003.jpg,ok,0.4354,0.4650
Terry_Semel_0001.jpg,ok,0.4040,0.4121
Terry_Stotts_0001.jpg,ok,0.5221,0.4707
Terry_Stotts_0002.jpg,ok,0.4879,0.5000
Teruaki_Masumoto_0001.jpg,ok,0.4391,0.5007
Terunobu_Maeda_0001.jpg,ok,0.4245,0.4485
Tessa_Jowell_0001.jpg,ok,0.3785,0.5029
Tex_Ritter_0001.jpg,ok,0.4306,0.4835
Thabo_Mbeki_0001.jpg,ok,0.4272,0.4822
Thabo_Mbeki_0002.jpg,ok,0.4096,0.4826
Thabo_Mbeki_0003.jpg,ok,0.4436,0.4738
Thabo_Mbeki_0004.jpg,ok,0.4677,0.4857
Thabo_Mbeki_0005.jpg,ok,0.4117,0.3446
Thad_Matta_0001.jpg,ok,0.4130,0.4077
Thaksin_Shinawatra_0001.jpg,ok,0.5887,0.5831
Thaksin_Shinawatra_0002.jpg,ok,0.5338,0.5378
Thaksin_Shinawatra_0003.jpg,ok,0.3229,0.4595
Thaksin_Shinawatra_0004.jpg,ok,0.5076,0.4330
Thaksin_Shinawatra_0005.jpg,ok,0.4990,0.5314
Thaksin_Shinawatra_0006.jpg,ok,0.4824,0.5062
Thalia_0001.jpg,ok,0.3486,0.3716
Thanongsak_Tuvinan_0001.jpg,ok,0.5453,0.5445
Theo_Angelopoulos_0001.jpg,ok,0.4866,0.4736
Theo_Epstein_0001.jpg,ok,0.4995,0.4287
Theo_Epstein_0002.jpg,ok,0.3960,0.4502
Theodore_Tweed_Roosevelt_0001.jpg,ok,0.4513,0.4888
Theodore_Tweed_Roosevelt_0002.jpg,ok,0.4652,0.4839
Theodore_Tweed_Roosevelt_0003.jpg,ok,0.3998,0.5062
Theresa_Gattung_0001.jpg,ok,0.3948,0.4470
Theresa_May_0001.jpg,ok,0.3836,0.4724
Theresa_May_0002.jpg,ok,0.3849,0.4305
Theresa_May_0003.jpg,ok,0.5023,0.4700
Thierry_Falise_0001.jpg,ok,0.6697,0.5750
Thierry_Falise_0002.jpg,ok,0.3651,0.3873
Thierry_Falise_0003.jpg,ok,0.3850,0.3954
Thierry_Mariani_0001.jpg,ok,0.4533,0.4785
Thomas_Birmingham_0001.jpg,ok,0.4860,0.4934
Thomas_Birmingham_0002.jpg,ok,0.4539,0.5108
Thomas_Bjorn_0001.jpg,ok,0.4832,0.5062
Thomas_Bjorn_0002.jpg,ok,0.5035,0.4916
Thomas_Cloyd_0001.jpg,ok,0.4563,0.4884
Thomas_Daily_0001.jpg,ok,0.4254,0.4349
Thomas_Day_0001.jpg,ok,0.4488,0.4803
Thomas_Enqvist_0001.jpg,ok,0.4892,0.4284
Thomas_Fargo_0001.jpg,ok,0.4570,0.3535
Thomas_Fargo_0002.jpg,ok,0.4477,0.3619
Thomas_Fargo_0003.jpg,ok,0.4127,0.4765
Thomas_Fargo_0004.jpg,ok,0.4249,0.3716
Thomas_Ferguson_0001.jpg,ok,0.3329,0.4318
Thomas_Franklin_0001.jpg,ok,0.3635,0.3425
Thomas_Gottschalk_0001.jpg,ok,0.3447,0.3666
Thomas_Haeggstroem_0001.jpg,ok,0.3451,0.4620
Thomas_Kelly_0001.jpg,ok,0.4064,0.4342
Thomas_Klestil_0001.jpg,ok,0.4486,0.4770
Thomas_Malchow_0001.jpg,ok,0.3806,0.4777
Thomas_Malchow_0002.jpg,ok,0.4968,0.5108
Thomas_Manger_0001.jpg,ok,0.4520,0.4114
Thomas_Mesereau_Jr_0001.jpg,ok,0.3827,0.3590
Thomas_OBrien_0001.jpg,ok,0.4297,0.4231
Thomas_OBrien_0002.jpg,ok,0.4050,0.3525
Thomas_OBrien_0003.jpg,ok,0.4518,0.4280
Thomas_OBrien_0004.jpg,ok,0.2997,0.3359
Thomas_OBrien_0005.jpg,ok,0.4177,0.4592
Thomas_OBrien_0006.jpg,ok,0.4306,0.3965
Thomas_OBrien_0007.jpg,ok,0.4315,0.4504
Thomas_OBrien_0008.jpg,ok,0.4028,0.4035
Thomas_OBrien_0009.jpg,ok,0.4406,0.4465
Thomas_Rupprath_0001.jpg,ok,0.5311,0.4590
Thomas_Rupprath_0002.jpg,ok,0.4667,0.4559
Thomas_Rupprath_0003.jpg,ok,0.4636,0.4543
Thomas_Scavone_0001.jpg,ok,0.3381,0.3858
Thomas_Stewart_0001.jpg,ok,0.4569,0.4586
Thomas_Ulrich_0001.jpg,ok,0.4336,0.4990
Thomas_Van_Essen_0001.jpg,ok,0.4606,0.4169
Thomas_Watjen_0001.jpg,ok,0.4158,0.4152
Thomas_Weston_0001.jpg,ok,0.4458,0.4809
Thomas_Wilkens_0001.jpg,ok,0.4126,0.4847
Thomas_Wyman_0001.jpg,ok,0.4632,0.4411
Thomas_Wyman_0002.jpg,ok,0.4159,0.4113
Thor_Pedersen_0001.jpg,ok,0.4228,0.4373
Tia_Mowry_0001.jpg,ok,0.3054,0.3681
Tiago_Splitter_0001.jpg,ok,0.4544,0.4626
Tian_Liang_0001.jpg,ok,0.3807,0.4394
Tian_Zhuang_Zhuang_0001.jpg,ok,0.4412,0.4366
Tiffany_Limos_0001.jpg,ok,0.3451,0.3643
Tiger_Woods_0001.jpg,ok,0.4751,0.4874
Tiger_Woods_0002.jpg,ok,0.3660,0.4493
Tiger_Woods_0003.jpg,ok,0.3382,0.3918
Tiger_Woods_0004.jpg,ok,0.4532,0.4660
Tiger_Woods_0005.jpg,ok,0.4168,0.5024
Tiger_Woods_0006.jpg,ok,0.3694,0.3881
Tiger_Woods_0007.jpg,ok,0.5002,0.4899
Tiger_Woods_0008.jpg,ok,0.4852,0.5237
Tiger_Woods_0009.jpg,ok,0.3705,0.4014
Tiger_Woods_0010.jpg,ok,0.4804,0.4428
Tiger_Woods_0011.jpg,ok,0.4869,0.4897
Tiger_Woods_0012.jpg,ok,0.4086,0.4601
Tiger_Woods_0013.jpg,ok,0.4237,0.5031
Tiger_Woods_0014.jpg,ok,0.5175,0.4682
Tiger_Woods_0015.jpg,ok,0.5008,0.4788
Tiger_Woods_0016.jpg,ok,0.4788,0.4865
Tiger_Woods_0017.jpg,ok,0.5506,0.5453
Tiger_Woods_0018.jpg,ok,0.4710,0.4907
Tiger_Woods_0019.jpg,ok,0.4860,0.4347
Tiger_Woods_0020.jpg,ok,0.4313,0.4416
Tiger_Woods_0021.jpg,ok,0.2520,0.3380
Tiger_Woods_0022.jpg,ok,0.4402,0.4658
Tiger_Woods_0023.jpg,ok,0.4178,0.4813
Tim_Allen_0001.jpg,ok,0.3726,0.3798
Tim_Allen_0002.jpg,ok,0.3495,0.4207
Tim_Allen_0003.jpg,ok,0.4608,0.4679
Tim_Allen_0004.jpg,ok,0.3451,0.4291
Tim_Blake_Nelson_0001.jpg,ok,0.5086,0.5048
Tim_Chapman_0001.jpg,ok,0.2940,0.2877
Tim_Chapman_0002.jpg,ok,0.4497,0.4889
Tim_Conway_0001.jpg,ok,0.4318,0.4648
Tim_Conway_0002.jpg,ok,0.4520,0.4836
Tim_Conway_0003.jpg,ok,0.3531,0.3237
Tim_Curley_0001.jpg,ok,0.5030,0.5000
Tim_Curry_0001.jpg,ok,0.3619,0.2611
Tim_Curry_0002.jpg,ok,0.4424,0.3914
Tim_Duncan_0001.jpg,ok,0.4871,0.4466
Tim_Duncan_0002.jpg,ok,0.5010,0.4364
Tim_Duncan_0003.jpg,ok,0.4838,0.4378
Tim_Duncan_0004.jpg,ok,0.4718,0.4652
Tim_Floyd_0001.jpg,ok,0.4096,0.4849
Tim_Floyd_0002.jpg,ok,0.4192,0.4813
Tim_Henman_0001.jpg,ok,0.4347,0.4752
Tim_Henman_0002.jpg,ok,0.3885,0.4851
Tim_Henman_0003.jpg,ok,0.4190,0.4267
Tim_Henman_0004.jpg,ok,0.3896,0.3738
Tim_Henman_0005.jpg,ok,0.3652,0.4867
Tim_Henman_0006.jpg,ok,0.4974,0.5049
Tim_Henman_0007.jpg,ok,0.5254,0.5213
Tim_Henman_0008.jpg,ok,0.5144,0.4884
Tim_Henman_0009.jpg,ok,0.5307,0.5094
Tim_Henman_0010.jpg,ok,0.5068,0.4998
Tim_Henman_0011.jpg,ok,0.5137,0.4980
Tim_Henman_0012.jpg,ok,0.5034,0.4995
Tim_Henman_0013.jpg,ok,0.4742,0.5184
Tim_Henman_0014.jpg,ok,0.4752,0.4942
Tim_Henman_0015.jpg,ok,0.5001,0.5073
Tim_Henman_0016.jpg,ok,0.5089,0.5062
Tim_Henman_0017.jpg,ok,0.4286,0.5119
Tim_Henman_0018.jpg,ok,0.4911,0.4986
Tim_Henman_0019.jpg,ok,0.4986,0.5129
Tim_Howard_0001.jpg,ok,0.4644,0.3725
Tim_Jones_0001.jpg,ok,0.4512,0.4617
Tim_Lobinger_0001.jpg,ok,0.4489,0.4734
Tim_Lopes_0001.jpg,ok,0.5285,0.5252
Tim_Matheson_0001.jpg,ok,0.3244,0.2650
Tim_Norbeck_0001.jpg,ok,0.5091,0.4820
Tim_Pawlenty_0001.jpg,ok,0.4329,0.4765
Tim_Robbins_0001.jpg,ok,0.3262,0.3888
Tim_Robbins_0002.jpg,ok,0.4921,0.4779
Tim_Robbins_0003.jpg,ok,0.5117,0.4666
Tim_Robbins_0004.jpg,ok,0.3884,0.4169
Tim_Robbins_0005.jpg,ok,0.4589,0.4241
Tim_Salmon_0001.jpg,ok,0.4968,0.4872
Tim_Welsh_0001.jpg,ok,0.4613,0.5184
Timbul_Silaen_0001.jpg,ok,0.4727,0.4584
Timothy_Coughlin_0001.jpg,ok,0.4195,0.4230
Timothy_Goebel_0001.jpg,ok,0.2633,0.3418
Timothy_McVeigh_0001.jpg,ok,0.4410,0.4432
Timothy_Rigas_0001.jpg,ok,0.4813,0.4112
Timothy_Wirth_0001.jpg,ok,0.4705,0.4679
Tina_Andrews_0001.jpg,ok,0.3305,0.3691
Tina_Brown_0001.jpg,ok,0.2864,0.3615
Tina_Conner_0001.jpg,ok,0.3674,0.4015
Tina_Fey_0001.jpg,ok,0.3091,0.4184
Tina_Pisnik_0001.jpg,ok,0.4513,0.4722
Tina_Sinatra_0001.jpg,ok,0.4595,0.4275
Tino_Martinez_0001.jpg,ok,0.4550,0.3854
Tippi_Hedren_0001.jpg,ok,0.4392,0.4660
Tippi_Hedren_0002.jpg,ok,0.4394,0.4412
Tirunesh_Dibaba_0001.jpg,ok,0.4607,0.4267
Toby_Keith_0001.jpg,ok,0.3720,0.4251
Tocker_Pudwill_0001.jpg,ok,0.4507,0.5045
Todd_Haynes_0001.jpg,ok,0.3252,0.3360
Todd_Haynes_0002.jpg,ok,0.3845,0.4123
Todd_Haynes_0003.jpg,ok,0.4375,0.4840
Todd_Haynes_0004.jpg,ok,0.2832,0.3730
Todd_MacCulloch_0001.jpg,ok,0.3801,0.3985
Todd_Parrott_0001.jpg,ok,0.3894,0.4336
Todd_Petit_0001.jpg,ok,0.4844,0.4867
Todd_Reid_0001.jpg,ok,0.4554,0.4913
Todd_Robbins_0001.jpg,ok,0.5373,0.5370
Todd_Wike_0001.jpg,ok,0.3338,0.4349
Tom_Amstutz_0001.jpg,ok,0.3664,0.4170
Tom_Brady_0001.jpg,ok,0.4981,0.4259
Tom_Brady_0002.jpg,ok,0.4672,0.4471
Tom_Brennan_0001.jpg,ok,0.3819,0.3442
Tom_Christerson_0001.jpg,ok,0.3783,0.3189
Tom_Coughlin_0001.jpg,ok,0.3873,0.4508
Tom_Coverdale_0001.jpg,ok,0.4919,0.4751
Tom_Coverdale_0002.jpg,ok,0.4636,0.4877
Tom_Craddick_0001.jpg,ok,0.4432,0.4642
Tom_Craddick_0002.jpg,ok,0.4352,0.4592
Tom_Craddick_0003.jpg,ok,0.3946,0.4242
Tom_Craddick_0004.jpg,ok,0.3996,0.4682
Tom_Crean_0001.jpg,ok,0.3247,0.4134
Tom_Crean_0002.jpg,ok,0.3996,0.4746
Tom_Crean_0003.jpg,ok,0.3737,0.4395
Tom_Crean_0004.jpg,ok,0.4153,0.4015
Tom_Crean_0005.jpg,ok,0.2912,0.3022
Tom_Cruise_0001.jpg,ok,0.2726,0.3295
Tom_Cruise_0002.jpg,ok,0.3689,0.4210
Tom_Cruise_0003.jpg,ok,0.3481,0.3740
Tom_Cruise_0004.jpg,ok,0.3364,0.4132
Tom_Cruise_0005.jpg,ok,0.3552,0.3530
Tom_Cruise_0006.jpg,ok,0.3580,0.3204
Tom_Cruise_0007.jpg,ok,0.2998,0.4279
Tom_Cruise_0008.jpg,ok,0.2577,0.3668
Tom_Cruise_0009.jpg,ok,0.3347,0.4082
Tom_Cruise_0010.jpg,ok,0.3385,0.3128
Tom_Curley_0001.jpg,ok,0.4370,0.4698
Tom_Daschle_0001.jpg,ok,0.4026,0.4947
Tom_Daschle_0002.jpg,ok,0.3923,0.4221
Tom_Daschle_0003.jpg,ok,0.4649,0.5057
Tom_Daschle_0004.jpg,ok,0.4482,0.4992
Tom_Daschle_0005.jpg,ok,0.4334,0.4354
Tom_Daschle_0006.jpg,ok,0.4499,0.4708
Tom_Daschle_0007.jpg,ok,0.3579,0.4374
Tom_Daschle_0008.jpg,ok,0.3337,0.3838
Tom_Daschle_0009.jpg,ok,0.4893,0.4792
Tom_Daschle_0010.jpg,ok,0.4640,0.4406
Tom_Daschle_0011.jpg,ok,0.4118,0.4291
Tom_Daschle_0012.jpg,ok,0.4114,0.4858
Tom_Daschle_0013.jpg,ok,0.4463,0.3931
Tom_Daschle_0014.jpg,ok,0.4341,0.4142
Tom_Daschle_0015.jpg,ok,0.2934,0.3182
Tom_Daschle_0016.jpg,ok,0.4371,0.4650
Tom_Daschle_0017.jpg,ok,0.4527,0.4504
Tom_Daschle_0018.jpg,ok,0.3675,0.3948
Tom_Daschle_0019.jpg,ok,0.4656,0.5136
Tom_Daschle_0020.jpg,ok,0.3968,0.4444
Tom_Daschle_0021.jpg,ok,0.4641,0.4743
Tom_Daschle_0022.jpg,ok,0.4138,0.4667
Tom_Daschle_0023.jpg,ok,0.3320,0.3306
Tom_Daschle_0024.jpg,ok,0.4599,0.4434
Tom_Daschle_0025.jpg,ok,0.4262,0.4414
Tom_DeLay_0001.jpg,ok,0.3188,0.3030
Tom_Foy_0001.jpg,ok,0.3680,0.3186
Tom_Gamboa_0001.jpg,ok,0.4657,0.4642
Tom_Glavine_0001.jpg,ok,0.3669,0.3742
Tom_Glavine_0002.jpg,ok,0.4393,0.4529
Tom_Hanks_0001.jpg,ok,0.4134,0.4155
Tom_Hanks_0002.jpg,ok,0.4374,0.3535
Tom_Hanks_0003.jpg,ok,0.3928,0.4290
Tom_Hanks_0004.jpg,ok,0.3259,0.3750
Tom_Hanks_0005.jpg,ok,0.4255,0.4176
Tom_Hanks_0006.jpg,ok,0.4012,0.3379
Tom_Hanks_0007.jpg,ok,0.4380,0.4493
Tom_Hanks_0008.jpg,ok,0.3852,0.4557
Tom_Hanks_0009.jpg,ok,0.4735,0.4245
Tom_Hanks_0010.jpg,ok,0.3950,0.3870
Tom_Hanusik_0001.jpg,ok,0.4127,0.4539
Tom_Harkin_0001.jpg,ok,0.3674,0.4022
Tom_Harkin_0002.jpg,ok,0.3663,0.4217
Tom_Harkin_0003.jpg,ok,0.3716,0.5107
Tom_Harkin_0004.jpg,ok,0.3914,0.4784
Tom_Harkin_0005.jpg,ok,0.4632,0.4719
Tom_Izzo_0001.jpg,ok,0.4106,0.3377
Tom_Jones_0001.jpg,ok,0.3935,0.4665
Tom_Jones_0002.jpg,ok,0.2864,0.2925
Tom_Kelly_0001.jpg,ok,0.4205,0.4444
Tom_Koenigs_0001.jpg,ok,0.4390,0.5010
Tom_Lantos_0001.jpg,ok,0.4714,0.4847
Tom_McClintock_0001.jpg,ok,0.4500,0.4575
Tom_Miller_0001.jpg,ok,0.4398,0.4937
Tom_Moss_0001.jpg,ok,0.4213,0.4829
Tom_OBrien_0001.jpg,ok,0.3254,0.3725
Tom_Osborne_0001.jpg,ok,0.3895,0.3692
Tom_Poston_0001.jpg,ok,0.4282,0.4954
Tom_Reilly_0001.jpg,ok,0.4368,0.3871
Tom_Reilly_0002.jpg,ok,0.4377,0.4456
Tom_Reilly_0003.jpg,ok,0.4101,0.4244
Tom_Ridge_0001.jpg,ok,0.4544,0.4542
Tom_Ridge_0002.jpg,ok,0.4657,0.4836
Tom_Ridge_0003.jpg,ok,0.4605,0.4040
Tom_Ridge_0004.jpg,ok,0.4554,0.4258
Tom_Ridge_0005.jpg,ok,0.4176,0.4606
Tom_Ridge_0006.jpg,ok,0.5164,0.4902
Tom_Ridge_0007.jpg,ok,0.4712,0.4394
Tom_Ridge_0008.jpg,ok,0.4375,0.4594
Tom_Ridge_0009.jpg,ok,0.4238,0.4574
Tom_Ridge_0010.jpg,ok,0.4657,0.4200
Tom_Ridge_0011.jpg,ok,0.3961,0.3385
Tom_Ridge_0012.jpg,ok,0.3722,0.3248
Tom_Ridge_0013.jpg,ok,0.4842,0.4959
Tom_Ridge_0014.jpg,ok,0.4605,0.4748
Tom_Ridge_0015.jpg,ok,0.4658,0.4428
Tom_Ridge_0016.jpg,ok,0.4935,0.4968
Tom_Ridge_0017.jpg,ok,0.4204,0.4316
Tom_Ridge_0018.jpg,ok,0.4702,0.4625
Tom_Ridge_0019.jpg,ok,0.4768,0.4828
Tom_Ridge_0020.jpg,ok,0.4658,0.5209
Tom_Ridge_0021.jpg,ok,0.4323,0.4736
Tom_Ridge_0022.jpg,ok,0.3668,0.3884
Tom_Ridge_0023.jpg,ok,0.4206,0.4783
Tom_Ridge_0024.jpg,ok,0.4336,0.4339
Tom_Ridge_0025.jpg,ok,0.4039,0.4554
Tom_Ridge_0026.jpg,ok,0.4942,0.4449
Tom_Ridge_0027.jpg,ok,0.4713,0.4977
Tom_Ridge_0028.jpg,ok,0.4934,0.5018
Tom_Ridge_0029.jpg,ok,0.4595,0.3505
Tom_Ridge_0030.jpg,ok,0.4922,0.4969
Tom_Ridge_0031.jpg,ok,0.4648,0.4190
Tom_Ridge_0032.jpg,ok,0.4748,0.4742
Tom_Ridge_0033.jpg,ok,0.4441,0.4731
Tom_Rouen_0001.jpg,ok,0.2935,0.2816
Tom_Schnackenberg_0001.jpg,ok,0.4218,0.2829
Tom_Scully_0001.jpg,ok,0.3968,0.4062
Tom_Sizemore_0001.jpg,ok,0.3970,0.3624
Tom_Smothers_0001.jpg,ok,0.4268,0.3869
Tom_Tunney_0001.jpg,ok,0.3344,0.4770
Tom_Vilsack_0001.jpg,ok,0.4660,0.4518
Tom_Watson_0001.jpg,ok,0.4588,0.4958
Tom_Watson_0002.jpg,ok,0.4216,0.4317
Tom_Watson_0003.jpg,ok,0.3903,0.5272
Tom_Welch_0001.jpg,ok,0.3410,0.4515
Tomas_Enge_0001.jpg,ok,0.3603,0.5011
Tomas_Malik_0001.jpg,ok,0.4213,0.4140
Tommy_Amaker_0001.jpg,ok,0.4051,0.3508
Tommy_Franks_0001.jpg,ok,0.3924,0.5026
Tommy_Franks_0002.jpg,ok,0.3147,0.4594
Tommy_Franks_0003.jpg,ok,0.3299,0.4098
Tommy_Franks_0004.jpg,ok,0.5389,0.5122
Tommy_Franks_0005.jpg,ok,0.4090,0.4890
Tommy_Franks_0006.jpg,ok,0.4620,0.4673
Tommy_Franks_0007.jpg,ok,0.3002,0.4191
Tommy_Franks_0008.jpg,ok,0.2792,0.4263
Tommy_Franks_0009.jpg,ok,0.2756,0.4648
Tommy_Franks_0010.jpg,ok,0.4355,0.4781
Tommy_Franks_0011.jpg,ok,0.3796,0.3603
Tommy_Franks_0012.jpg,ok,0.4232,0.4495
Tommy_Franks_0013.jpg,ok,0.4908,0.4716
Tommy_Franks_0014.jpg,ok,0.4242,0.4756
Tommy_Franks_0015.jpg,ok,0.4297,0.4547
Tommy_Franks_0016.jpg,ok,0.3625,0.3095
Tommy_Haas_0001.jpg,ok,0.4846,0.5004
Tommy_Haas_0002.jpg,ok,0.5129,0.5015
Tommy_Haas_0003.jpg,ok,0.4869,0.5133
Tommy_Haas_0004.jpg,ok,0.5057,0.5176
Tommy_Haas_0005.jpg,ok,0.5315,0.5167
Tommy_Haas_0006.jpg,ok,0.5053,0.4911
Tommy_Lasorda_0001.jpg,ok,0.4136,0.4766
Tommy_Lewis_0001.jpg,ok,0.4671,0.3693
Tommy_Maddox_0001.jpg,ok,0.5198,0.5074
Tommy_Robredo_0001.jpg,ok,0.4388,0.4953
Tommy_Robredo_0002.jpg,ok,0.4558,0.5153
Tommy_Robredo_0003.jpg,ok,0.4442,0.4455
Tommy_Shane_Steiner_0001.jpg,ok,0.4053,0.4167
Tommy_Thompson_0001.jpg,ok,0.4802,0.5167
Tommy_Thompson_0002.jpg,ok,0.3753,0.3541
Tommy_Thompson_0003.jpg,ok,0.4362,0.4674
Tommy_Thompson_0004.jpg,ok,0.4349,0.4550
Tommy_Thompson_0005.jpg,ok,0.2567,0.4157
Tommy_Thompson_0006.jpg,ok,0.4395,0.4756
Tommy_Thompson_0007.jpg,ok,0.4217,0.4819
Tommy_Thompson_0008.jpg,ok,0.3269,0.4772
Tommy_Thompson_0009.jpg,ok,0.3858,0.4399
Tommy_Thompson_0010.jpg,ok,0.3684,0.3251
Tommy_Tubberville_0001.jpg,ok,0.4856,0.4583
Tomoko_Hagiwara_0001.jpg,ok,0.4078,0.5055
Tomoko_Hagiwara_0002.jpg,ok,0.4704,0.4476
Tomomi_Morita_0001.jpg,ok,0.4417,0.5112
Tonga_0001.jpg,ok,0.5004,0.4404
Toni_Braxton_0001.jpg,ok,0.3322,0.3687
Toni_Braxton_0002.jpg,ok,0.4106,0.3793
Toni_Braxton_0003.jpg,ok,0.3637,0.2540
Toni_Jennings_0001.jpg,ok,0.4205,0.4873
Tonino_Guerra_0001.jpg,ok,0.4746,0.4543
Tono_Suratman_0001.jpg,ok,0.5347,0.5316
Tony_Bennett_0001.jpg,ok,0.3661,0.4760
Tony_Bennett_0002.jpg,ok,0.3657,0.3689
Tony_Bennett_0003.jpg,ok,0.3798,0.4647
Tony_Bennett_0004.jpg,ok,0.4372,0.4884
Tony_Blair_0001.jpg,ok,0.4771,0.4131
Tony_Blair_0002.jpg,ok,0.3910,0.3586
Tony_Blair_0003.jpg,ok,0.3768,0.3956
Tony_Blair_0004.jpg,ok,0.3680,0.4327
Tony_Blair_0005.jpg,ok,0.3811,0.4248
Tony_Blair_0006.jpg,ok,0.4239,0.4170
Tony_Blair_0007.jpg,ok,0.4465,0.4189
Tony_Blair_0008.jpg,ok,0.4431,0.4920
Tony_Blair_0009.jpg,ok,0.4343,0.3613
Tony_Blair_0010.jpg,ok,0.4115,0.4518
Tony_Blair_0011.jpg,ok,0.5034,0.4874
Tony_Blair_0012.jpg,ok,0.5034,0.5176
Tony_Blair_0013.jpg,ok,0.4131,0.3628
Tony_Blair_0014.jpg,ok,0.4714,0.4684
Tony_Blair_0015.jpg,ok,0.3544,0.4926
Tony_Blair_0016.jpg,ok,0.3667,0.4595
Tony_Blair_0017.jpg,ok,0.4596,0.4677
Tony_Blair_0018.jpg,ok,0.4377,0.4574
Tony_Blair_0019.jpg,ok,0.3850,0.4726
Tony_Blair_0020.jpg,ok,0.4323,0.3987
Tony_Blair_0021.jpg,ok,0.4544,0.3738
Tony_Blair_0022.jpg,ok,0.4085,0.4273
Tony_Blair_0023.jpg,ok,0.4149,0.4114
Tony_Blair_0024.jpg,ok,0.4515,0.4790
Tony_Blair_0025.jpg,ok,0.4002,0.4473
Tony_Blair_0026.jpg,ok,0.4711,0.5068
Tony_Blair_0027.jpg,ok,0.4154,0.4722
Tony_Blair_0028.jpg,ok,0.3968,0.3845
Tony_Blair_0029.jpg,ok,0.4945,0.4791
Tony_Blair_0030.jpg,ok,0.4182,0.4159
Tony_Blair_0031.jpg,ok,0.5300,0.5658
Tony_Blair_0032.jpg,ok,0.4444,0.4209
Tony_Blair_0033.jpg,ok,0.4050,0.4309
Tony_Blair_0034.jpg,ok,0.4881,0.5034
Tony_Blair_0035.jpg,ok,0.4636,0.4529
Tony_Blair_0036.jpg,ok,0.3507,0.4417
Tony_Blair_0037.jpg,ok,0.4806,0.4765
Tony_Blair_0038.jpg,ok,0.4092,0.3746
Tony_Blair_0039.jpg,ok,0.4147,0.4926
Tony_Blair_0040.jpg,ok,0.4431,0.3873
Tony_Blair_0041.jpg,ok,0.4014,0.5131
Tony_Blair_0042.jpg,ok,0.4633,0.4554
Tony_Blair_0043.jpg,ok,0.4836,0.4326
Tony_Blair_0044.jpg,ok,0.3785,0.4693
Tony_Blair_0045.jpg,ok,0.3775,0.4176
Tony_Blair_0046.jpg,ok,0.4928,0.4754
Tony_Blair_0047.jpg,ok,0.3692,0.4140
Tony_Blair_0048.jpg,ok,0.4051,0.4215
Tony_Blair_0049.jpg,ok,0.4709,0.4760
Tony_Blair_0050.jpg,ok,0.3447,0.4624
Tony_Blair_0051.jpg,ok,0.4469,0.4595
Tony_Blair_0052.jpg,ok,0.3691,0.4080
Tony_Blair_0053.jpg,ok,0.4899,0.4091
Tony_Blair_0054.jpg,ok,0.4621,0.4809
Tony_Blair_0055.jpg,ok,0.4268,0.3807
Tony_Blair_0056.jpg,ok,0.3816,0.4749
Tony_Blair_0057.jpg,ok,0.4316,0.4090
Tony_Blair_0058.jpg,ok,0.4172,0.4649
Tony_Blair_0059.jpg,ok,0.4225,0.4079
Tony_Blair_0060.jpg,ok,0.4041,0.3920
Tony_Blair_0061.jpg,ok,0.3959,0.4894
Tony_Blair_0062.jpg,ok,0.4526,0.4766
Tony_Blair_0063.jpg,ok,0.4716,0.4752
Tony_Blair_0064.jpg,ok,0.3663,0.3440
Tony_Blair_0065.jpg,ok,0.4390,0.4388
Tony_Blair_0066.jpg,ok,0.4626,0.4279
Tony_Blair_0067.jpg,ok,0.3239,0.4341
Tony_Blair_0068.jpg,ok,0.4266,0.4600
Tony_Blair_0069.jpg,ok,0.4023,0.3569
Tony_Blair_0070.jpg,ok,0.3470,0.3506
Tony_Blair_0071.jpg,ok,0.3712,0.3857
Tony_Blair_0072.jpg,ok,0.4407,0.4197
Tony_Blair_0073.jpg,ok,0.3618,0.4255
Tony_Blair_0074.jpg,ok,0.4899,0.4444
Tony_Blair_0075.jpg,ok,0.4451,0.4843
Tony_Blair_0076.jpg,ok,0.4825,0.5233
Tony_Blair_0077.jpg,ok,0.4692,0.4475
Tony_Blair_0078.jpg,ok,0.4250,0.4628
Tony_Blair_0079.jpg,ok,0.5055,0.5018
Tony_Blair_0080.jpg,ok,0.4493,0.4499
Tony_Blair_0081.jpg,ok,0.4320,0.4477
Tony_Blair_0082.jpg,ok,0.4245,0.4284
Tony_Blair_0083.jpg,ok,0.4981,0.5203
Tony_Blair_0084.jpg,ok,0.4519,0.4466
Tony_Blair_0085.jpg,ok,0.4832,0.4771
Tony_Blair_0086.jpg,ok,0.4396,0.4316
Tony_Blair_0087.jpg,ok,0.4326,0.4639
Tony_Blair_0088.jpg,ok,0.3429,0.4318
Tony_Blair_0089.jpg,ok,0.4639,0.4999
Tony_Blair_0090.jpg,ok,0.3211,0.4507
Tony_Blair_0091.jpg,ok,0.2662,0.3038
Tony_Blair_0092.jpg,ok,0.4213,0.4731
Tony_Blair_0093.jpg,ok,0.4537,0.4738
Tony_Blair_0094.jpg,ok,0.4363,0.4503
Tony_Blair_0095.jpg,ok,0.4442,0.4731
Tony_Blair_0096.jpg,ok,0.4647,0.4671
Tony_Blair_0097.jpg,ok,0.4124,0.4215
Tony_Blair_0098.jpg,ok,0.4704,0.4766
Tony_Blair_0099.jpg,ok,0.4290,0.4083
Tony_Blair_0100.jpg,ok,0.4557,0.4656
Tony_Blair_0101.jpg,ok,0.4520,0.4295
Tony_Blair_0102.jpg,ok,0.4582,0.4054
Tony_Blair_0103.jpg,ok,0.4758,0.4175
Tony_Blair_0104.jpg,ok,0.4318,0.4161
Tony_Blair_0105.jpg,ok,0.4449,0.4830
Tony_Blair_0106.jpg,ok,0.4396,0.4860
Tony_Blair_0107.jpg,ok,0.4267,0.3272
Tony_Blair_0108.jpg,ok,0.4777,0.5310
Tony_Blair_0109.jpg,ok,0.4435,0.4296
Tony_Blair_0110.jpg,ok,0.4636,0.4679
Tony_Blair_0111.jpg,ok,0.4035,0.4833
Tony_Blair_0112.jpg,ok,0.4591,0.4469
Tony_Blair_0113.jpg,ok,0.4532,0.4815
Tony_Blair_0114.jpg,ok,0.4251,0.4734
Tony_Blair_0115.jpg,ok,0.3695,0.4149
Tony_Blair_0116.jpg,ok,0.4433,0.4749
Tony_Blair_0117.jpg,ok,0.4505,0.4479
Tony_Blair_0118.jpg,ok,0.4992,0.5119
Tony_Blair_0119.jpg,ok,0.4535,0.4572
Tony_Blair_0120.jpg,ok,0.4922,0.5268
Tony_Blair_0121.jpg,ok,0.4022,0.3230
Tony_Blair_0122.jpg,ok,0.3390,0.3942
Tony_Blair_0123.jpg,ok,0.4668,0.4469
Tony_Blair_0124.jpg,ok,0.4061,0.3865
Tony_Blair_0125.jpg,ok,0.3787,0.3996
Tony_Blair_0126.jpg,ok,0.4412,0.4299
Tony_Blair_0127.jpg,ok,0.4426,0.4645
Tony_Blair_0128.jpg,ok,0.4685,0.5007
Tony_Blair_0129.jpg,ok,0.4319,0.4224
Tony_Blair_0130.jpg,ok,0.4122,0.4558
Tony_Blair_0131.jpg,ok,0.3620,0.4042
Tony_Blair_0132.jpg,ok,0.3980,0.3795
Tony_Blair_0133.jpg,ok,0.4543,0.4658
Tony_Blair_0134.jpg,ok,0.4213,0.3856
Tony_Blair_0135.jpg,ok,0.4233,0.4534
Tony_Blair_0136.jpg,ok,0.4442,0.4313
Tony_Blair_0137.jpg,ok,0.4649,0.4890
Tony_Blair_0138.jpg,ok,0.3578,0.4688
Tony_Blair_0139.jpg,ok,0.4351,0.4920
Tony_Blair_0140.jpg,ok,0.4108,0.3945
Tony_Blair_0141.jpg,ok,0.4138,0.2927
Tony_Blair_0142.jpg,ok,0.4115,0.4277
Tony_Blair_0143.jpg,ok,0.4031,0.4865
Tony_Blair_0144.jpg,ok,0.4322,0.4109
Tony_Clement_0001.jpg,ok,0.4632,0.4821
Tony_Cummo_0001.jpg,ok,0.3279,0.3432
Tony_Curtis_0001.jpg,ok,0.3990,0.4067
Tony_Curtis_0002.jpg,ok,0.3631,0.3772
Tony_Elias_0001.jpg,ok,0.4791,0.4919
Tony_Fernandes_0001.jpg,ok,0.4632,0.5243
Tony_LaRussa_0001.jpg,ok,0.3536,0.4489
Tony_Parker_0001.jpg,ok,0.4741,0.3404
Tony_Parker_0002.jpg,ok,0.4250,0.4245
Tony_Shalhoub_0001.jpg,ok,0.4667,0.4592
Tony_Shalhoub_0002.jpg,ok,0.5199,0.4456
Tony_Shalhoub_0003.jpg,ok,0.4036,0.4606
Tony_Shalhoub_0004.jpg,ok,0.4739,0.4996
Tony_Stewart_0001.jpg,ok,0.3659,0.3576
Tony_Stewart_0002.jpg,ok,0.4481,0.5020
Tony_Stewart_0003.jpg,ok,0.4291,0.3979
Tony_Stewart_0004.jpg,ok,0.3918,0.4206
Tony_Stewart_0005.jpg,ok,0.3953,0.4370
Tony_Stewart_0006.jpg,ok,0.3151,0.4134
Tonya_Payne_0001.jpg,ok,0.3559,0.3927
Tora_Takagi_0001.jpg,ok,0.4414,0.4118
Tori_Amos_0001.jpg,ok,0.4132,0.4197
Torri_Edwards_0001.jpg,ok,0.4521,0.4718
Torri_Edwards_0002.jpg,ok,0.3533,0.4049
Toshi_Izawa_0001.jpg,ok,0.4743,0.4999
Toshihiko_Fukui_0001.jpg,ok,0.4379,0.3744
Toshihiko_Fukui_0002.jpg,ok,0.4348,0.5212
Toshihiko_Fukui_0003.jpg,ok,0.4440,0.4979
Toshimitsu_Motegi_0001.jpg,ok,0.4298,0.5034
Toutai_Kefu_0001.jpg,ok,0.5200,0.5105
Tracee_Ellis_Ross_0001.jpg,ok,0.3465,0.3838
Tracee_Ellis_Ross_0002.jpg,ok,0.3693,0.3945
Tracee_Treadwell_0001.jpg,ok,0.3881,0.4243
Tracy_McGrady_0001.jpg,ok,0.4256,0.4198
Tracy_McGrady_0002.jpg,ok,0.4461,0.4323
Tracy_Wyle_0001.jpg,ok,0.4045,0.4356
Travis_Rudolph_0001.jpg,ok,0.3363,0.4174
Trent_Lott_0001.jpg,ok,0.4567,0.4619
Trent_Lott_0002.jpg,ok,0.3774,0.4430
Trent_Lott_0003.jpg,ok,0.4404,0.5027
Trent_Lott_0004.jpg,ok,0.4761,0.4924
Trent_Lott_0005.jpg,ok,0.4182,0.4849
Trent_Lott_0006.jpg,ok,0.4685,0.4419
Trent_Lott_0007.jpg,ok,0.4197,0.5005
Trent_Lott_0008.jpg,ok,0.5176,0.5072
Trent_Lott_0009.jpg,ok,0.4390,0.4722
Trent_Lott_0010.jpg,ok,0.4374,0.4599
Trent_Lott_0011.jpg,ok,0.4393,0.3926
Trent_Lott_0012.jpg,ok,0.4048,0.3311
Trent_Lott_0013.jpg,ok,0.4492,0.4734
Trent_Lott_0014.jpg,ok,0.4265,0.4475
Trent_Lott_0015.jpg,ok,0.3646,0.3766
Trent_Lott_0016.jpg,ok,0.4519,0.4725
Trevor_McDonald_0001.jpg,ok,0.4473,0.4849
Trevor_Watson_0001.jpg,ok,0.3769,0.4270
Trisha_Meili_0001.jpg,ok,0.3504,0.4044
Trista_Rehn_0001.jpg,ok,0.3173,0.3538
Tristan_Gretzky_0001.jpg,ok,0.4187,0.4367
Troy_Aikman_0001.jpg,ok,0.3499,0.3978
Troy_Garity_0001.jpg,ok,0.4023,0.3677
Troy_Hudson_0001.jpg,ok,0.3865,0.4821
Troy_Jenkins_0001.jpg,ok,0.6917,0.7094
Troy_Polamalu_0001.jpg,ok,0.3870,0.4866
Trudi_Lacey_0001.jpg,ok,0.3866,0.4393
Tsutomu_Takebe_0001.jpg,ok,0.4816,0.5060
Tsutomu_Takebe_0002.jpg,ok,0.4987,0.4757
Tubby_Smith_0001.jpg,ok,0.4745,0.4666
Tubby_Smith_0002.jpg,ok,0.4255,0.4197
Tubby_Smith_0003.jpg,ok,0.3720,0.3705
Tuncay_Sanli_0001.jpg,ok,0.6096,0.5596
Tung_Chee-hwa_0001.jpg,ok,0.4212,0.4104
Tung_Chee-hwa_0002.jpg,ok,0.4107,0.4712
Tung_Chee-hwa_0003.jpg,ok,0.4888,0.5119
Tung_Chee-hwa_0004.jpg,ok,0.4004,0.5207
Tung_Chee-hwa_0005.jpg,ok,0.3696,0.4337
Tung_Chee-hwa_0006.jpg,ok,0.5008,0.5131
Tung_Chee-hwa_0007.jpg,ok,0.4960,0.5075
Tung_Chee-hwa_0008.jpg,ok,0.4638,0.5031
Tung_Chee-hwa_0009.jpg,ok,0.4812,0.5236
Turner_Gill_0001.jpg,ok,0.3789,0.3483
Turner_Stevenson_0001.jpg,ok,0.3651,0.4370
Ty_Votaw_0001.jpg,ok,0.4118,0.4654
Tyler_Grillo_0001.jpg,ok,0.4311,0.3841
Tyler_Hamilton_0001.jpg,ok,0.4053,0.4718
Tyler_Hamilton_0002.jpg,ok,0.5269,0.5327
Tyra_Banks_0001.jpg,ok,0.4447,0.4605
Tyra_Banks_0002.jpg,ok,0.3975,0.4607
Tyron_Garner_0001.jpg,ok,0.3981,0.4571
Tyron_Garner_0002.jpg,ok,0.4170,0.4067
Tyrone_Medley_0001.jpg,ok,0.4007,0.3489
Tzipora_Obziler_0001.jpg,ok,0.4401,0.5132
Uday_Hussein_0001.jpg,ok,0.4355,0.4370
Ulrich_Kueperkoch_0001.jpg,ok,0.3927,0.3603
Uma_Thurman_0001.jpg,ok,0.3567,0.3324
Uma_Thurman_0002.jpg,ok,0.2599,0.3376
Uma_Thurman_0003.jpg,ok,0.4055,0.4636
Uri_Lopolianski_0001.jpg,ok,0.3804,0.4838
Urmila_Matondkar_0001.jpg,ok,0.4698,0.5334
Uthai_Pimchaichon_0001.jpg,ok,0.4515,0.5230
Uzi_Even_0001.jpg,ok,0.4191,0.4778
Uzi_Landau_0001.jpg,ok,0.3983,0.2797
Vaclav_Havel_0001.jpg,ok,0.4461,0.4457
Vaclav_Havel_0002.jpg,ok,0.3908,0.4292
Vaclav_Havel_0003.jpg,ok,0.4499,0.4988
Vaclav_Havel_0004.jpg,ok,0.4330,0.3960
Vaclav_Havel_0005.jpg,ok,0.3578,0.3854
Vaclav_Havel_0006.jpg,ok,0.3844,0.4176
Vaclav_Havel_0007.jpg,ok,0.4455,0.5057
Vaclav_Havel_0008.jpg,ok,0.4542,0.4834
Vaclav_Havel_0009.jpg,ok,0.4215,0.4704
Vaclav_Klaus_0001.jpg,ok,0.4929,0.5042
Vaclav_Klaus_0002.jpg,ok,0.5127,0.5217
Vadim_Devyatovskiy_0001.jpg,ok,0.4388,0.4756
Vadim_Strogalev_0001.jpg,ok,0.4928,0.5077
Vagit_Alekperov_0001.jpg,ok,0.5053,0.4854
Val_Ackerman_0001.jpg,ok,0.2834,0.3632
Valdas_Adamkus_0001.jpg,ok,0.5043,0.4759
Valdas_Adamkus_0002.jpg,ok,0.3195,0.4001
Valentina_Cervi_0001.jpg,ok,0.2626,0.2910
Valentina_Tereshkova_0001.jpg,ok,0.3339,0.4169
Valentino_Rossi_0001.jpg,ok,0.4074,0.4570
Valentino_Rossi_0002.jpg,ok,0.3899,0.4081
Valentino_Rossi_0003.jpg,ok,0.4287,0.5497
Valentino_Rossi_0004.jpg,ok,0.3525,0.3845
Valentino_Rossi_0005.jpg,ok,0.4317,0.4365
Valentino_Rossi_0006.jpg,ok,0.4623,0.5183
Valeri_Bure_0001.jpg,ok,0.3415,0.3549
Valerie_Harper_0001.jpg,ok,0.3790,0.3545
Valerie_Harper_0002.jpg,ok,0.3607,0.3849
Valerie_Thwaites_0001.jpg,ok,0.4609,0.3751
Valery_Giscard_dEstaing_0001.jpg,ok,0.4879,0.5047
Valery_Giscard_dEstaing_0002.jpg,ok,0.4420,0.5240
Valery_Giscard_dEstaing_0003.jpg,ok,0.4864,0.5244
Valery_Giscard_dEstaing_0004.jpg,ok,0.3942,0.4398
Valery_Giscard_dEstaing_0005.jpg,ok,0.5059,0.4702
Valery_Giscard_dEstaing_0006.jpg,ok,0.4552,0.4612
Valorie_Brabazon_0001.jpg,ok,0.3064,0.2732
Van_Hilley_0001.jpg,ok,0.3953,0.3412
Vanessa_Incontrada_0001.jpg,ok,0.2847,0.3956
Vanessa_Incontrada_0002.jpg,ok,0.3086,0.2713
Vanessa_Incontrada_0003.jpg,ok,0.3060,0.3575
Vanessa_Incontrada_0004.jpg,ok,0.3732,0.3875
Vanessa_Laine_0001.jpg,ok,0.3079,0.3040
Vanessa_Redgrave_0001.jpg,ok,0.4684,0.4647
Vanessa_Redgrave_0002.jpg,ok,0.4289,0.4262
Vanessa_Redgrave_0003.jpg,ok,0.2999,0.3754
Vanessa_Redgrave_0004.jpg,ok,0.4573,0.4808
Vanessa_Redgrave_0005.jpg,ok,0.4372,0.4594
Vanessa_Williams_0001.jpg,ok,0.4172,0.4945
Vanessa_Williams_0002.jpg,ok,0.3638,0.3216
Vanessa_Williams_0003.jpg,ok,0.3306,0.4366
Vassilis_Xiros_0001.jpg,ok,0.5252,0.4612
Vecdi_Gonul_0001.jpg,ok,0.4126,0.4557
Venus_Williams_0001.jpg,ok,0.3734,0.4680
Venus_Williams_0002.jpg,ok,0.4391,0.5154
Venus_Williams_0003.jpg,ok,0.4391,0.4054
Venus_Williams_0004.jpg,ok,0.3879,0.4199
Venus_Williams_0005.jpg,ok,0.3873,0.5049
Venus_Williams_0006.jpg,ok,0.3817,0.5308
Venus_Williams_0007.jpg,ok,0.3713,0.4077
Venus_Williams_0008.jpg,ok,0.4080,0.3813
Venus_Williams_0009.jpg,ok,0.4107,0.4864
Venus_Williams_0010.jpg,ok,0.4440,0.4428
Venus_Williams_0011.jpg,ok,0.3989,0.4898
Venus_Williams_0012.jpg,ok,0.4021,0.4080
Venus_Williams_0013.jpg,ok,0.4514,0.4454
Venus_Williams_0014.jpg,ok,0.2932,0.4267
Venus_Williams_0015.jpg,ok,0.4460,0.4889
Venus_Williams_0016.jpg,ok,0.4248,0.4852
Venus_Williams_0017.jpg,ok,0.4019,0.4581
Vernon_Forrest_0001.jpg,ok,0.4013,0.3963
Veronica_Lake_0001.jpg,ok,0.4020,0.4498
Viara_Vike-Freiberga_0001.jpg,ok,0.4328,0.4027
Vicente_Fernandez_0001.jpg,ok,0.4857,0.4955
Vicente_Fernandez_0002.jpg,ok,0.4577,0.4387
Vicente_Fernandez_0003.jpg,ok,0.3698,0.4892
Vicente_Fernandez_0004.jpg,ok,0.4717,0.4943
Vicente_Fernandez_0005.jpg,ok,0.3578,0.4610
Vicente_Fox_0001.jpg,ok,0.4083,0.4880
Vicente_Fox_0002.jpg,ok,0.4990,0.5096
Vicente_Fox_0003.jpg,ok,0.4348,0.4711
Vicente_Fox_0004.jpg,ok,0.4902,0.5226
Vicente_Fox_0005.jpg,ok,0.4473,0.4443
Vicente_Fox_0006.jpg,ok,0.3939,0.5303
Vicente_Fox_0007.jpg,ok,0.4378,0.4749
Vicente_Fox_0008.jpg,ok,0.4479,0.4677
Vicente_Fox_0009.jpg,ok,0.4041,0.4632
Vicente_Fox_0010.jpg,ok,0.3885,0.3407
Vicente_Fox_0011.jpg,ok,0.4049,0.4849
Vicente_Fox_0012.jpg,ok,0.4012,0.4527
Vicente_Fox_0013.jpg,ok,0.4424,0.5235
Vicente_Fox_0014.jpg,ok,0.3778,0.3822
Vicente_Fox_0015.jpg,ok,0.4761,0.4231
Vicente_Fox_0016.jpg,ok,0.3795,0.4300
Vicente_Fox_0017.jpg,ok,0.4143,0.3823
Vicente_Fox_0018.jpg,ok,0.4114,0.5185
Vicente_Fox_0019.jpg,ok,0.4379,0.4396
Vicente_Fox_0020.jpg,ok,0.2629,0.3857
Vicente_Fox_0021.jpg,ok,0.4820,0.4429
Vicente_Fox_0022.jpg,ok,0.4098,0.3814
Vicente_Fox_0023.jpg,ok,0.2702,0.2476
Vicente_Fox_0024.jpg,ok,0.4977,0.4642
Vicente_Fox_0025.jpg,ok,0.4721,0.3820
Vicente_Fox_0026.jpg,ok,0.3938,0.4778
Vicente_Fox_0027.jpg,ok,0.3303,0.4379
Vicente_Fox_0028.jpg,ok,0.4496,0.4050
Vicente_Fox_0029.jpg,ok,0.3488,0.3740
Vicente_Fox_0030.jpg,ok,0.4208,0.5333
Vicente_Fox_0031.jpg,ok,0.5078,0.5560
Vicente_Fox_0032.jpg,ok,0.4576,0.4801
Vicente_Fox_de_la_Concha_0001.jpg,ok,0.5660,0.5229
Vicki_Zhao_Wei_0001.jpg,ok,0.4237,0.4674
Vicki_Zhao_Wei_0002.jpg,ok,0.4028,0.5521
Victor_Garber_0001.jpg,ok,0.4351,0.4048
Victor_Hanescu_0001.jpg,ok,0.4945,0.5274
Victor_Kraatz_0001.jpg,ok,0.4945,0.4480
Victoria_Beckham_0001.jpg,ok,0.3687,0.4455
Victoria_Beckham_0002.jpg,ok,0.5046,0.3744
Victoria_Beckham_0003.jpg,ok,0.4660,0.4944
Victoria_Clarke_0001.jpg,ok,0.4040,0.4443
Victoria_Clarke_0002.jpg,ok,0.4314,0.4391
Victoria_Clarke_0003.jpg,ok,0.4473,0.5063
Victoria_Clarke_0004.jpg,ok,0.5141,0.5033
Victoria_Clarke_0005.jpg,ok,0.4657,0.5115
Vidar_Helgesen_0001.jpg,ok,0.4237,0.4354
Vidar_Helgesen_0002.jpg,ok,0.4522,0.4578
Vijay_Nambiar_0001.jpg,ok,0.5399,0.5172
Viktor_Yushchenko_0001.jpg,ok,0.4560,0.4715
Vin_Diesel_0001.jpg,ok,0.3619,0.4168
Vin_Diesel_0002.jpg,ok,0.3645,0.3920
Vince_Carter_0001.jpg,ok,0.3203,0.3748
Vince_Carter_0002.jpg,ok,0.4460,0.4361
Vince_Carter_0003.jpg,ok,0.4365,0.4677
Vince_Carter_0004.jpg,ok,0.4015,0.4654
Vince_Dooley_0001.jpg,ok,0.4041,0.4492
Vince_Gill_0001.jpg,ok,0.4233,0.4925
Vince_Gill_0002.jpg,ok,0.4918,0.5156
Vince_Vaughan_0001.jpg,ok,0.2898,0.3219
Vincent_Brooks_0001.jpg,ok,0.4096,0.4863
Vincent_Brooks_0002.jpg,ok,0.4232,0.4177
Vincent_Brooks_0003.jpg,ok,0.3404,0.3354
Vincent_Brooks_0004.jpg,ok,0.5014,0.4997
Vincent_Brooks_0005.jpg,ok,0.4309,0.4765
Vincent_Brooks_0006.jpg,ok,0.4800,0.4994
Vincent_Brooks_0007.jpg,ok,0.5023,0.5248
Vincent_Cianci_Jr_0001.jpg,ok,0.3708,0.5153
Vincent_Gallo_0001.jpg,ok,0.3482,0.4396
Vincent_Gallo_0002.jpg,ok,0.4054,0.4291
Vincent_Gallo_0003.jpg,ok,0.3628,0.4309
Vincent_Sombrotto_0001.jpg,ok,0.5544,0.4940
Vincent_Spadea_0001.jpg,ok,0.4051,0.5005
Vinnie_Jones_0001.jpg,ok,0.3700,0.5243
Viola_Davis_0001.jpg,ok,0.3447,0.3409
Virgina_Ruano_Pascal_0001.jpg,ok,0.5016,0.5007
Vitali_Klitschko_0001.jpg,ok,0.4765,0.5157
Vitali_Klitschko_0002.jpg,ok,0.4699,0.5073
Vitali_Klitschko_0003.jpg,ok,0.4848,0.4436
Vitali_Klitschko_0004.jpg,ok,0.2371,0.4646
Vivica_Fox_0001.jpg,ok,0.3883,0.3550
Vivica_Fox_0002.jpg,ok,0.3855,0.4154
Vladimir_Golovlyov_0001.jpg,ok,0.4606,0.4737
Vladimir_Meciar_0001.jpg,ok,0.3998,0.4729
Vladimir_Putin_0001.jpg,ok,0.4434,0.4541
Vladimir_Putin_0002.jpg,ok,0.4828,0.4798
Vladimir_Putin_0003.jpg,ok,0.4271,0.4926
Vladimir_Putin_0004.jpg,ok,0.3768,0.5204
Vladimir_Putin_0005.jpg,ok,0.4783,0.5172
Vladimir_Putin_0006.jpg,ok,0.3708,0.4898
Vladimir_Putin_0007.jpg,ok,0.5194,0.5582
Vladimir_Putin_0008.jpg,ok,0.4579,0.4143
Vladimir_Putin_0009.jpg,ok,0.4533,0.5087
Vladimir_Putin_0010.jpg,ok,0.3394,0.4325
Vladimir_Putin_0011.jpg,ok,0.4357,0.5101
Vladimir_Putin_0012.jpg,ok,0.5099,0.5116
Vladimir_Putin_0013.jpg,ok,0.4410,0.4925
Vladimir_Putin_0014.jpg,ok,0.5093,0.5514
Vladimir_Putin_0015.jpg,ok,0.4365,0.4838
Vladimir_Putin_0016.jpg,ok,0.4652,0.4942
Vladimir_Putin_0017.jpg,ok,0.3550,0.4534
Vladimir_Putin_0018.jpg,ok,0.4600,0.4587
Vladimir_Putin_0019.jpg,ok,0.4749,0.4853
Vladimir_Putin_0020.jpg,ok,0.4039,0.4633
Vladimir_Putin_0021.jpg,ok,0.3728,0.4518
Vladimir_Putin_0022.jpg,ok,0.3456,0.5053
Vladimir_Putin_0023.jpg,ok,0.4593,0.5133
Vladimir_Putin_0024.jpg,ok,0.4730,0.4541
Vladimir_Putin_0025.jpg,ok,0.4901,0.5079
Vladimir_Putin_0026.jpg,ok,0.4387,0.4713
Vladimir_Putin_0027.jpg,ok,0.3167,0.4418
Vladimir_Putin_0028.jpg,ok,0.4062,0.4980
Vladimir_Putin_0029.jpg,ok,0.5329,0.5268
Vladimir_Putin_0030.jpg,ok,0.4843,0.5066
Vladimir_Putin_0031.jpg,ok,0.4423,0.5014
Vladimir_Putin_0032.jpg,ok,0.4955,0.5033
Vladimir_Putin_0033.jpg,ok,0.5035,0.5018
Vladimir_Putin_0034.jpg,ok,0.4573,0.5041
Vladimir_Putin_0035.jpg,ok,0.5062,0.4938
Vladimir_Putin_0036.jpg,ok,0.4079,0.5196
Vladimir_Putin_0037.jpg,ok,0.4526,0.4978
Vladimir_Putin_0038.jpg,ok,0.4405,0.4664
Vladimir_Putin_0039.jpg,ok,0.4777,0.5219
Vladimir_Putin_0040.jpg,ok,0.4763,0.4520
Vladimir_Putin_0041.jpg,ok,0.4871,0.4572
Vladimir_Putin_0042.jpg,ok,0.3976,0.4568
Vladimir_Putin_0043.jpg,ok,0.4276,0.4276
Vladimir_Putin_0044.jpg,ok,0.4392,0.4914
Vladimir_Putin_0045.jpg,ok,0.4753,0.5147
Vladimir_Putin_0046.jpg,ok,0.5039,0.5334
Vladimir_Putin_0047.jpg,ok,0.4944,0.4139
Vladimir_Putin_0048.jpg,ok,0.4765,0.5171
Vladimir_Putin_0049.jpg,ok,0.4319,0.4965
Vladimir_Spidla_0001.jpg,ok,0.3941,0.3792
Vladimir_Spidla_0002.jpg,ok,0.4935,0.4563
Vladimir_Spidla_0003.jpg,ok,0.4215,0.4672
Vladimir_Ustinov_0001.jpg,ok,0.4240,0.4759
Vladimir_Voltchkov_0001.jpg,ok,0.4349,0.4661
Vladimir_Voltchkov_0002.jpg,ok,0.4596,0.4836
Vladimiro_Montesinos_0001.jpg,ok,0.3239,0.2552
Vladimiro_Montesinos_0002.jpg,ok,0.4836,0.4963
Vladimiro_Montesinos_0003.jpg,ok,0.4470,0.5120
Vojislav_Kostunica_0001.jpg,ok,0.4467,0.4575
Vojislav_Kostunica_0002.jpg,ok,0.3798,0.4201
Vojislav_Kostunica_0003.jpg,ok,0.4242,0.5361
Vojislav_Kostunica_0004.jpg,ok,0.4318,0.5103
Vojislav_Kostunica_0005.jpg,ok,0.4177,0.3859
Vojislav_Kostunica_0006.jpg,ok,0.3695,0.3193
Vojislav_Kostunica_0007.jpg,ok,0.4863,0.4702
Vojislav_Seselj_0001.jpg,ok,0.4756,0.4901
Vyacheslav_Fetisov_0001.jpg,ok,0.4831,0.4879
Vytas_Danelius_0001.jpg,ok,0.4973,0.4353
Walid_Al-Awadi_0001.jpg,ok,0.4312,0.4748
Wallace_Capel_0001.jpg,ok,0.4772,0.4110
Wally_Szczerbiak_0001.jpg,ok,0.4609,0.4781
Walt_Harris_0001.jpg,ok,0.4454,0.4167
Walter_Annenberg_0001.jpg,ok,0.4728,0.4685
Walter_Mondale_0001.jpg,ok,0.4858,0.5099
Walter_Mondale_0002.jpg,ok,0.3508,0.4459
Walter_Mondale_0003.jpg,ok,0.4662,0.4773
Walter_Mondale_0004.jpg,ok,0.4372,0.4047
Walter_Mondale_0005.jpg,ok,0.4162,0.4575
Walter_Mondale_0006.jpg,ok,0.5176,0.4949
Walter_Mondale_0007.jpg,ok,0.4713,0.4370
Walter_Mondale_0008.jpg,ok,0.4521,0.4349
Walter_Mondale_0009.jpg,ok,0.4596,0.3950
Walter_Mondale_0010.jpg,ok,0.4538,0.4496
Walter_Woods_0001.jpg,ok,0.4151,0.4738
Wan_Yanhai_0001.jpg,ok,0.5789,0.5579
Wanda_Ilene_Barzee_0001.jpg,ok,0.4042,0.3974
Wanda_de_la_Jesus_0001.jpg,ok,0.3940,0.4528
Wang_Fei_0001.jpg,ok,0.4435,0.4862
Wang_Hailan_0001.jpg,ok,0.3978,0.4520
Wang_Nan_0001.jpg,ok,0.5368,0.5598
Wang_Yi_0001.jpg,ok,0.4568,0.4296
Wang_Yi_0002.jpg,ok,0.4862,0.4789
Wang_Yingfan_0001.jpg,ok,0.4638,0.5083
Wang_Yingfan_0002.jpg,ok,0.5090,0.4823
Wang_Yingfan_0003.jpg,ok,0.4034,0.3571
Ward_Cuff_0001.jpg,ok,0.4958,0.5179
Warren_Beatty_0001.jpg,ok,0.4823,0.4102
Warren_Beatty_0002.jpg,ok,0.4497,0.4001
Warren_Buffett_0001.jpg,ok,0.4600,0.4131
Warren_Buffett_0002.jpg,ok,0.4963,0.5081
Warren_Buffett_0003.jpg,ok,0.3718,0.4070
Warren_Granados_0001.jpg,ok,0.4593,0.5033
Warren_Truss_0001.jpg,ok,0.4537,0.4546
Wayne_Allard_0001.jpg,ok,0.4142,0.4662
Wayne_Brady_0001.jpg,ok,0.4443,0.4921
Wayne_Ferreira_0001.jpg,ok,0.4360,0.4970
Wayne_Ferreira_0002.jpg,ok,0.4801,0.4915
Wayne_Ferreira_0003.jpg,ok,0.5334,0.5320
Wayne_Ferreira_0004.jpg,ok,0.4501,0.4966
Wayne_Ferreira_0005.jpg,ok,0.5094,0.4955
Wayne_Gretzky_0001.jpg,ok,0.3166,0.4445
Wayne_Gretzky_0002.jpg,ok,0.2764,0.3753
Wayne_Gretzky_0003.jpg,ok,0.4014,0.4230
Wayne_Gretzky_0004.jpg,ok,0.2131,0.2945
Wayne_Newton_0001.jpg,ok,0.4336,0.3309
Wei_Wu_0001.jpg,ok,0.4911,0.4746
Wen_Ho_Lee_0001.jpg,ok,0.4144,0.4430
Wen_Jiabao_0001.jpg,ok,0.4553,0.4124
Wen_Jiabao_0002.jpg,ok,0.4309,0.5302
Wen_Jiabao_0003.jpg,ok,0.3905,0.4130
Wen_Jiabao_0004.jpg,ok,0.5216,0.4931
Wen_Jiabao_0005.jpg,ok,0.4720,0.3781
Wen_Jiabao_0006.jpg,ok,0.4469,0.5006
Wen_Jiabao_0007.jpg,ok,0.4895,0.5016
Wen_Jiabao_0008.jpg,ok,0.4669,0.4777
Wen_Jiabao_0009.jpg,ok,0.4813,0.4310
Wen_Jiabao_0010.jpg,ok,0.4631,0.4333
Wen_Jiabao_0011.jpg,ok,0.4771,0.4904
Wen_Jiabao_0012.jpg,ok,0.4695,0.5627
Wen_Jiabao_0013.jpg,ok,0.5121,0.5333
Wendell_Bryant_0001.jpg,ok,0.3399,0.4334
Wendy_Kennedy_0001.jpg,ok,0.3894,0.3852
Wendy_Selig_0001.jpg,ok,0.3373,0.4568
Werner_Schlager_0001.jpg,ok,0.4459,0.5470
Wes_Craven_0001.jpg,ok,0.4326,0.4228
Wesley_Clark_0001.jpg,ok,0.3923,0.4738
Wesley_Clark_0002.jpg,ok,0.4127,0.4001
Whoopi_Goldberg_0001.jpg,ok,0.2371,0.2411
Wilbert_Elki_Meza_Majino_0001.jpg,ok,0.4596,0.4289
Wilbert_Foy_0001.jpg,ok,0.3064,0.3642
Wilfredo_Moreno_0001.jpg,ok,0.4714,0.4644
Will_Ferrell_0001.jpg,ok,0.3013,0.3223
Will_Ofenheusle_0001.jpg,ok,0.3343,0.4126
Will_Self_0001.jpg,ok,0.5321,0.4532
Will_Smith_0001.jpg,ok,0.3287,0.4030
Will_Smith_0002.jpg,ok,0.4236,0.4012
Will_Young_0001.jpg,ok,0.4218,0.4292
William_Bratton_0001.jpg,ok,0.3287,0.4205
William_Bratton_0002.jpg,ok,0.4576,0.5094
William_Bratton_0003.jpg,ok,0.4885,0.4960
William_Bulger_0001.jpg,ok,0.4390,0.5016
William_Bulger_0002.jpg,ok,0.4082,0.4534
William_Bulger_0003.jpg,ok,0.4910,0.5309
William_Bulger_0004.jpg,ok,0.4528,0.4633
William_Burns_0001.jpg,ok,0.4304,0.4332
William_Burns_0002.jpg,ok,0.4150,0.4695
William_Cocksedge_0001.jpg,ok,0.4595,0.4348
William_Delahunt_0001.jpg,ok,0.4343,0.4926
William_Donaldson_0001.jpg,ok,0.4403,0.4340
William_Donaldson_0002.jpg,ok,0.4613,0.4692
William_Donaldson_0003.jpg,ok,0.4044,0.4680
William_Donaldson_0004.jpg,ok,0.4920,0.4991
William_Donaldson_0005.jpg,ok,0.4242,0.4742
William_Donaldson_0006.jpg,ok,0.3385,0.2673
William_Donaldson_0007.jpg,ok,0.4209,0.4544
William_Ford_Jr_0001.jpg,ok,0.4038,0.3664
William_Ford_Jr_0002.jpg,ok,0.3576,0.4408
William_Ford_Jr_0003.jpg,ok,0.3614,0.2834
William_Ford_Jr_0004.jpg,ok,0.4876,0.4547
William_Ford_Jr_0005.jpg,ok,0.3711,0.4222
William_Ford_Jr_0006.jpg,ok,0.4298,0.4424
William_Ford_Jr_0007.jpg,ok,0.4007,0.4502
William_Genego_0001.jpg,ok,0.4383,0.4574
William_Harrison_0001.jpg,ok,0.4115,0.3466
William_Hochul_0001.jpg,ok,0.4043,0.4872
William_Hochul_0002.jpg,ok,0.3428,0.3989
William_Hurt_0001.jpg,ok,0.3211,0.4553
William_Hyde_0001.jpg,ok,0.4315,0.3694
William_Jackson_0001.jpg,ok,0.4373,0.4665
William_Joppy_0001.jpg,ok,0.4061,0.4572
William_Macy_0001.jpg,ok,0.4009,0.4046
William_Macy_0002.jpg,ok,0.4920,0.4733
William_Macy_0003.jpg,ok,0.4351,0.4650
William_Macy_0004.jpg,ok,0.4002,0.4402
William_Macy_0005.jpg,ok,0.3325,0.3884
William_Martin_0001.jpg,ok,0.4451,0.4719
William_Martin_0002.jpg,ok,0.4095,0.4232
William_McDonough_0001.jpg,ok,0.4583,0.4760
William_Morrow_0001.jpg,ok,0.3882,0.3660
William_Murabito_0001.jpg,ok,0.3720,0.4144
William_Nessen_0001.jpg,ok,0.3377,0.2555
William_Overlin_0001.jpg,ok,0.4175,0.3971
William_Perry_0001.jpg,ok,0.4503,0.4488
William_Pryor_Jr_0001.jpg,ok,0.4453,0.4902
William_Ragland_0001.jpg,ok,0.4565,0.4212
William_Rehnquist_0001.jpg,ok,0.4655,0.5092
William_Rehnquist_0002.jpg,ok,0.4823,0.4481
William_Rosenberg_0001.jpg,ok,0.4248,0.4736
William_Shatner_0001.jpg,ok,0.3980,0.5062
William_Swor_0001.jpg,ok,0.4630,0.4649
William_Umbach_0001.jpg,ok,0.4732,0.4798
William_Webster_0001.jpg,ok,0.4258,0.4916
Willie_Nelson_0001.jpg,ok,0.3771,0.3760
Willie_Wilson_0001.jpg,ok,0.4077,0.3461
Willis_Roberts_0001.jpg,ok,0.6106,0.5175
Wilma_McNabb_0001.jpg,ok,0.3702,0.4002
Wilson_Alvarez_0001.jpg,ok,0.4682,0.4937
Wilton_Gregory_0001.jpg,ok,0.3908,0.4401
Wim_Duisenberg_0001.jpg,ok,0.3853,0.4633
Win_Aung_0001.jpg,ok,0.4399,0.5452
Win_Aung_0002.jpg,ok,0.4901,0.5295
Win_Aung_0003.jpg,ok,0.4748,0.4657
Win_Aung_0004.jpg,ok,0.5000,0.4983
Winona_Ryder_0001.jpg,ok,0.5810,0.5423
Winona_Ryder_0002.jpg,ok,0.4112,0.4773
Winona_Ryder_0003.jpg,ok,0.5627,0.4759
Winona_Ryder_0004.jpg,ok,0.4794,0.4512
Winona_Ryder_0005.jpg,ok,0.4236,0.4881
Winona_Ryder_0006.jpg,ok,0.4848,0.4415
Winona_Ryder_0007.jpg,ok,0.4462,0.4954
Winona_Ryder_0008.jpg,ok,0.4041,0.4745
Winona_Ryder_0009.jpg,ok,0.3333,0.4466
Winona_Ryder_0010.jpg,ok,0.4713,0.3497
Winona_Ryder_0011.jpg,ok,0.3228,0.3759
Winona_Ryder_0012.jpg,ok,0.4151,0.3910
Winona_Ryder_0013.jpg,ok,0.3384,0.4192
Winona_Ryder_0014.jpg,ok,0.3833,0.4582
Winona_Ryder_0015.jpg,ok,0.5062,0.5261
Winona_Ryder_0016.jpg,ok,0.3682,0.4580
Winona_Ryder_0017.jpg,ok,0.4865,0.4898
Winona_Ryder_0018.jpg,ok,0.4436,0.4270
Winona_Ryder_0019.jpg,ok,0.5131,0.4636
Winona_Ryder_0020.jpg,ok,0.4119,0.4412
Winona_Ryder_0021.jpg,ok,0.4062,0.4697
Winona_Ryder_0022.jpg,ok,0.4280,0.3797
Winona_Ryder_0023.jpg,ok,0.4997,0.4963
Winona_Ryder_0024.jpg,ok,0.4039,0.3912
Winston_Churchill_0001.jpg,ok,0.5001,0.4895
Wolfgang_Becker_0001.jpg,ok,0.4036,0.4825
Wolfgang_Clement_0001.jpg,ok,0.4768,0.4804
Wolfgang_Schneiderhan_0001.jpg,ok,0.4540,0.5108
Wolfgang_Schuessel_0001.jpg,ok,0.4329,0.4921
Wolfgang_Schuessel_0002.jpg,ok,0.4563,0.4339
Wolfgang_Schuessel_0003.jpg,ok,0.4510,0.4410
Wolfgang_Schuessel_0004.jpg,ok,0.4319,0.4762
Wolfgang_Schwarz_0001.jpg,ok,0.4191,0.4093
Woodrow_Stanley_0001.jpg,ok,0.4472,0.4199
Woody_Allen_0001.jpg,ok,0.4460,0.4579
Woody_Allen_0002.jpg,ok,0.3836,0.3990
Woody_Allen_0003.jpg,ok,0.3968,0.4059
Woody_Allen_0004.jpg,ok,0.4531,0.4412
Woody_Allen_0005.jpg,ok,0.4307,0.4396
Wu_Peng_0001.jpg,ok,0.4455,0.4622
Wu_Yi_0001.jpg,ok,0.4086,0.3772
Wu_Yi_0002.jpg,ok,0.4514,0.4687
Wu_Yi_0003.jpg,ok,0.4192,0.4780
Wycliffe_Grousbeck_0001.jpg,ok,0.3772,0.4328
Xanana_Gusmao_0001.jpg,ok,0.4252,0.2849
Xanana_Gusmao_0002.jpg,ok,0.4433,0.4993
Xanana_Gusmao_0003.jpg,ok,0.4519,0.4738
Xanana_Gusmao_0004.jpg,ok,0.4863,0.5023
Xanana_Gusmao_0005.jpg,ok,0.4545,0.4388
Xavier_Malisse_0001.jpg,ok,0.4621,0.4690
Xavier_Malisse_0002.jpg,ok,0.4747,0.4949
Xavier_Malisse_0003.jpg,ok,0.5197,0.5091
Xavier_Malisse_0004.jpg,ok,0.4851,0.4750
Xavier_Malisse_0005.jpg,ok,0.5007,0.4687
Xiang_Huaicheng_0001.jpg,ok,0.4998,0.4907
Xiang_Liu_0001.jpg,ok,0.5079,0.4646
Xiang_Xu_0001.jpg,ok,0.3586,0.3847
Ximena_Bohorquez_0001.jpg,ok,0.4638,0.4891
Yale_Kamisar_0001.jpg,ok,0.4432,0.4375
Yana_Klochkova_0001.jpg,ok,0.3991,0.4605
Yang_Hee_Kim_0001.jpg,ok,0.3392,0.3331
Yang_Jianli_0001.jpg,ok,0.3857,0.4048
Yang_Pao-yu_0001.jpg,ok,0.4988,0.5039
Yann_Martel_0001.jpg,ok,0.3617,0.3461
Yann_Martel_0002.jpg,ok,0.4031,0.3199
Yannos_Papantoniou_0001.jpg,ok,0.4222,0.3790
Yao_Ming_0001.jpg,ok,0.4469,0.4628
Yao_Ming_0002.jpg,ok,0.4620,0.4599
Yao_Ming_0003.jpg,ok,0.4019,0.4445
Yao_Ming_0004.jpg,ok,0.4231,0.4614
Yao_Ming_0005.jpg,ok,0.4038,0.4782
Yao_Ming_0006.jpg,ok,0.5592,0.4986
Yao_Ming_0007.jpg,ok,0.4289,0.5339
Yao_Ming_0008.jpg,ok,0.4850,0.4985
Yasar_Yakis_0001.jpg,ok,0.4317,0.4891
Yasar_Yakis_0002.jpg,ok,0.5028,0.5113
Yasar_Yakis_0003.jpg,ok,0.4655,0.4440
Yasar_Yakis_0004.jpg,ok,0.5128,0.5359
Yasein_Taher_0001.jpg,ok,0.5549,0.5231
Yashwant_Sinha_0001.jpg,ok,0.3300,0.4968
Yashwant_Sinha_0002.jpg,ok,0.4570,0.5181
Yashwant_Sinha_0003.jpg,ok,0.4151,0.3671
Yashwant_Sinha_0004.jpg,ok,0.4249,0.3672
Yashwant_Sinha_0005.jpg,ok,0.3713,0.4288
Yashwant_Sinha_0006.jpg,ok,0.3917,0.3993
Yashwant_Sinha_0007.jpg,ok,0.4137,0.4575
Yasser_Arafat_0001.jpg,ok,0.4584,0.5212
Yasser_Arafat_0002.jpg,ok,0.4476,0.5108
Yasser_Arafat_0003.jpg,ok,0.3445,0.3849
Yasser_Arafat_0004.jpg,ok,0.3662,0.4740
Yasser_Arafat_0005.jpg,ok,0.4255,0.4961
Yasser_Arafat_0006.jpg,ok,0.4976,0.4644
Yasser_Arafat_0007.jpg,ok,0.4277,0.4829
Yasser_Arafat_0008.jpg,ok,0.4494,0.5036
Yasushi_Akashi_0001.jpg,ok,0.5363,0.5442
Yasushi_Chimura_0001.jpg,ok,0.4687,0.5187
Yekaterina_Guseva_0001.jpg,ok,0.2832,0.3290
Yevgeny_Kafelnikov_0001.jpg,ok,0.4395,0.5304
Yevgeny_Kafelnikov_0002.jpg,ok,0.3613,0.4925
Yevgeny_Kafelnikov_0003.jpg,ok,0.4559,0.4931
Yevgeny_Kafelnikov_0004.jpg,ok,0.4899,0.5098
Yingfan_Wang_0001.jpg,ok,0.4805,0.5224
Yishan_Zhang_0001.jpg,ok,0.5077,0.5494
Yoelbi_Quesada_0001.jpg,ok,0.4505,0.4647
Yogi_Berra_0001.jpg,ok,0.4252,0.4105
Yoko_Ono_0001.jpg,ok,0.4492,0.4691
Yoko_Ono_0002.jpg,ok,0.4171,0.4583
Yoko_Ono_0003.jpg,ok,0.4400,0.4452
Yoko_Ono_0004.jpg,ok,0.4231,0.3792
Yoko_Ono_0005.jpg,ok,0.3766,0.2517
Yoko_Ono_0006.jpg,ok,0.3746,0.4128
Yolanda_King_0001.jpg,ok,0.3830,0.3778
Yoo_Jay-Kun_0001.jpg,ok,0.4113,0.4304
Yoon_Jeong_Cho_0001.jpg,ok,0.5153,0.5010
Yoon_Jin-Sik_0001.jpg,ok,0.4314,0.4813
Yoon_Won-Sik_0001.jpg,ok,0.4835,0.5369
Yoon_Young-kwan_0001.jpg,ok,0.4828,0.4319
Yoriko_Kawaguchi_0001.jpg,ok,0.3434,0.5176
Yoriko_Kawaguchi_0002.jpg,ok,0.4957,0.4814
Yoriko_Kawaguchi_0003.jpg,ok,0.4792,0.5197
Yoriko_Kawaguchi_0004.jpg,ok,0.4051,0.5032
Yoriko_Kawaguchi_0005.jpg,ok,0.4813,0.5459
Yoriko_Kawaguchi_0006.jpg,ok,0.4873,0.4798
Yoriko_Kawaguchi_0007.jpg,ok,0.5068,0.5253
Yoriko_Kawaguchi_0008.jpg,ok,0.4506,0.5131
Yoriko_Kawaguchi_0009.jpg,ok,0.4273,0.5322
Yoriko_Kawaguchi_0010.jpg,ok,0.5071,0.4866
Yoriko_Kawaguchi_0011.jpg,ok,0.4211,0.4847
Yoriko_Kawaguchi_0012.jpg,ok,0.4726,0.5331
Yoriko_Kawaguchi_0013.jpg,ok,0.4962,0.5199
Yoriko_Kawaguchi_0014.jpg,ok,0.4565,0.5215
Yory_Boy_Campas_0001.jpg,ok,0.4415,0.5112
Yoshiyuki_Kamei_0001.jpg,ok,0.2999,0.4098
Yossi_Beilin_0001.jpg,ok,0.4811,0.4940
Yossi_Beilin_0002.jpg,ok,0.4549,0.4902
Young_Kim_0001.jpg,ok,0.5038,0.5242
Yu_Shyi-kun_0001.jpg,ok,0.3988,0.5110
Yu_Shyi-kun_0002.jpg,ok,0.3897,0.4884
Yu_Shyi-kun_0003.jpg,ok,0.4824,0.4861
Yu_Shyi-kun_0004.jpg,ok,0.4511,0.5173
Yukiko_Okudo_0001.jpg,ok,0.4287,0.5350
Yukiko_Okudo_0002.jpg,ok,0.4425,0.5196
Yukio_Hatoyama_0001.jpg,ok,0.4591,0.5101
Yuri_Fedotov_0001.jpg,ok,0.4397,0.4749
Yuri_Fedotov_0002.jpg,ok,0.2798,0.2485
Yuri_Luzhkov_0001.jpg,ok,0.4530,0.4780
Yuri_Malenchenko_0001.jpg,ok,0.4303,0.4242
Yuri_Malenchenko_0002.jpg,ok,0.3943,0.4747
Yusaku_Miyazato_0001.jpg,ok,0.5013,0.5044
Yusuf_Misbac_0001.jpg,ok,0.4207,0.4182
Yuvraj_Singh_0001.jpg,ok,0.5068,0.4933
Yves_Brodeur_0001.jpg,ok,0.4741,0.4818
Zach_Parise_0001.jpg,ok,0.3684,0.3739
Zach_Pillar_0001.jpg,ok,0.4787,0.3856
Zach_Safrin_0001.jpg,ok,0.5010,0.5264
Zafarullah_Khan_Jamali_0001.jpg,ok,0.4418,0.5179
Zafarullah_Khan_Jamali_0002.jpg,ok,0.4860,0.4449
Zahir_Shah_0001.jpg,ok,0.4559,0.5021
Zaini_Abdullah_0001.jpg,ok,0.4843,0.4985
Zakia_Hakki_0001.jpg,ok,0.4419,0.4981
Zalmay_Khalilzad_0001.jpg,ok,0.4173,0.4093
Zara_Akhmadova_0001.jpg,ok,0.3814,0.4588
Zarai_Toledo_0001.jpg,ok,0.4703,0.5589
Zarai_Toledo_0002.jpg,ok,0.3616,0.3554
Zavad_Zarif_0001.jpg,ok,0.4863,0.4578
Zdravko_Mucic_0001.jpg,ok,0.4315,0.3787
Zeljko_Rebraca_0001.jpg,ok,0.3731,0.3697
Zelma_Novelo_0001.jpg,ok,0.4496,0.5100
Zeng_Qinghong_0001.jpg,ok,0.4861,0.5496
Zhang_Wenkang_0001.jpg,ok,0.4477,0.4750
Zhang_Wenkang_0002.jpg,ok,0.4635,0.4950
Zhang_Yimou_0001.jpg,ok,0.2956,0.2627
Zhang_Ziyi_0001.jpg,ok,0.5283,0.5978
Zhang_Ziyi_0002.jpg,ok,0.3792,0.4726
Zhang_Ziyi_0003.jpg,ok,0.4484,0.4011
Zhang_Ziyi_0004.jpg,ok,0.4323,0.3828
Zhong_Nanshan_0001.jpg,ok,0.4467,0.4839
Zhu_Rongji_0001.jpg,ok,0.3980,0.5227
Zhu_Rongji_0002.jpg,ok,0.4528,0.3752
Zhu_Rongji_0003.jpg,ok,0.3480,0.4408
Zhu_Rongji_0004.jpg,ok,0.4906,0.4865
Zhu_Rongji_0005.jpg,ok,0.5069,0.4716
Zhu_Rongji_0006.jpg,ok,0.5004,0.5187
Zhu_Rongji_0007.jpg,ok,0.4829,0.5112
Zhu_Rongji_0008.jpg,ok,0.4889,0.4365
Zhu_Rongji_0009.jpg,ok,0.5415,0.5544
Zico_0001.jpg,ok,0.3878,0.4120
Zico_0002.jpg,ok,0.3379,0.3399
Zico_0003.jpg,ok,0.3431,0.3679
Zinedine_Zidane_0001.jpg,ok,0.4221,0.3653
Zinedine_Zidane_0002.jpg,ok,0.5028,0.4419
Zinedine_Zidane_0003.jpg,ok,0.4821,0.5237
Zinedine_Zidane_0004.jpg,ok,0.4022,0.3989
Zinedine_Zidane_0005.jpg,ok,0.4967,0.3841
Zinedine_Zidane_0006.jpg,ok,0.4912,0.4581
Ziwang_Xu_0001.jpg,ok,0.4947,0.4900
Zoe_Ball_0001.jpg,ok,0.4278,0.3680
Zoran_Djindjic_0001.jpg,ok,0.2970,0.3275
Zoran_Djindjic_0002.jpg,ok,0.4424,0.3240
Zoran_Djindjic_0003.jpg,ok,0.3657,0.4590
Zoran_Djindjic_0004.jpg,ok,0.4577,0.5012
Zorica_Radovic_0001.jpg,ok,0.4674,0.5227
Zulfiqar_Ahmed_0001.jpg,ok,0.4347,0.4199
Zumrati_Juma_0001.jpg,ok,0.4065,0.4203
Zurab_Tsereteli_0001.jpg,ok,0.4493,0.4218
Zydrunas_Ilgauskas_0001.jpg,ok,0.4931,0.4725
