{
  "ort": "1.27.0",
  "cuda": true,
  "lfw": {
    "auraface": {
      "eer": 0.014000000000000005,
      "auc": 0.9959761111111111,
      "tar@far0.01": 0.9846666666666667,
      "tar@far0.001": 0.976,
      "acc10fold": 0.9868333333333332,
      "acc_std": 0.004681523968396046,
      "pairs_used": 6000,
      "pairs_skipped_nodet": 0
    },
    "buffalo_w600k_r50": {
      "eer": 0.01033333333333332,
      "auc": 0.9957222222222221,
      "tar@far0.01": 0.9896666666666667,
      "tar@far0.001": 0.9883333333333333,
      "acc10fold": 0.994,
      "acc_std": 0.003511884584284231,
      "pairs_used": 6000,
      "pairs_skipped_nodet": 0
    }
  },
  "lfw_flip_tta": {
    "auraface": {
      "eer": 0.013666666666666692,
      "auc": 0.9960181111111112,
      "tar@far0.01": 0.9863333333333333,
      "tar@far0.001": 0.978,
      "acc10fold": 0.9903333333333333,
      "acc_std": 0.0037859388972001974,
      "pairs_used": 6000,
      "pairs_skipped_nodet": 0
    },
    "buffalo_w600k_r50": {
      "eer": 0.010666666666666689,
      "auc": 0.9957301111111111,
      "tar@far0.01": 0.9893333333333333,
      "tar@far0.001": 0.9883333333333333,
      "acc10fold": 0.9938333333333332,
      "acc_std": 0.0032532035493238534,
      "pairs_used": 6000,
      "pairs_skipped_nodet": 0
    }
  }
}